{
  "type": "FeatureCollection",
  "name": "public-facilities",
  "features": [
    {
      "type": "Feature",
      "properties": {
        "sourceDatasetId": "data-rio__escolas_municipais__atual",
        "facilityType": "municipal_school",
        "name": "Biblioteca Escolar Municipal de Paquetá - Joaquim Manoel de Macedo",
        "schoolType": "Biblioteca Escolar Municipal"
      },
      "geometry": {
        "type": "Point",
        "coordinates": [
          -43.1097699,
          -22.7533441
        ]
      }
    },
    {
      "type": "Feature",
      "properties": {
        "sourceDatasetId": "data-rio__escolas_municipais__atual",
        "facilityType": "municipal_school",
        "name": "Biblioteca Escolar Municipal de Copacabana - Carlos Drummond de Andrade",
        "schoolType": "Biblioteca Escolar Municipal"
      },
      "geometry": {
        "type": "Point",
        "coordinates": [
          -43.1920794,
          -22.9807528
        ]
      }
    },
    {
      "type": "Feature",
      "properties": {
        "sourceDatasetId": "data-rio__escolas_municipais__atual",
        "facilityType": "municipal_school",
        "name": "Biblioteca Escolar Municipal da Glória - Pedro Nava",
        "schoolType": "Biblioteca Escolar Municipal"
      },
      "geometry": {
        "type": "Point",
        "coordinates": [
          -43.1772103,
          -22.9189014
        ]
      }
    },
    {
      "type": "Feature",
      "properties": {
        "sourceDatasetId": "data-rio__escolas_municipais__atual",
        "facilityType": "municipal_school",
        "name": "Biblioteca Escolar Municipal do Leblon - Vinícius de Moraes",
        "schoolType": "Biblioteca Escolar Municipal"
      },
      "geometry": {
        "type": "Point",
        "coordinates": [
          -43.2250744,
          -22.975639
        ]
      }
    },
    {
      "type": "Feature",
      "properties": {
        "sourceDatasetId": "data-rio__escolas_municipais__atual",
        "facilityType": "municipal_school",
        "name": "Biblioteca Escolar Municipal do Grajaú - Clarice Lispector",
        "schoolType": "Biblioteca Escolar Municipal"
      },
      "geometry": {
        "type": "Point",
        "coordinates": [
          -43.2571353,
          -22.921831
        ]
      }
    },
    {
      "type": "Feature",
      "properties": {
        "sourceDatasetId": "data-rio__escolas_municipais__atual",
        "facilityType": "municipal_school",
        "name": "Biblioteca Escolar Municipal do Méier - Infante Carlos Alberto",
        "schoolType": "Biblioteca Escolar Municipal"
      },
      "geometry": {
        "type": "Point",
        "coordinates": [
          -43.274191,
          -22.8984039
        ]
      }
    },
    {
      "type": "Feature",
      "properties": {
        "sourceDatasetId": "data-rio__escolas_municipais__atual",
        "facilityType": "municipal_school",
        "name": "Biblioteca Escolar Municipal do Engenho Novo - Agripino Grieco",
        "schoolType": "Biblioteca Escolar Municipal"
      },
      "geometry": {
        "type": "Point",
        "coordinates": [
          -43.2957578,
          -22.9002958
        ]
      }
    },
    {
      "type": "Feature",
      "properties": {
        "sourceDatasetId": "data-rio__escolas_municipais__atual",
        "facilityType": "municipal_school",
        "name": "Biblioteca Escolar Municipal da Penha - Álvaro Moreyra",
        "schoolType": "Biblioteca Escolar Municipal"
      },
      "geometry": {
        "type": "Point",
        "coordinates": [
          -43.2708017,
          -22.8420669
        ]
      }
    },
    {
      "type": "Feature",
      "properties": {
        "sourceDatasetId": "data-rio__escolas_municipais__atual",
        "facilityType": "municipal_school",
        "name": "Biblioteca Escolar Municipal de Bangu - Cruz e Souza",
        "schoolType": "Biblioteca Escolar Municipal"
      },
      "geometry": {
        "type": "Point",
        "coordinates": [
          -43.46344,
          -22.878471
        ]
      }
    },
    {
      "type": "Feature",
      "properties": {
        "sourceDatasetId": "data-rio__escolas_municipais__atual",
        "facilityType": "municipal_school",
        "name": "Biblioteca de Santa Cruz - Joaquim Nabuco",
        "schoolType": "Biblioteca Escolar Municipal"
      },
      "geometry": {
        "type": "Point",
        "coordinates": [
          -43.693202,
          -22.923009
        ]
      }
    },
    {
      "type": "Feature",
      "properties": {
        "sourceDatasetId": "data-rio__escolas_municipais__atual",
        "facilityType": "municipal_school",
        "name": "Biblioteca Escolar Municipal da Cidade das Crianças - Rachel de Queiroz",
        "schoolType": "Biblioteca Escolar Municipal"
      },
      "geometry": {
        "type": "Point",
        "coordinates": [
          -43.691132,
          -22.900843
        ]
      }
    },
    {
      "type": "Feature",
      "properties": {
        "sourceDatasetId": "data-rio__escolas_municipais__atual",
        "facilityType": "municipal_school",
        "name": "Escola Municipal Vicente Licínio Cardoso",
        "schoolType": "Escola Municipal"
      },
      "geometry": {
        "type": "Point",
        "coordinates": [
          -43.183707,
          -22.896988
        ]
      }
    },
    {
      "type": "Feature",
      "properties": {
        "sourceDatasetId": "data-rio__escolas_municipais__atual",
        "facilityType": "municipal_school",
        "name": "Escola Municipal Darcy Vargas",
        "schoolType": "Escola Municipal"
      },
      "geometry": {
        "type": "Point",
        "coordinates": [
          -43.189281,
          -22.89574
        ]
      }
    },
    {
      "type": "Feature",
      "properties": {
        "sourceDatasetId": "data-rio__escolas_municipais__atual",
        "facilityType": "municipal_school",
        "name": "Escola Municipal Benjamin Constant",
        "schoolType": "Escola Municipal"
      },
      "geometry": {
        "type": "Point",
        "coordinates": [
          -43.205479,
          -22.89997
        ]
      }
    },
    {
      "type": "Feature",
      "properties": {
        "sourceDatasetId": "data-rio__escolas_municipais__atual",
        "facilityType": "municipal_school",
        "name": "Escola Municipal General Mitre",
        "schoolType": "Escola Municipal"
      },
      "geometry": {
        "type": "Point",
        "coordinates": [
          -43.203153,
          -22.905089
        ]
      }
    },
    {
      "type": "Feature",
      "properties": {
        "sourceDatasetId": "data-rio__escolas_municipais__atual",
        "facilityType": "municipal_school",
        "name": "Escola Municipal Francisco Benjamin Gallotti",
        "schoolType": "Escola Municipal"
      },
      "geometry": {
        "type": "Point",
        "coordinates": [
          -43.199838,
          -22.901353
        ]
      }
    },
    {
      "type": "Feature",
      "properties": {
        "sourceDatasetId": "data-rio__escolas_municipais__atual",
        "facilityType": "municipal_school",
        "name": "Escola Municipal Marechal Mascarenhas de Moraes",
        "schoolType": "Escola Municipal"
      },
      "geometry": {
        "type": "Point",
        "coordinates": [
          -43.216421,
          -22.877193
        ]
      }
    },
    {
      "type": "Feature",
      "properties": {
        "sourceDatasetId": "data-rio__escolas_municipais__atual",
        "facilityType": "municipal_school",
        "name": "Escola Municipal Professor Walter Carlos de Magalhães Fraenkel",
        "schoolType": "Escola Municipal"
      },
      "geometry": {
        "type": "Point",
        "coordinates": [
          -43.22406,
          -22.878422
        ]
      }
    },
    {
      "type": "Feature",
      "properties": {
        "sourceDatasetId": "data-rio__escolas_municipais__atual",
        "facilityType": "municipal_school",
        "name": "Escola Municipal Felix Mielli Venerando",
        "schoolType": "Escola Municipal"
      },
      "geometry": {
        "type": "Point",
        "coordinates": [
          -43.227143,
          -22.880115
        ]
      }
    },
    {
      "type": "Feature",
      "properties": {
        "sourceDatasetId": "data-rio__escolas_municipais__atual",
        "facilityType": "municipal_school",
        "name": "Escola Municipal Professora Laura Sylvia Mendes Pereira",
        "schoolType": "Escola Municipal"
      },
      "geometry": {
        "type": "Point",
        "coordinates": [
          -43.21625,
          -22.8783
        ]
      }
    },
    {
      "type": "Feature",
      "properties": {
        "sourceDatasetId": "data-rio__escolas_municipais__atual",
        "facilityType": "municipal_school",
        "name": "Ciep Henfil",
        "schoolType": "CIEP"
      },
      "geometry": {
        "type": "Point",
        "coordinates": [
          -43.225326,
          -22.880888
        ]
      }
    },
    {
      "type": "Feature",
      "properties": {
        "sourceDatasetId": "data-rio__escolas_municipais__atual",
        "facilityType": "municipal_school",
        "name": "Creche Municipal Ladeira dos Funcionários",
        "schoolType": "Creche Municipal"
      },
      "geometry": {
        "type": "Point",
        "coordinates": [
          -43.224306,
          -22.879151
        ]
      }
    },
    {
      "type": "Feature",
      "properties": {
        "sourceDatasetId": "data-rio__escolas_municipais__atual",
        "facilityType": "municipal_school",
        "name": "Creche Municipal Virgínia Lemos",
        "schoolType": "Creche Municipal"
      },
      "geometry": {
        "type": "Point",
        "coordinates": [
          -43.233212,
          -22.886423
        ]
      }
    },
    {
      "type": "Feature",
      "properties": {
        "sourceDatasetId": "data-rio__escolas_municipais__atual",
        "facilityType": "municipal_school",
        "name": "Creche Municipal Senninha",
        "schoolType": "Creche Municipal"
      },
      "geometry": {
        "type": "Point",
        "coordinates": [
          -43.228696,
          -22.882989
        ]
      }
    },
    {
      "type": "Feature",
      "properties": {
        "sourceDatasetId": "data-rio__escolas_municipais__atual",
        "facilityType": "municipal_school",
        "name": "Creche Municipal Sempre Vida P. Conquista",
        "schoolType": "Creche Municipal"
      },
      "geometry": {
        "type": "Point",
        "coordinates": [
          -43.226418,
          -22.877834
        ]
      }
    },
    {
      "type": "Feature",
      "properties": {
        "sourceDatasetId": "data-rio__escolas_municipais__atual",
        "facilityType": "municipal_school",
        "name": "Creche Municipal Clemente Ferreira",
        "schoolType": "Creche Municipal"
      },
      "geometry": {
        "type": "Point",
        "coordinates": [
          -43.222735,
          -22.876014
        ]
      }
    },
    {
      "type": "Feature",
      "properties": {
        "sourceDatasetId": "data-rio__escolas_municipais__atual",
        "facilityType": "municipal_school",
        "name": "Creche Municipal Quinta do Caju",
        "schoolType": "Creche Municipal"
      },
      "geometry": {
        "type": "Point",
        "coordinates": [
          -43.211624,
          -22.875318
        ]
      }
    },
    {
      "type": "Feature",
      "properties": {
        "sourceDatasetId": "data-rio__escolas_municipais__atual",
        "facilityType": "municipal_school",
        "name": "Creche Municipal Tia Dora",
        "schoolType": "Creche Municipal"
      },
      "geometry": {
        "type": "Point",
        "coordinates": [
          -43.197524,
          -22.898108
        ]
      }
    },
    {
      "type": "Feature",
      "properties": {
        "sourceDatasetId": "data-rio__escolas_municipais__atual",
        "facilityType": "municipal_school",
        "name": "Espaço de Desenvolvimento Infantil Parque da Alegria",
        "schoolType": "EDI"
      },
      "geometry": {
        "type": "Point",
        "coordinates": [
          -43.23098,
          -22.884494
        ]
      }
    },
    {
      "type": "Feature",
      "properties": {
        "sourceDatasetId": "data-rio__escolas_municipais__atual",
        "facilityType": "municipal_school",
        "name": "Espaço de Desenvolvimento Infantil Machado de Assis",
        "schoolType": "EDI"
      },
      "geometry": {
        "type": "Point",
        "coordinates": [
          -43.200648,
          -22.902003
        ]
      }
    },
    {
      "type": "Feature",
      "properties": {
        "sourceDatasetId": "data-rio__escolas_municipais__atual",
        "facilityType": "municipal_school",
        "name": "Espaço de Desenvolvimento Infantil Antônio Raposo Tavares",
        "schoolType": "EDI"
      },
      "geometry": {
        "type": "Point",
        "coordinates": [
          -43.19424,
          -22.895647
        ]
      }
    },
    {
      "type": "Feature",
      "properties": {
        "sourceDatasetId": "data-rio__escolas_municipais__atual",
        "facilityType": "municipal_school",
        "name": "Espaço de Desenvolvimento Infantil Professora Laura Sylvia Mendes Pereira",
        "schoolType": "EDI"
      },
      "geometry": {
        "type": "Point",
        "coordinates": [
          -43.216269,
          -22.877768
        ]
      }
    },
    {
      "type": "Feature",
      "properties": {
        "sourceDatasetId": "data-rio__escolas_municipais__atual",
        "facilityType": "municipal_school",
        "name": "Escola Municipal Celestino da Silva",
        "schoolType": "Escola Municipal"
      },
      "geometry": {
        "type": "Point",
        "coordinates": [
          -43.183579,
          -22.909293
        ]
      }
    },
    {
      "type": "Feature",
      "properties": {
        "sourceDatasetId": "data-rio__escolas_municipais__atual",
        "facilityType": "municipal_school",
        "name": "Escola Municipal Tiradentes",
        "schoolType": "Escola Municipal"
      },
      "geometry": {
        "type": "Point",
        "coordinates": [
          -43.1853,
          -22.907922
        ]
      }
    },
    {
      "type": "Feature",
      "properties": {
        "sourceDatasetId": "data-rio__escolas_municipais__atual",
        "facilityType": "municipal_school",
        "name": "Escola Municipal Rivadavia Corrêa",
        "schoolType": "Escola Municipal"
      },
      "geometry": {
        "type": "Point",
        "coordinates": [
          -43.188051,
          -22.90377
        ]
      }
    },
    {
      "type": "Feature",
      "properties": {
        "sourceDatasetId": "data-rio__escolas_municipais__atual",
        "facilityType": "municipal_school",
        "name": "Escola Municipal Calouste Gulbenkian",
        "schoolType": "Escola Municipal"
      },
      "geometry": {
        "type": "Point",
        "coordinates": [
          -43.196174,
          -22.909387
        ]
      }
    },
    {
      "type": "Feature",
      "properties": {
        "sourceDatasetId": "data-rio__escolas_municipais__atual",
        "facilityType": "municipal_school",
        "name": "Escola Municipal Guatemala",
        "schoolType": "Escola Municipal"
      },
      "geometry": {
        "type": "Point",
        "coordinates": [
          -43.188367,
          -22.918178
        ]
      }
    },
    {
      "type": "Feature",
      "properties": {
        "sourceDatasetId": "data-rio__escolas_municipais__atual",
        "facilityType": "municipal_school",
        "name": "Escola Municipal Orlando Villas Boas",
        "schoolType": "Escola Municipal"
      },
      "geometry": {
        "type": "Point",
        "coordinates": [
          -43.185991,
          -22.916709
        ]
      }
    },
    {
      "type": "Feature",
      "properties": {
        "sourceDatasetId": "data-rio__escolas_municipais__atual",
        "facilityType": "municipal_school",
        "name": "Escola Municipal Tia Ciata",
        "schoolType": "Escola Municipal"
      },
      "geometry": {
        "type": "Point",
        "coordinates": [
          -43.195068,
          -22.907123
        ]
      }
    },
    {
      "type": "Feature",
      "properties": {
        "sourceDatasetId": "data-rio__escolas_municipais__atual",
        "facilityType": "municipal_school",
        "name": "Ciep Avenida dos Desfiles I",
        "schoolType": "CIEP"
      },
      "geometry": {
        "type": "Point",
        "coordinates": [
          -43.196508,
          -22.911213
        ]
      }
    },
    {
      "type": "Feature",
      "properties": {
        "sourceDatasetId": "data-rio__escolas_municipais__atual",
        "facilityType": "municipal_school",
        "name": "Ciep Avenida dos Desfiles II",
        "schoolType": "CIEP"
      },
      "geometry": {
        "type": "Point",
        "coordinates": [
          -43.196193,
          -22.912194
        ]
      }
    },
    {
      "type": "Feature",
      "properties": {
        "sourceDatasetId": "data-rio__escolas_municipais__atual",
        "facilityType": "municipal_school",
        "name": "Ciep Avenida dos Desfiles",
        "schoolType": "CIEP"
      },
      "geometry": {
        "type": "Point",
        "coordinates": [
          -43.196926,
          -22.909692
        ]
      }
    },
    {
      "type": "Feature",
      "properties": {
        "sourceDatasetId": "data-rio__escolas_municipais__atual",
        "facilityType": "municipal_school",
        "name": "Ciep José Pedro Varela",
        "schoolType": "CIEP"
      },
      "geometry": {
        "type": "Point",
        "coordinates": [
          -43.182111,
          -22.911181
        ]
      }
    },
    {
      "type": "Feature",
      "properties": {
        "sourceDatasetId": "data-rio__escolas_municipais__atual",
        "facilityType": "municipal_school",
        "name": "Creche Municipal Sempre Vida Santo Antônio de Pádua",
        "schoolType": "Creche Municipal"
      },
      "geometry": {
        "type": "Point",
        "coordinates": [
          -43.202959,
          -22.918978
        ]
      }
    },
    {
      "type": "Feature",
      "properties": {
        "sourceDatasetId": "data-rio__escolas_municipais__atual",
        "facilityType": "municipal_school",
        "name": "Creche Municipal Ana Maria da Cruz Silva",
        "schoolType": "Creche Municipal"
      },
      "geometry": {
        "type": "Point",
        "coordinates": [
          -43.196778,
          -22.912295
        ]
      }
    },
    {
      "type": "Feature",
      "properties": {
        "sourceDatasetId": "data-rio__escolas_municipais__atual",
        "facilityType": "municipal_school",
        "name": "Creche Municipal Arco-Íris",
        "schoolType": "Creche Municipal"
      },
      "geometry": {
        "type": "Point",
        "coordinates": [
          -43.181706,
          -22.910794
        ]
      }
    },
    {
      "type": "Feature",
      "properties": {
        "sourceDatasetId": "data-rio__escolas_municipais__atual",
        "facilityType": "municipal_school",
        "name": "Creche Municipal Aldeia dos Curumins",
        "schoolType": "Creche Municipal"
      },
      "geometry": {
        "type": "Point",
        "coordinates": [
          -43.185946,
          -22.916844
        ]
      }
    },
    {
      "type": "Feature",
      "properties": {
        "sourceDatasetId": "data-rio__escolas_municipais__atual",
        "facilityType": "municipal_school",
        "name": "Creche Municipal George Savalla Gomes - Palhaço Carequinha",
        "schoolType": "Creche Municipal"
      },
      "geometry": {
        "type": "Point",
        "coordinates": [
          -43.193638,
          -22.906898
        ]
      }
    },
    {
      "type": "Feature",
      "properties": {
        "sourceDatasetId": "data-rio__escolas_municipais__atual",
        "facilityType": "municipal_school",
        "name": "Espaço de Desenvolvimento Infantil Campos Salles",
        "schoolType": "EDI"
      },
      "geometry": {
        "type": "Point",
        "coordinates": [
          -43.186536,
          -22.908079
        ]
      }
    },
    {
      "type": "Feature",
      "properties": {
        "sourceDatasetId": "data-rio__escolas_municipais__atual",
        "facilityType": "municipal_school",
        "name": "Espaço de Desenvolvimento Infantil Rachel de Queiroz",
        "schoolType": "EDI"
      },
      "geometry": {
        "type": "Point",
        "coordinates": [
          -43.194719,
          -22.907017
        ]
      }
    },
    {
      "type": "Feature",
      "properties": {
        "sourceDatasetId": "data-rio__escolas_municipais__atual",
        "facilityType": "municipal_school",
        "name": "Escola Municipal Estados Unidos",
        "schoolType": "Escola Municipal"
      },
      "geometry": {
        "type": "Point",
        "coordinates": [
          -43.19604,
          -22.921679
        ]
      }
    },
    {
      "type": "Feature",
      "properties": {
        "sourceDatasetId": "data-rio__escolas_municipais__atual",
        "facilityType": "municipal_school",
        "name": "Escola Municipal Mem de Sá",
        "schoolType": "Escola Municipal"
      },
      "geometry": {
        "type": "Point",
        "coordinates": [
          -43.204378,
          -22.924102
        ]
      }
    },
    {
      "type": "Feature",
      "properties": {
        "sourceDatasetId": "data-rio__escolas_municipais__atual",
        "facilityType": "municipal_school",
        "name": "Escola Municipal Pereira Passos",
        "schoolType": "Escola Municipal"
      },
      "geometry": {
        "type": "Point",
        "coordinates": [
          -43.208579,
          -22.924412
        ]
      }
    },
    {
      "type": "Feature",
      "properties": {
        "sourceDatasetId": "data-rio__escolas_municipais__atual",
        "facilityType": "municipal_school",
        "name": "Escola Municipal Jenny Gomes",
        "schoolType": "Escola Municipal"
      },
      "geometry": {
        "type": "Point",
        "coordinates": [
          -43.210226,
          -22.923037
        ]
      }
    },
    {
      "type": "Feature",
      "properties": {
        "sourceDatasetId": "data-rio__escolas_municipais__atual",
        "facilityType": "municipal_school",
        "name": "Escola Municipal do Catumbi",
        "schoolType": "Escola Municipal"
      },
      "geometry": {
        "type": "Point",
        "coordinates": [
          -43.194714,
          -22.915928
        ]
      }
    },
    {
      "type": "Feature",
      "properties": {
        "sourceDatasetId": "data-rio__escolas_municipais__atual",
        "facilityType": "municipal_school",
        "name": "Escola Municipal Canadá",
        "schoolType": "Escola Municipal"
      },
      "geometry": {
        "type": "Point",
        "coordinates": [
          -43.204315,
          -22.915478
        ]
      }
    },
    {
      "type": "Feature",
      "properties": {
        "sourceDatasetId": "data-rio__escolas_municipais__atual",
        "facilityType": "municipal_school",
        "name": "Creche Municipal Espaço Livre da Criança",
        "schoolType": "Creche Municipal"
      },
      "geometry": {
        "type": "Point",
        "coordinates": [
          -43.203354,
          -22.916117
        ]
      }
    },
    {
      "type": "Feature",
      "properties": {
        "sourceDatasetId": "data-rio__escolas_municipais__atual",
        "facilityType": "municipal_school",
        "name": "Creche Municipal Direitos Humanos",
        "schoolType": "Creche Municipal"
      },
      "geometry": {
        "type": "Point",
        "coordinates": [
          -43.201233,
          -22.931337
        ]
      }
    },
    {
      "type": "Feature",
      "properties": {
        "sourceDatasetId": "data-rio__escolas_municipais__atual",
        "facilityType": "municipal_school",
        "name": "Creche Municipal Sonho Infantil",
        "schoolType": "Creche Municipal"
      },
      "geometry": {
        "type": "Point",
        "coordinates": [
          -43.214382,
          -22.927155
        ]
      }
    },
    {
      "type": "Feature",
      "properties": {
        "sourceDatasetId": "data-rio__escolas_municipais__atual",
        "facilityType": "municipal_school",
        "name": "Creche Municipal Brincadeiras de Criança",
        "schoolType": "Creche Municipal"
      },
      "geometry": {
        "type": "Point",
        "coordinates": [
          -43.19801,
          -22.918929
        ]
      }
    },
    {
      "type": "Feature",
      "properties": {
        "sourceDatasetId": "data-rio__escolas_municipais__atual",
        "facilityType": "municipal_school",
        "name": "Creche Municipal Campos da Paz",
        "schoolType": "Creche Municipal"
      },
      "geometry": {
        "type": "Point",
        "coordinates": [
          -43.204005,
          -22.922461
        ]
      }
    },
    {
      "type": "Feature",
      "properties": {
        "sourceDatasetId": "data-rio__escolas_municipais__atual",
        "facilityType": "municipal_school",
        "name": "Creche Municipal Estácio de Sá",
        "schoolType": "Creche Municipal"
      },
      "geometry": {
        "type": "Point",
        "coordinates": [
          -43.203886,
          -22.913974
        ]
      }
    },
    {
      "type": "Feature",
      "properties": {
        "sourceDatasetId": "data-rio__escolas_municipais__atual",
        "facilityType": "municipal_school",
        "name": "Escola Municipal Pace",
        "schoolType": "Escola Municipal"
      },
      "geometry": {
        "type": "Point",
        "coordinates": [
          -43.258306,
          -22.88046
        ]
      }
    },
    {
      "type": "Feature",
      "properties": {
        "sourceDatasetId": "data-rio__escolas_municipais__atual",
        "facilityType": "municipal_school",
        "name": "Espaço de Desenvolvimento Infantil Professora Simone Sousa Pimentel",
        "schoolType": "EDI"
      },
      "geometry": {
        "type": "Point",
        "coordinates": [
          -43.213252,
          -22.927634
        ]
      }
    },
    {
      "type": "Feature",
      "properties": {
        "sourceDatasetId": "data-rio__escolas_municipais__atual",
        "facilityType": "municipal_school",
        "name": "Espaço de Desenvolvimento Infantil Lily Marinho",
        "schoolType": "EDI"
      },
      "geometry": {
        "type": "Point",
        "coordinates": [
          -43.193367,
          -22.919001
        ]
      }
    },
    {
      "type": "Feature",
      "properties": {
        "sourceDatasetId": "data-rio__escolas_municipais__atual",
        "facilityType": "municipal_school",
        "name": "Espaço de Desenvolvimento Infantil Zélia Gattai Amado",
        "schoolType": "EDI"
      },
      "geometry": {
        "type": "Point",
        "coordinates": [
          -43.200934,
          -22.926867
        ]
      }
    },
    {
      "type": "Feature",
      "properties": {
        "sourceDatasetId": "data-rio__escolas_municipais__atual",
        "facilityType": "municipal_school",
        "name": "Espaço de Desenvolvimento Infantil Beatriz Vicência Bandeira Ryff",
        "schoolType": "EDI"
      },
      "geometry": {
        "type": "Point",
        "coordinates": [
          -43.205131,
          -22.919861
        ]
      }
    },
    {
      "type": "Feature",
      "properties": {
        "sourceDatasetId": "data-rio__escolas_municipais__atual",
        "facilityType": "municipal_school",
        "name": "Espaço de Desenvolvimento Infantil Fundação Leão XIII",
        "schoolType": "EDI"
      },
      "geometry": {
        "type": "Point",
        "coordinates": [
          -43.203214,
          -22.919603
        ]
      }
    },
    {
      "type": "Feature",
      "properties": {
        "sourceDatasetId": "data-rio__escolas_municipais__atual",
        "facilityType": "municipal_school",
        "name": "Espaço de Desenvolvimento Infantil Maria Luiza Nobre - Tia Luizinha",
        "schoolType": "EDI"
      },
      "geometry": {
        "type": "Point",
        "coordinates": [
          -43.196215,
          -22.921988
        ]
      }
    },
    {
      "type": "Feature",
      "properties": {
        "sourceDatasetId": "data-rio__escolas_municipais__atual",
        "facilityType": "municipal_school",
        "name": "Escola Municipal Gonçalves Dias",
        "schoolType": "Escola Municipal"
      },
      "geometry": {
        "type": "Point",
        "coordinates": [
          -43.220233,
          -22.899213
        ]
      }
    },
    {
      "type": "Feature",
      "properties": {
        "sourceDatasetId": "data-rio__escolas_municipais__atual",
        "facilityType": "municipal_school",
        "name": "Escola Municipal Nilo Peçanha",
        "schoolType": "Escola Municipal"
      },
      "geometry": {
        "type": "Point",
        "coordinates": [
          -43.219667,
          -22.904408
        ]
      }
    },
    {
      "type": "Feature",
      "properties": {
        "sourceDatasetId": "data-rio__escolas_municipais__atual",
        "facilityType": "municipal_school",
        "name": "Escola Municipal Portugal",
        "schoolType": "Escola Municipal"
      },
      "geometry": {
        "type": "Point",
        "coordinates": [
          -43.225148,
          -22.902593
        ]
      }
    },
    {
      "type": "Feature",
      "properties": {
        "sourceDatasetId": "data-rio__escolas_municipais__atual",
        "facilityType": "municipal_school",
        "name": "Escola Municipal Floriano Peixoto",
        "schoolType": "Escola Municipal"
      },
      "geometry": {
        "type": "Point",
        "coordinates": [
          -43.227456,
          -22.897629
        ]
      }
    },
    {
      "type": "Feature",
      "properties": {
        "sourceDatasetId": "data-rio__escolas_municipais__atual",
        "facilityType": "municipal_school",
        "name": "Escola Municipal João de Camargo",
        "schoolType": "Escola Municipal"
      },
      "geometry": {
        "type": "Point",
        "coordinates": [
          -43.23009,
          -22.890273
        ]
      }
    },
    {
      "type": "Feature",
      "properties": {
        "sourceDatasetId": "data-rio__escolas_municipais__atual",
        "facilityType": "municipal_school",
        "name": "Escola Municipal Marechal Trompowsky",
        "schoolType": "Escola Municipal"
      },
      "geometry": {
        "type": "Point",
        "coordinates": [
          -43.231483,
          -22.907952
        ]
      }
    },
    {
      "type": "Feature",
      "properties": {
        "sourceDatasetId": "data-rio__escolas_municipais__atual",
        "facilityType": "municipal_school",
        "name": "Escola Municipal Humberto de Campos",
        "schoolType": "Escola Municipal"
      },
      "geometry": {
        "type": "Point",
        "coordinates": [
          -43.238805,
          -22.904333
        ]
      }
    },
    {
      "type": "Feature",
      "properties": {
        "sourceDatasetId": "data-rio__escolas_municipais__atual",
        "facilityType": "municipal_school",
        "name": "Escola Municipal José Moreira da Silva",
        "schoolType": "Escola Municipal"
      },
      "geometry": {
        "type": "Point",
        "coordinates": [
          -43.235303,
          -22.903483
        ]
      }
    },
    {
      "type": "Feature",
      "properties": {
        "sourceDatasetId": "data-rio__escolas_municipais__atual",
        "facilityType": "municipal_school",
        "name": "Escola Municipal Uruguai",
        "schoolType": "Escola Municipal"
      },
      "geometry": {
        "type": "Point",
        "coordinates": [
          -43.237756,
          -22.898488
        ]
      }
    },
    {
      "type": "Feature",
      "properties": {
        "sourceDatasetId": "data-rio__escolas_municipais__atual",
        "facilityType": "municipal_school",
        "name": "Escola Municipal Cardeal Leme",
        "schoolType": "Escola Municipal"
      },
      "geometry": {
        "type": "Point",
        "coordinates": [
          -43.235739,
          -22.889215
        ]
      }
    },
    {
      "type": "Feature",
      "properties": {
        "sourceDatasetId": "data-rio__escolas_municipais__atual",
        "facilityType": "municipal_school",
        "name": "Escola Municipal Alice do Amaral Peixoto",
        "schoolType": "Escola Municipal"
      },
      "geometry": {
        "type": "Point",
        "coordinates": [
          -43.236202,
          -22.889574
        ]
      }
    },
    {
      "type": "Feature",
      "properties": {
        "sourceDatasetId": "data-rio__escolas_municipais__atual",
        "facilityType": "municipal_school",
        "name": "Escola Municipal Josué de Sousa Montello",
        "schoolType": "Escola Municipal"
      },
      "geometry": {
        "type": "Point",
        "coordinates": [
          -43.220214,
          -22.899203
        ]
      }
    },
    {
      "type": "Feature",
      "properties": {
        "sourceDatasetId": "data-rio__escolas_municipais__atual",
        "facilityType": "municipal_school",
        "name": "Escola Municipal Neuma Gonçalves da Silva - Dona Neuma",
        "schoolType": "Escola Municipal"
      },
      "geometry": {
        "type": "Point",
        "coordinates": [
          -43.23783,
          -22.89796
        ]
      }
    },
    {
      "type": "Feature",
      "properties": {
        "sourceDatasetId": "data-rio__escolas_municipais__atual",
        "facilityType": "municipal_school",
        "name": "Escola Municipal Edmundo Bittencourt",
        "schoolType": "Escola Municipal"
      },
      "geometry": {
        "type": "Point",
        "coordinates": [
          -43.233894,
          -22.892207
        ]
      }
    },
    {
      "type": "Feature",
      "properties": {
        "sourceDatasetId": "data-rio__escolas_municipais__atual",
        "facilityType": "municipal_school",
        "name": "Escola Municipal Mestre Waldemiro",
        "schoolType": "Escola Municipal"
      },
      "geometry": {
        "type": "Point",
        "coordinates": [
          -43.229129,
          -22.906443
        ]
      }
    },
    {
      "type": "Feature",
      "properties": {
        "sourceDatasetId": "data-rio__escolas_municipais__atual",
        "facilityType": "municipal_school",
        "name": "Creche Municipal Adalberto Ismael de Souza",
        "schoolType": "Creche Municipal"
      },
      "geometry": {
        "type": "Point",
        "coordinates": [
          -43.232485,
          -22.906374
        ]
      }
    },
    {
      "type": "Feature",
      "properties": {
        "sourceDatasetId": "data-rio__escolas_municipais__atual",
        "facilityType": "municipal_school",
        "name": "Creche Municipal Deputado Luiz Eduardo de Magalhães",
        "schoolType": "Creche Municipal"
      },
      "geometry": {
        "type": "Point",
        "coordinates": [
          -43.235698,
          -22.898459
        ]
      }
    },
    {
      "type": "Feature",
      "properties": {
        "sourceDatasetId": "data-rio__escolas_municipais__atual",
        "facilityType": "municipal_school",
        "name": "Creche Municipal Vovó Lucíola",
        "schoolType": "Creche Municipal"
      },
      "geometry": {
        "type": "Point",
        "coordinates": [
          -43.240861,
          -22.902712
        ]
      }
    },
    {
      "type": "Feature",
      "properties": {
        "sourceDatasetId": "data-rio__escolas_municipais__atual",
        "facilityType": "municipal_school",
        "name": "Creche Municipal Homero José dos Santos",
        "schoolType": "Creche Municipal"
      },
      "geometry": {
        "type": "Point",
        "coordinates": [
          -43.236528,
          -22.903303
        ]
      }
    },
    {
      "type": "Feature",
      "properties": {
        "sourceDatasetId": "data-rio__escolas_municipais__atual",
        "facilityType": "municipal_school",
        "name": "Creche Municipal Eduardo Moreira dos Santos",
        "schoolType": "Creche Municipal"
      },
      "geometry": {
        "type": "Point",
        "coordinates": [
          -43.235857,
          -22.902679
        ]
      }
    },
    {
      "type": "Feature",
      "properties": {
        "sourceDatasetId": "data-rio__escolas_municipais__atual",
        "facilityType": "municipal_school",
        "name": "Creche Municipal Francisco Alves",
        "schoolType": "Creche Municipal"
      },
      "geometry": {
        "type": "Point",
        "coordinates": [
          -43.23006,
          -22.889746
        ]
      }
    },
    {
      "type": "Feature",
      "properties": {
        "sourceDatasetId": "data-rio__escolas_municipais__atual",
        "facilityType": "municipal_school",
        "name": "Creche Municipal Nação Mangueirense",
        "schoolType": "Creche Municipal"
      },
      "geometry": {
        "type": "Point",
        "coordinates": [
          -43.239478,
          -22.905354
        ]
      }
    },
    {
      "type": "Feature",
      "properties": {
        "sourceDatasetId": "data-rio__escolas_municipais__atual",
        "facilityType": "municipal_school",
        "name": "Creche Municipal Samora Machel",
        "schoolType": "Creche Municipal"
      },
      "geometry": {
        "type": "Point",
        "coordinates": [
          -43.248667,
          -22.884162
        ]
      }
    },
    {
      "type": "Feature",
      "properties": {
        "sourceDatasetId": "data-rio__escolas_municipais__atual",
        "facilityType": "municipal_school",
        "name": "Creche Municipal Vasquinho",
        "schoolType": "Creche Municipal"
      },
      "geometry": {
        "type": "Point",
        "coordinates": [
          -43.227433,
          -22.886432
        ]
      }
    },
    {
      "type": "Feature",
      "properties": {
        "sourceDatasetId": "data-rio__escolas_municipais__atual",
        "facilityType": "municipal_school",
        "name": "Creche Municipal Arara Azul",
        "schoolType": "Creche Municipal"
      },
      "geometry": {
        "type": "Point",
        "coordinates": [
          -43.24211,
          -22.889247
        ]
      }
    },
    {
      "type": "Feature",
      "properties": {
        "sourceDatasetId": "data-rio__escolas_municipais__atual",
        "facilityType": "municipal_school",
        "name": "Espaço de Desenvolvimento Infantil Professora Dayse Malagole",
        "schoolType": "EDI"
      },
      "geometry": {
        "type": "Point",
        "coordinates": [
          -43.230827,
          -22.890748
        ]
      }
    },
    {
      "type": "Feature",
      "properties": {
        "sourceDatasetId": "data-rio__escolas_municipais__atual",
        "facilityType": "municipal_school",
        "name": "Espaço de Desenvolvimento Infantil Morro dos Telégrafos",
        "schoolType": "EDI"
      },
      "geometry": {
        "type": "Point",
        "coordinates": [
          -43.236696,
          -22.900287
        ]
      }
    },
    {
      "type": "Feature",
      "properties": {
        "sourceDatasetId": "data-rio__escolas_municipais__atual",
        "facilityType": "municipal_school",
        "name": "Espaço de Desenvolvimento Infantil Dois de Julho",
        "schoolType": "EDI"
      },
      "geometry": {
        "type": "Point",
        "coordinates": [
          -43.233074,
          -22.891507
        ]
      }
    },
    {
      "type": "Feature",
      "properties": {
        "sourceDatasetId": "data-rio__escolas_municipais__atual",
        "facilityType": "municipal_school",
        "name": "Escola Municipal Joaquim Manuel de Macedo",
        "schoolType": "Escola Municipal"
      },
      "geometry": {
        "type": "Point",
        "coordinates": [
          -43.109534,
          -22.753151
        ]
      }
    },
    {
      "type": "Feature",
      "properties": {
        "sourceDatasetId": "data-rio__escolas_municipais__atual",
        "facilityType": "municipal_school",
        "name": "Escola Municipal Machado de Assis",
        "schoolType": "Escola Municipal"
      },
      "geometry": {
        "type": "Point",
        "coordinates": [
          -43.182109,
          -22.918154
        ]
      }
    },
    {
      "type": "Feature",
      "properties": {
        "sourceDatasetId": "data-rio__escolas_municipais__atual",
        "facilityType": "municipal_school",
        "name": "Escola Municipal Santa Catarina",
        "schoolType": "Escola Municipal"
      },
      "geometry": {
        "type": "Point",
        "coordinates": [
          -43.191588,
          -22.915535
        ]
      }
    },
    {
      "type": "Feature",
      "properties": {
        "sourceDatasetId": "data-rio__escolas_municipais__atual",
        "facilityType": "municipal_school",
        "name": "Escola Municipal Julia Lopes de Almeida",
        "schoolType": "Escola Municipal"
      },
      "geometry": {
        "type": "Point",
        "coordinates": [
          -43.204257,
          -22.936551
        ]
      }
    },
    {
      "type": "Feature",
      "properties": {
        "sourceDatasetId": "data-rio__escolas_municipais__atual",
        "facilityType": "municipal_school",
        "name": "Escola Municipal Juan Antonio Samaranch",
        "schoolType": "Escola Municipal"
      },
      "geometry": {
        "type": "Point",
        "coordinates": [
          -43.198581,
          -22.931054
        ]
      }
    },
    {
      "type": "Feature",
      "properties": {
        "sourceDatasetId": "data-rio__escolas_municipais__atual",
        "facilityType": "municipal_school",
        "name": "Creche Municipal José Marinho de Oliveira",
        "schoolType": "Creche Municipal"
      },
      "geometry": {
        "type": "Point",
        "coordinates": [
          -43.202502,
          -22.934912
        ]
      }
    },
    {
      "type": "Feature",
      "properties": {
        "sourceDatasetId": "data-rio__escolas_municipais__atual",
        "facilityType": "municipal_school",
        "name": "Creche Municipal Fallet",
        "schoolType": "Creche Municipal"
      },
      "geometry": {
        "type": "Point",
        "coordinates": [
          -43.195756,
          -22.927235
        ]
      }
    },
    {
      "type": "Feature",
      "properties": {
        "sourceDatasetId": "data-rio__escolas_municipais__atual",
        "facilityType": "municipal_school",
        "name": "Espaço de Desenvolvimento Infantil Heloísa Marinho",
        "schoolType": "EDI"
      },
      "geometry": {
        "type": "Point",
        "coordinates": [
          -43.194951,
          -22.929564
        ]
      }
    },
    {
      "type": "Feature",
      "properties": {
        "sourceDatasetId": "data-rio__escolas_municipais__atual",
        "facilityType": "municipal_school",
        "name": "Escola Municipal Deodoro",
        "schoolType": "Escola Municipal"
      },
      "geometry": {
        "type": "Point",
        "coordinates": [
          -43.17716,
          -22.917715
        ]
      }
    },
    {
      "type": "Feature",
      "properties": {
        "sourceDatasetId": "data-rio__escolas_municipais__atual",
        "facilityType": "municipal_school",
        "name": "Escola Municipal Maria Leopoldina",
        "schoolType": "Escola Municipal"
      },
      "geometry": {
        "type": "Point",
        "coordinates": [
          -43.181774,
          -22.922883
        ]
      }
    },
    {
      "type": "Feature",
      "properties": {
        "sourceDatasetId": "data-rio__escolas_municipais__atual",
        "facilityType": "municipal_school",
        "name": "Escola Municipal Alberto Barth",
        "schoolType": "Escola Municipal"
      },
      "geometry": {
        "type": "Point",
        "coordinates": [
          -43.17647,
          -22.940711
        ]
      }
    },
    {
      "type": "Feature",
      "properties": {
        "sourceDatasetId": "data-rio__escolas_municipais__atual",
        "facilityType": "municipal_school",
        "name": "Escola Municipal Educandário Romão de Mattos Duarte",
        "schoolType": "Escola Municipal"
      },
      "geometry": {
        "type": "Point",
        "coordinates": [
          -43.178828,
          -22.936554
        ]
      }
    },
    {
      "type": "Feature",
      "properties": {
        "sourceDatasetId": "data-rio__escolas_municipais__atual",
        "facilityType": "municipal_school",
        "name": "Escola Municipal José de Alencar",
        "schoolType": "Escola Municipal"
      },
      "geometry": {
        "type": "Point",
        "coordinates": [
          -43.189869,
          -22.937122
        ]
      }
    },
    {
      "type": "Feature",
      "properties": {
        "sourceDatasetId": "data-rio__escolas_municipais__atual",
        "facilityType": "municipal_school",
        "name": "Escola Municipal Anne Frank",
        "schoolType": "Escola Municipal"
      },
      "geometry": {
        "type": "Point",
        "coordinates": [
          -43.183367,
          -22.938818
        ]
      }
    },
    {
      "type": "Feature",
      "properties": {
        "sourceDatasetId": "data-rio__escolas_municipais__atual",
        "facilityType": "municipal_school",
        "name": "Escola Municipal Albert Schweitzer",
        "schoolType": "Escola Municipal"
      },
      "geometry": {
        "type": "Point",
        "coordinates": [
          -43.19178,
          -22.940258
        ]
      }
    },
    {
      "type": "Feature",
      "properties": {
        "sourceDatasetId": "data-rio__escolas_municipais__atual",
        "facilityType": "municipal_school",
        "name": "Escola Municipal Vital Brasil",
        "schoolType": "Escola Municipal"
      },
      "geometry": {
        "type": "Point",
        "coordinates": [
          -43.176065,
          -22.925606
        ]
      }
    },
    {
      "type": "Feature",
      "properties": {
        "sourceDatasetId": "data-rio__escolas_municipais__atual",
        "facilityType": "municipal_school",
        "name": "Escola Municipal Guararapes Cândido",
        "schoolType": "Escola Municipal"
      },
      "geometry": {
        "type": "Point",
        "coordinates": [
          -43.204268,
          -22.943753
        ]
      }
    },
    {
      "type": "Feature",
      "properties": {
        "sourceDatasetId": "data-rio__escolas_municipais__atual",
        "facilityType": "municipal_school",
        "name": "Escola Municipal Francisco Alves",
        "schoolType": "Escola Municipal"
      },
      "geometry": {
        "type": "Point",
        "coordinates": [
          -43.182123,
          -22.953984
        ]
      }
    },
    {
      "type": "Feature",
      "properties": {
        "sourceDatasetId": "data-rio__escolas_municipais__atual",
        "facilityType": "municipal_school",
        "name": "Escola Municipal Joaquim Nabuco",
        "schoolType": "Escola Municipal"
      },
      "geometry": {
        "type": "Point",
        "coordinates": [
          -43.188154,
          -22.954406
        ]
      }
    },
    {
      "type": "Feature",
      "properties": {
        "sourceDatasetId": "data-rio__escolas_municipais__atual",
        "facilityType": "municipal_school",
        "name": "Escola Municipal México",
        "schoolType": "Escola Municipal"
      },
      "geometry": {
        "type": "Point",
        "coordinates": [
          -43.191761,
          -22.952706
        ]
      }
    },
    {
      "type": "Feature",
      "properties": {
        "sourceDatasetId": "data-rio__escolas_municipais__atual",
        "facilityType": "municipal_school",
        "name": "Escola Municipal Presidente Arthur da Costa e Silva",
        "schoolType": "Escola Municipal"
      },
      "geometry": {
        "type": "Point",
        "coordinates": [
          -43.186591,
          -22.945558
        ]
      }
    },
    {
      "type": "Feature",
      "properties": {
        "sourceDatasetId": "data-rio__escolas_municipais__atual",
        "facilityType": "municipal_school",
        "name": "Escola Municipal João Saldanha",
        "schoolType": "Escola Municipal"
      },
      "geometry": {
        "type": "Point",
        "coordinates": [
          -43.181619,
          -22.953779
        ]
      }
    },
    {
      "type": "Feature",
      "properties": {
        "sourceDatasetId": "data-rio__escolas_municipais__atual",
        "facilityType": "municipal_school",
        "name": "Escola Municipal Joaquim Abílio Borges",
        "schoolType": "Escola Municipal"
      },
      "geometry": {
        "type": "Point",
        "coordinates": [
          -43.196814,
          -22.954242
        ]
      }
    },
    {
      "type": "Feature",
      "properties": {
        "sourceDatasetId": "data-rio__escolas_municipais__atual",
        "facilityType": "municipal_school",
        "name": "Escola Municipal Estácio de Sá",
        "schoolType": "Escola Municipal"
      },
      "geometry": {
        "type": "Point",
        "coordinates": [
          -43.157391,
          -22.946106
        ]
      }
    },
    {
      "type": "Feature",
      "properties": {
        "sourceDatasetId": "data-rio__escolas_municipais__atual",
        "facilityType": "municipal_school",
        "name": "Escola Municipal Minas Gerais",
        "schoolType": "Escola Municipal"
      },
      "geometry": {
        "type": "Point",
        "coordinates": [
          -43.168885,
          -22.953822
        ]
      }
    },
    {
      "type": "Feature",
      "properties": {
        "sourceDatasetId": "data-rio__escolas_municipais__atual",
        "facilityType": "municipal_school",
        "name": "Escola Municipal Senador Corrêa",
        "schoolType": "Escola Municipal"
      },
      "geometry": {
        "type": "Point",
        "coordinates": [
          -43.181011,
          -22.933989
        ]
      }
    },
    {
      "type": "Feature",
      "properties": {
        "sourceDatasetId": "data-rio__escolas_municipais__atual",
        "facilityType": "municipal_school",
        "name": "Ciep Presidente Tancredo Neves",
        "schoolType": "CIEP"
      },
      "geometry": {
        "type": "Point",
        "coordinates": [
          -43.176685,
          -22.922785
        ]
      }
    },
    {
      "type": "Feature",
      "properties": {
        "sourceDatasetId": "data-rio__escolas_municipais__atual",
        "facilityType": "municipal_school",
        "name": "Ciep Presidente Agostinho Neto",
        "schoolType": "CIEP"
      },
      "geometry": {
        "type": "Point",
        "coordinates": [
          -43.199723,
          -22.959167
        ]
      }
    },
    {
      "type": "Feature",
      "properties": {
        "sourceDatasetId": "data-rio__escolas_municipais__atual",
        "facilityType": "municipal_school",
        "name": "Creche Municipal Tia Amália",
        "schoolType": "Creche Municipal"
      },
      "geometry": {
        "type": "Point",
        "coordinates": [
          -43.205546,
          -22.941447
        ]
      }
    },
    {
      "type": "Feature",
      "properties": {
        "sourceDatasetId": "data-rio__escolas_municipais__atual",
        "facilityType": "municipal_school",
        "name": "Creche Municipal Aracy Guimarães Rosa",
        "schoolType": "Creche Municipal"
      },
      "geometry": {
        "type": "Point",
        "coordinates": [
          -43.179417,
          -22.928943
        ]
      }
    },
    {
      "type": "Feature",
      "properties": {
        "sourceDatasetId": "data-rio__escolas_municipais__atual",
        "facilityType": "municipal_school",
        "name": "Espaço de Desenvolvimento Infantil Marechal Hermes",
        "schoolType": "EDI"
      },
      "geometry": {
        "type": "Point",
        "coordinates": [
          -43.195141,
          -22.954276
        ]
      }
    },
    {
      "type": "Feature",
      "properties": {
        "sourceDatasetId": "data-rio__escolas_municipais__atual",
        "facilityType": "municipal_school",
        "name": "Espaço de Desenvolvimento Infantil Casa da Criança",
        "schoolType": "EDI"
      },
      "geometry": {
        "type": "Point",
        "coordinates": [
          -43.181596,
          -22.955823
        ]
      }
    },
    {
      "type": "Feature",
      "properties": {
        "sourceDatasetId": "data-rio__escolas_municipais__atual",
        "facilityType": "municipal_school",
        "name": "Espaço de Desenvolvimento Infantil Gabriela Mistral",
        "schoolType": "EDI"
      },
      "geometry": {
        "type": "Point",
        "coordinates": [
          -43.1645,
          -22.95425
        ]
      }
    },
    {
      "type": "Feature",
      "properties": {
        "sourceDatasetId": "data-rio__escolas_municipais__atual",
        "facilityType": "municipal_school",
        "name": "Espaço de Desenvolvimento Infantil Professora Sarita Konder",
        "schoolType": "EDI"
      },
      "geometry": {
        "type": "Point",
        "coordinates": [
          -43.1972,
          -22.93676
        ]
      }
    },
    {
      "type": "Feature",
      "properties": {
        "sourceDatasetId": "data-rio__escolas_municipais__atual",
        "facilityType": "municipal_school",
        "name": "Espaço de Desenvolvimento Infantil Claudio Cavalcanti",
        "schoolType": "EDI"
      },
      "geometry": {
        "type": "Point",
        "coordinates": [
          -43.188186,
          -22.954419
        ]
      }
    },
    {
      "type": "Feature",
      "properties": {
        "sourceDatasetId": "data-rio__escolas_municipais__atual",
        "facilityType": "municipal_school",
        "name": "Espaço de Desenvolvimento Infantil Irmã Margarita Alarcón",
        "schoolType": "EDI"
      },
      "geometry": {
        "type": "Point",
        "coordinates": [
          -43.190496,
          -22.931115
        ]
      }
    },
    {
      "type": "Feature",
      "properties": {
        "sourceDatasetId": "data-rio__escolas_municipais__atual",
        "facilityType": "municipal_school",
        "name": "Escola Municipal São Tomás de Aquino",
        "schoolType": "Escola Municipal"
      },
      "geometry": {
        "type": "Point",
        "coordinates": [
          -43.164981,
          -22.961546
        ]
      }
    },
    {
      "type": "Feature",
      "properties": {
        "sourceDatasetId": "data-rio__escolas_municipais__atual",
        "facilityType": "municipal_school",
        "name": "Escola Municipal Doutor Cícero Penna",
        "schoolType": "Escola Municipal"
      },
      "geometry": {
        "type": "Point",
        "coordinates": [
          -43.181139,
          -22.968647
        ]
      }
    },
    {
      "type": "Feature",
      "properties": {
        "sourceDatasetId": "data-rio__escolas_municipais__atual",
        "facilityType": "municipal_school",
        "name": "Escola Municipal Doutor Cocio Barcellos",
        "schoolType": "Escola Municipal"
      },
      "geometry": {
        "type": "Point",
        "coordinates": [
          -43.189063,
          -22.974828
        ]
      }
    },
    {
      "type": "Feature",
      "properties": {
        "sourceDatasetId": "data-rio__escolas_municipais__atual",
        "facilityType": "municipal_school",
        "name": "Escola Municipal Dom Aquino Corrêa",
        "schoolType": "Escola Municipal"
      },
      "geometry": {
        "type": "Point",
        "coordinates": [
          -43.180508,
          -22.965094
        ]
      }
    },
    {
      "type": "Feature",
      "properties": {
        "sourceDatasetId": "data-rio__escolas_municipais__atual",
        "facilityType": "municipal_school",
        "name": "Escola Municipal Penedo",
        "schoolType": "Escola Municipal"
      },
      "geometry": {
        "type": "Point",
        "coordinates": [
          -43.19221,
          -22.982712
        ]
      }
    },
    {
      "type": "Feature",
      "properties": {
        "sourceDatasetId": "data-rio__escolas_municipais__atual",
        "facilityType": "municipal_school",
        "name": "Escola Municipal Roma",
        "schoolType": "Escola Municipal"
      },
      "geometry": {
        "type": "Point",
        "coordinates": [
          -43.176145,
          -22.96506
        ]
      }
    },
    {
      "type": "Feature",
      "properties": {
        "sourceDatasetId": "data-rio__escolas_municipais__atual",
        "facilityType": "municipal_school",
        "name": "Escola Municipal Alencastro Guimarães",
        "schoolType": "Escola Municipal"
      },
      "geometry": {
        "type": "Point",
        "coordinates": [
          -43.180965,
          -22.964691
        ]
      }
    },
    {
      "type": "Feature",
      "properties": {
        "sourceDatasetId": "data-rio__escolas_municipais__atual",
        "facilityType": "municipal_school",
        "name": "Creche Municipal Irmãs Baptista",
        "schoolType": "Creche Municipal"
      },
      "geometry": {
        "type": "Point",
        "coordinates": [
          -43.18712,
          -22.966176
        ]
      }
    },
    {
      "type": "Feature",
      "properties": {
        "sourceDatasetId": "data-rio__escolas_municipais__atual",
        "facilityType": "municipal_school",
        "name": "Creche Muncipal Tia Sonia Crispiniano",
        "schoolType": "Creche Municipal"
      },
      "geometry": {
        "type": "Point",
        "coordinates": [
          -43.1939,
          -22.96286
        ]
      }
    },
    {
      "type": "Feature",
      "properties": {
        "sourceDatasetId": "data-rio__escolas_municipais__atual",
        "facilityType": "municipal_school",
        "name": "Espaço de Desenvolvimento Infantil Dona Marcela",
        "schoolType": "EDI"
      },
      "geometry": {
        "type": "Point",
        "coordinates": [
          -43.167882,
          -22.960596
        ]
      }
    },
    {
      "type": "Feature",
      "properties": {
        "sourceDatasetId": "data-rio__escolas_municipais__atual",
        "facilityType": "municipal_school",
        "name": "Espaço de Desenvolvimento Infantil Porto Rico",
        "schoolType": "EDI"
      },
      "geometry": {
        "type": "Point",
        "coordinates": [
          -43.178694,
          -22.961382
        ]
      }
    },
    {
      "type": "Feature",
      "properties": {
        "sourceDatasetId": "data-rio__escolas_municipais__atual",
        "facilityType": "municipal_school",
        "name": "Escola Municipal Presidente José Linhares",
        "schoolType": "Escola Municipal"
      },
      "geometry": {
        "type": "Point",
        "coordinates": [
          -43.199036,
          -22.983332
        ]
      }
    },
    {
      "type": "Feature",
      "properties": {
        "sourceDatasetId": "data-rio__escolas_municipais__atual",
        "facilityType": "municipal_school",
        "name": "Escola Municipal Henrique Dodsworth",
        "schoolType": "Escola Municipal"
      },
      "geometry": {
        "type": "Point",
        "coordinates": [
          -43.213579,
          -22.981955
        ]
      }
    },
    {
      "type": "Feature",
      "properties": {
        "sourceDatasetId": "data-rio__escolas_municipais__atual",
        "facilityType": "municipal_school",
        "name": "Escola Municipal Marília de Dirceu",
        "schoolType": "Escola Municipal"
      },
      "geometry": {
        "type": "Point",
        "coordinates": [
          -43.196939,
          -22.983813
        ]
      }
    },
    {
      "type": "Feature",
      "properties": {
        "sourceDatasetId": "data-rio__escolas_municipais__atual",
        "facilityType": "municipal_school",
        "name": "Escola Municipal Castelnuovo",
        "schoolType": "Escola Municipal"
      },
      "geometry": {
        "type": "Point",
        "coordinates": [
          -43.191996,
          -22.98735
        ]
      }
    },
    {
      "type": "Feature",
      "properties": {
        "sourceDatasetId": "data-rio__escolas_municipais__atual",
        "facilityType": "municipal_school",
        "name": "Escola Municipal George Pfisterer",
        "schoolType": "Escola Municipal"
      },
      "geometry": {
        "type": "Point",
        "coordinates": [
          -43.222089,
          -22.979239
        ]
      }
    },
    {
      "type": "Feature",
      "properties": {
        "sourceDatasetId": "data-rio__escolas_municipais__atual",
        "facilityType": "municipal_school",
        "name": "Escola Municipal Santos Anjos",
        "schoolType": "Escola Municipal"
      },
      "geometry": {
        "type": "Point",
        "coordinates": [
          -43.217029,
          -22.981559
        ]
      }
    },
    {
      "type": "Feature",
      "properties": {
        "sourceDatasetId": "data-rio__escolas_municipais__atual",
        "facilityType": "municipal_school",
        "name": "Escola Municipal Edna Poncioni Ferreira",
        "schoolType": "Escola Municipal"
      },
      "geometry": {
        "type": "Point",
        "coordinates": [
          -43.19781,
          -22.976214
        ]
      }
    },
    {
      "type": "Feature",
      "properties": {
        "sourceDatasetId": "data-rio__escolas_municipais__atual",
        "facilityType": "municipal_school",
        "name": "Escola Municipal Pedro Ernesto",
        "schoolType": "Escola Municipal"
      },
      "geometry": {
        "type": "Point",
        "coordinates": [
          -43.203449,
          -22.961109
        ]
      }
    },
    {
      "type": "Feature",
      "properties": {
        "sourceDatasetId": "data-rio__escolas_municipais__atual",
        "facilityType": "municipal_school",
        "name": "Escola Municipal Capistrano de Abreu",
        "schoolType": "Escola Municipal"
      },
      "geometry": {
        "type": "Point",
        "coordinates": [
          -43.228698,
          -22.965601
        ]
      }
    },
    {
      "type": "Feature",
      "properties": {
        "sourceDatasetId": "data-rio__escolas_municipais__atual",
        "facilityType": "municipal_school",
        "name": "Escola Municipal Shakespeare",
        "schoolType": "Escola Municipal"
      },
      "geometry": {
        "type": "Point",
        "coordinates": [
          -43.216267,
          -22.963151
        ]
      }
    },
    {
      "type": "Feature",
      "properties": {
        "sourceDatasetId": "data-rio__escolas_municipais__atual",
        "facilityType": "municipal_school",
        "name": "Escola Municipal Camilo Castelo Branco",
        "schoolType": "Escola Municipal"
      },
      "geometry": {
        "type": "Point",
        "coordinates": [
          -43.228952,
          -22.965738
        ]
      }
    },
    {
      "type": "Feature",
      "properties": {
        "sourceDatasetId": "data-rio__escolas_municipais__atual",
        "facilityType": "municipal_school",
        "name": "Escola Especial Municipal Marly Fróes Peixoto",
        "schoolType": "Escola Especial Municipal"
      },
      "geometry": {
        "type": "Point",
        "coordinates": [
          -43.218547,
          -22.963912
        ]
      }
    },
    {
      "type": "Feature",
      "properties": {
        "sourceDatasetId": "data-rio__escolas_municipais__atual",
        "facilityType": "municipal_school",
        "name": "Escola Municipal Manoel Cícero",
        "schoolType": "Escola Municipal"
      },
      "geometry": {
        "type": "Point",
        "coordinates": [
          -43.226855,
          -22.97327
        ]
      }
    },
    {
      "type": "Feature",
      "properties": {
        "sourceDatasetId": "data-rio__escolas_municipais__atual",
        "facilityType": "municipal_school",
        "name": "Escola Municipal Júlio de Castilhos",
        "schoolType": "Escola Municipal"
      },
      "geometry": {
        "type": "Point",
        "coordinates": [
          -43.227064,
          -22.973585
        ]
      }
    },
    {
      "type": "Feature",
      "properties": {
        "sourceDatasetId": "data-rio__escolas_municipais__atual",
        "facilityType": "municipal_school",
        "name": "Escola Municipal Artur Ramos",
        "schoolType": "Escola Municipal"
      },
      "geometry": {
        "type": "Point",
        "coordinates": [
          -43.230902,
          -22.977409
        ]
      }
    },
    {
      "type": "Feature",
      "properties": {
        "sourceDatasetId": "data-rio__escolas_municipais__atual",
        "facilityType": "municipal_school",
        "name": "Escola Municipal Luiz Delfino",
        "schoolType": "Escola Municipal"
      },
      "geometry": {
        "type": "Point",
        "coordinates": [
          -43.233683,
          -22.978158
        ]
      }
    },
    {
      "type": "Feature",
      "properties": {
        "sourceDatasetId": "data-rio__escolas_municipais__atual",
        "facilityType": "municipal_school",
        "name": "Escola Municipal Christiano Hamann",
        "schoolType": "Escola Municipal"
      },
      "geometry": {
        "type": "Point",
        "coordinates": [
          -43.233917,
          -22.977954
        ]
      }
    },
    {
      "type": "Feature",
      "properties": {
        "sourceDatasetId": "data-rio__escolas_municipais__atual",
        "facilityType": "municipal_school",
        "name": "Escola Municipal Desembargador Oscar Tenório",
        "schoolType": "Escola Municipal"
      },
      "geometry": {
        "type": "Point",
        "coordinates": [
          -43.227962,
          -22.977526
        ]
      }
    },
    {
      "type": "Feature",
      "properties": {
        "sourceDatasetId": "data-rio__escolas_municipais__atual",
        "facilityType": "municipal_school",
        "name": "Escola Municipal Almirante Tamandaré",
        "schoolType": "Escola Municipal"
      },
      "geometry": {
        "type": "Point",
        "coordinates": [
          -43.235579,
          -22.993697
        ]
      }
    },
    {
      "type": "Feature",
      "properties": {
        "sourceDatasetId": "data-rio__escolas_municipais__atual",
        "facilityType": "municipal_school",
        "name": "Escola Municipal Lúcia Miguel Pereira",
        "schoolType": "Escola Municipal"
      },
      "geometry": {
        "type": "Point",
        "coordinates": [
          -43.272181,
          -22.997417
        ]
      }
    },
    {
      "type": "Feature",
      "properties": {
        "sourceDatasetId": "data-rio__escolas_municipais__atual",
        "facilityType": "municipal_school",
        "name": "Escola Municipal Prefeito Djalma Maranhão",
        "schoolType": "Escola Municipal"
      },
      "geometry": {
        "type": "Point",
        "coordinates": [
          -43.234914,
          -22.995359
        ]
      }
    },
    {
      "type": "Feature",
      "properties": {
        "sourceDatasetId": "data-rio__escolas_municipais__atual",
        "facilityType": "municipal_school",
        "name": "Escola Municipal Sergio Vieira de Mello",
        "schoolType": "Escola Municipal"
      },
      "geometry": {
        "type": "Point",
        "coordinates": [
          -43.222667,
          -22.979382
        ]
      }
    },
    {
      "type": "Feature",
      "properties": {
        "sourceDatasetId": "data-rio__escolas_municipais__atual",
        "facilityType": "municipal_school",
        "name": "Ciep Presidente João Goulart",
        "schoolType": "CIEP"
      },
      "geometry": {
        "type": "Point",
        "coordinates": [
          -43.199175,
          -22.980693
        ]
      }
    },
    {
      "type": "Feature",
      "properties": {
        "sourceDatasetId": "data-rio__escolas_municipais__atual",
        "facilityType": "municipal_school",
        "name": "Ciep Nação Rubro Negra",
        "schoolType": "CIEP"
      },
      "geometry": {
        "type": "Point",
        "coordinates": [
          -43.222437,
          -22.978275
        ]
      }
    },
    {
      "type": "Feature",
      "properties": {
        "sourceDatasetId": "data-rio__escolas_municipais__atual",
        "facilityType": "municipal_school",
        "name": "Creche Municipal Doutor Sobral Pinto",
        "schoolType": "Creche Municipal"
      },
      "geometry": {
        "type": "Point",
        "coordinates": [
          -43.245549,
          -22.996197
        ]
      }
    },
    {
      "type": "Feature",
      "properties": {
        "sourceDatasetId": "data-rio__escolas_municipais__atual",
        "facilityType": "municipal_school",
        "name": "Creche Municipal Vidigal",
        "schoolType": "Creche Municipal"
      },
      "geometry": {
        "type": "Point",
        "coordinates": [
          -43.235266,
          -22.993826
        ]
      }
    },
    {
      "type": "Feature",
      "properties": {
        "sourceDatasetId": "data-rio__escolas_municipais__atual",
        "facilityType": "municipal_school",
        "name": "Creche Municipal Jacó Inácio Gomes",
        "schoolType": "Creche Municipal"
      },
      "geometry": {
        "type": "Point",
        "coordinates": [
          -43.270922,
          -22.994354
        ]
      }
    },
    {
      "type": "Feature",
      "properties": {
        "sourceDatasetId": "data-rio__escolas_municipais__atual",
        "facilityType": "municipal_school",
        "name": "Creche Municipal Doutor Pedro Bloch",
        "schoolType": "Creche Municipal"
      },
      "geometry": {
        "type": "Point",
        "coordinates": [
          -43.240524,
          -22.981455
        ]
      }
    },
    {
      "type": "Feature",
      "properties": {
        "sourceDatasetId": "data-rio__escolas_municipais__atual",
        "facilityType": "municipal_school",
        "name": "Creche Municipal Elza Machado dos Santos - Tia Elza",
        "schoolType": "Creche Municipal"
      },
      "geometry": {
        "type": "Point",
        "coordinates": [
          -43.196355,
          -22.981527
        ]
      }
    },
    {
      "type": "Feature",
      "properties": {
        "sourceDatasetId": "data-rio__escolas_municipais__atual",
        "facilityType": "municipal_school",
        "name": "Espaço de Desenvolvimento Infantil Rubem Braga",
        "schoolType": "EDI"
      },
      "geometry": {
        "type": "Point",
        "coordinates": [
          -43.203499,
          -22.961745
        ]
      }
    },
    {
      "type": "Feature",
      "properties": {
        "sourceDatasetId": "data-rio__escolas_municipais__atual",
        "facilityType": "municipal_school",
        "name": "Espaço de Desenvolvimento Infantil Júlia Kubitschek",
        "schoolType": "EDI"
      },
      "geometry": {
        "type": "Point",
        "coordinates": [
          -43.229857,
          -22.966825
        ]
      }
    },
    {
      "type": "Feature",
      "properties": {
        "sourceDatasetId": "data-rio__escolas_municipais__atual",
        "facilityType": "municipal_school",
        "name": "Escola Municipal Azevedo Sodré",
        "schoolType": "Escola Municipal"
      },
      "geometry": {
        "type": "Point",
        "coordinates": [
          -43.211091,
          -22.915447
        ]
      }
    },
    {
      "type": "Feature",
      "properties": {
        "sourceDatasetId": "data-rio__escolas_municipais__atual",
        "facilityType": "municipal_school",
        "name": "Escola Municipal Reverendo Martin Luther King",
        "schoolType": "Escola Municipal"
      },
      "geometry": {
        "type": "Point",
        "coordinates": [
          -43.211634,
          -22.911645
        ]
      }
    },
    {
      "type": "Feature",
      "properties": {
        "sourceDatasetId": "data-rio__escolas_municipais__atual",
        "facilityType": "municipal_school",
        "name": "Escola Municipal Laudimia Trotta",
        "schoolType": "Escola Municipal"
      },
      "geometry": {
        "type": "Point",
        "coordinates": [
          -43.237889,
          -22.926842
        ]
      }
    },
    {
      "type": "Feature",
      "properties": {
        "sourceDatasetId": "data-rio__escolas_municipais__atual",
        "facilityType": "municipal_school",
        "name": "Escola Municipal Francisco Cabrita",
        "schoolType": "Escola Municipal"
      },
      "geometry": {
        "type": "Point",
        "coordinates": [
          -43.220332,
          -22.920185
        ]
      }
    },
    {
      "type": "Feature",
      "properties": {
        "sourceDatasetId": "data-rio__escolas_municipais__atual",
        "facilityType": "municipal_school",
        "name": "Escola Municipal Bombeiro Geraldo Dias",
        "schoolType": "Escola Municipal"
      },
      "geometry": {
        "type": "Point",
        "coordinates": [
          -43.227994,
          -22.929565
        ]
      }
    },
    {
      "type": "Feature",
      "properties": {
        "sourceDatasetId": "data-rio__escolas_municipais__atual",
        "facilityType": "municipal_school",
        "name": "Escola Municipal Prudente de Moraes",
        "schoolType": "Escola Municipal"
      },
      "geometry": {
        "type": "Point",
        "coordinates": [
          -43.232871,
          -22.92906
        ]
      }
    },
    {
      "type": "Feature",
      "properties": {
        "sourceDatasetId": "data-rio__escolas_municipais__atual",
        "facilityType": "municipal_school",
        "name": "Escola Municipal Barão de Itacurussá",
        "schoolType": "Escola Municipal"
      },
      "geometry": {
        "type": "Point",
        "coordinates": [
          -43.23945,
          -22.933599
        ]
      }
    },
    {
      "type": "Feature",
      "properties": {
        "sourceDatasetId": "data-rio__escolas_municipais__atual",
        "facilityType": "municipal_school",
        "name": "Escola Municipal Almirante Barroso",
        "schoolType": "Escola Municipal"
      },
      "geometry": {
        "type": "Point",
        "coordinates": [
          -43.239026,
          -22.934274
        ]
      }
    },
    {
      "type": "Feature",
      "properties": {
        "sourceDatasetId": "data-rio__escolas_municipais__atual",
        "facilityType": "municipal_school",
        "name": "Escola Municipal General Euclydes de Figueiredo",
        "schoolType": "Escola Municipal"
      },
      "geometry": {
        "type": "Point",
        "coordinates": [
          -43.224877,
          -22.920148
        ]
      }
    },
    {
      "type": "Feature",
      "properties": {
        "sourceDatasetId": "data-rio__escolas_municipais__atual",
        "facilityType": "municipal_school",
        "name": "Escola Municipal Soares Pereira",
        "schoolType": "Escola Municipal"
      },
      "geometry": {
        "type": "Point",
        "coordinates": [
          -43.243118,
          -22.932529
        ]
      }
    },
    {
      "type": "Feature",
      "properties": {
        "sourceDatasetId": "data-rio__escolas_municipais__atual",
        "facilityType": "municipal_school",
        "name": "Escola Municipal Jornalista Brito Broca",
        "schoolType": "Escola Municipal"
      },
      "geometry": {
        "type": "Point",
        "coordinates": [
          -43.24174,
          -22.943418
        ]
      }
    },
    {
      "type": "Feature",
      "properties": {
        "sourceDatasetId": "data-rio__escolas_municipais__atual",
        "facilityType": "municipal_school",
        "name": "Escola Municipal Orsina da Fonseca",
        "schoolType": "Escola Municipal"
      },
      "geometry": {
        "type": "Point",
        "coordinates": [
          -43.224101,
          -22.92016
        ]
      }
    },
    {
      "type": "Feature",
      "properties": {
        "sourceDatasetId": "data-rio__escolas_municipais__atual",
        "facilityType": "municipal_school",
        "name": "Escola Municipal Mário da Veiga Cabral",
        "schoolType": "Escola Municipal"
      },
      "geometry": {
        "type": "Point",
        "coordinates": [
          -43.22078,
          -22.920559
        ]
      }
    },
    {
      "type": "Feature",
      "properties": {
        "sourceDatasetId": "data-rio__escolas_municipais__atual",
        "facilityType": "municipal_school",
        "name": "Escola Municipal Frei Cassiano",
        "schoolType": "Escola Municipal"
      },
      "geometry": {
        "type": "Point",
        "coordinates": [
          -43.216244,
          -22.925024
        ]
      }
    },
    {
      "type": "Feature",
      "properties": {
        "sourceDatasetId": "data-rio__escolas_municipais__atual",
        "facilityType": "municipal_school",
        "name": "Escola Municipal Leitão da Cunha",
        "schoolType": "Escola Municipal"
      },
      "geometry": {
        "type": "Point",
        "coordinates": [
          -43.23351,
          -22.921181
        ]
      }
    },
    {
      "type": "Feature",
      "properties": {
        "sourceDatasetId": "data-rio__escolas_municipais__atual",
        "facilityType": "municipal_school",
        "name": "Escola Municipal Araújo Porto Alegre",
        "schoolType": "Escola Municipal"
      },
      "geometry": {
        "type": "Point",
        "coordinates": [
          -43.258095,
          -22.947972
        ]
      }
    },
    {
      "type": "Feature",
      "properties": {
        "sourceDatasetId": "data-rio__escolas_municipais__atual",
        "facilityType": "municipal_school",
        "name": "Escola Municipal Menezes Vieira",
        "schoolType": "Escola Municipal"
      },
      "geometry": {
        "type": "Point",
        "coordinates": [
          -43.277208,
          -22.965138
        ]
      }
    },
    {
      "type": "Feature",
      "properties": {
        "sourceDatasetId": "data-rio__escolas_municipais__atual",
        "facilityType": "municipal_school",
        "name": "Escola Municipal Diogo Feijó",
        "schoolType": "Escola Municipal"
      },
      "geometry": {
        "type": "Point",
        "coordinates": [
          -43.297311,
          -22.967216
        ]
      }
    },
    {
      "type": "Feature",
      "properties": {
        "sourceDatasetId": "data-rio__escolas_municipais__atual",
        "facilityType": "municipal_school",
        "name": "Escola Municipal Mário Faccini",
        "schoolType": "Escola Municipal"
      },
      "geometry": {
        "type": "Point",
        "coordinates": [
          -43.261077,
          -22.949316
        ]
      }
    },
    {
      "type": "Feature",
      "properties": {
        "sourceDatasetId": "data-rio__escolas_municipais__atual",
        "facilityType": "municipal_school",
        "name": "Escola Municipal Mata Machado",
        "schoolType": "Escola Municipal"
      },
      "geometry": {
        "type": "Point",
        "coordinates": [
          -43.285333,
          -22.974449
        ]
      }
    },
    {
      "type": "Feature",
      "properties": {
        "sourceDatasetId": "data-rio__escolas_municipais__atual",
        "facilityType": "municipal_school",
        "name": "Escola Municipal Marc Ferrez",
        "schoolType": "Escola Municipal"
      },
      "geometry": {
        "type": "Point",
        "coordinates": [
          -43.278468,
          -22.965546
        ]
      }
    },
    {
      "type": "Feature",
      "properties": {
        "sourceDatasetId": "data-rio__escolas_municipais__atual",
        "facilityType": "municipal_school",
        "name": "Ciep Samuel Wainer",
        "schoolType": "CIEP"
      },
      "geometry": {
        "type": "Point",
        "coordinates": [
          -43.227998,
          -22.921274
        ]
      }
    },
    {
      "type": "Feature",
      "properties": {
        "sourceDatasetId": "data-rio__escolas_municipais__atual",
        "facilityType": "municipal_school",
        "name": "Ciep Doutor Antoine Magarinos Torres Filho",
        "schoolType": "CIEP"
      },
      "geometry": {
        "type": "Point",
        "coordinates": [
          -43.253099,
          -22.94048
        ]
      }
    },
    {
      "type": "Feature",
      "properties": {
        "sourceDatasetId": "data-rio__escolas_municipais__atual",
        "facilityType": "municipal_school",
        "name": "Creche Municipal Casa Branca - Professor Paulo Freire",
        "schoolType": "Creche Municipal"
      },
      "geometry": {
        "type": "Point",
        "coordinates": [
          -43.248803,
          -22.936602
        ]
      }
    },
    {
      "type": "Feature",
      "properties": {
        "sourceDatasetId": "data-rio__escolas_municipais__atual",
        "facilityType": "municipal_school",
        "name": "Creche Municipal Raio de Sol",
        "schoolType": "Creche Municipal"
      },
      "geometry": {
        "type": "Point",
        "coordinates": [
          -43.253173,
          -22.940577
        ]
      }
    },
    {
      "type": "Feature",
      "properties": {
        "sourceDatasetId": "data-rio__escolas_municipais__atual",
        "facilityType": "municipal_school",
        "name": "Creche Municipal Raízes do Salgueiro",
        "schoolType": "Creche Municipal"
      },
      "geometry": {
        "type": "Point",
        "coordinates": [
          -43.225674,
          -22.928219
        ]
      }
    },
    {
      "type": "Feature",
      "properties": {
        "sourceDatasetId": "data-rio__escolas_municipais__atual",
        "facilityType": "municipal_school",
        "name": "Creche Municipal Tia Bela",
        "schoolType": "Creche Municipal"
      },
      "geometry": {
        "type": "Point",
        "coordinates": [
          -43.243002,
          -22.93817
        ]
      }
    },
    {
      "type": "Feature",
      "properties": {
        "sourceDatasetId": "data-rio__escolas_municipais__atual",
        "facilityType": "municipal_school",
        "name": "Creche Municipal Tia Maria",
        "schoolType": "Creche Municipal"
      },
      "geometry": {
        "type": "Point",
        "coordinates": [
          -43.24161,
          -22.943486
        ]
      }
    },
    {
      "type": "Feature",
      "properties": {
        "sourceDatasetId": "data-rio__escolas_municipais__atual",
        "facilityType": "municipal_school",
        "name": "Creche Municipal Doutor Ronaldo Luiz Gazolla",
        "schoolType": "Creche Municipal"
      },
      "geometry": {
        "type": "Point",
        "coordinates": [
          -43.24459,
          -22.94015
        ]
      }
    },
    {
      "type": "Feature",
      "properties": {
        "sourceDatasetId": "data-rio__escolas_municipais__atual",
        "facilityType": "municipal_school",
        "name": "Creche Municipal dos Sonhos",
        "schoolType": "Creche Municipal"
      },
      "geometry": {
        "type": "Point",
        "coordinates": [
          -43.220047,
          -22.926104
        ]
      }
    },
    {
      "type": "Feature",
      "properties": {
        "sourceDatasetId": "data-rio__escolas_municipais__atual",
        "facilityType": "municipal_school",
        "name": "Creche Municipal Doutor Sérgio Arouca",
        "schoolType": "Creche Municipal"
      },
      "geometry": {
        "type": "Point",
        "coordinates": [
          -43.215483,
          -22.922555
        ]
      }
    },
    {
      "type": "Feature",
      "properties": {
        "sourceDatasetId": "data-rio__escolas_municipais__atual",
        "facilityType": "municipal_school",
        "name": "Espaço de Desenvolvimento Infantil Igor Moraes da Silva",
        "schoolType": "EDI"
      },
      "geometry": {
        "type": "Point",
        "coordinates": [
          -43.284476,
          -22.975728
        ]
      }
    },
    {
      "type": "Feature",
      "properties": {
        "sourceDatasetId": "data-rio__escolas_municipais__atual",
        "facilityType": "municipal_school",
        "name": "Espaço de Desenvolvimento Infantil Dr. Marcelo Candia",
        "schoolType": "EDI"
      },
      "geometry": {
        "type": "Point",
        "coordinates": [
          -43.254622,
          -22.939523
        ]
      }
    },
    {
      "type": "Feature",
      "properties": {
        "sourceDatasetId": "data-rio__escolas_municipais__atual",
        "facilityType": "municipal_school",
        "name": "Espaço de Desenvolvimento Infantil Borel",
        "schoolType": "EDI"
      },
      "geometry": {
        "type": "Point",
        "coordinates": [
          -43.25352,
          -22.940985
        ]
      }
    },
    {
      "type": "Feature",
      "properties": {
        "sourceDatasetId": "data-rio__escolas_municipais__atual",
        "facilityType": "municipal_school",
        "name": "Espaço de Desenvolvimento Infantil Chácara do Céu",
        "schoolType": "EDI"
      },
      "geometry": {
        "type": "Point",
        "coordinates": [
          -43.25433,
          -22.938214
        ]
      }
    },
    {
      "type": "Feature",
      "properties": {
        "sourceDatasetId": "data-rio__escolas_municipais__atual",
        "facilityType": "municipal_school",
        "name": "Espaço de Desenvolvimento Infantil José da Silva Araújo",
        "schoolType": "EDI"
      },
      "geometry": {
        "type": "Point",
        "coordinates": [
          -43.291175,
          -22.978278
        ]
      }
    },
    {
      "type": "Feature",
      "properties": {
        "sourceDatasetId": "data-rio__escolas_municipais__atual",
        "facilityType": "municipal_school",
        "name": "Escola Municipal Benedito Ottoni",
        "schoolType": "Escola Municipal"
      },
      "geometry": {
        "type": "Point",
        "coordinates": [
          -43.219361,
          -22.910912
        ]
      }
    },
    {
      "type": "Feature",
      "properties": {
        "sourceDatasetId": "data-rio__escolas_municipais__atual",
        "facilityType": "municipal_school",
        "name": "Escola Especial Municipal Francisco de Castro",
        "schoolType": "Escola Especial Municipal"
      },
      "geometry": {
        "type": "Point",
        "coordinates": [
          -43.225933,
          -22.913485
        ]
      }
    },
    {
      "type": "Feature",
      "properties": {
        "sourceDatasetId": "data-rio__escolas_municipais__atual",
        "facilityType": "municipal_school",
        "name": "Escola Municipal Conselheiro Mayrink",
        "schoolType": "Escola Municipal"
      },
      "geometry": {
        "type": "Point",
        "coordinates": [
          -43.223996,
          -22.914467
        ]
      }
    },
    {
      "type": "Feature",
      "properties": {
        "sourceDatasetId": "data-rio__escolas_municipais__atual",
        "facilityType": "municipal_school",
        "name": "Escola Municipal Barão Homem de Mello",
        "schoolType": "Escola Municipal"
      },
      "geometry": {
        "type": "Point",
        "coordinates": [
          -43.236925,
          -22.916829
        ]
      }
    },
    {
      "type": "Feature",
      "properties": {
        "sourceDatasetId": "data-rio__escolas_municipais__atual",
        "facilityType": "municipal_school",
        "name": "Escola Municipal Friedenreich",
        "schoolType": "Escola Municipal"
      },
      "geometry": {
        "type": "Point",
        "coordinates": [
          -43.228792,
          -22.913299
        ]
      }
    },
    {
      "type": "Feature",
      "properties": {
        "sourceDatasetId": "data-rio__escolas_municipais__atual",
        "facilityType": "municipal_school",
        "name": "Escola Municipal Jornalista Assis Chateaubriand",
        "schoolType": "Escola Municipal"
      },
      "geometry": {
        "type": "Point",
        "coordinates": [
          -43.258957,
          -22.91668
        ]
      }
    },
    {
      "type": "Feature",
      "properties": {
        "sourceDatasetId": "data-rio__escolas_municipais__atual",
        "facilityType": "municipal_school",
        "name": "Escola Municipal Madrid",
        "schoolType": "Escola Municipal"
      },
      "geometry": {
        "type": "Point",
        "coordinates": [
          -43.236531,
          -22.916227
        ]
      }
    },
    {
      "type": "Feature",
      "properties": {
        "sourceDatasetId": "data-rio__escolas_municipais__atual",
        "facilityType": "municipal_school",
        "name": "Escola Municipal República Argentina",
        "schoolType": "Escola Municipal"
      },
      "geometry": {
        "type": "Point",
        "coordinates": [
          -43.238644,
          -22.914603
        ]
      }
    },
    {
      "type": "Feature",
      "properties": {
        "sourceDatasetId": "data-rio__escolas_municipais__atual",
        "facilityType": "municipal_school",
        "name": "Escola Municipal Equador",
        "schoolType": "Escola Municipal"
      },
      "geometry": {
        "type": "Point",
        "coordinates": [
          -43.247048,
          -22.916152
        ]
      }
    },
    {
      "type": "Feature",
      "properties": {
        "sourceDatasetId": "data-rio__escolas_municipais__atual",
        "facilityType": "municipal_school",
        "name": "Escola Municipal Noel Rosa",
        "schoolType": "Escola Municipal"
      },
      "geometry": {
        "type": "Point",
        "coordinates": [
          -43.262438,
          -22.915607
        ]
      }
    },
    {
      "type": "Feature",
      "properties": {
        "sourceDatasetId": "data-rio__escolas_municipais__atual",
        "facilityType": "municipal_school",
        "name": "Escola Municipal Mário de Andrade",
        "schoolType": "Escola Municipal"
      },
      "geometry": {
        "type": "Point",
        "coordinates": [
          -43.259128,
          -22.915817
        ]
      }
    },
    {
      "type": "Feature",
      "properties": {
        "sourceDatasetId": "data-rio__escolas_municipais__atual",
        "facilityType": "municipal_school",
        "name": "Escola Municipal Francisco Manuel",
        "schoolType": "Escola Municipal"
      },
      "geometry": {
        "type": "Point",
        "coordinates": [
          -43.242192,
          -22.920406
        ]
      }
    },
    {
      "type": "Feature",
      "properties": {
        "sourceDatasetId": "data-rio__escolas_municipais__atual",
        "facilityType": "municipal_school",
        "name": "Escola Municipal General Humberto de Souza Mello",
        "schoolType": "Escola Municipal"
      },
      "geometry": {
        "type": "Point",
        "coordinates": [
          -43.239393,
          -22.909823
        ]
      }
    },
    {
      "type": "Feature",
      "properties": {
        "sourceDatasetId": "data-rio__escolas_municipais__atual",
        "facilityType": "municipal_school",
        "name": "Escola Municipal Affonso Penna",
        "schoolType": "Escola Municipal"
      },
      "geometry": {
        "type": "Point",
        "coordinates": [
          -43.24003,
          -22.924401
        ]
      }
    },
    {
      "type": "Feature",
      "properties": {
        "sourceDatasetId": "data-rio__escolas_municipais__atual",
        "facilityType": "municipal_school",
        "name": "Escola Municipal Baptista Pereira",
        "schoolType": "Escola Municipal"
      },
      "geometry": {
        "type": "Point",
        "coordinates": [
          -43.243687,
          -22.922375
        ]
      }
    },
    {
      "type": "Feature",
      "properties": {
        "sourceDatasetId": "data-rio__escolas_municipais__atual",
        "facilityType": "municipal_school",
        "name": "Escola Municipal Rodrigo Mello Franco Andrade",
        "schoolType": "Escola Municipal"
      },
      "geometry": {
        "type": "Point",
        "coordinates": [
          -43.25036,
          -22.930185
        ]
      }
    },
    {
      "type": "Feature",
      "properties": {
        "sourceDatasetId": "data-rio__escolas_municipais__atual",
        "facilityType": "municipal_school",
        "name": "Escola Municipal Afrânio Peixoto",
        "schoolType": "Escola Municipal"
      },
      "geometry": {
        "type": "Point",
        "coordinates": [
          -43.254913,
          -22.926855
        ]
      }
    },
    {
      "type": "Feature",
      "properties": {
        "sourceDatasetId": "data-rio__escolas_municipais__atual",
        "facilityType": "municipal_school",
        "name": "Escola Municipal Epitácio Pessoa",
        "schoolType": "Escola Municipal"
      },
      "geometry": {
        "type": "Point",
        "coordinates": [
          -43.250996,
          -22.929748
        ]
      }
    },
    {
      "type": "Feature",
      "properties": {
        "sourceDatasetId": "data-rio__escolas_municipais__atual",
        "facilityType": "municipal_school",
        "name": "Escola Municipal Presidente João Goulart",
        "schoolType": "Escola Municipal"
      },
      "geometry": {
        "type": "Point",
        "coordinates": [
          -43.252084,
          -22.921133
        ]
      }
    },
    {
      "type": "Feature",
      "properties": {
        "sourceDatasetId": "data-rio__escolas_municipais__atual",
        "facilityType": "municipal_school",
        "name": "Escola Municipal Panamá",
        "schoolType": "Escola Municipal"
      },
      "geometry": {
        "type": "Point",
        "coordinates": [
          -43.255196,
          -22.923189
        ]
      }
    },
    {
      "type": "Feature",
      "properties": {
        "sourceDatasetId": "data-rio__escolas_municipais__atual",
        "facilityType": "municipal_school",
        "name": "Escola Municipal Duque de Caxias",
        "schoolType": "Escola Municipal"
      },
      "geometry": {
        "type": "Point",
        "coordinates": [
          -43.26509,
          -22.918541
        ]
      }
    },
    {
      "type": "Feature",
      "properties": {
        "sourceDatasetId": "data-rio__escolas_municipais__atual",
        "facilityType": "municipal_school",
        "name": "Escola Municipal Francisco Campos",
        "schoolType": "Escola Municipal"
      },
      "geometry": {
        "type": "Point",
        "coordinates": [
          -43.257756,
          -22.921896
        ]
      }
    },
    {
      "type": "Feature",
      "properties": {
        "sourceDatasetId": "data-rio__escolas_municipais__atual",
        "facilityType": "municipal_school",
        "name": "Escola Municipal Professor Lourenço Filho",
        "schoolType": "Escola Municipal"
      },
      "geometry": {
        "type": "Point",
        "coordinates": [
          -43.264667,
          -22.923039
        ]
      }
    },
    {
      "type": "Feature",
      "properties": {
        "sourceDatasetId": "data-rio__escolas_municipais__atual",
        "facilityType": "municipal_school",
        "name": "Ciep Presidente Salvador Allende",
        "schoolType": "CIEP"
      },
      "geometry": {
        "type": "Point",
        "coordinates": [
          -43.259181,
          -22.914087
        ]
      }
    },
    {
      "type": "Feature",
      "properties": {
        "sourceDatasetId": "data-rio__escolas_municipais__atual",
        "facilityType": "municipal_school",
        "name": "Creche Municipal Pipa no Céu",
        "schoolType": "Creche Municipal"
      },
      "geometry": {
        "type": "Point",
        "coordinates": [
          -43.242383,
          -22.9068
        ]
      }
    },
    {
      "type": "Feature",
      "properties": {
        "sourceDatasetId": "data-rio__escolas_municipais__atual",
        "facilityType": "municipal_school",
        "name": "Creche Municipal Cantinho do Céu",
        "schoolType": "Creche Municipal"
      },
      "geometry": {
        "type": "Point",
        "coordinates": [
          -43.25058,
          -22.930966
        ]
      }
    },
    {
      "type": "Feature",
      "properties": {
        "sourceDatasetId": "data-rio__escolas_municipais__atual",
        "facilityType": "municipal_school",
        "name": "Creche Municipal Galdino Manoel da Silva",
        "schoolType": "Creche Municipal"
      },
      "geometry": {
        "type": "Point",
        "coordinates": [
          -43.260764,
          -22.933066
        ]
      }
    },
    {
      "type": "Feature",
      "properties": {
        "sourceDatasetId": "data-rio__escolas_municipais__atual",
        "facilityType": "municipal_school",
        "name": "Creche Municipal Nova Divinéia",
        "schoolType": "Creche Municipal"
      },
      "geometry": {
        "type": "Point",
        "coordinates": [
          -43.263875,
          -22.928893
        ]
      }
    },
    {
      "type": "Feature",
      "properties": {
        "sourceDatasetId": "data-rio__escolas_municipais__atual",
        "facilityType": "municipal_school",
        "name": "Creche Municipal São Sebastião - Arrelia",
        "schoolType": "Creche Municipal"
      },
      "geometry": {
        "type": "Point",
        "coordinates": [
          -43.261847,
          -22.936518
        ]
      }
    },
    {
      "type": "Feature",
      "properties": {
        "sourceDatasetId": "data-rio__escolas_municipais__atual",
        "facilityType": "municipal_school",
        "name": "Creche Municipal Winnie Mandela",
        "schoolType": "Creche Municipal"
      },
      "geometry": {
        "type": "Point",
        "coordinates": [
          -43.257283,
          -22.932545
        ]
      }
    },
    {
      "type": "Feature",
      "properties": {
        "sourceDatasetId": "data-rio__escolas_municipais__atual",
        "facilityType": "municipal_school",
        "name": "Creche Municipal Solange Maria Magalhães",
        "schoolType": "Creche Municipal"
      },
      "geometry": {
        "type": "Point",
        "coordinates": [
          -43.252219,
          -22.913574
        ]
      }
    },
    {
      "type": "Feature",
      "properties": {
        "sourceDatasetId": "data-rio__escolas_municipais__atual",
        "facilityType": "municipal_school",
        "name": "Creche Municipal Germinal da Vila",
        "schoolType": "Creche Municipal"
      },
      "geometry": {
        "type": "Point",
        "coordinates": [
          -43.255247,
          -22.913956
        ]
      }
    },
    {
      "type": "Feature",
      "properties": {
        "sourceDatasetId": "data-rio__escolas_municipais__atual",
        "facilityType": "municipal_school",
        "name": "Creche Municipal Papa João Paulo II",
        "schoolType": "Creche Municipal"
      },
      "geometry": {
        "type": "Point",
        "coordinates": [
          -43.26211,
          -22.929088
        ]
      }
    },
    {
      "type": "Feature",
      "properties": {
        "sourceDatasetId": "data-rio__escolas_municipais__atual",
        "facilityType": "municipal_school",
        "name": "Creche Municipal Francisco de Paula",
        "schoolType": "Creche Municipal"
      },
      "geometry": {
        "type": "Point",
        "coordinates": [
          -43.24757,
          -22.91189
        ]
      }
    },
    {
      "type": "Feature",
      "properties": {
        "sourceDatasetId": "data-rio__escolas_municipais__atual",
        "facilityType": "municipal_school",
        "name": "Espaço de Desenvolvimento Infantil Barbara Ottoni",
        "schoolType": "EDI"
      },
      "geometry": {
        "type": "Point",
        "coordinates": [
          -43.219745,
          -22.910609
        ]
      }
    },
    {
      "type": "Feature",
      "properties": {
        "sourceDatasetId": "data-rio__escolas_municipais__atual",
        "facilityType": "municipal_school",
        "name": "Espaço de Desenvolvimento Infantil Aníbal Machado",
        "schoolType": "EDI"
      },
      "geometry": {
        "type": "Point",
        "coordinates": [
          -43.25082,
          -22.929606
        ]
      }
    },
    {
      "type": "Feature",
      "properties": {
        "sourceDatasetId": "data-rio__escolas_municipais__atual",
        "facilityType": "municipal_school",
        "name": "Espaço de Desenvolvimento Infantil Professora Suely de Pinho Cavalcante",
        "schoolType": "EDI"
      },
      "geometry": {
        "type": "Point",
        "coordinates": [
          -43.259923,
          -22.914416
        ]
      }
    },
    {
      "type": "Feature",
      "properties": {
        "sourceDatasetId": "data-rio__escolas_municipais__atual",
        "facilityType": "municipal_school",
        "name": "Espaço de Desenvolvimento Infantil Professora Lucia Maria Quitete de Carvalho Amaral",
        "schoolType": "EDI"
      },
      "geometry": {
        "type": "Point",
        "coordinates": [
          -43.26525,
          -22.928467
        ]
      }
    },
    {
      "type": "Feature",
      "properties": {
        "sourceDatasetId": "data-rio__escolas_municipais__atual",
        "facilityType": "municipal_school",
        "name": "Escola Municipal Abelardo Chacrinha Barbosa",
        "schoolType": "Escola Municipal"
      },
      "geometry": {
        "type": "Point",
        "coordinates": [
          -43.250022,
          -22.983711
        ]
      }
    },
    {
      "type": "Feature",
      "properties": {
        "sourceDatasetId": "data-rio__escolas_municipais__atual",
        "facilityType": "municipal_school",
        "name": "Escola Municipal Francisco de Paula Brito",
        "schoolType": "Escola Municipal"
      },
      "geometry": {
        "type": "Point",
        "coordinates": [
          -43.247697,
          -22.987409
        ]
      }
    },
    {
      "type": "Feature",
      "properties": {
        "sourceDatasetId": "data-rio__escolas_municipais__atual",
        "facilityType": "municipal_school",
        "name": "Escola Municipal Rinaldo De Lamare",
        "schoolType": "Escola Municipal"
      },
      "geometry": {
        "type": "Point",
        "coordinates": [
          -43.252896,
          -22.993546
        ]
      }
    },
    {
      "type": "Feature",
      "properties": {
        "sourceDatasetId": "data-rio__escolas_municipais__atual",
        "facilityType": "municipal_school",
        "name": "Escola Municipal André Urani",
        "schoolType": "Escola Municipal"
      },
      "geometry": {
        "type": "Point",
        "coordinates": [
          -43.2445,
          -22.98471
        ]
      }
    },
    {
      "type": "Feature",
      "properties": {
        "sourceDatasetId": "data-rio__escolas_municipais__atual",
        "facilityType": "municipal_school",
        "name": "Escola Municipal Luiz Paulo Horta",
        "schoolType": "Escola Municipal"
      },
      "geometry": {
        "type": "Point",
        "coordinates": [
          -43.252343,
          -22.989328
        ]
      }
    },
    {
      "type": "Feature",
      "properties": {
        "sourceDatasetId": "data-rio__escolas_municipais__atual",
        "facilityType": "municipal_school",
        "name": "Ciep Doutor Bento Rubião",
        "schoolType": "CIEP"
      },
      "geometry": {
        "type": "Point",
        "coordinates": [
          -43.252492,
          -22.988835
        ]
      }
    },
    {
      "type": "Feature",
      "properties": {
        "sourceDatasetId": "data-rio__escolas_municipais__atual",
        "facilityType": "municipal_school",
        "name": "Creche Municipal Castelinho",
        "schoolType": "Creche Municipal"
      },
      "geometry": {
        "type": "Point",
        "coordinates": [
          -43.246889,
          -22.987364
        ]
      }
    },
    {
      "type": "Feature",
      "properties": {
        "sourceDatasetId": "data-rio__escolas_municipais__atual",
        "facilityType": "municipal_school",
        "name": "Creche Municipal Iacyra Frazão",
        "schoolType": "Creche Municipal"
      },
      "geometry": {
        "type": "Point",
        "coordinates": [
          -43.246407,
          -22.985511
        ]
      }
    },
    {
      "type": "Feature",
      "properties": {
        "sourceDatasetId": "data-rio__escolas_municipais__atual",
        "facilityType": "municipal_school",
        "name": "Espaço de Desenvolvimento Infantil Professora Edir Caseiro Ribeiro",
        "schoolType": "EDI"
      },
      "geometry": {
        "type": "Point",
        "coordinates": [
          -43.24644,
          -22.988
        ]
      }
    },
    {
      "type": "Feature",
      "properties": {
        "sourceDatasetId": "data-rio__escolas_municipais__atual",
        "facilityType": "municipal_school",
        "name": "Escola Municipal Oswaldo Cruz",
        "schoolType": "Escola Municipal"
      },
      "geometry": {
        "type": "Point",
        "coordinates": [
          -43.256304,
          -22.877682
        ]
      }
    },
    {
      "type": "Feature",
      "properties": {
        "sourceDatasetId": "data-rio__escolas_municipais__atual",
        "facilityType": "municipal_school",
        "name": "Escola Municipal Alcide de Gasperi",
        "schoolType": "Escola Municipal"
      },
      "geometry": {
        "type": "Point",
        "coordinates": [
          -43.264855,
          -22.869598
        ]
      }
    },
    {
      "type": "Feature",
      "properties": {
        "sourceDatasetId": "data-rio__escolas_municipais__atual",
        "facilityType": "municipal_school",
        "name": "Escola Municipal Ordem e Progresso",
        "schoolType": "Escola Municipal"
      },
      "geometry": {
        "type": "Point",
        "coordinates": [
          -43.262177,
          -22.876374
        ]
      }
    },
    {
      "type": "Feature",
      "properties": {
        "sourceDatasetId": "data-rio__escolas_municipais__atual",
        "facilityType": "municipal_school",
        "name": "Escola Municipal Estado da Guanabara",
        "schoolType": "Escola Municipal"
      },
      "geometry": {
        "type": "Point",
        "coordinates": [
          -43.256668,
          -22.878217
        ]
      }
    },
    {
      "type": "Feature",
      "properties": {
        "sourceDatasetId": "data-rio__escolas_municipais__atual",
        "facilityType": "municipal_school",
        "name": "Escola Municipal D. João VI",
        "schoolType": "Escola Municipal"
      },
      "geometry": {
        "type": "Point",
        "coordinates": [
          -43.263161,
          -22.872878
        ]
      }
    },
    {
      "type": "Feature",
      "properties": {
        "sourceDatasetId": "data-rio__escolas_municipais__atual",
        "facilityType": "municipal_school",
        "name": "Escola Municipal Ministro Orosimbo Nonato",
        "schoolType": "Escola Municipal"
      },
      "geometry": {
        "type": "Point",
        "coordinates": [
          -43.262799,
          -22.872868
        ]
      }
    },
    {
      "type": "Feature",
      "properties": {
        "sourceDatasetId": "data-rio__escolas_municipais__atual",
        "facilityType": "municipal_school",
        "name": "Escola Municipal Delfim Moreira",
        "schoolType": "Escola Municipal"
      },
      "geometry": {
        "type": "Point",
        "coordinates": [
          -43.252538,
          -22.893764
        ]
      }
    },
    {
      "type": "Feature",
      "properties": {
        "sourceDatasetId": "data-rio__escolas_municipais__atual",
        "facilityType": "municipal_school",
        "name": "Escola Municipal George Sumner",
        "schoolType": "Escola Municipal"
      },
      "geometry": {
        "type": "Point",
        "coordinates": [
          -43.255408,
          -22.900704
        ]
      }
    },
    {
      "type": "Feature",
      "properties": {
        "sourceDatasetId": "data-rio__escolas_municipais__atual",
        "facilityType": "municipal_school",
        "name": "Escola Municipal Pernambuco",
        "schoolType": "Escola Municipal"
      },
      "geometry": {
        "type": "Point",
        "coordinates": [
          -43.262622,
          -22.884179
        ]
      }
    },
    {
      "type": "Feature",
      "properties": {
        "sourceDatasetId": "data-rio__escolas_municipais__atual",
        "facilityType": "municipal_school",
        "name": "Escola Municipal Manoel Bomfim",
        "schoolType": "Escola Municipal"
      },
      "geometry": {
        "type": "Point",
        "coordinates": [
          -43.274149,
          -22.884465
        ]
      }
    },
    {
      "type": "Feature",
      "properties": {
        "sourceDatasetId": "data-rio__escolas_municipais__atual",
        "facilityType": "municipal_school",
        "name": "Escola Municipal São Domingos",
        "schoolType": "Escola Municipal"
      },
      "geometry": {
        "type": "Point",
        "coordinates": [
          -43.275181,
          -22.879897
        ]
      }
    },
    {
      "type": "Feature",
      "properties": {
        "sourceDatasetId": "data-rio__escolas_municipais__atual",
        "facilityType": "municipal_school",
        "name": "Escola Municipal Nereu Sampaio",
        "schoolType": "Escola Municipal"
      },
      "geometry": {
        "type": "Point",
        "coordinates": [
          -43.289141,
          -22.868262
        ]
      }
    },
    {
      "type": "Feature",
      "properties": {
        "sourceDatasetId": "data-rio__escolas_municipais__atual",
        "facilityType": "municipal_school",
        "name": "Escola Municipal Barão de Macahubas",
        "schoolType": "Escola Municipal"
      },
      "geometry": {
        "type": "Point",
        "coordinates": [
          -43.282941,
          -22.873188
        ]
      }
    },
    {
      "type": "Feature",
      "properties": {
        "sourceDatasetId": "data-rio__escolas_municipais__atual",
        "facilityType": "municipal_school",
        "name": "Escola Municipal Ceará",
        "schoolType": "Escola Municipal"
      },
      "geometry": {
        "type": "Point",
        "coordinates": [
          -43.283392,
          -22.872648
        ]
      }
    },
    {
      "type": "Feature",
      "properties": {
        "sourceDatasetId": "data-rio__escolas_municipais__atual",
        "facilityType": "municipal_school",
        "name": "Escola Municipal Lauro Sodré",
        "schoolType": "Escola Municipal"
      },
      "geometry": {
        "type": "Point",
        "coordinates": [
          -43.268936,
          -22.872791
        ]
      }
    },
    {
      "type": "Feature",
      "properties": {
        "sourceDatasetId": "data-rio__escolas_municipais__atual",
        "facilityType": "municipal_school",
        "name": "Escola Municipal Nicolau Antônio Taunay",
        "schoolType": "Escola Municipal"
      },
      "geometry": {
        "type": "Point",
        "coordinates": [
          -43.2759,
          -22.874569
        ]
      }
    },
    {
      "type": "Feature",
      "properties": {
        "sourceDatasetId": "data-rio__escolas_municipais__atual",
        "facilityType": "municipal_school",
        "name": "Escola Municipal Olavo Josino de Salles",
        "schoolType": "Escola Municipal"
      },
      "geometry": {
        "type": "Point",
        "coordinates": [
          -43.286073,
          -22.87044
        ]
      }
    },
    {
      "type": "Feature",
      "properties": {
        "sourceDatasetId": "data-rio__escolas_municipais__atual",
        "facilityType": "municipal_school",
        "name": "Escola Municipal Gustavo Armbrust",
        "schoolType": "Escola Municipal"
      },
      "geometry": {
        "type": "Point",
        "coordinates": [
          -43.275122,
          -22.874336
        ]
      }
    },
    {
      "type": "Feature",
      "properties": {
        "sourceDatasetId": "data-rio__escolas_municipais__atual",
        "facilityType": "municipal_school",
        "name": "Escola Municipal Eurico Vilela",
        "schoolType": "Escola Municipal"
      },
      "geometry": {
        "type": "Point",
        "coordinates": [
          -43.272857,
          -22.873842
        ]
      }
    },
    {
      "type": "Feature",
      "properties": {
        "sourceDatasetId": "data-rio__escolas_municipais__atual",
        "facilityType": "municipal_school",
        "name": "Escola Municipal Rubens Berardo",
        "schoolType": "Escola Municipal"
      },
      "geometry": {
        "type": "Point",
        "coordinates": [
          -43.275563,
          -22.868904
        ]
      }
    },
    {
      "type": "Feature",
      "properties": {
        "sourceDatasetId": "data-rio__escolas_municipais__atual",
        "facilityType": "municipal_school",
        "name": "Escola Municipal Joaquim Ribeiro",
        "schoolType": "Escola Municipal"
      },
      "geometry": {
        "type": "Point",
        "coordinates": [
          -43.285628,
          -22.87757
        ]
      }
    },
    {
      "type": "Feature",
      "properties": {
        "sourceDatasetId": "data-rio__escolas_municipais__atual",
        "facilityType": "municipal_school",
        "name": "Escola Municipal Domingos Bebiano",
        "schoolType": "Escola Municipal"
      },
      "geometry": {
        "type": "Point",
        "coordinates": [
          -43.277712,
          -22.873892
        ]
      }
    },
    {
      "type": "Feature",
      "properties": {
        "sourceDatasetId": "data-rio__escolas_municipais__atual",
        "facilityType": "municipal_school",
        "name": "Escola Municipal Professora Arminda Moreira Padova",
        "schoolType": "Escola Municipal"
      },
      "geometry": {
        "type": "Point",
        "coordinates": [
          -43.270758,
          -22.872758
        ]
      }
    },
    {
      "type": "Feature",
      "properties": {
        "sourceDatasetId": "data-rio__escolas_municipais__atual",
        "facilityType": "municipal_school",
        "name": "Escola Municipal Professor Afonso Várzea",
        "schoolType": "Escola Municipal"
      },
      "geometry": {
        "type": "Point",
        "coordinates": [
          -43.27384,
          -22.867522
        ]
      }
    },
    {
      "type": "Feature",
      "properties": {
        "sourceDatasetId": "data-rio__escolas_municipais__atual",
        "facilityType": "municipal_school",
        "name": "Escola Municipal José Marti",
        "schoolType": "Escola Municipal"
      },
      "geometry": {
        "type": "Point",
        "coordinates": [
          -43.295074,
          -22.870442
        ]
      }
    },
    {
      "type": "Feature",
      "properties": {
        "sourceDatasetId": "data-rio__escolas_municipais__atual",
        "facilityType": "municipal_school",
        "name": "Escola Municipal Marechal Estevão Leitão de Carvalho",
        "schoolType": "Escola Municipal"
      },
      "geometry": {
        "type": "Point",
        "coordinates": [
          -43.296693,
          -22.868717
        ]
      }
    },
    {
      "type": "Feature",
      "properties": {
        "sourceDatasetId": "data-rio__escolas_municipais__atual",
        "facilityType": "municipal_school",
        "name": "Escola Municipal Eurico Salles",
        "schoolType": "Escola Municipal"
      },
      "geometry": {
        "type": "Point",
        "coordinates": [
          -43.297499,
          -22.867351
        ]
      }
    },
    {
      "type": "Feature",
      "properties": {
        "sourceDatasetId": "data-rio__escolas_municipais__atual",
        "facilityType": "municipal_school",
        "name": "Escola Municipal Reverendo Álvaro Reis",
        "schoolType": "Escola Municipal"
      },
      "geometry": {
        "type": "Point",
        "coordinates": [
          -43.296131,
          -22.865604
        ]
      }
    },
    {
      "type": "Feature",
      "properties": {
        "sourceDatasetId": "data-rio__escolas_municipais__atual",
        "facilityType": "municipal_school",
        "name": "Escola Municipal Levy Neves",
        "schoolType": "Escola Municipal"
      },
      "geometry": {
        "type": "Point",
        "coordinates": [
          -43.302394,
          -22.864065
        ]
      }
    },
    {
      "type": "Feature",
      "properties": {
        "sourceDatasetId": "data-rio__escolas_municipais__atual",
        "facilityType": "municipal_school",
        "name": "Escola Municipal Liberato Bittencourt",
        "schoolType": "Escola Municipal"
      },
      "geometry": {
        "type": "Point",
        "coordinates": [
          -43.298642,
          -22.868523
        ]
      }
    },
    {
      "type": "Feature",
      "properties": {
        "sourceDatasetId": "data-rio__escolas_municipais__atual",
        "facilityType": "municipal_school",
        "name": "Escola Municipal Antônio Pereira",
        "schoolType": "Escola Municipal"
      },
      "geometry": {
        "type": "Point",
        "coordinates": [
          -43.310238,
          -22.871046
        ]
      }
    },
    {
      "type": "Feature",
      "properties": {
        "sourceDatasetId": "data-rio__escolas_municipais__atual",
        "facilityType": "municipal_school",
        "name": "Escola Municipal Professora Vera Saback Sampaio",
        "schoolType": "Escola Municipal"
      },
      "geometry": {
        "type": "Point",
        "coordinates": [
          -43.269408,
          -22.867092
        ]
      }
    },
    {
      "type": "Feature",
      "properties": {
        "sourceDatasetId": "data-rio__escolas_municipais__atual",
        "facilityType": "municipal_school",
        "name": "Escola Municipal Engenho da Rainha",
        "schoolType": "Escola Municipal"
      },
      "geometry": {
        "type": "Point",
        "coordinates": [
          -43.254567,
          -22.883435
        ]
      }
    },
    {
      "type": "Feature",
      "properties": {
        "sourceDatasetId": "data-rio__escolas_municipais__atual",
        "facilityType": "municipal_school",
        "name": "Escola Municipal José Aparecido do Prado Sarti",
        "schoolType": "Escola Municipal"
      },
      "geometry": {
        "type": "Point",
        "coordinates": [
          -43.286965,
          -22.868697
        ]
      }
    },
    {
      "type": "Feature",
      "properties": {
        "sourceDatasetId": "data-rio__escolas_municipais__atual",
        "facilityType": "municipal_school",
        "name": "Escola Cívico Militar Carioca (General Abreu)",
        "schoolType": "Escola Cívico Militar"
      },
      "geometry": {
        "type": "Point",
        "coordinates": [
          -43.251138,
          -22.898451
        ]
      }
    },
    {
      "type": "Feature",
      "properties": {
        "sourceDatasetId": "data-rio__escolas_municipais__atual",
        "facilityType": "municipal_school",
        "name": "Escola Municipal Elza Soares",
        "schoolType": "Escola Municipal"
      },
      "geometry": {
        "type": "Point",
        "coordinates": [
          -43.25066,
          -22.899864
        ]
      }
    },
    {
      "type": "Feature",
      "properties": {
        "sourceDatasetId": "data-rio__escolas_municipais__atual",
        "facilityType": "municipal_school",
        "name": "Ciep Patrice Lumumba",
        "schoolType": "CIEP"
      },
      "geometry": {
        "type": "Point",
        "coordinates": [
          -43.274889,
          -22.878355
        ]
      }
    },
    {
      "type": "Feature",
      "properties": {
        "sourceDatasetId": "data-rio__escolas_municipais__atual",
        "facilityType": "municipal_school",
        "name": "Ciep Procópio Ferreira",
        "schoolType": "CIEP"
      },
      "geometry": {
        "type": "Point",
        "coordinates": [
          -43.274866,
          -22.879513
        ]
      }
    },
    {
      "type": "Feature",
      "properties": {
        "sourceDatasetId": "data-rio__escolas_municipais__atual",
        "facilityType": "municipal_school",
        "name": "Ciep Coronel Sarmento",
        "schoolType": "CIEP"
      },
      "geometry": {
        "type": "Point",
        "coordinates": [
          -43.27655,
          -22.872353
        ]
      }
    },
    {
      "type": "Feature",
      "properties": {
        "sourceDatasetId": "data-rio__escolas_municipais__atual",
        "facilityType": "municipal_school",
        "name": "Creche Municipal Cantinho Feliz",
        "schoolType": "Creche Municipal"
      },
      "geometry": {
        "type": "Point",
        "coordinates": [
          -43.281352,
          -22.880691
        ]
      }
    },
    {
      "type": "Feature",
      "properties": {
        "sourceDatasetId": "data-rio__escolas_municipais__atual",
        "facilityType": "municipal_school",
        "name": "Creche Municipal Engenho da Rainha",
        "schoolType": "Creche Municipal"
      },
      "geometry": {
        "type": "Point",
        "coordinates": [
          -43.299954,
          -22.86946
        ]
      }
    },
    {
      "type": "Feature",
      "properties": {
        "sourceDatasetId": "data-rio__escolas_municipais__atual",
        "facilityType": "municipal_school",
        "name": "Creche Municipal Renascer",
        "schoolType": "Creche Municipal"
      },
      "geometry": {
        "type": "Point",
        "coordinates": [
          -43.279044,
          -22.880363
        ]
      }
    },
    {
      "type": "Feature",
      "properties": {
        "sourceDatasetId": "data-rio__escolas_municipais__atual",
        "facilityType": "municipal_school",
        "name": "Espaço de Desenvolvimento Infantil Henrique Foréis",
        "schoolType": "EDI"
      },
      "geometry": {
        "type": "Point",
        "coordinates": [
          -43.284779,
          -22.86323
        ]
      }
    },
    {
      "type": "Feature",
      "properties": {
        "sourceDatasetId": "data-rio__escolas_municipais__atual",
        "facilityType": "municipal_school",
        "name": "Espaço de Desenvolvimento Infantil Lucia Maria Batista de Albuquerque",
        "schoolType": "EDI"
      },
      "geometry": {
        "type": "Point",
        "coordinates": [
          -43.269147,
          -22.866994
        ]
      }
    },
    {
      "type": "Feature",
      "properties": {
        "sourceDatasetId": "data-rio__escolas_municipais__atual",
        "facilityType": "municipal_school",
        "name": "Espaço de Desenvolvimento Infantil Professora Luiza Helena Maia Medeiros",
        "schoolType": "EDI"
      },
      "geometry": {
        "type": "Point",
        "coordinates": [
          -43.275281,
          -22.865266
        ]
      }
    },
    {
      "type": "Feature",
      "properties": {
        "sourceDatasetId": "data-rio__escolas_municipais__atual",
        "facilityType": "municipal_school",
        "name": "Espaço de Desenvolvimento Infantil Professora Tania Martins Novo Lenz",
        "schoolType": "EDI"
      },
      "geometry": {
        "type": "Point",
        "coordinates": [
          -43.308096,
          -22.87358
        ]
      }
    },
    {
      "type": "Feature",
      "properties": {
        "sourceDatasetId": "data-rio__escolas_municipais__atual",
        "facilityType": "municipal_school",
        "name": "Espaço de Desenvolvimento Infantil Tânia Cristina Moreira",
        "schoolType": "EDI"
      },
      "geometry": {
        "type": "Point",
        "coordinates": [
          -43.28566,
          -22.860823
        ]
      }
    },
    {
      "type": "Feature",
      "properties": {
        "sourceDatasetId": "data-rio__escolas_municipais__atual",
        "facilityType": "municipal_school",
        "name": "Espaço de Desenvolvimento Infantil Professora Eliane Monte Chiari Dantas",
        "schoolType": "EDI"
      },
      "geometry": {
        "type": "Point",
        "coordinates": [
          -43.275474,
          -22.864563
        ]
      }
    },
    {
      "type": "Feature",
      "properties": {
        "sourceDatasetId": "data-rio__escolas_municipais__atual",
        "facilityType": "municipal_school",
        "name": "Espaço de Desenvolvimento Infantil Del Castilho",
        "schoolType": "EDI"
      },
      "geometry": {
        "type": "Point",
        "coordinates": [
          -43.270376,
          -22.880557
        ]
      }
    },
    {
      "type": "Feature",
      "properties": {
        "sourceDatasetId": "data-rio__escolas_municipais__atual",
        "facilityType": "municipal_school",
        "name": "Espaço de Desenvolvimento Infantil Professora Valéria Pereira de Souza Pinto",
        "schoolType": "EDI"
      },
      "geometry": {
        "type": "Point",
        "coordinates": [
          -43.270311,
          -22.863791
        ]
      }
    },
    {
      "type": "Feature",
      "properties": {
        "sourceDatasetId": "data-rio__escolas_municipais__atual",
        "facilityType": "municipal_school",
        "name": "Espaço de Desenvolvimento Infantil Maria Mazzetti",
        "schoolType": "EDI"
      },
      "geometry": {
        "type": "Point",
        "coordinates": [
          -43.306177,
          -22.862818
        ]
      }
    },
    {
      "type": "Feature",
      "properties": {
        "sourceDatasetId": "data-rio__escolas_municipais__atual",
        "facilityType": "municipal_school",
        "name": "Espaço de Desenvolvimento Infantil Bricio Filho",
        "schoolType": "EDI"
      },
      "geometry": {
        "type": "Point",
        "coordinates": [
          -43.250968,
          -22.884593
        ]
      }
    },
    {
      "type": "Feature",
      "properties": {
        "sourceDatasetId": "data-rio__escolas_municipais__atual",
        "facilityType": "municipal_school",
        "name": "Espaço de Desenvolvimento Infantil Hermenegildo de Barros",
        "schoolType": "EDI"
      },
      "geometry": {
        "type": "Point",
        "coordinates": [
          -43.292118,
          -22.871295
        ]
      }
    },
    {
      "type": "Feature",
      "properties": {
        "sourceDatasetId": "data-rio__escolas_municipais__atual",
        "facilityType": "municipal_school",
        "name": "EDI JORNALISTA JORGE BASTOS MORENO",
        "schoolType": "EDI"
      },
      "geometry": {
        "type": "Point",
        "coordinates": [
          -43.25066,
          -22.90075
        ]
      }
    },
    {
      "type": "Feature",
      "properties": {
        "sourceDatasetId": "data-rio__escolas_municipais__atual",
        "facilityType": "municipal_school",
        "name": "Escola Municipal Marechal Carlos Machado Bitencourt",
        "schoolType": "Escola Municipal"
      },
      "geometry": {
        "type": "Point",
        "coordinates": [
          -43.248005,
          -22.897138
        ]
      }
    },
    {
      "type": "Feature",
      "properties": {
        "sourceDatasetId": "data-rio__escolas_municipais__atual",
        "facilityType": "municipal_school",
        "name": "Escola Municipal José Veríssimo",
        "schoolType": "Escola Municipal"
      },
      "geometry": {
        "type": "Point",
        "coordinates": [
          -43.249878,
          -22.90277
        ]
      }
    },
    {
      "type": "Feature",
      "properties": {
        "sourceDatasetId": "data-rio__escolas_municipais__atual",
        "facilityType": "municipal_school",
        "name": "Escola Municipal Pareto",
        "schoolType": "Escola Municipal"
      },
      "geometry": {
        "type": "Point",
        "coordinates": [
          -43.250754,
          -22.901709
        ]
      }
    },
    {
      "type": "Feature",
      "properties": {
        "sourceDatasetId": "data-rio__escolas_municipais__atual",
        "facilityType": "municipal_school",
        "name": "Escola Municipal Cesar Augusto Soares",
        "schoolType": "Escola Municipal"
      },
      "geometry": {
        "type": "Point",
        "coordinates": [
          -43.260896,
          -22.901146
        ]
      }
    },
    {
      "type": "Feature",
      "properties": {
        "sourceDatasetId": "data-rio__escolas_municipais__atual",
        "facilityType": "municipal_school",
        "name": "Escola Municipal Rio de Janeiro",
        "schoolType": "Escola Municipal"
      },
      "geometry": {
        "type": "Point",
        "coordinates": [
          -43.264881,
          -22.893325
        ]
      }
    },
    {
      "type": "Feature",
      "properties": {
        "sourceDatasetId": "data-rio__escolas_municipais__atual",
        "facilityType": "municipal_school",
        "name": "Escola Municipal Sarmiento",
        "schoolType": "Escola Municipal"
      },
      "geometry": {
        "type": "Point",
        "coordinates": [
          -43.267883,
          -22.903031
        ]
      }
    },
    {
      "type": "Feature",
      "properties": {
        "sourceDatasetId": "data-rio__escolas_municipais__atual",
        "facilityType": "municipal_school",
        "name": "Escola Municipal Dr. Mário Augusto Teixeira de Freitas",
        "schoolType": "Escola Municipal"
      },
      "geometry": {
        "type": "Point",
        "coordinates": [
          -43.263285,
          -22.912127
        ]
      }
    },
    {
      "type": "Feature",
      "properties": {
        "sourceDatasetId": "data-rio__escolas_municipais__atual",
        "facilityType": "municipal_school",
        "name": "Escola Municipal José Eduardo de Macedo Soares",
        "schoolType": "Escola Municipal"
      },
      "geometry": {
        "type": "Point",
        "coordinates": [
          -43.284467,
          -22.909547
        ]
      }
    },
    {
      "type": "Feature",
      "properties": {
        "sourceDatasetId": "data-rio__escolas_municipais__atual",
        "facilityType": "municipal_school",
        "name": "Escola Municipal Senador João Lyra Tavares",
        "schoolType": "Escola Municipal"
      },
      "geometry": {
        "type": "Point",
        "coordinates": [
          -43.273175,
          -22.905659
        ]
      }
    },
    {
      "type": "Feature",
      "properties": {
        "sourceDatasetId": "data-rio__escolas_municipais__atual",
        "facilityType": "municipal_school",
        "name": "Escola Municipal Ministro Gama Filho",
        "schoolType": "Escola Municipal"
      },
      "geometry": {
        "type": "Point",
        "coordinates": [
          -43.285553,
          -22.916048
        ]
      }
    },
    {
      "type": "Feature",
      "properties": {
        "sourceDatasetId": "data-rio__escolas_municipais__atual",
        "facilityType": "municipal_school",
        "name": "Escola Municipal Medeiros e Albuquerque",
        "schoolType": "Escola Municipal"
      },
      "geometry": {
        "type": "Point",
        "coordinates": [
          -43.269053,
          -22.899725
        ]
      }
    },
    {
      "type": "Feature",
      "properties": {
        "sourceDatasetId": "data-rio__escolas_municipais__atual",
        "facilityType": "municipal_school",
        "name": "Escola Municipal República do Peru",
        "schoolType": "Escola Municipal"
      },
      "geometry": {
        "type": "Point",
        "coordinates": [
          -43.280405,
          -22.89889
        ]
      }
    },
    {
      "type": "Feature",
      "properties": {
        "sourceDatasetId": "data-rio__escolas_municipais__atual",
        "facilityType": "municipal_school",
        "name": "Escola Municipal Benevenuta Ribeiro",
        "schoolType": "Escola Municipal"
      },
      "geometry": {
        "type": "Point",
        "coordinates": [
          -43.274063,
          -22.903357
        ]
      }
    },
    {
      "type": "Feature",
      "properties": {
        "sourceDatasetId": "data-rio__escolas_municipais__atual",
        "facilityType": "municipal_school",
        "name": "Escola Municipal Casa São Roque",
        "schoolType": "Escola Municipal"
      },
      "geometry": {
        "type": "Point",
        "coordinates": [
          -43.28053,
          -22.89708
        ]
      }
    },
    {
      "type": "Feature",
      "properties": {
        "sourceDatasetId": "data-rio__escolas_municipais__atual",
        "facilityType": "municipal_school",
        "name": "Escola Municipal Isabel Mendes",
        "schoolType": "Escola Municipal"
      },
      "geometry": {
        "type": "Point",
        "coordinates": [
          -43.279358,
          -22.904524
        ]
      }
    },
    {
      "type": "Feature",
      "properties": {
        "sourceDatasetId": "data-rio__escolas_municipais__atual",
        "facilityType": "municipal_school",
        "name": "Escola Municipal Affonso Taunay",
        "schoolType": "Escola Municipal"
      },
      "geometry": {
        "type": "Point",
        "coordinates": [
          -43.286469,
          -22.909171
        ]
      }
    },
    {
      "type": "Feature",
      "properties": {
        "sourceDatasetId": "data-rio__escolas_municipais__atual",
        "facilityType": "municipal_school",
        "name": "Escola Municipal Bento Ribeiro",
        "schoolType": "Escola Municipal"
      },
      "geometry": {
        "type": "Point",
        "coordinates": [
          -43.280033,
          -22.904013
        ]
      }
    },
    {
      "type": "Feature",
      "properties": {
        "sourceDatasetId": "data-rio__escolas_municipais__atual",
        "facilityType": "municipal_school",
        "name": "Escola Municipal Francisco Jobim",
        "schoolType": "Escola Municipal"
      },
      "geometry": {
        "type": "Point",
        "coordinates": [
          -43.290609,
          -22.902612
        ]
      }
    },
    {
      "type": "Feature",
      "properties": {
        "sourceDatasetId": "data-rio__escolas_municipais__atual",
        "facilityType": "municipal_school",
        "name": "Escola Municipal Professor Augusto Paulino Filho",
        "schoolType": "Escola Municipal"
      },
      "geometry": {
        "type": "Point",
        "coordinates": [
          -43.28033,
          -22.904163
        ]
      }
    },
    {
      "type": "Feature",
      "properties": {
        "sourceDatasetId": "data-rio__escolas_municipais__atual",
        "facilityType": "municipal_school",
        "name": "Escola Municipal Honório Gurgel",
        "schoolType": "Escola Municipal"
      },
      "geometry": {
        "type": "Point",
        "coordinates": [
          -43.293337,
          -22.888335
        ]
      }
    },
    {
      "type": "Feature",
      "properties": {
        "sourceDatasetId": "data-rio__escolas_municipais__atual",
        "facilityType": "municipal_school",
        "name": "Escola Municipal Acre",
        "schoolType": "Escola Municipal"
      },
      "geometry": {
        "type": "Point",
        "coordinates": [
          -43.285136,
          -22.898041
        ]
      }
    },
    {
      "type": "Feature",
      "properties": {
        "sourceDatasetId": "data-rio__escolas_municipais__atual",
        "facilityType": "municipal_school",
        "name": "Escola Municipal Professor Visitação",
        "schoolType": "Escola Municipal"
      },
      "geometry": {
        "type": "Point",
        "coordinates": [
          -43.273023,
          -22.893745
        ]
      }
    },
    {
      "type": "Feature",
      "properties": {
        "sourceDatasetId": "data-rio__escolas_municipais__atual",
        "facilityType": "municipal_school",
        "name": "Escola Municipal José Lins do Rego",
        "schoolType": "Escola Municipal"
      },
      "geometry": {
        "type": "Point",
        "coordinates": [
          -43.266118,
          -22.890652
        ]
      }
    },
    {
      "type": "Feature",
      "properties": {
        "sourceDatasetId": "data-rio__escolas_municipais__atual",
        "facilityType": "municipal_school",
        "name": "Escola Municipal Jean Mermoz",
        "schoolType": "Escola Municipal"
      },
      "geometry": {
        "type": "Point",
        "coordinates": [
          -43.273394,
          -22.886813
        ]
      }
    },
    {
      "type": "Feature",
      "properties": {
        "sourceDatasetId": "data-rio__escolas_municipais__atual",
        "facilityType": "municipal_school",
        "name": "Escola Municipal Thomas Mann",
        "schoolType": "Escola Municipal"
      },
      "geometry": {
        "type": "Point",
        "coordinates": [
          -43.272541,
          -22.893934
        ]
      }
    },
    {
      "type": "Feature",
      "properties": {
        "sourceDatasetId": "data-rio__escolas_municipais__atual",
        "facilityType": "municipal_school",
        "name": "Escola Municipal Pastor Miranda Pinto",
        "schoolType": "Escola Municipal"
      },
      "geometry": {
        "type": "Point",
        "coordinates": [
          -43.27646,
          -22.892273
        ]
      }
    },
    {
      "type": "Feature",
      "properties": {
        "sourceDatasetId": "data-rio__escolas_municipais__atual",
        "facilityType": "municipal_school",
        "name": "Escola Municipal Nossa Senhora de Pompéia",
        "schoolType": "Escola Municipal"
      },
      "geometry": {
        "type": "Point",
        "coordinates": [
          -43.279925,
          -22.892031
        ]
      }
    },
    {
      "type": "Feature",
      "properties": {
        "sourceDatasetId": "data-rio__escolas_municipais__atual",
        "facilityType": "municipal_school",
        "name": "Escola Municipal Bolívar",
        "schoolType": "Escola Municipal"
      },
      "geometry": {
        "type": "Point",
        "coordinates": [
          -43.294279,
          -22.891146
        ]
      }
    },
    {
      "type": "Feature",
      "properties": {
        "sourceDatasetId": "data-rio__escolas_municipais__atual",
        "facilityType": "municipal_school",
        "name": "Escola Municipal Maria Izabel Bivar",
        "schoolType": "Escola Municipal"
      },
      "geometry": {
        "type": "Point",
        "coordinates": [
          -43.291418,
          -22.884829
        ]
      }
    },
    {
      "type": "Feature",
      "properties": {
        "sourceDatasetId": "data-rio__escolas_municipais__atual",
        "facilityType": "municipal_school",
        "name": "Escola Municipal Hélio Smidt",
        "schoolType": "Escola Municipal"
      },
      "geometry": {
        "type": "Point",
        "coordinates": [
          -43.293683,
          -22.888742
        ]
      }
    },
    {
      "type": "Feature",
      "properties": {
        "sourceDatasetId": "data-rio__escolas_municipais__atual",
        "facilityType": "municipal_school",
        "name": "Escola Municipal Edgard Sussekind de Mendonça",
        "schoolType": "Escola Municipal"
      },
      "geometry": {
        "type": "Point",
        "coordinates": [
          -43.300935,
          -22.899447
        ]
      }
    },
    {
      "type": "Feature",
      "properties": {
        "sourceDatasetId": "data-rio__escolas_municipais__atual",
        "facilityType": "municipal_school",
        "name": "Escola Municipal Rio Grande do Sul",
        "schoolType": "Escola Municipal"
      },
      "geometry": {
        "type": "Point",
        "coordinates": [
          -43.29594,
          -22.900341
        ]
      }
    },
    {
      "type": "Feature",
      "properties": {
        "sourceDatasetId": "data-rio__escolas_municipais__atual",
        "facilityType": "municipal_school",
        "name": "Escola Municipal Augusto Frederico Schmidt",
        "schoolType": "Escola Municipal"
      },
      "geometry": {
        "type": "Point",
        "coordinates": [
          -43.297688,
          -22.909908
        ]
      }
    },
    {
      "type": "Feature",
      "properties": {
        "sourceDatasetId": "data-rio__escolas_municipais__atual",
        "facilityType": "municipal_school",
        "name": "Escola Municipal Londres",
        "schoolType": "Escola Municipal"
      },
      "geometry": {
        "type": "Point",
        "coordinates": [
          -43.295181,
          -22.900856
        ]
      }
    },
    {
      "type": "Feature",
      "properties": {
        "sourceDatasetId": "data-rio__escolas_municipais__atual",
        "facilityType": "municipal_school",
        "name": "Escola Municipal Brigadeiro Faria Lima",
        "schoolType": "Escola Municipal"
      },
      "geometry": {
        "type": "Point",
        "coordinates": [
          -43.307919,
          -22.906272
        ]
      }
    },
    {
      "type": "Feature",
      "properties": {
        "sourceDatasetId": "data-rio__escolas_municipais__atual",
        "facilityType": "municipal_school",
        "name": "Escola Municipal Tobias Barreto",
        "schoolType": "Escola Municipal"
      },
      "geometry": {
        "type": "Point",
        "coordinates": [
          -43.302734,
          -22.897301
        ]
      }
    },
    {
      "type": "Feature",
      "properties": {
        "sourceDatasetId": "data-rio__escolas_municipais__atual",
        "facilityType": "municipal_school",
        "name": "Escola Municipal Goiás",
        "schoolType": "Escola Municipal"
      },
      "geometry": {
        "type": "Point",
        "coordinates": [
          -43.30156,
          -22.894791
        ]
      }
    },
    {
      "type": "Feature",
      "properties": {
        "sourceDatasetId": "data-rio__escolas_municipais__atual",
        "facilityType": "municipal_school",
        "name": "Escola Municipal Tagore",
        "schoolType": "Escola Municipal"
      },
      "geometry": {
        "type": "Point",
        "coordinates": [
          -43.302467,
          -22.887661
        ]
      }
    },
    {
      "type": "Feature",
      "properties": {
        "sourceDatasetId": "data-rio__escolas_municipais__atual",
        "facilityType": "municipal_school",
        "name": "Escola Municipal João Kopke",
        "schoolType": "Escola Municipal"
      },
      "geometry": {
        "type": "Point",
        "coordinates": [
          -43.308031,
          -22.88414
        ]
      }
    },
    {
      "type": "Feature",
      "properties": {
        "sourceDatasetId": "data-rio__escolas_municipais__atual",
        "facilityType": "municipal_school",
        "name": "Escola Municipal República de El Salvador",
        "schoolType": "Escola Municipal"
      },
      "geometry": {
        "type": "Point",
        "coordinates": [
          -43.313744,
          -22.897299
        ]
      }
    },
    {
      "type": "Feature",
      "properties": {
        "sourceDatasetId": "data-rio__escolas_municipais__atual",
        "facilityType": "municipal_school",
        "name": "Escola Municipal Sérvulo de Lima",
        "schoolType": "Escola Municipal"
      },
      "geometry": {
        "type": "Point",
        "coordinates": [
          -43.31065,
          -22.889697
        ]
      }
    },
    {
      "type": "Feature",
      "properties": {
        "sourceDatasetId": "data-rio__escolas_municipais__atual",
        "facilityType": "municipal_school",
        "name": "Escola Municipal Virgílio de Melo Franco",
        "schoolType": "Escola Municipal"
      },
      "geometry": {
        "type": "Point",
        "coordinates": [
          -43.311699,
          -22.901419
        ]
      }
    },
    {
      "type": "Feature",
      "properties": {
        "sourceDatasetId": "data-rio__escolas_municipais__atual",
        "facilityType": "municipal_school",
        "name": "Escola Municipal Alagoas",
        "schoolType": "Escola Municipal"
      },
      "geometry": {
        "type": "Point",
        "coordinates": [
          -43.294091,
          -22.881338
        ]
      }
    },
    {
      "type": "Feature",
      "properties": {
        "sourceDatasetId": "data-rio__escolas_municipais__atual",
        "facilityType": "municipal_school",
        "name": "Escola Municipal Maranhão",
        "schoolType": "Escola Municipal"
      },
      "geometry": {
        "type": "Point",
        "coordinates": [
          -43.297464,
          -22.873401
        ]
      }
    },
    {
      "type": "Feature",
      "properties": {
        "sourceDatasetId": "data-rio__escolas_municipais__atual",
        "facilityType": "municipal_school",
        "name": "Escola Municipal Suécia",
        "schoolType": "Escola Municipal"
      },
      "geometry": {
        "type": "Point",
        "coordinates": [
          -43.299251,
          -22.87511
        ]
      }
    },
    {
      "type": "Feature",
      "properties": {
        "sourceDatasetId": "data-rio__escolas_municipais__atual",
        "facilityType": "municipal_school",
        "name": "Escola Municipal Engenheiro Roberto Magno de Carvalho",
        "schoolType": "Escola Municipal"
      },
      "geometry": {
        "type": "Point",
        "coordinates": [
          -43.292983,
          -22.88468
        ]
      }
    },
    {
      "type": "Feature",
      "properties": {
        "sourceDatasetId": "data-rio__escolas_municipais__atual",
        "facilityType": "municipal_school",
        "name": "Escola Especial Municipal Doutor Ulisses Pernambucano",
        "schoolType": "Escola Especial Municipal"
      },
      "geometry": {
        "type": "Point",
        "coordinates": [
          -43.302481,
          -22.902815
        ]
      }
    },
    {
      "type": "Feature",
      "properties": {
        "sourceDatasetId": "data-rio__escolas_municipais__atual",
        "facilityType": "municipal_school",
        "name": "Escola Municipal Ministro Carlos Alberto Menezes Direito",
        "schoolType": "Escola Municipal"
      },
      "geometry": {
        "type": "Point",
        "coordinates": [
          -43.246201,
          -22.894904
        ]
      }
    },
    {
      "type": "Feature",
      "properties": {
        "sourceDatasetId": "data-rio__escolas_municipais__atual",
        "facilityType": "municipal_school",
        "name": "Escola Municipal Senegal",
        "schoolType": "Escola Municipal"
      },
      "geometry": {
        "type": "Point",
        "coordinates": [
          -43.257872,
          -22.903288
        ]
      }
    },
    {
      "type": "Feature",
      "properties": {
        "sourceDatasetId": "data-rio__escolas_municipais__atual",
        "facilityType": "municipal_school",
        "name": "Ciep Chanceler Willy Brandt",
        "schoolType": "CIEP"
      },
      "geometry": {
        "type": "Point",
        "coordinates": [
          -43.263847,
          -22.894178
        ]
      }
    },
    {
      "type": "Feature",
      "properties": {
        "sourceDatasetId": "data-rio__escolas_municipais__atual",
        "facilityType": "municipal_school",
        "name": "Escola Municipal Lins de Vasconcelos",
        "schoolType": "Escola Municipal"
      },
      "geometry": {
        "type": "Point",
        "coordinates": [
          -43.279508,
          -22.911053
        ]
      }
    },
    {
      "type": "Feature",
      "properties": {
        "sourceDatasetId": "data-rio__escolas_municipais__atual",
        "facilityType": "municipal_school",
        "name": "Creche Municipal Vila dos Mineiros",
        "schoolType": "Creche Municipal"
      },
      "geometry": {
        "type": "Point",
        "coordinates": [
          -43.305279,
          -22.876109
        ]
      }
    },
    {
      "type": "Feature",
      "properties": {
        "sourceDatasetId": "data-rio__escolas_municipais__atual",
        "facilityType": "municipal_school",
        "name": "Creche Municipal Aconchego",
        "schoolType": "Creche Municipal"
      },
      "geometry": {
        "type": "Point",
        "coordinates": [
          -43.284815,
          -22.914311
        ]
      }
    },
    {
      "type": "Feature",
      "properties": {
        "sourceDatasetId": "data-rio__escolas_municipais__atual",
        "facilityType": "municipal_school",
        "name": "Creche Municipal Sylvia Orthof",
        "schoolType": "Creche Municipal"
      },
      "geometry": {
        "type": "Point",
        "coordinates": [
          -43.306157,
          -22.878497
        ]
      }
    },
    {
      "type": "Feature",
      "properties": {
        "sourceDatasetId": "data-rio__escolas_municipais__atual",
        "facilityType": "municipal_school",
        "name": "Creche Municipal Nosso Cantinho",
        "schoolType": "Creche Municipal"
      },
      "geometry": {
        "type": "Point",
        "coordinates": [
          -43.263264,
          -22.916705
        ]
      }
    },
    {
      "type": "Feature",
      "properties": {
        "sourceDatasetId": "data-rio__escolas_municipais__atual",
        "facilityType": "municipal_school",
        "name": "Creche Municipal Cantinho do Queto",
        "schoolType": "Creche Municipal"
      },
      "geometry": {
        "type": "Point",
        "coordinates": [
          -43.261677,
          -22.904185
        ]
      }
    },
    {
      "type": "Feature",
      "properties": {
        "sourceDatasetId": "data-rio__escolas_municipais__atual",
        "facilityType": "municipal_school",
        "name": "Creche Municipal Odetinha Vidal de Oliveira",
        "schoolType": "Creche Municipal"
      },
      "geometry": {
        "type": "Point",
        "coordinates": [
          -43.272911,
          -22.906141
        ]
      }
    },
    {
      "type": "Feature",
      "properties": {
        "sourceDatasetId": "data-rio__escolas_municipais__atual",
        "facilityType": "municipal_school",
        "name": "Creche Municipal Rachel Leite Dias",
        "schoolType": "Creche Municipal"
      },
      "geometry": {
        "type": "Point",
        "coordinates": [
          -43.288125,
          -22.885294
        ]
      }
    },
    {
      "type": "Feature",
      "properties": {
        "sourceDatasetId": "data-rio__escolas_municipais__atual",
        "facilityType": "municipal_school",
        "name": "Creche Municipal Recanto da Cachoeira",
        "schoolType": "Creche Municipal"
      },
      "geometry": {
        "type": "Point",
        "coordinates": [
          -43.284753,
          -22.919202
        ]
      }
    },
    {
      "type": "Feature",
      "properties": {
        "sourceDatasetId": "data-rio__escolas_municipais__atual",
        "facilityType": "municipal_school",
        "name": "Creche Municipal Emmanuel",
        "schoolType": "Creche Municipal"
      },
      "geometry": {
        "type": "Point",
        "coordinates": [
          -43.282108,
          -22.914251
        ]
      }
    },
    {
      "type": "Feature",
      "properties": {
        "sourceDatasetId": "data-rio__escolas_municipais__atual",
        "facilityType": "municipal_school",
        "name": "Creche Municipal José Ramos Januário - Zé Pretinho",
        "schoolType": "Creche Municipal"
      },
      "geometry": {
        "type": "Point",
        "coordinates": [
          -43.266694,
          -22.908008
        ]
      }
    },
    {
      "type": "Feature",
      "properties": {
        "sourceDatasetId": "data-rio__escolas_municipais__atual",
        "facilityType": "municipal_school",
        "name": "Creche Municipal Marcilia Catarina da Costa Orgélio - Tia Mana",
        "schoolType": "Creche Municipal"
      },
      "geometry": {
        "type": "Point",
        "coordinates": [
          -43.261933,
          -22.895698
        ]
      }
    },
    {
      "type": "Feature",
      "properties": {
        "sourceDatasetId": "data-rio__escolas_municipais__atual",
        "facilityType": "municipal_school",
        "name": "Espaço de Desenvolvimento Infantil Professor José Libonati Filho",
        "schoolType": "EDI"
      },
      "geometry": {
        "type": "Point",
        "coordinates": [
          -43.246193,
          -22.895035
        ]
      }
    },
    {
      "type": "Feature",
      "properties": {
        "sourceDatasetId": "data-rio__escolas_municipais__atual",
        "facilityType": "municipal_school",
        "name": "Espaço de Desenvolvimento Infantil Anísio Teixeira",
        "schoolType": "EDI"
      },
      "geometry": {
        "type": "Point",
        "coordinates": [
          -43.298014,
          -22.873813
        ]
      }
    },
    {
      "type": "Feature",
      "properties": {
        "sourceDatasetId": "data-rio__escolas_municipais__atual",
        "facilityType": "municipal_school",
        "name": "Espaço de Desenvolvimento Infantil Maria Braz",
        "schoolType": "EDI"
      },
      "geometry": {
        "type": "Point",
        "coordinates": [
          -43.282471,
          -22.911955
        ]
      }
    },
    {
      "type": "Feature",
      "properties": {
        "sourceDatasetId": "data-rio__escolas_municipais__atual",
        "facilityType": "municipal_school",
        "name": "Espaço de Desenvolvimento Infantil George Bernanos",
        "schoolType": "EDI"
      },
      "geometry": {
        "type": "Point",
        "coordinates": [
          -43.276286,
          -22.892515
        ]
      }
    },
    {
      "type": "Feature",
      "properties": {
        "sourceDatasetId": "data-rio__escolas_municipais__atual",
        "facilityType": "municipal_school",
        "name": "Espaço de Desenvolvimento Infantil Maurício Cardoso",
        "schoolType": "EDI"
      },
      "geometry": {
        "type": "Point",
        "coordinates": [
          -43.295975,
          -22.900652
        ]
      }
    },
    {
      "type": "Feature",
      "properties": {
        "sourceDatasetId": "data-rio__escolas_municipais__atual",
        "facilityType": "municipal_school",
        "name": "Espaço de Desenvolvimento Infantil Educandário de Santa Cruz",
        "schoolType": "EDI"
      },
      "geometry": {
        "type": "Point",
        "coordinates": [
          -43.306307,
          -22.882647
        ]
      }
    },
    {
      "type": "Feature",
      "properties": {
        "sourceDatasetId": "data-rio__escolas_municipais__atual",
        "facilityType": "municipal_school",
        "name": "Espaço de Desenvolvimento Infantil Carlos Gomes",
        "schoolType": "EDI"
      },
      "geometry": {
        "type": "Point",
        "coordinates": [
          -43.291231,
          -22.884611
        ]
      }
    },
    {
      "type": "Feature",
      "properties": {
        "sourceDatasetId": "data-rio__escolas_municipais__atual",
        "facilityType": "municipal_school",
        "name": "Espaço de Desenvolvimento Infantil Presidente Kennedy",
        "schoolType": "EDI"
      },
      "geometry": {
        "type": "Point",
        "coordinates": [
          -43.257893,
          -22.903114
        ]
      }
    },
    {
      "type": "Feature",
      "properties": {
        "sourceDatasetId": "data-rio__escolas_municipais__atual",
        "facilityType": "municipal_school",
        "name": "Espaço de Desenvolvimento Infantil Escultora Lygia Clark",
        "schoolType": "EDI"
      },
      "geometry": {
        "type": "Point",
        "coordinates": [
          -43.313662,
          -22.90646
        ]
      }
    },
    {
      "type": "Feature",
      "properties": {
        "sourceDatasetId": "data-rio__escolas_municipais__atual",
        "facilityType": "municipal_school",
        "name": "Espaço de Desenvolvimento Infantil Félix Pacheco",
        "schoolType": "EDI"
      },
      "geometry": {
        "type": "Point",
        "coordinates": [
          -43.313826,
          -22.895086
        ]
      }
    },
    {
      "type": "Feature",
      "properties": {
        "sourceDatasetId": "data-rio__escolas_municipais__atual",
        "facilityType": "municipal_school",
        "name": "Ciep Vinicius de Moraes",
        "schoolType": "CIEP"
      },
      "geometry": {
        "type": "Point",
        "coordinates": [
          -43.254104,
          -22.885318
        ]
      }
    },
    {
      "type": "Feature",
      "properties": {
        "sourceDatasetId": "data-rio__escolas_municipais__atual",
        "facilityType": "municipal_school",
        "name": "Creche Municipal Geralda de Jesus Aleixo",
        "schoolType": "Creche Municipal"
      },
      "geometry": {
        "type": "Point",
        "coordinates": [
          -43.254144,
          -22.885812
        ]
      }
    },
    {
      "type": "Feature",
      "properties": {
        "sourceDatasetId": "data-rio__escolas_municipais__atual",
        "facilityType": "municipal_school",
        "name": "Creche Municipal Tia Andreza",
        "schoolType": "Creche Municipal"
      },
      "geometry": {
        "type": "Point",
        "coordinates": [
          -43.259111,
          -22.89037
        ]
      }
    },
    {
      "type": "Feature",
      "properties": {
        "sourceDatasetId": "data-rio__escolas_municipais__atual",
        "facilityType": "municipal_school",
        "name": "Creche Municipal da Comunidade do Jacarezinho",
        "schoolType": "Creche Municipal"
      },
      "geometry": {
        "type": "Point",
        "coordinates": [
          -43.263362,
          -22.888592
        ]
      }
    },
    {
      "type": "Feature",
      "properties": {
        "sourceDatasetId": "data-rio__escolas_municipais__atual",
        "facilityType": "municipal_school",
        "name": "Espaço de Desenvolvimento Infantil Padre Nelson Carlos Del Mônaco",
        "schoolType": "EDI"
      },
      "geometry": {
        "type": "Point",
        "coordinates": [
          -43.254063,
          -22.883767
        ]
      }
    },
    {
      "type": "Feature",
      "properties": {
        "sourceDatasetId": "data-rio__escolas_municipais__atual",
        "facilityType": "municipal_school",
        "name": "Escola Municipal Professor Mourão Filho",
        "schoolType": "Escola Municipal"
      },
      "geometry": {
        "type": "Point",
        "coordinates": [
          -43.27004,
          -22.864871
        ]
      }
    },
    {
      "type": "Feature",
      "properties": {
        "sourceDatasetId": "data-rio__escolas_municipais__atual",
        "facilityType": "municipal_school",
        "name": "Espaço de Desenvolvimento Infantil Dona Lindu",
        "schoolType": "EDI"
      },
      "geometry": {
        "type": "Point",
        "coordinates": [
          -43.267813,
          -22.860896
        ]
      }
    },
    {
      "type": "Feature",
      "properties": {
        "sourceDatasetId": "data-rio__escolas_municipais__atual",
        "facilityType": "municipal_school",
        "name": "Creche Municipal José de Vieira da Silva",
        "schoolType": "Creche Municipal"
      },
      "geometry": {
        "type": "Point",
        "coordinates": [
          -43.270948,
          -22.861757
        ]
      }
    },
    {
      "type": "Feature",
      "properties": {
        "sourceDatasetId": "data-rio__escolas_municipais__atual",
        "facilityType": "municipal_school",
        "name": "Creche Municipal Nova Brasília",
        "schoolType": "Creche Municipal"
      },
      "geometry": {
        "type": "Point",
        "coordinates": [
          -43.270293,
          -22.865662
        ]
      }
    },
    {
      "type": "Feature",
      "properties": {
        "sourceDatasetId": "data-rio__escolas_municipais__atual",
        "facilityType": "municipal_school",
        "name": "Escola Municipal Ema Negrão de Lima",
        "schoolType": "Escola Municipal"
      },
      "geometry": {
        "type": "Point",
        "coordinates": [
          -43.252999,
          -22.880153
        ]
      }
    },
    {
      "type": "Feature",
      "properties": {
        "sourceDatasetId": "data-rio__escolas_municipais__atual",
        "facilityType": "municipal_school",
        "name": "Escola Municipal Albino Souza Cruz",
        "schoolType": "Escola Municipal"
      },
      "geometry": {
        "type": "Point",
        "coordinates": [
          -43.253246,
          -22.880986
        ]
      }
    },
    {
      "type": "Feature",
      "properties": {
        "sourceDatasetId": "data-rio__escolas_municipais__atual",
        "facilityType": "municipal_school",
        "name": "Escola Municipal Ruy Barbosa",
        "schoolType": "Escola Municipal"
      },
      "geometry": {
        "type": "Point",
        "coordinates": [
          -43.253111,
          -22.868188
        ]
      }
    },
    {
      "type": "Feature",
      "properties": {
        "sourceDatasetId": "data-rio__escolas_municipais__atual",
        "facilityType": "municipal_school",
        "name": "Escola Municipal Pedro Lessa",
        "schoolType": "Escola Municipal"
      },
      "geometry": {
        "type": "Point",
        "coordinates": [
          -43.25428,
          -22.86047
        ]
      }
    },
    {
      "type": "Feature",
      "properties": {
        "sourceDatasetId": "data-rio__escolas_municipais__atual",
        "facilityType": "municipal_school",
        "name": "Escola Municipal João Barbalho",
        "schoolType": "Escola Municipal"
      },
      "geometry": {
        "type": "Point",
        "coordinates": [
          -43.261761,
          -22.856447
        ]
      }
    },
    {
      "type": "Feature",
      "properties": {
        "sourceDatasetId": "data-rio__escolas_municipais__atual",
        "facilityType": "municipal_school",
        "name": "Escola Municipal Professor Carneiro Ribeiro",
        "schoolType": "Escola Municipal"
      },
      "geometry": {
        "type": "Point",
        "coordinates": [
          -43.261768,
          -22.855627
        ]
      }
    },
    {
      "type": "Feature",
      "properties": {
        "sourceDatasetId": "data-rio__escolas_municipais__atual",
        "facilityType": "municipal_school",
        "name": "Escola Municipal Padre Manuel da Nóbrega",
        "schoolType": "Escola Municipal"
      },
      "geometry": {
        "type": "Point",
        "coordinates": [
          -43.264165,
          -22.857137
        ]
      }
    },
    {
      "type": "Feature",
      "properties": {
        "sourceDatasetId": "data-rio__escolas_municipais__atual",
        "facilityType": "municipal_school",
        "name": "Escola Municipal Walt Disney",
        "schoolType": "Escola Municipal"
      },
      "geometry": {
        "type": "Point",
        "coordinates": [
          -43.264312,
          -22.856855
        ]
      }
    },
    {
      "type": "Feature",
      "properties": {
        "sourceDatasetId": "data-rio__escolas_municipais__atual",
        "facilityType": "municipal_school",
        "name": "Escola Municipal Dilermando Cruz",
        "schoolType": "Escola Municipal"
      },
      "geometry": {
        "type": "Point",
        "coordinates": [
          -43.252451,
          -22.853868
        ]
      }
    },
    {
      "type": "Feature",
      "properties": {
        "sourceDatasetId": "data-rio__escolas_municipais__atual",
        "facilityType": "municipal_school",
        "name": "Escola Municipal Nerval de Gouveia",
        "schoolType": "Escola Municipal"
      },
      "geometry": {
        "type": "Point",
        "coordinates": [
          -43.253783,
          -22.845126
        ]
      }
    },
    {
      "type": "Feature",
      "properties": {
        "sourceDatasetId": "data-rio__escolas_municipais__atual",
        "facilityType": "municipal_school",
        "name": "Escola Municipal Edmundo Lins",
        "schoolType": "Escola Municipal"
      },
      "geometry": {
        "type": "Point",
        "coordinates": [
          -43.256565,
          -22.849747
        ]
      }
    },
    {
      "type": "Feature",
      "properties": {
        "sourceDatasetId": "data-rio__escolas_municipais__atual",
        "facilityType": "municipal_school",
        "name": "Escola Municipal Clotilde Guimarães",
        "schoolType": "Escola Municipal"
      },
      "geometry": {
        "type": "Point",
        "coordinates": [
          -43.248142,
          -22.852966
        ]
      }
    },
    {
      "type": "Feature",
      "properties": {
        "sourceDatasetId": "data-rio__escolas_municipais__atual",
        "facilityType": "municipal_school",
        "name": "Escola Municipal Carlos Chagas",
        "schoolType": "Escola Municipal"
      },
      "geometry": {
        "type": "Point",
        "coordinates": [
          -43.255331,
          -22.857256
        ]
      }
    },
    {
      "type": "Feature",
      "properties": {
        "sourceDatasetId": "data-rio__escolas_municipais__atual",
        "facilityType": "municipal_school",
        "name": "Escola Municipal Clóvis Beviláqua",
        "schoolType": "Escola Municipal"
      },
      "geometry": {
        "type": "Point",
        "coordinates": [
          -43.265476,
          -22.849446
        ]
      }
    },
    {
      "type": "Feature",
      "properties": {
        "sourceDatasetId": "data-rio__escolas_municipais__atual",
        "facilityType": "municipal_school",
        "name": "Escola Municipal Chile",
        "schoolType": "Escola Municipal"
      },
      "geometry": {
        "type": "Point",
        "coordinates": [
          -43.268589,
          -22.84858
        ]
      }
    },
    {
      "type": "Feature",
      "properties": {
        "sourceDatasetId": "data-rio__escolas_municipais__atual",
        "facilityType": "municipal_school",
        "name": "Escola Municipal Berlim",
        "schoolType": "Escola Municipal"
      },
      "geometry": {
        "type": "Point",
        "coordinates": [
          -43.261444,
          -22.847791
        ]
      }
    },
    {
      "type": "Feature",
      "properties": {
        "sourceDatasetId": "data-rio__escolas_municipais__atual",
        "facilityType": "municipal_school",
        "name": "Escola Municipal Joracy Camargo",
        "schoolType": "Escola Municipal"
      },
      "geometry": {
        "type": "Point",
        "coordinates": [
          -43.280572,
          -22.848321
        ]
      }
    },
    {
      "type": "Feature",
      "properties": {
        "sourceDatasetId": "data-rio__escolas_municipais__atual",
        "facilityType": "municipal_school",
        "name": "Escola Municipal Brasil",
        "schoolType": "Escola Municipal"
      },
      "geometry": {
        "type": "Point",
        "coordinates": [
          -43.260748,
          -22.843254
        ]
      }
    },
    {
      "type": "Feature",
      "properties": {
        "sourceDatasetId": "data-rio__escolas_municipais__atual",
        "facilityType": "municipal_school",
        "name": "Escola Municipal Odilon de Andrade",
        "schoolType": "Escola Municipal"
      },
      "geometry": {
        "type": "Point",
        "coordinates": [
          -43.277592,
          -22.852556
        ]
      }
    },
    {
      "type": "Feature",
      "properties": {
        "sourceDatasetId": "data-rio__escolas_municipais__atual",
        "facilityType": "municipal_school",
        "name": "Escola Municipal Luiz Cesar Sayão Garcez",
        "schoolType": "Escola Municipal"
      },
      "geometry": {
        "type": "Point",
        "coordinates": [
          -43.273619,
          -22.848531
        ]
      }
    },
    {
      "type": "Feature",
      "properties": {
        "sourceDatasetId": "data-rio__escolas_municipais__atual",
        "facilityType": "municipal_school",
        "name": "Escola Municipal Anibal Freire",
        "schoolType": "Escola Municipal"
      },
      "geometry": {
        "type": "Point",
        "coordinates": [
          -43.268204,
          -22.842056
        ]
      }
    },
    {
      "type": "Feature",
      "properties": {
        "sourceDatasetId": "data-rio__escolas_municipais__atual",
        "facilityType": "municipal_school",
        "name": "Escola Municipal Professora Maria de Cerqueira e Silva",
        "schoolType": "Escola Municipal"
      },
      "geometry": {
        "type": "Point",
        "coordinates": [
          -43.24913,
          -22.882859
        ]
      }
    },
    {
      "type": "Feature",
      "properties": {
        "sourceDatasetId": "data-rio__escolas_municipais__atual",
        "facilityType": "municipal_school",
        "name": "Ciep Yuri Gagarin",
        "schoolType": "CIEP"
      },
      "geometry": {
        "type": "Point",
        "coordinates": [
          -43.254676,
          -22.855386
        ]
      }
    },
    {
      "type": "Feature",
      "properties": {
        "sourceDatasetId": "data-rio__escolas_municipais__atual",
        "facilityType": "municipal_school",
        "name": "Ciep Juscelino Kubitschek",
        "schoolType": "CIEP"
      },
      "geometry": {
        "type": "Point",
        "coordinates": [
          -43.249698,
          -22.880778
        ]
      }
    },
    {
      "type": "Feature",
      "properties": {
        "sourceDatasetId": "data-rio__escolas_municipais__atual",
        "facilityType": "municipal_school",
        "name": "Ciep Maestro Francisco Mignone",
        "schoolType": "CIEP"
      },
      "geometry": {
        "type": "Point",
        "coordinates": [
          -43.27771,
          -22.853024
        ]
      }
    },
    {
      "type": "Feature",
      "properties": {
        "sourceDatasetId": "data-rio__escolas_municipais__atual",
        "facilityType": "municipal_school",
        "name": "Creche Municipal Manguinhos",
        "schoolType": "Creche Municipal"
      },
      "geometry": {
        "type": "Point",
        "coordinates": [
          -43.25004,
          -22.880445
        ]
      }
    },
    {
      "type": "Feature",
      "properties": {
        "sourceDatasetId": "data-rio__escolas_municipais__atual",
        "facilityType": "municipal_school",
        "name": "Creche Municipal Dr. Juvenil de Souza Lopes",
        "schoolType": "Creche Municipal"
      },
      "geometry": {
        "type": "Point",
        "coordinates": [
          -43.253675,
          -22.855554
        ]
      }
    },
    {
      "type": "Feature",
      "properties": {
        "sourceDatasetId": "data-rio__escolas_municipais__atual",
        "facilityType": "municipal_school",
        "name": "Creche Municipal Chico Bento",
        "schoolType": "Creche Municipal"
      },
      "geometry": {
        "type": "Point",
        "coordinates": [
          -43.24962,
          -22.88047
        ]
      }
    },
    {
      "type": "Feature",
      "properties": {
        "sourceDatasetId": "data-rio__escolas_municipais__atual",
        "facilityType": "municipal_school",
        "name": "Espaço de Desenvolvimento Infantil Doutor Domingos Arthur Machado Filho",
        "schoolType": "EDI"
      },
      "geometry": {
        "type": "Point",
        "coordinates": [
          -43.248251,
          -22.884679
        ]
      }
    },
    {
      "type": "Feature",
      "properties": {
        "sourceDatasetId": "data-rio__escolas_municipais__atual",
        "facilityType": "municipal_school",
        "name": "Espaço de Desenvolvimento Infantil Doutor Antônio Fernandes Figueira",
        "schoolType": "EDI"
      },
      "geometry": {
        "type": "Point",
        "coordinates": [
          -43.253337,
          -22.88338
        ]
      }
    },
    {
      "type": "Feature",
      "properties": {
        "sourceDatasetId": "data-rio__escolas_municipais__atual",
        "facilityType": "municipal_school",
        "name": "Espaço de Desenvolvimento Infantil Joaquim Venâncio",
        "schoolType": "EDI"
      },
      "geometry": {
        "type": "Point",
        "coordinates": [
          -43.25493,
          -22.875506
        ]
      }
    },
    {
      "type": "Feature",
      "properties": {
        "sourceDatasetId": "data-rio__escolas_municipais__atual",
        "facilityType": "municipal_school",
        "name": "Espaço de Desenvolvimento Infantil Sargento Jorge Faleiro Souza",
        "schoolType": "EDI"
      },
      "geometry": {
        "type": "Point",
        "coordinates": [
          -43.273958,
          -22.85192
        ]
      }
    },
    {
      "type": "Feature",
      "properties": {
        "sourceDatasetId": "data-rio__escolas_municipais__atual",
        "facilityType": "municipal_school",
        "name": "Espaço de Desenvolvimento Infantil Compositor Neoci Dias de Andrade",
        "schoolType": "EDI"
      },
      "geometry": {
        "type": "Point",
        "coordinates": [
          -43.265338,
          -22.849859
        ]
      }
    },
    {
      "type": "Feature",
      "properties": {
        "sourceDatasetId": "data-rio__escolas_municipais__atual",
        "facilityType": "municipal_school",
        "name": "Espaço de Desenvolvimento Infantil Pierre Janet",
        "schoolType": "EDI"
      },
      "geometry": {
        "type": "Point",
        "coordinates": [
          -43.256373,
          -22.849984
        ]
      }
    },
    {
      "type": "Feature",
      "properties": {
        "sourceDatasetId": "data-rio__escolas_municipais__atual",
        "facilityType": "municipal_school",
        "name": "Espaço de Desenvolvimento Infantil Professora Tania da Rocha Correa",
        "schoolType": "EDI"
      },
      "geometry": {
        "type": "Point",
        "coordinates": [
          -43.277416,
          -22.85273
        ]
      }
    },
    {
      "type": "Feature",
      "properties": {
        "sourceDatasetId": "data-rio__escolas_municipais__atual",
        "facilityType": "municipal_school",
        "name": "Espaço de Desenvolvimento Infantil Almir Leite Ribeiro",
        "schoolType": "EDI"
      },
      "geometry": {
        "type": "Point",
        "coordinates": [
          -43.283699,
          -22.84681
        ]
      }
    },
    {
      "type": "Feature",
      "properties": {
        "sourceDatasetId": "data-rio__escolas_municipais__atual",
        "facilityType": "municipal_school",
        "name": "Espaço de Desenvolvimento lnfantil Miguel Couto",
        "schoolType": "EDI"
      },
      "geometry": {
        "type": "Point",
        "coordinates": [
          -43.267453,
          -22.839343
        ]
      }
    },
    {
      "type": "Feature",
      "properties": {
        "sourceDatasetId": "data-rio__escolas_municipais__atual",
        "facilityType": "municipal_school",
        "name": "Espaço de Desenvolvimento Infantil Lais Netto dos Reis",
        "schoolType": "EDI"
      },
      "geometry": {
        "type": "Point",
        "coordinates": [
          -43.269272,
          -22.847759
        ]
      }
    },
    {
      "type": "Feature",
      "properties": {
        "sourceDatasetId": "data-rio__escolas_municipais__atual",
        "facilityType": "municipal_school",
        "name": "Espaço de Desenvolvimento Infantil Coronel Assunção",
        "schoolType": "EDI"
      },
      "geometry": {
        "type": "Point",
        "coordinates": [
          -43.272627,
          -22.849388
        ]
      }
    },
    {
      "type": "Feature",
      "properties": {
        "sourceDatasetId": "data-rio__escolas_municipais__atual",
        "facilityType": "municipal_school",
        "name": "Escola Municipal Monsenhor Rocha",
        "schoolType": "Escola Municipal"
      },
      "geometry": {
        "type": "Point",
        "coordinates": [
          -43.283035,
          -22.846396
        ]
      }
    },
    {
      "type": "Feature",
      "properties": {
        "sourceDatasetId": "data-rio__escolas_municipais__atual",
        "facilityType": "municipal_school",
        "name": "Escola Municipal Bernardo de Vasconcellos",
        "schoolType": "Escola Municipal"
      },
      "geometry": {
        "type": "Point",
        "coordinates": [
          -43.284007,
          -22.845629
        ]
      }
    },
    {
      "type": "Feature",
      "properties": {
        "sourceDatasetId": "data-rio__escolas_municipais__atual",
        "facilityType": "municipal_school",
        "name": "Escola Municipal Leonor Coelho Pereira",
        "schoolType": "Escola Municipal"
      },
      "geometry": {
        "type": "Point",
        "coordinates": [
          -43.283203,
          -22.845991
        ]
      }
    },
    {
      "type": "Feature",
      "properties": {
        "sourceDatasetId": "data-rio__escolas_municipais__atual",
        "facilityType": "municipal_school",
        "name": "Escola Municipal Presidente Eurico Dutra",
        "schoolType": "Escola Municipal"
      },
      "geometry": {
        "type": "Point",
        "coordinates": [
          -43.268268,
          -22.839392
        ]
      }
    },
    {
      "type": "Feature",
      "properties": {
        "sourceDatasetId": "data-rio__escolas_municipais__atual",
        "facilityType": "municipal_school",
        "name": "Escola Municipal Conde de Agrolongo",
        "schoolType": "Escola Municipal"
      },
      "geometry": {
        "type": "Point",
        "coordinates": [
          -43.279753,
          -22.837657
        ]
      }
    },
    {
      "type": "Feature",
      "properties": {
        "sourceDatasetId": "data-rio__escolas_municipais__atual",
        "facilityType": "municipal_school",
        "name": "Escola Municipal Ariosto Espinheira",
        "schoolType": "Escola Municipal"
      },
      "geometry": {
        "type": "Point",
        "coordinates": [
          -43.271038,
          -22.834088
        ]
      }
    },
    {
      "type": "Feature",
      "properties": {
        "sourceDatasetId": "data-rio__escolas_municipais__atual",
        "facilityType": "municipal_school",
        "name": "Escola Municipal Professor Souza Carneiro",
        "schoolType": "Escola Municipal"
      },
      "geometry": {
        "type": "Point",
        "coordinates": [
          -43.275255,
          -22.829464
        ]
      }
    },
    {
      "type": "Feature",
      "properties": {
        "sourceDatasetId": "data-rio__escolas_municipais__atual",
        "facilityType": "municipal_school",
        "name": "Escola Municipal Cientista Mário Kroeff",
        "schoolType": "Escola Municipal"
      },
      "geometry": {
        "type": "Point",
        "coordinates": [
          -43.27517,
          -22.838964
        ]
      }
    },
    {
      "type": "Feature",
      "properties": {
        "sourceDatasetId": "data-rio__escolas_municipais__atual",
        "facilityType": "municipal_school",
        "name": "Escola Municipal Brant Horta",
        "schoolType": "Escola Municipal"
      },
      "geometry": {
        "type": "Point",
        "coordinates": [
          -43.288156,
          -22.835668
        ]
      }
    },
    {
      "type": "Feature",
      "properties": {
        "sourceDatasetId": "data-rio__escolas_municipais__atual",
        "facilityType": "municipal_school",
        "name": "Escola Municipal Professor Augusto Motta",
        "schoolType": "Escola Municipal"
      },
      "geometry": {
        "type": "Point",
        "coordinates": [
          -43.288379,
          -22.835524
        ]
      }
    },
    {
      "type": "Feature",
      "properties": {
        "sourceDatasetId": "data-rio__escolas_municipais__atual",
        "facilityType": "municipal_school",
        "name": "Escola Municipal João Marques dos Reis",
        "schoolType": "Escola Municipal"
      },
      "geometry": {
        "type": "Point",
        "coordinates": [
          -43.299932,
          -22.837998
        ]
      }
    },
    {
      "type": "Feature",
      "properties": {
        "sourceDatasetId": "data-rio__escolas_municipais__atual",
        "facilityType": "municipal_school",
        "name": "Escola Municipal Fernando Tude de Souza",
        "schoolType": "Escola Municipal"
      },
      "geometry": {
        "type": "Point",
        "coordinates": [
          -43.299945,
          -22.838363
        ]
      }
    },
    {
      "type": "Feature",
      "properties": {
        "sourceDatasetId": "data-rio__escolas_municipais__atual",
        "facilityType": "municipal_school",
        "name": "Escola Municipal João de Deus",
        "schoolType": "Escola Municipal"
      },
      "geometry": {
        "type": "Point",
        "coordinates": [
          -43.282108,
          -22.829946
        ]
      }
    },
    {
      "type": "Feature",
      "properties": {
        "sourceDatasetId": "data-rio__escolas_municipais__atual",
        "facilityType": "municipal_school",
        "name": "Escola Municipal Suíça",
        "schoolType": "Escola Municipal"
      },
      "geometry": {
        "type": "Point",
        "coordinates": [
          -43.279179,
          -22.828854
        ]
      }
    },
    {
      "type": "Feature",
      "properties": {
        "sourceDatasetId": "data-rio__escolas_municipais__atual",
        "facilityType": "municipal_school",
        "name": "Escola Municipal Ministro Afrânio Costa",
        "schoolType": "Escola Municipal"
      },
      "geometry": {
        "type": "Point",
        "coordinates": [
          -43.278695,
          -22.82524
        ]
      }
    },
    {
      "type": "Feature",
      "properties": {
        "sourceDatasetId": "data-rio__escolas_municipais__atual",
        "facilityType": "municipal_school",
        "name": "Escola Municipal Professor Ary Quintella",
        "schoolType": "Escola Municipal"
      },
      "geometry": {
        "type": "Point",
        "coordinates": [
          -43.300069,
          -22.839412
        ]
      }
    },
    {
      "type": "Feature",
      "properties": {
        "sourceDatasetId": "data-rio__escolas_municipais__atual",
        "facilityType": "municipal_school",
        "name": "Escola Municipal Grécia",
        "schoolType": "Escola Municipal"
      },
      "geometry": {
        "type": "Point",
        "coordinates": [
          -43.312536,
          -22.83783
        ]
      }
    },
    {
      "type": "Feature",
      "properties": {
        "sourceDatasetId": "data-rio__escolas_municipais__atual",
        "facilityType": "municipal_school",
        "name": "Escola Municipal Miguel Ângelo",
        "schoolType": "Escola Municipal"
      },
      "geometry": {
        "type": "Point",
        "coordinates": [
          -43.304534,
          -22.844827
        ]
      }
    },
    {
      "type": "Feature",
      "properties": {
        "sourceDatasetId": "data-rio__escolas_municipais__atual",
        "facilityType": "municipal_school",
        "name": "Escola Municipal Marcílio Dias",
        "schoolType": "Escola Municipal"
      },
      "geometry": {
        "type": "Point",
        "coordinates": [
          -43.30781,
          -22.834716
        ]
      }
    },
    {
      "type": "Feature",
      "properties": {
        "sourceDatasetId": "data-rio__escolas_municipais__atual",
        "facilityType": "municipal_school",
        "name": "Escola Municipal Ministro Plínio Casado",
        "schoolType": "Escola Municipal"
      },
      "geometry": {
        "type": "Point",
        "coordinates": [
          -43.293809,
          -22.834806
        ]
      }
    },
    {
      "type": "Feature",
      "properties": {
        "sourceDatasetId": "data-rio__escolas_municipais__atual",
        "facilityType": "municipal_school",
        "name": "Escola Municipal São Paulo",
        "schoolType": "Escola Municipal"
      },
      "geometry": {
        "type": "Point",
        "coordinates": [
          -43.287698,
          -22.827137
        ]
      }
    },
    {
      "type": "Feature",
      "properties": {
        "sourceDatasetId": "data-rio__escolas_municipais__atual",
        "facilityType": "municipal_school",
        "name": "Escola Municipal F. J. Oliveira Viana",
        "schoolType": "Escola Municipal"
      },
      "geometry": {
        "type": "Point",
        "coordinates": [
          -43.29137,
          -22.824714
        ]
      }
    },
    {
      "type": "Feature",
      "properties": {
        "sourceDatasetId": "data-rio__escolas_municipais__atual",
        "facilityType": "municipal_school",
        "name": "Escola Municipal Cantor e Compositor Gonzaguinha",
        "schoolType": "Escola Municipal"
      },
      "geometry": {
        "type": "Point",
        "coordinates": [
          -43.272265,
          -22.818894
        ]
      }
    },
    {
      "type": "Feature",
      "properties": {
        "sourceDatasetId": "data-rio__escolas_municipais__atual",
        "facilityType": "municipal_school",
        "name": "Ciep Gregório Bezerra",
        "schoolType": "CIEP"
      },
      "geometry": {
        "type": "Point",
        "coordinates": [
          -43.279521,
          -22.842213
        ]
      }
    },
    {
      "type": "Feature",
      "properties": {
        "sourceDatasetId": "data-rio__escolas_municipais__atual",
        "facilityType": "municipal_school",
        "name": "Ciep Deputado José Carlos Brandão Monteiro",
        "schoolType": "CIEP"
      },
      "geometry": {
        "type": "Point",
        "coordinates": [
          -43.283598,
          -22.851243
        ]
      }
    },
    {
      "type": "Feature",
      "properties": {
        "sourceDatasetId": "data-rio__escolas_municipais__atual",
        "facilityType": "municipal_school",
        "name": "Creche Municipal Carlos Drummond de Andrade",
        "schoolType": "Creche Municipal"
      },
      "geometry": {
        "type": "Point",
        "coordinates": [
          -43.287744,
          -22.843844
        ]
      }
    },
    {
      "type": "Feature",
      "properties": {
        "sourceDatasetId": "data-rio__escolas_municipais__atual",
        "facilityType": "municipal_school",
        "name": "Creche Municipal Tempo de Aprender",
        "schoolType": "Creche Municipal"
      },
      "geometry": {
        "type": "Point",
        "coordinates": [
          -43.288936,
          -22.840212
        ]
      }
    },
    {
      "type": "Feature",
      "properties": {
        "sourceDatasetId": "data-rio__escolas_municipais__atual",
        "facilityType": "municipal_school",
        "name": "Creche Municipal Morro da Paz",
        "schoolType": "Creche Municipal"
      },
      "geometry": {
        "type": "Point",
        "coordinates": [
          -43.29655,
          -22.843652
        ]
      }
    },
    {
      "type": "Feature",
      "properties": {
        "sourceDatasetId": "data-rio__escolas_municipais__atual",
        "facilityType": "municipal_school",
        "name": "Creche Municipal Betinho",
        "schoolType": "Creche Municipal"
      },
      "geometry": {
        "type": "Point",
        "coordinates": [
          -43.291751,
          -22.846304
        ]
      }
    },
    {
      "type": "Feature",
      "properties": {
        "sourceDatasetId": "data-rio__escolas_municipais__atual",
        "facilityType": "municipal_school",
        "name": "Creche Municipal Caracol",
        "schoolType": "Creche Municipal"
      },
      "geometry": {
        "type": "Point",
        "coordinates": [
          -43.289449,
          -22.844111
        ]
      }
    },
    {
      "type": "Feature",
      "properties": {
        "sourceDatasetId": "data-rio__escolas_municipais__atual",
        "facilityType": "municipal_school",
        "name": "Creche Municipal Maria Altamira C. Olegário",
        "schoolType": "Creche Municipal"
      },
      "geometry": {
        "type": "Point",
        "coordinates": [
          -43.298281,
          -22.83427
        ]
      }
    },
    {
      "type": "Feature",
      "properties": {
        "sourceDatasetId": "data-rio__escolas_municipais__atual",
        "facilityType": "municipal_school",
        "name": "Creche Municipal Tia Ruth Costa dos Santos",
        "schoolType": "Creche Municipal"
      },
      "geometry": {
        "type": "Point",
        "coordinates": [
          -43.266566,
          -22.837612
        ]
      }
    },
    {
      "type": "Feature",
      "properties": {
        "sourceDatasetId": "data-rio__escolas_municipais__atual",
        "facilityType": "municipal_school",
        "name": "Creche Municipal Mussum - O Trapalhão",
        "schoolType": "Creche Municipal"
      },
      "geometry": {
        "type": "Point",
        "coordinates": [
          -43.2932,
          -22.84145
        ]
      }
    },
    {
      "type": "Feature",
      "properties": {
        "sourceDatasetId": "data-rio__escolas_municipais__atual",
        "facilityType": "municipal_school",
        "name": "Espaço de Desenvolvimento Infantil Mariana Rocha de Souza",
        "schoolType": "EDI"
      },
      "geometry": {
        "type": "Point",
        "coordinates": [
          -43.30474,
          -22.845849
        ]
      }
    },
    {
      "type": "Feature",
      "properties": {
        "sourceDatasetId": "data-rio__escolas_municipais__atual",
        "facilityType": "municipal_school",
        "name": "Espaço de Desenvolvimento Infantil Joel Luiz de Azevedo Bastos",
        "schoolType": "EDI"
      },
      "geometry": {
        "type": "Point",
        "coordinates": [
          -43.297816,
          -22.846748
        ]
      }
    },
    {
      "type": "Feature",
      "properties": {
        "sourceDatasetId": "data-rio__escolas_municipais__atual",
        "facilityType": "municipal_school",
        "name": "Espaço de Desenvolvimento Infantil Maria de Lourdes Ferreira",
        "schoolType": "EDI"
      },
      "geometry": {
        "type": "Point",
        "coordinates": [
          -43.288855,
          -22.84136
        ]
      }
    },
    {
      "type": "Feature",
      "properties": {
        "sourceDatasetId": "data-rio__escolas_municipais__atual",
        "facilityType": "municipal_school",
        "name": "Espaço de Desenvolvimento Infantil Morro da Fé",
        "schoolType": "EDI"
      },
      "geometry": {
        "type": "Point",
        "coordinates": [
          -43.296892,
          -22.84704
        ]
      }
    },
    {
      "type": "Feature",
      "properties": {
        "sourceDatasetId": "data-rio__escolas_municipais__atual",
        "facilityType": "municipal_school",
        "name": "Espaço de Desenvolvimento Infantil Edmundo da Luz Pinto",
        "schoolType": "EDI"
      },
      "geometry": {
        "type": "Point",
        "coordinates": [
          -43.27886,
          -22.825486
        ]
      }
    },
    {
      "type": "Feature",
      "properties": {
        "sourceDatasetId": "data-rio__escolas_municipais__atual",
        "facilityType": "municipal_school",
        "name": "Espaço de Desenvolvimento Infantil Göethe",
        "schoolType": "EDI"
      },
      "geometry": {
        "type": "Point",
        "coordinates": [
          -43.286869,
          -22.825803
        ]
      }
    },
    {
      "type": "Feature",
      "properties": {
        "sourceDatasetId": "data-rio__escolas_municipais__atual",
        "facilityType": "municipal_school",
        "name": "Espaço de Desenvolvimento Infantil Pioneiras Sociais No.12",
        "schoolType": "EDI"
      },
      "geometry": {
        "type": "Point",
        "coordinates": [
          -43.287873,
          -22.835846
        ]
      }
    },
    {
      "type": "Feature",
      "properties": {
        "sourceDatasetId": "data-rio__escolas_municipais__atual",
        "facilityType": "municipal_school",
        "name": "Espaço de Desenvolvimento Infantil São Vicente",
        "schoolType": "EDI"
      },
      "geometry": {
        "type": "Point",
        "coordinates": [
          -43.284049,
          -22.844037
        ]
      }
    },
    {
      "type": "Feature",
      "properties": {
        "sourceDatasetId": "data-rio__escolas_municipais__atual",
        "facilityType": "municipal_school",
        "name": "Escola Municipal Professor Josué de Castro",
        "schoolType": "Escola Municipal"
      },
      "geometry": {
        "type": "Point",
        "coordinates": [
          -43.240712,
          -22.873739
        ]
      }
    },
    {
      "type": "Feature",
      "properties": {
        "sourceDatasetId": "data-rio__escolas_municipais__atual",
        "facilityType": "municipal_school",
        "name": "Escola Municipal Teotonio Vilela",
        "schoolType": "Escola Municipal"
      },
      "geometry": {
        "type": "Point",
        "coordinates": [
          -43.238784,
          -22.876219
        ]
      }
    },
    {
      "type": "Feature",
      "properties": {
        "sourceDatasetId": "data-rio__escolas_municipais__atual",
        "facilityType": "municipal_school",
        "name": "Escola Municipal Bahia",
        "schoolType": "Escola Municipal"
      },
      "geometry": {
        "type": "Point",
        "coordinates": [
          -43.246976,
          -22.864459
        ]
      }
    },
    {
      "type": "Feature",
      "properties": {
        "sourceDatasetId": "data-rio__escolas_municipais__atual",
        "facilityType": "municipal_school",
        "name": "Escola Municipal IV Centenário",
        "schoolType": "Escola Municipal"
      },
      "geometry": {
        "type": "Point",
        "coordinates": [
          -43.243387,
          -22.861467
        ]
      }
    },
    {
      "type": "Feature",
      "properties": {
        "sourceDatasetId": "data-rio__escolas_municipais__atual",
        "facilityType": "municipal_school",
        "name": "Escola Municipal Tenente General Napion",
        "schoolType": "Escola Municipal"
      },
      "geometry": {
        "type": "Point",
        "coordinates": [
          -43.246637,
          -22.846877
        ]
      }
    },
    {
      "type": "Feature",
      "properties": {
        "sourceDatasetId": "data-rio__escolas_municipais__atual",
        "facilityType": "municipal_school",
        "name": "Escola Municipal Primário Nova Holanda",
        "schoolType": "Escola Municipal"
      },
      "geometry": {
        "type": "Point",
        "coordinates": [
          -43.239252,
          -22.855242
        ]
      }
    },
    {
      "type": "Feature",
      "properties": {
        "sourceDatasetId": "data-rio__escolas_municipais__atual",
        "facilityType": "municipal_school",
        "name": "Escola Municipal Professor Paulo Freire",
        "schoolType": "Escola Municipal"
      },
      "geometry": {
        "type": "Point",
        "coordinates": [
          -43.239043,
          -22.864914
        ]
      }
    },
    {
      "type": "Feature",
      "properties": {
        "sourceDatasetId": "data-rio__escolas_municipais__atual",
        "facilityType": "municipal_school",
        "name": "Escola Municipal Escritor Bartolomeu Campos de Queirós",
        "schoolType": "Escola Municipal"
      },
      "geometry": {
        "type": "Point",
        "coordinates": [
          -43.23858,
          -22.861217
        ]
      }
    },
    {
      "type": "Feature",
      "properties": {
        "sourceDatasetId": "data-rio__escolas_municipais__atual",
        "facilityType": "municipal_school",
        "name": "Escola Municipal Escritor Lêdo Ivo",
        "schoolType": "Escola Municipal"
      },
      "geometry": {
        "type": "Point",
        "coordinates": [
          -43.240516,
          -22.857271
        ]
      }
    },
    {
      "type": "Feature",
      "properties": {
        "sourceDatasetId": "data-rio__escolas_municipais__atual",
        "facilityType": "municipal_school",
        "name": "Escola Municipal Primário Genival Pereira de Albuquerque",
        "schoolType": "Escola Municipal"
      },
      "geometry": {
        "type": "Point",
        "coordinates": [
          -43.238649,
          -22.857335
        ]
      }
    },
    {
      "type": "Feature",
      "properties": {
        "sourceDatasetId": "data-rio__escolas_municipais__atual",
        "facilityType": "municipal_school",
        "name": "Escola Municipal Primário Osmar Paiva Camelo",
        "schoolType": "Escola Municipal"
      },
      "geometry": {
        "type": "Point",
        "coordinates": [
          -43.239045,
          -22.856309
        ]
      }
    },
    {
      "type": "Feature",
      "properties": {
        "sourceDatasetId": "data-rio__escolas_municipais__atual",
        "facilityType": "municipal_school",
        "name": "Escola Municipal Primário Lino Martins da Silva",
        "schoolType": "Escola Municipal"
      },
      "geometry": {
        "type": "Point",
        "coordinates": [
          -43.23918,
          -22.855802
        ]
      }
    },
    {
      "type": "Feature",
      "properties": {
        "sourceDatasetId": "data-rio__escolas_municipais__atual",
        "facilityType": "municipal_school",
        "name": "Escola Municipal Primário Erpídio Cabral de Souza (Índio da Maré)",
        "schoolType": "Escola Municipal"
      },
      "geometry": {
        "type": "Point",
        "coordinates": [
          -43.239047,
          -22.857419
        ]
      }
    },
    {
      "type": "Feature",
      "properties": {
        "sourceDatasetId": "data-rio__escolas_municipais__atual",
        "facilityType": "municipal_school",
        "name": "EM Ginásio Olimpíadas Rio 2016",
        "schoolType": "Escola Municipal"
      },
      "geometry": {
        "type": "Point",
        "coordinates": [
          -43.23893,
          -22.856743
        ]
      }
    },
    {
      "type": "Feature",
      "properties": {
        "sourceDatasetId": "data-rio__escolas_municipais__atual",
        "facilityType": "municipal_school",
        "name": "EM Primário Medalhista Olímpico Lucas Saatkamp",
        "schoolType": "Escola Municipal"
      },
      "geometry": {
        "type": "Point",
        "coordinates": [
          -43.241049,
          -22.85264
        ]
      }
    },
    {
      "type": "Feature",
      "properties": {
        "sourceDatasetId": "data-rio__escolas_municipais__atual",
        "facilityType": "municipal_school",
        "name": "Escola Municipal Ginásio Escritor Millôr Fernandes",
        "schoolType": "Escola Municipal"
      },
      "geometry": {
        "type": "Point",
        "coordinates": [
          -43.241257,
          -22.857712
        ]
      }
    },
    {
      "type": "Feature",
      "properties": {
        "sourceDatasetId": "data-rio__escolas_municipais__atual",
        "facilityType": "municipal_school",
        "name": "Escola Municipal Vereadora Marielle Franco",
        "schoolType": "Escola Municipal"
      },
      "geometry": {
        "type": "Point",
        "coordinates": [
          -43.236405,
          -22.872835
        ]
      }
    },
    {
      "type": "Feature",
      "properties": {
        "sourceDatasetId": "data-rio__escolas_municipais__atual",
        "facilityType": "municipal_school",
        "name": "Ciep Ministro Gustavo Capanema",
        "schoolType": "CIEP"
      },
      "geometry": {
        "type": "Point",
        "coordinates": [
          -43.237915,
          -22.869135
        ]
      }
    },
    {
      "type": "Feature",
      "properties": {
        "sourceDatasetId": "data-rio__escolas_municipais__atual",
        "facilityType": "municipal_school",
        "name": "Ciep Operário Vicente Mariano",
        "schoolType": "CIEP"
      },
      "geometry": {
        "type": "Point",
        "coordinates": [
          -43.237929,
          -22.861026
        ]
      }
    },
    {
      "type": "Feature",
      "properties": {
        "sourceDatasetId": "data-rio__escolas_municipais__atual",
        "facilityType": "municipal_school",
        "name": "Ciep Hélio Smidt",
        "schoolType": "CIEP"
      },
      "geometry": {
        "type": "Point",
        "coordinates": [
          -43.240753,
          -22.852979
        ]
      }
    },
    {
      "type": "Feature",
      "properties": {
        "sourceDatasetId": "data-rio__escolas_municipais__atual",
        "facilityType": "municipal_school",
        "name": "Ciep Presidente Samora Machel",
        "schoolType": "CIEP"
      },
      "geometry": {
        "type": "Point",
        "coordinates": [
          -43.241228,
          -22.857787
        ]
      }
    },
    {
      "type": "Feature",
      "properties": {
        "sourceDatasetId": "data-rio__escolas_municipais__atual",
        "facilityType": "municipal_school",
        "name": "Biblioteca Escolar Municipal do Dique - José do Lins do Rego",
        "schoolType": "Biblioteca Escolar Municipal"
      },
      "geometry": {
        "type": "Point",
        "coordinates": [
          -43.3249006,
          -22.8023654
        ]
      }
    },
    {
      "type": "Feature",
      "properties": {
        "sourceDatasetId": "data-rio__escolas_municipais__atual",
        "facilityType": "municipal_school",
        "name": "Biblioteca Escolar Municipal de Jardim Sulacap - Lúcia Benedetti",
        "schoolType": "Biblioteca Escolar Municipal"
      },
      "geometry": {
        "type": "Point",
        "coordinates": [
          -43.394899,
          -22.887126
        ]
      }
    },
    {
      "type": "Feature",
      "properties": {
        "sourceDatasetId": "data-rio__escolas_municipais__atual",
        "facilityType": "municipal_school",
        "name": "Escola Municipal Marechal Esperidião Rosas",
        "schoolType": "Escola Municipal"
      },
      "geometry": {
        "type": "Point",
        "coordinates": [
          -43.21823,
          -22.880015
        ]
      }
    },
    {
      "type": "Feature",
      "properties": {
        "sourceDatasetId": "data-rio__escolas_municipais__atual",
        "facilityType": "municipal_school",
        "name": "Escola Municipal Mario Claudio",
        "schoolType": "Escola Municipal"
      },
      "geometry": {
        "type": "Point",
        "coordinates": [
          -43.211044,
          -22.917233
        ]
      }
    },
    {
      "type": "Feature",
      "properties": {
        "sourceDatasetId": "data-rio__escolas_municipais__atual",
        "facilityType": "municipal_school",
        "name": "Escola Municipal Gonzaga da Gama Filho",
        "schoolType": "Escola Municipal"
      },
      "geometry": {
        "type": "Point",
        "coordinates": [
          -43.23774,
          -22.897678
        ]
      }
    },
    {
      "type": "Feature",
      "properties": {
        "sourceDatasetId": "data-rio__escolas_municipais__atual",
        "facilityType": "municipal_school",
        "name": "CDEI Amalia Fernandez Conde (Casarão)",
        "schoolType": "CDEI - Centro de Desenvolvimento de Educação Integrada"
      },
      "geometry": {
        "type": "Point",
        "coordinates": [
          -43.2013504,
          -22.9341926
        ]
      }
    },
    {
      "type": "Feature",
      "properties": {
        "sourceDatasetId": "data-rio__escolas_municipais__atual",
        "facilityType": "municipal_school",
        "name": "Ciep Elis Regina",
        "schoolType": "CIEP"
      },
      "geometry": {
        "type": "Point",
        "coordinates": [
          -43.240452,
          -22.857829
        ]
      }
    },
    {
      "type": "Feature",
      "properties": {
        "sourceDatasetId": "data-rio__escolas_municipais__atual",
        "facilityType": "municipal_school",
        "name": "Ciep Leonel de Moura Brizola",
        "schoolType": "CIEP"
      },
      "geometry": {
        "type": "Point",
        "coordinates": [
          -43.253378,
          -22.839576
        ]
      }
    },
    {
      "type": "Feature",
      "properties": {
        "sourceDatasetId": "data-rio__escolas_municipais__atual",
        "facilityType": "municipal_school",
        "name": "Creche Municipal Menino Maluquinho",
        "schoolType": "Creche Municipal"
      },
      "geometry": {
        "type": "Point",
        "coordinates": [
          -43.238471,
          -22.871385
        ]
      }
    },
    {
      "type": "Feature",
      "properties": {
        "sourceDatasetId": "data-rio__escolas_municipais__atual",
        "facilityType": "municipal_school",
        "name": "Creche Municipal Vila Pinheiro",
        "schoolType": "Creche Municipal"
      },
      "geometry": {
        "type": "Point",
        "coordinates": [
          -43.236586,
          -22.869745
        ]
      }
    },
    {
      "type": "Feature",
      "properties": {
        "sourceDatasetId": "data-rio__escolas_municipais__atual",
        "facilityType": "municipal_school",
        "name": "Creche Municipal Tio Mário",
        "schoolType": "Creche Municipal"
      },
      "geometry": {
        "type": "Point",
        "coordinates": [
          -43.239545,
          -22.873426
        ]
      }
    },
    {
      "type": "Feature",
      "properties": {
        "sourceDatasetId": "data-rio__escolas_municipais__atual",
        "facilityType": "municipal_school",
        "name": "Creche Municipal Monteiro Lobato",
        "schoolType": "Creche Municipal"
      },
      "geometry": {
        "type": "Point",
        "coordinates": [
          -43.243106,
          -22.856316
        ]
      }
    },
    {
      "type": "Feature",
      "properties": {
        "sourceDatasetId": "data-rio__escolas_municipais__atual",
        "facilityType": "municipal_school",
        "name": "Creche Municipal Nova Holanda",
        "schoolType": "Creche Municipal"
      },
      "geometry": {
        "type": "Point",
        "coordinates": [
          -43.242888,
          -22.854467
        ]
      }
    },
    {
      "type": "Feature",
      "properties": {
        "sourceDatasetId": "data-rio__escolas_municipais__atual",
        "facilityType": "municipal_school",
        "name": "Creche Municipal Professor Paulo Freire",
        "schoolType": "Creche Municipal"
      },
      "geometry": {
        "type": "Point",
        "coordinates": [
          -43.24005,
          -22.859501
        ]
      }
    },
    {
      "type": "Feature",
      "properties": {
        "sourceDatasetId": "data-rio__escolas_municipais__atual",
        "facilityType": "municipal_school",
        "name": "Centro de Educação de Jovens e Adultos CEJA - Maré",
        "schoolType": "CEJA - Centro de Educação de Jovens e Adultos"
      },
      "geometry": {
        "type": "Point",
        "coordinates": [
          -43.242277,
          -22.866235
        ]
      }
    },
    {
      "type": "Feature",
      "properties": {
        "sourceDatasetId": "data-rio__escolas_municipais__atual",
        "facilityType": "municipal_school",
        "name": "Espaço de Desenvolvimento Infantil Pescador Isidoro Duarte - \"Doro\"",
        "schoolType": "EDI"
      },
      "geometry": {
        "type": "Point",
        "coordinates": [
          -43.238621,
          -22.862239
        ]
      }
    },
    {
      "type": "Feature",
      "properties": {
        "sourceDatasetId": "data-rio__escolas_municipais__atual",
        "facilityType": "municipal_school",
        "name": "Espaço de Desenvolvimento Infantil Professora Kelita Faria de Paula",
        "schoolType": "EDI"
      },
      "geometry": {
        "type": "Point",
        "coordinates": [
          -43.243179,
          -22.865546
        ]
      }
    },
    {
      "type": "Feature",
      "properties": {
        "sourceDatasetId": "data-rio__escolas_municipais__atual",
        "facilityType": "municipal_school",
        "name": "Espaço de Desenvolvimento Infantil Professor Moacyr de Góes",
        "schoolType": "EDI"
      },
      "geometry": {
        "type": "Point",
        "coordinates": [
          -43.239989,
          -22.857891
        ]
      }
    },
    {
      "type": "Feature",
      "properties": {
        "sourceDatasetId": "data-rio__escolas_municipais__atual",
        "facilityType": "municipal_school",
        "name": "Espaço de Desenvolvimento Infantil Cremilda da Silva dos Santos",
        "schoolType": "EDI"
      },
      "geometry": {
        "type": "Point",
        "coordinates": [
          -43.23807,
          -22.861671
        ]
      }
    },
    {
      "type": "Feature",
      "properties": {
        "sourceDatasetId": "data-rio__escolas_municipais__atual",
        "facilityType": "municipal_school",
        "name": "Espaço de Desenvolvimento Infantil Professora Solange Conceição Tricarico",
        "schoolType": "EDI"
      },
      "geometry": {
        "type": "Point",
        "coordinates": [
          -43.242858,
          -22.865663
        ]
      }
    },
    {
      "type": "Feature",
      "properties": {
        "sourceDatasetId": "data-rio__escolas_municipais__atual",
        "facilityType": "municipal_school",
        "name": "Espaço de Desenvolvimento Infantil Professora Cleia Santos de Oliveira",
        "schoolType": "EDI"
      },
      "geometry": {
        "type": "Point",
        "coordinates": [
          -43.241914,
          -22.854283
        ]
      }
    },
    {
      "type": "Feature",
      "properties": {
        "sourceDatasetId": "data-rio__escolas_municipais__atual",
        "facilityType": "municipal_school",
        "name": "Espaço de Desenvolvimento Infantil Maria Amélia Castro e Silva Belfort",
        "schoolType": "EDI"
      },
      "geometry": {
        "type": "Point",
        "coordinates": [
          -43.239377,
          -22.856902
        ]
      }
    },
    {
      "type": "Feature",
      "properties": {
        "sourceDatasetId": "data-rio__escolas_municipais__atual",
        "facilityType": "municipal_school",
        "name": "Espaço de Desenvolvimento Infantil Azoílda Trindade (Zô)",
        "schoolType": "EDI"
      },
      "geometry": {
        "type": "Point",
        "coordinates": [
          -43.239444,
          -22.857599
        ]
      }
    },
    {
      "type": "Feature",
      "properties": {
        "sourceDatasetId": "data-rio__escolas_municipais__atual",
        "facilityType": "municipal_school",
        "name": "Espaço de Desenvolvimento Infantil Medalhista Olímpico Luiz Felipe Marques Fonteles",
        "schoolType": "EDI"
      },
      "geometry": {
        "type": "Point",
        "coordinates": [
          -43.234365,
          -22.87059
        ]
      }
    },
    {
      "type": "Feature",
      "properties": {
        "sourceDatasetId": "data-rio__escolas_municipais__atual",
        "facilityType": "municipal_school",
        "name": "Espaço de Desenvolvimento Infantil Medalhista Olímpico Evandro Motta Marcondes Guerra",
        "schoolType": "EDI"
      },
      "geometry": {
        "type": "Point",
        "coordinates": [
          -43.234242,
          -22.870255
        ]
      }
    },
    {
      "type": "Feature",
      "properties": {
        "sourceDatasetId": "data-rio__escolas_municipais__atual",
        "facilityType": "municipal_school",
        "name": "Espaço de Desenvolvimento Infantil Medalhista Olímpico William Peixoto Argona",
        "schoolType": "EDI"
      },
      "geometry": {
        "type": "Point",
        "coordinates": [
          -43.234122,
          -22.869949
        ]
      }
    },
    {
      "type": "Feature",
      "properties": {
        "sourceDatasetId": "data-rio__escolas_municipais__atual",
        "facilityType": "municipal_school",
        "name": "Espaço de Desenvolvimento Infantil Medalhista Olímpico Eder Francis Carbonera",
        "schoolType": "EDI"
      },
      "geometry": {
        "type": "Point",
        "coordinates": [
          -43.23396,
          -22.869632
        ]
      }
    },
    {
      "type": "Feature",
      "properties": {
        "sourceDatasetId": "data-rio__escolas_municipais__atual",
        "facilityType": "municipal_school",
        "name": "Espaço de Desenvolvimento Infantil Armando de Salles Oliveira",
        "schoolType": "EDI"
      },
      "geometry": {
        "type": "Point",
        "coordinates": [
          -43.250621,
          -22.841106
        ]
      }
    },
    {
      "type": "Feature",
      "properties": {
        "sourceDatasetId": "data-rio__escolas_municipais__atual",
        "facilityType": "municipal_school",
        "name": "Espaço de Desenvolvilmento Infantil João Crisóstomo",
        "schoolType": "EDI"
      },
      "geometry": {
        "type": "Point",
        "coordinates": [
          -43.233866,
          -22.869396
        ]
      }
    },
    {
      "type": "Feature",
      "properties": {
        "sourceDatasetId": "data-rio__escolas_municipais__atual",
        "facilityType": "municipal_school",
        "name": "Espaço de Desenvolvimento Infantil Pescador Albano Rosa",
        "schoolType": "EDI"
      },
      "geometry": {
        "type": "Point",
        "coordinates": [
          -43.23884,
          -22.86549
        ]
      }
    },
    {
      "type": "Feature",
      "properties": {
        "sourceDatasetId": "data-rio__escolas_municipais__atual",
        "facilityType": "municipal_school",
        "name": "Escola Municipal Ary Barroso",
        "schoolType": "Escola Municipal"
      },
      "geometry": {
        "type": "Point",
        "coordinates": [
          -43.306648,
          -22.833069
        ]
      }
    },
    {
      "type": "Feature",
      "properties": {
        "sourceDatasetId": "data-rio__escolas_municipais__atual",
        "facilityType": "municipal_school",
        "name": "Escola Municipal David Perez",
        "schoolType": "Escola Municipal"
      },
      "geometry": {
        "type": "Point",
        "coordinates": [
          -43.306119,
          -22.830074
        ]
      }
    },
    {
      "type": "Feature",
      "properties": {
        "sourceDatasetId": "data-rio__escolas_municipais__atual",
        "facilityType": "municipal_school",
        "name": "Escola Municipal Miguel Gustavo",
        "schoolType": "Escola Municipal"
      },
      "geometry": {
        "type": "Point",
        "coordinates": [
          -43.302346,
          -22.834663
        ]
      }
    },
    {
      "type": "Feature",
      "properties": {
        "sourceDatasetId": "data-rio__escolas_municipais__atual",
        "facilityType": "municipal_school",
        "name": "Escola Municipal Alfredo Gomes",
        "schoolType": "Escola Municipal"
      },
      "geometry": {
        "type": "Point",
        "coordinates": [
          -43.304816,
          -22.826272
        ]
      }
    },
    {
      "type": "Feature",
      "properties": {
        "sourceDatasetId": "data-rio__escolas_municipais__atual",
        "facilityType": "municipal_school",
        "name": "Escola Municipal São João Batista",
        "schoolType": "Escola Municipal"
      },
      "geometry": {
        "type": "Point",
        "coordinates": [
          -43.306879,
          -22.826379
        ]
      }
    },
    {
      "type": "Feature",
      "properties": {
        "sourceDatasetId": "data-rio__escolas_municipais__atual",
        "facilityType": "municipal_school",
        "name": "Escola Municipal Embaixador Barros Hurtado",
        "schoolType": "Escola Municipal"
      },
      "geometry": {
        "type": "Point",
        "coordinates": [
          -43.306485,
          -22.827038
        ]
      }
    },
    {
      "type": "Feature",
      "properties": {
        "sourceDatasetId": "data-rio__escolas_municipais__atual",
        "facilityType": "municipal_school",
        "name": "Escola Municipal Odilon Braga",
        "schoolType": "Escola Municipal"
      },
      "geometry": {
        "type": "Point",
        "coordinates": [
          -43.30709,
          -22.825988
        ]
      }
    },
    {
      "type": "Feature",
      "properties": {
        "sourceDatasetId": "data-rio__escolas_municipais__atual",
        "facilityType": "municipal_school",
        "name": "Escola Municipal Roraima",
        "schoolType": "Escola Municipal"
      },
      "geometry": {
        "type": "Point",
        "coordinates": [
          -43.295461,
          -22.823328
        ]
      }
    },
    {
      "type": "Feature",
      "properties": {
        "sourceDatasetId": "data-rio__escolas_municipais__atual",
        "facilityType": "municipal_school",
        "name": "Escola Municipal Armando Fajardo",
        "schoolType": "Escola Municipal"
      },
      "geometry": {
        "type": "Point",
        "coordinates": [
          -43.294184,
          -22.818005
        ]
      }
    },
    {
      "type": "Feature",
      "properties": {
        "sourceDatasetId": "data-rio__escolas_municipais__atual",
        "facilityType": "municipal_school",
        "name": "Escola Municipal Raul Pederneiras",
        "schoolType": "Escola Municipal"
      },
      "geometry": {
        "type": "Point",
        "coordinates": [
          -43.293336,
          -22.8192
        ]
      }
    },
    {
      "type": "Feature",
      "properties": {
        "sourceDatasetId": "data-rio__escolas_municipais__atual",
        "facilityType": "municipal_school",
        "name": "Escola Municipal Montese",
        "schoolType": "Escola Municipal"
      },
      "geometry": {
        "type": "Point",
        "coordinates": [
          -43.292095,
          -22.815771
        ]
      }
    },
    {
      "type": "Feature",
      "properties": {
        "sourceDatasetId": "data-rio__escolas_municipais__atual",
        "facilityType": "municipal_school",
        "name": "Escola Municipal Ministro Lafayette de Andrada",
        "schoolType": "Escola Municipal"
      },
      "geometry": {
        "type": "Point",
        "coordinates": [
          -43.292826,
          -22.817519
        ]
      }
    },
    {
      "type": "Feature",
      "properties": {
        "sourceDatasetId": "data-rio__escolas_municipais__atual",
        "facilityType": "municipal_school",
        "name": "Escola Municipal Joseph Bloch",
        "schoolType": "Escola Municipal"
      },
      "geometry": {
        "type": "Point",
        "coordinates": [
          -43.303586,
          -22.817846
        ]
      }
    },
    {
      "type": "Feature",
      "properties": {
        "sourceDatasetId": "data-rio__escolas_municipais__atual",
        "facilityType": "municipal_school",
        "name": "Escola Municipal Cruzada São Sebastião",
        "schoolType": "Escola Municipal"
      },
      "geometry": {
        "type": "Point",
        "coordinates": [
          -43.296781,
          -22.812962
        ]
      }
    },
    {
      "type": "Feature",
      "properties": {
        "sourceDatasetId": "data-rio__escolas_municipais__atual",
        "facilityType": "municipal_school",
        "name": "Escola Municipal Cardeal Câmara",
        "schoolType": "Escola Municipal"
      },
      "geometry": {
        "type": "Point",
        "coordinates": [
          -43.303566,
          -22.81527
        ]
      }
    },
    {
      "type": "Feature",
      "properties": {
        "sourceDatasetId": "data-rio__escolas_municipais__atual",
        "facilityType": "municipal_school",
        "name": "Escola Municipal República do Líbano",
        "schoolType": "Escola Municipal"
      },
      "geometry": {
        "type": "Point",
        "coordinates": [
          -43.309606,
          -22.813164
        ]
      }
    },
    {
      "type": "Feature",
      "properties": {
        "sourceDatasetId": "data-rio__escolas_municipais__atual",
        "facilityType": "municipal_school",
        "name": "Escola Municipal Jorge de Gouveia",
        "schoolType": "Escola Municipal"
      },
      "geometry": {
        "type": "Point",
        "coordinates": [
          -43.306452,
          -22.805311
        ]
      }
    },
    {
      "type": "Feature",
      "properties": {
        "sourceDatasetId": "data-rio__escolas_municipais__atual",
        "facilityType": "municipal_school",
        "name": "Escola Municipal Heitor Beltrão",
        "schoolType": "Escola Municipal"
      },
      "geometry": {
        "type": "Point",
        "coordinates": [
          -43.307559,
          -22.815727
        ]
      }
    },
    {
      "type": "Feature",
      "properties": {
        "sourceDatasetId": "data-rio__escolas_municipais__atual",
        "facilityType": "municipal_school",
        "name": "Escola Municipal Eneyda Rabello de Andrade",
        "schoolType": "Escola Municipal"
      },
      "geometry": {
        "type": "Point",
        "coordinates": [
          -43.317177,
          -22.806775
        ]
      }
    },
    {
      "type": "Feature",
      "properties": {
        "sourceDatasetId": "data-rio__escolas_municipais__atual",
        "facilityType": "municipal_school",
        "name": "Escola Municipal Presidente Gronchi",
        "schoolType": "Escola Municipal"
      },
      "geometry": {
        "type": "Point",
        "coordinates": [
          -43.322276,
          -22.813712
        ]
      }
    },
    {
      "type": "Feature",
      "properties": {
        "sourceDatasetId": "data-rio__escolas_municipais__atual",
        "facilityType": "municipal_school",
        "name": "Escola Municipal Andrade Neves",
        "schoolType": "Escola Municipal"
      },
      "geometry": {
        "type": "Point",
        "coordinates": [
          -43.326292,
          -22.809448
        ]
      }
    },
    {
      "type": "Feature",
      "properties": {
        "sourceDatasetId": "data-rio__escolas_municipais__atual",
        "facilityType": "municipal_school",
        "name": "Escola Municipal Herbert Moses",
        "schoolType": "Escola Municipal"
      },
      "geometry": {
        "type": "Point",
        "coordinates": [
          -43.321794,
          -22.811661
        ]
      }
    },
    {
      "type": "Feature",
      "properties": {
        "sourceDatasetId": "data-rio__escolas_municipais__atual",
        "facilityType": "municipal_school",
        "name": "Escola Municipal Zélia Braune",
        "schoolType": "Escola Municipal"
      },
      "geometry": {
        "type": "Point",
        "coordinates": [
          -43.320838,
          -22.808983
        ]
      }
    },
    {
      "type": "Feature",
      "properties": {
        "sourceDatasetId": "data-rio__escolas_municipais__atual",
        "facilityType": "municipal_school",
        "name": "Ciep Mestre Cartola (Agenor de Oliveira)",
        "schoolType": "CIEP"
      },
      "geometry": {
        "type": "Point",
        "coordinates": [
          -43.301046,
          -22.808553
        ]
      }
    },
    {
      "type": "Feature",
      "properties": {
        "sourceDatasetId": "data-rio__escolas_municipais__atual",
        "facilityType": "municipal_school",
        "name": "Ciep Graciliano Ramos",
        "schoolType": "CIEP"
      },
      "geometry": {
        "type": "Point",
        "coordinates": [
          -43.322605,
          -22.813518
        ]
      }
    },
    {
      "type": "Feature",
      "properties": {
        "sourceDatasetId": "data-rio__escolas_municipais__atual",
        "facilityType": "municipal_school",
        "name": "Creche Municipal Luís Carlos de Oliveira Câmara",
        "schoolType": "Creche Municipal"
      },
      "geometry": {
        "type": "Point",
        "coordinates": [
          -43.290269,
          -22.81681
        ]
      }
    },
    {
      "type": "Feature",
      "properties": {
        "sourceDatasetId": "data-rio__escolas_municipais__atual",
        "facilityType": "municipal_school",
        "name": "Creche Municipal Barbosa Lima Sobrinho",
        "schoolType": "Creche Municipal"
      },
      "geometry": {
        "type": "Point",
        "coordinates": [
          -43.31926,
          -22.802662
        ]
      }
    },
    {
      "type": "Feature",
      "properties": {
        "sourceDatasetId": "data-rio__escolas_municipais__atual",
        "facilityType": "municipal_school",
        "name": "Creche Municipal Chico Mendes",
        "schoolType": "Creche Municipal"
      },
      "geometry": {
        "type": "Point",
        "coordinates": [
          -43.292015,
          -22.818898
        ]
      }
    },
    {
      "type": "Feature",
      "properties": {
        "sourceDatasetId": "data-rio__escolas_municipais__atual",
        "facilityType": "municipal_school",
        "name": "Creche Municipal Coração de Geneve",
        "schoolType": "Creche Municipal"
      },
      "geometry": {
        "type": "Point",
        "coordinates": [
          -43.304288,
          -22.807072
        ]
      }
    },
    {
      "type": "Feature",
      "properties": {
        "sourceDatasetId": "data-rio__escolas_municipais__atual",
        "facilityType": "municipal_school",
        "name": "Creche Municipal Sempre Vida Dique",
        "schoolType": "Creche Municipal"
      },
      "geometry": {
        "type": "Point",
        "coordinates": [
          -43.323902,
          -22.802921
        ]
      }
    },
    {
      "type": "Feature",
      "properties": {
        "sourceDatasetId": "data-rio__escolas_municipais__atual",
        "facilityType": "municipal_school",
        "name": "Creche Municipal Visconde de Sabugosa",
        "schoolType": "Creche Municipal"
      },
      "geometry": {
        "type": "Point",
        "coordinates": [
          -43.331531,
          -22.804345
        ]
      }
    },
    {
      "type": "Feature",
      "properties": {
        "sourceDatasetId": "data-rio__escolas_municipais__atual",
        "facilityType": "municipal_school",
        "name": "Creche Municipal Acauã",
        "schoolType": "Creche Municipal"
      },
      "geometry": {
        "type": "Point",
        "coordinates": [
          -43.304736,
          -22.801972
        ]
      }
    },
    {
      "type": "Feature",
      "properties": {
        "sourceDatasetId": "data-rio__escolas_municipais__atual",
        "facilityType": "municipal_school",
        "name": "Creche Municipal Ari Pimentel",
        "schoolType": "Creche Municipal"
      },
      "geometry": {
        "type": "Point",
        "coordinates": [
          -43.296036,
          -22.812555
        ]
      }
    },
    {
      "type": "Feature",
      "properties": {
        "sourceDatasetId": "data-rio__escolas_municipais__atual",
        "facilityType": "municipal_school",
        "name": "Espaço de Desenvolvimento Infantil Carvalho Mourão",
        "schoolType": "EDI"
      },
      "geometry": {
        "type": "Point",
        "coordinates": [
          -43.295081,
          -22.819887
        ]
      }
    },
    {
      "type": "Feature",
      "properties": {
        "sourceDatasetId": "data-rio__escolas_municipais__atual",
        "facilityType": "municipal_school",
        "name": "Espaço de Desenvolvimento Infantil Professor Carlos Falseth",
        "schoolType": "EDI"
      },
      "geometry": {
        "type": "Point",
        "coordinates": [
          -43.321322,
          -22.807508
        ]
      }
    },
    {
      "type": "Feature",
      "properties": {
        "sourceDatasetId": "data-rio__escolas_municipais__atual",
        "facilityType": "municipal_school",
        "name": "Espaço de Desenvolvimento Infantil Professor Emmanuel Pereira Filho",
        "schoolType": "EDI"
      },
      "geometry": {
        "type": "Point",
        "coordinates": [
          -43.309081,
          -22.825848
        ]
      }
    },
    {
      "type": "Feature",
      "properties": {
        "sourceDatasetId": "data-rio__escolas_municipais__atual",
        "facilityType": "municipal_school",
        "name": "Espaço de Desenvolvilmento Infantil Alfredo Valladão",
        "schoolType": "EDI"
      },
      "geometry": {
        "type": "Point",
        "coordinates": [
          -43.316226,
          -22.809036
        ]
      }
    },
    {
      "type": "Feature",
      "properties": {
        "sourceDatasetId": "data-rio__escolas_municipais__atual",
        "facilityType": "municipal_school",
        "name": "Espaço de Desenvolvimento Infantil Cônego Fernandes Pinheiro",
        "schoolType": "EDI"
      },
      "geometry": {
        "type": "Point",
        "coordinates": [
          -43.326441,
          -22.807343
        ]
      }
    },
    {
      "type": "Feature",
      "properties": {
        "sourceDatasetId": "data-rio__escolas_municipais__atual",
        "facilityType": "municipal_school",
        "name": "Escola Municipal Desembargador Montenegro",
        "schoolType": "Escola Municipal"
      },
      "geometry": {
        "type": "Point",
        "coordinates": [
          -43.304373,
          -22.848778
        ]
      }
    },
    {
      "type": "Feature",
      "properties": {
        "sourceDatasetId": "data-rio__escolas_municipais__atual",
        "facilityType": "municipal_school",
        "name": "Escola Municipal Cecília Meirelles",
        "schoolType": "Escola Municipal"
      },
      "geometry": {
        "type": "Point",
        "coordinates": [
          -43.303787,
          -22.84944
        ]
      }
    },
    {
      "type": "Feature",
      "properties": {
        "sourceDatasetId": "data-rio__escolas_municipais__atual",
        "facilityType": "municipal_school",
        "name": "Escola Municipal Maestro Pixinguinha",
        "schoolType": "Escola Municipal"
      },
      "geometry": {
        "type": "Point",
        "coordinates": [
          -43.307718,
          -22.858388
        ]
      }
    },
    {
      "type": "Feature",
      "properties": {
        "sourceDatasetId": "data-rio__escolas_municipais__atual",
        "facilityType": "municipal_school",
        "name": "Escola Municipal Sergipe",
        "schoolType": "Escola Municipal"
      },
      "geometry": {
        "type": "Point",
        "coordinates": [
          -43.31356,
          -22.856364
        ]
      }
    },
    {
      "type": "Feature",
      "properties": {
        "sourceDatasetId": "data-rio__escolas_municipais__atual",
        "facilityType": "municipal_school",
        "name": "Escola Municipal Bolívia",
        "schoolType": "Escola Municipal"
      },
      "geometry": {
        "type": "Point",
        "coordinates": [
          -43.316233,
          -22.856838
        ]
      }
    },
    {
      "type": "Feature",
      "properties": {
        "sourceDatasetId": "data-rio__escolas_municipais__atual",
        "facilityType": "municipal_school",
        "name": "Escola Municipal Quintino do Valle",
        "schoolType": "Escola Municipal"
      },
      "geometry": {
        "type": "Point",
        "coordinates": [
          -43.305069,
          -22.842202
        ]
      }
    },
    {
      "type": "Feature",
      "properties": {
        "sourceDatasetId": "data-rio__escolas_municipais__atual",
        "facilityType": "municipal_school",
        "name": "Escola Municipal Albert Sabin",
        "schoolType": "Escola Municipal"
      },
      "geometry": {
        "type": "Point",
        "coordinates": [
          -43.311007,
          -22.842136
        ]
      }
    },
    {
      "type": "Feature",
      "properties": {
        "sourceDatasetId": "data-rio__escolas_municipais__atual",
        "facilityType": "municipal_school",
        "name": "Escola Municipal Maria Baptistina Duffles Teixeira Lott",
        "schoolType": "Escola Municipal"
      },
      "geometry": {
        "type": "Point",
        "coordinates": [
          -43.316253,
          -22.831887
        ]
      }
    },
    {
      "type": "Feature",
      "properties": {
        "sourceDatasetId": "data-rio__escolas_municipais__atual",
        "facilityType": "municipal_school",
        "name": "Escola Municipal Mato Grosso",
        "schoolType": "Escola Municipal"
      },
      "geometry": {
        "type": "Point",
        "coordinates": [
          -43.326192,
          -22.842919
        ]
      }
    },
    {
      "type": "Feature",
      "properties": {
        "sourceDatasetId": "data-rio__escolas_municipais__atual",
        "facilityType": "municipal_school",
        "name": "Escola Municipal Irã",
        "schoolType": "Escola Municipal"
      },
      "geometry": {
        "type": "Point",
        "coordinates": [
          -43.319452,
          -22.834344
        ]
      }
    },
    {
      "type": "Feature",
      "properties": {
        "sourceDatasetId": "data-rio__escolas_municipais__atual",
        "facilityType": "municipal_school",
        "name": "Escola Municipal Alfredo de Paula Freitas",
        "schoolType": "Escola Municipal"
      },
      "geometry": {
        "type": "Point",
        "coordinates": [
          -43.324003,
          -22.838509
        ]
      }
    },
    {
      "type": "Feature",
      "properties": {
        "sourceDatasetId": "data-rio__escolas_municipais__atual",
        "facilityType": "municipal_school",
        "name": "Escola Municipal J. Carlos",
        "schoolType": "Escola Municipal"
      },
      "geometry": {
        "type": "Point",
        "coordinates": [
          -43.314841,
          -22.824717
        ]
      }
    },
    {
      "type": "Feature",
      "properties": {
        "sourceDatasetId": "data-rio__escolas_municipais__atual",
        "facilityType": "municipal_school",
        "name": "Escola Municipal Adlai Stevenson",
        "schoolType": "Escola Municipal"
      },
      "geometry": {
        "type": "Point",
        "coordinates": [
          -43.315453,
          -22.825239
        ]
      }
    },
    {
      "type": "Feature",
      "properties": {
        "sourceDatasetId": "data-rio__escolas_municipais__atual",
        "facilityType": "municipal_school",
        "name": "Escola Municipal Barcelona",
        "schoolType": "Escola Municipal"
      },
      "geometry": {
        "type": "Point",
        "coordinates": [
          -43.318535,
          -22.842979
        ]
      }
    },
    {
      "type": "Feature",
      "properties": {
        "sourceDatasetId": "data-rio__escolas_municipais__atual",
        "facilityType": "municipal_school",
        "name": "Escola Municipal Pires e Albuquerque",
        "schoolType": "Escola Municipal"
      },
      "geometry": {
        "type": "Point",
        "coordinates": [
          -43.32443,
          -22.853017
        ]
      }
    },
    {
      "type": "Feature",
      "properties": {
        "sourceDatasetId": "data-rio__escolas_municipais__atual",
        "facilityType": "municipal_school",
        "name": "Escola Municipal Rodolfo Garcia",
        "schoolType": "Escola Municipal"
      },
      "geometry": {
        "type": "Point",
        "coordinates": [
          -43.323844,
          -22.852683
        ]
      }
    },
    {
      "type": "Feature",
      "properties": {
        "sourceDatasetId": "data-rio__escolas_municipais__atual",
        "facilityType": "municipal_school",
        "name": "Escola Municipal Rodrigo Otávio Filho",
        "schoolType": "Escola Municipal"
      },
      "geometry": {
        "type": "Point",
        "coordinates": [
          -43.325323,
          -22.851665
        ]
      }
    },
    {
      "type": "Feature",
      "properties": {
        "sourceDatasetId": "data-rio__escolas_municipais__atual",
        "facilityType": "municipal_school",
        "name": "Escola Municipal Rosa Bettiato Záttera",
        "schoolType": "Escola Municipal"
      },
      "geometry": {
        "type": "Point",
        "coordinates": [
          -43.330794,
          -22.851458
        ]
      }
    },
    {
      "type": "Feature",
      "properties": {
        "sourceDatasetId": "data-rio__escolas_municipais__atual",
        "facilityType": "municipal_school",
        "name": "Escola Municipal José do Patrocínio",
        "schoolType": "Escola Municipal"
      },
      "geometry": {
        "type": "Point",
        "coordinates": [
          -43.323465,
          -22.838159
        ]
      }
    },
    {
      "type": "Feature",
      "properties": {
        "sourceDatasetId": "data-rio__escolas_municipais__atual",
        "facilityType": "municipal_school",
        "name": "Escola Municipal Nun' Álvares Pereira",
        "schoolType": "Escola Municipal"
      },
      "geometry": {
        "type": "Point",
        "coordinates": [
          -43.316019,
          -22.825406
        ]
      }
    },
    {
      "type": "Feature",
      "properties": {
        "sourceDatasetId": "data-rio__escolas_municipais__atual",
        "facilityType": "municipal_school",
        "name": "Escola Municipal Mário Paulo de Brito",
        "schoolType": "Escola Municipal"
      },
      "geometry": {
        "type": "Point",
        "coordinates": [
          -43.319501,
          -22.833984
        ]
      }
    },
    {
      "type": "Feature",
      "properties": {
        "sourceDatasetId": "data-rio__escolas_municipais__atual",
        "facilityType": "municipal_school",
        "name": "Escola Municipal Gaspar Vianna",
        "schoolType": "Escola Municipal"
      },
      "geometry": {
        "type": "Point",
        "coordinates": [
          -43.321018,
          -22.825445
        ]
      }
    },
    {
      "type": "Feature",
      "properties": {
        "sourceDatasetId": "data-rio__escolas_municipais__atual",
        "facilityType": "municipal_school",
        "name": "Escola Municipal Almirante Newton Braga de Faria",
        "schoolType": "Escola Municipal"
      },
      "geometry": {
        "type": "Point",
        "coordinates": [
          -43.326131,
          -22.835996
        ]
      }
    },
    {
      "type": "Feature",
      "properties": {
        "sourceDatasetId": "data-rio__escolas_municipais__atual",
        "facilityType": "municipal_school",
        "name": "Escola Municipal Conde Pereira Carneiro",
        "schoolType": "Escola Municipal"
      },
      "geometry": {
        "type": "Point",
        "coordinates": [
          -43.331022,
          -22.823286
        ]
      }
    },
    {
      "type": "Feature",
      "properties": {
        "sourceDatasetId": "data-rio__escolas_municipais__atual",
        "facilityType": "municipal_school",
        "name": "Escola Municipal Francisco Sertorio Portinho",
        "schoolType": "Escola Municipal"
      },
      "geometry": {
        "type": "Point",
        "coordinates": [
          -43.327179,
          -22.829812
        ]
      }
    },
    {
      "type": "Feature",
      "properties": {
        "sourceDatasetId": "data-rio__escolas_municipais__atual",
        "facilityType": "municipal_school",
        "name": "Escola Municipal Sebastião de Lacerda",
        "schoolType": "Escola Municipal"
      },
      "geometry": {
        "type": "Point",
        "coordinates": [
          -43.334322,
          -22.823116
        ]
      }
    },
    {
      "type": "Feature",
      "properties": {
        "sourceDatasetId": "data-rio__escolas_municipais__atual",
        "facilityType": "municipal_school",
        "name": "Escola Municipal Tarsila do Amaral",
        "schoolType": "Escola Municipal"
      },
      "geometry": {
        "type": "Point",
        "coordinates": [
          -43.325766,
          -22.824846
        ]
      }
    },
    {
      "type": "Feature",
      "properties": {
        "sourceDatasetId": "data-rio__escolas_municipais__atual",
        "facilityType": "municipal_school",
        "name": "Escola Municipal Malba Tahan",
        "schoolType": "Escola Municipal"
      },
      "geometry": {
        "type": "Point",
        "coordinates": [
          -43.326703,
          -22.824182
        ]
      }
    },
    {
      "type": "Feature",
      "properties": {
        "sourceDatasetId": "data-rio__escolas_municipais__atual",
        "facilityType": "municipal_school",
        "name": "Escola Municipal Olimpia do Couto",
        "schoolType": "Escola Municipal"
      },
      "geometry": {
        "type": "Point",
        "coordinates": [
          -43.334493,
          -22.823393
        ]
      }
    },
    {
      "type": "Feature",
      "properties": {
        "sourceDatasetId": "data-rio__escolas_municipais__atual",
        "facilityType": "municipal_school",
        "name": "Escola Municipal Cláudio Ignácio de Oliveira",
        "schoolType": "Escola Municipal"
      },
      "geometry": {
        "type": "Point",
        "coordinates": [
          -43.319891,
          -22.847823
        ]
      }
    },
    {
      "type": "Feature",
      "properties": {
        "sourceDatasetId": "data-rio__escolas_municipais__atual",
        "facilityType": "municipal_school",
        "name": "Escola Municipal Mendes Viana",
        "schoolType": "Escola Municipal"
      },
      "geometry": {
        "type": "Point",
        "coordinates": [
          -43.330213,
          -22.835253
        ]
      }
    },
    {
      "type": "Feature",
      "properties": {
        "sourceDatasetId": "data-rio__escolas_municipais__atual",
        "facilityType": "municipal_school",
        "name": "Escola Municipal Paula Fonseca",
        "schoolType": "Escola Municipal"
      },
      "geometry": {
        "type": "Point",
        "coordinates": [
          -43.342961,
          -22.838287
        ]
      }
    },
    {
      "type": "Feature",
      "properties": {
        "sourceDatasetId": "data-rio__escolas_municipais__atual",
        "facilityType": "municipal_school",
        "name": "Escola Municipal Amapá",
        "schoolType": "Escola Municipal"
      },
      "geometry": {
        "type": "Point",
        "coordinates": [
          -43.338924,
          -22.845011
        ]
      }
    },
    {
      "type": "Feature",
      "properties": {
        "sourceDatasetId": "data-rio__escolas_municipais__atual",
        "facilityType": "municipal_school",
        "name": "Ciep Dom Oscar Romero",
        "schoolType": "CIEP"
      },
      "geometry": {
        "type": "Point",
        "coordinates": [
          -43.330928,
          -22.834911
        ]
      }
    },
    {
      "type": "Feature",
      "properties": {
        "sourceDatasetId": "data-rio__escolas_municipais__atual",
        "facilityType": "municipal_school",
        "name": "Creche Municipal Tio Sebastião Xavier",
        "schoolType": "Creche Municipal"
      },
      "geometry": {
        "type": "Point",
        "coordinates": [
          -43.303981,
          -22.849085
        ]
      }
    },
    {
      "type": "Feature",
      "properties": {
        "sourceDatasetId": "data-rio__escolas_municipais__atual",
        "facilityType": "municipal_school",
        "name": "Creche Municipal Jeciá de Freitas Ferreira",
        "schoolType": "Creche Municipal"
      },
      "geometry": {
        "type": "Point",
        "coordinates": [
          -43.327411,
          -22.831074
        ]
      }
    },
    {
      "type": "Feature",
      "properties": {
        "sourceDatasetId": "data-rio__escolas_municipais__atual",
        "facilityType": "municipal_school",
        "name": "Creche Municipal Amália Fernandez Conde",
        "schoolType": "Creche Municipal"
      },
      "geometry": {
        "type": "Point",
        "coordinates": [
          -43.321511,
          -22.821755
        ]
      }
    },
    {
      "type": "Feature",
      "properties": {
        "sourceDatasetId": "data-rio__escolas_municipais__atual",
        "facilityType": "municipal_school",
        "name": "Creche Municipal Estrelinha Dourada",
        "schoolType": "Creche Municipal"
      },
      "geometry": {
        "type": "Point",
        "coordinates": [
          -43.326431,
          -22.824322
        ]
      }
    },
    {
      "type": "Feature",
      "properties": {
        "sourceDatasetId": "data-rio__escolas_municipais__atual",
        "facilityType": "municipal_school",
        "name": "Creche Municipal O Sonho de Ramon Pascual",
        "schoolType": "Creche Municipal"
      },
      "geometry": {
        "type": "Point",
        "coordinates": [
          -43.336467,
          -22.85155
        ]
      }
    },
    {
      "type": "Feature",
      "properties": {
        "sourceDatasetId": "data-rio__escolas_municipais__atual",
        "facilityType": "municipal_school",
        "name": "Creche Municipal Acalanto",
        "schoolType": "Creche Municipal"
      },
      "geometry": {
        "type": "Point",
        "coordinates": [
          -43.307537,
          -22.860794
        ]
      }
    },
    {
      "type": "Feature",
      "properties": {
        "sourceDatasetId": "data-rio__escolas_municipais__atual",
        "facilityType": "municipal_school",
        "name": "Creche Muncipal Sementinha",
        "schoolType": "Creche Municipal"
      },
      "geometry": {
        "type": "Point",
        "coordinates": [
          -43.318375,
          -22.860325
        ]
      }
    },
    {
      "type": "Feature",
      "properties": {
        "sourceDatasetId": "data-rio__escolas_municipais__atual",
        "facilityType": "municipal_school",
        "name": "Creche Municipal Joseph Barbera",
        "schoolType": "Creche Municipal"
      },
      "geometry": {
        "type": "Point",
        "coordinates": [
          -43.309801,
          -22.867977
        ]
      }
    },
    {
      "type": "Feature",
      "properties": {
        "sourceDatasetId": "data-rio__escolas_municipais__atual",
        "facilityType": "municipal_school",
        "name": "Creche Municipal Parque Bom Menino",
        "schoolType": "Creche Municipal"
      },
      "geometry": {
        "type": "Point",
        "coordinates": [
          -43.324973,
          -22.849166
        ]
      }
    },
    {
      "type": "Feature",
      "properties": {
        "sourceDatasetId": "data-rio__escolas_municipais__atual",
        "facilityType": "municipal_school",
        "name": "Espaço de Desenvolvimento Infantil Deputado Pedro Fernandes",
        "schoolType": "EDI"
      },
      "geometry": {
        "type": "Point",
        "coordinates": [
          -43.320473,
          -22.823514
        ]
      }
    },
    {
      "type": "Feature",
      "properties": {
        "sourceDatasetId": "data-rio__escolas_municipais__atual",
        "facilityType": "municipal_school",
        "name": "Espaço de Desenvolvimento Infantil Luxemburgo",
        "schoolType": "EDI"
      },
      "geometry": {
        "type": "Point",
        "coordinates": [
          -43.316319,
          -22.822981
        ]
      }
    },
    {
      "type": "Feature",
      "properties": {
        "sourceDatasetId": "data-rio__escolas_municipais__atual",
        "facilityType": "municipal_school",
        "name": "Espaço de Desenvolvimento Infantil José Alpoim",
        "schoolType": "EDI"
      },
      "geometry": {
        "type": "Point",
        "coordinates": [
          -43.331615,
          -22.843475
        ]
      }
    },
    {
      "type": "Feature",
      "properties": {
        "sourceDatasetId": "data-rio__escolas_municipais__atual",
        "facilityType": "municipal_school",
        "name": "Espaço de Desenvolvimento Infantil Vicente de Carvalho",
        "schoolType": "EDI"
      },
      "geometry": {
        "type": "Point",
        "coordinates": [
          -43.304025,
          -22.8493
        ]
      }
    },
    {
      "type": "Feature",
      "properties": {
        "sourceDatasetId": "data-rio__escolas_municipais__atual",
        "facilityType": "municipal_school",
        "name": "Escola Municipal Pará",
        "schoolType": "Escola Municipal"
      },
      "geometry": {
        "type": "Point",
        "coordinates": [
          -43.34949,
          -22.851963
        ]
      }
    },
    {
      "type": "Feature",
      "properties": {
        "sourceDatasetId": "data-rio__escolas_municipais__atual",
        "facilityType": "municipal_school",
        "name": "Escola Municipal Itália",
        "schoolType": "Escola Municipal"
      },
      "geometry": {
        "type": "Point",
        "coordinates": [
          -43.34916,
          -22.840992
        ]
      }
    },
    {
      "type": "Feature",
      "properties": {
        "sourceDatasetId": "data-rio__escolas_municipais__atual",
        "facilityType": "municipal_school",
        "name": "Escola Municipal Olegário Mariano",
        "schoolType": "Escola Municipal"
      },
      "geometry": {
        "type": "Point",
        "coordinates": [
          -43.351665,
          -22.845534
        ]
      }
    },
    {
      "type": "Feature",
      "properties": {
        "sourceDatasetId": "data-rio__escolas_municipais__atual",
        "facilityType": "municipal_school",
        "name": "Escola Municipal Luiz de Camões",
        "schoolType": "Escola Municipal"
      },
      "geometry": {
        "type": "Point",
        "coordinates": [
          -43.338668,
          -22.846044
        ]
      }
    },
    {
      "type": "Feature",
      "properties": {
        "sourceDatasetId": "data-rio__escolas_municipais__atual",
        "facilityType": "municipal_school",
        "name": "Escola Municipal Oswaldo Aranha",
        "schoolType": "Escola Municipal"
      },
      "geometry": {
        "type": "Point",
        "coordinates": [
          -43.343506,
          -22.851424
        ]
      }
    },
    {
      "type": "Feature",
      "properties": {
        "sourceDatasetId": "data-rio__escolas_municipais__atual",
        "facilityType": "municipal_school",
        "name": "Escola Municipal Francisco Frias de Mesquita",
        "schoolType": "Escola Municipal"
      },
      "geometry": {
        "type": "Point",
        "coordinates": [
          -43.344568,
          -22.846577
        ]
      }
    },
    {
      "type": "Feature",
      "properties": {
        "sourceDatasetId": "data-rio__escolas_municipais__atual",
        "facilityType": "municipal_school",
        "name": "Escola Municipal Velinda Maurício da Fonseca",
        "schoolType": "Escola Municipal"
      },
      "geometry": {
        "type": "Point",
        "coordinates": [
          -43.348487,
          -22.841069
        ]
      }
    },
    {
      "type": "Feature",
      "properties": {
        "sourceDatasetId": "data-rio__escolas_municipais__atual",
        "facilityType": "municipal_school",
        "name": "Escola Municipal Professor Alfredo Russell",
        "schoolType": "Escola Municipal"
      },
      "geometry": {
        "type": "Point",
        "coordinates": [
          -43.34446,
          -22.843163
        ]
      }
    },
    {
      "type": "Feature",
      "properties": {
        "sourceDatasetId": "data-rio__escolas_municipais__atual",
        "facilityType": "municipal_school",
        "name": "Escola Municipal Embaixador João Neves da Fontoura",
        "schoolType": "Escola Municipal"
      },
      "geometry": {
        "type": "Point",
        "coordinates": [
          -43.351225,
          -22.845594
        ]
      }
    },
    {
      "type": "Feature",
      "properties": {
        "sourceDatasetId": "data-rio__escolas_municipais__atual",
        "facilityType": "municipal_school",
        "name": "Escola Municipal Mário Penna da Rocha",
        "schoolType": "Escola Municipal"
      },
      "geometry": {
        "type": "Point",
        "coordinates": [
          -43.358916,
          -22.849812
        ]
      }
    },
    {
      "type": "Feature",
      "properties": {
        "sourceDatasetId": "data-rio__escolas_municipais__atual",
        "facilityType": "municipal_school",
        "name": "Escola Municipal Silvio Romero",
        "schoolType": "Escola Municipal"
      },
      "geometry": {
        "type": "Point",
        "coordinates": [
          -43.358686,
          -22.846533
        ]
      }
    },
    {
      "type": "Feature",
      "properties": {
        "sourceDatasetId": "data-rio__escolas_municipais__atual",
        "facilityType": "municipal_school",
        "name": "Escola Municipal Fornovo",
        "schoolType": "Escola Municipal"
      },
      "geometry": {
        "type": "Point",
        "coordinates": [
          -43.357566,
          -22.842469
        ]
      }
    },
    {
      "type": "Feature",
      "properties": {
        "sourceDatasetId": "data-rio__escolas_municipais__atual",
        "facilityType": "municipal_school",
        "name": "Escola Municipal Padre Dehon",
        "schoolType": "Escola Municipal"
      },
      "geometry": {
        "type": "Point",
        "coordinates": [
          -43.351898,
          -22.879152
        ]
      }
    },
    {
      "type": "Feature",
      "properties": {
        "sourceDatasetId": "data-rio__escolas_municipais__atual",
        "facilityType": "municipal_school",
        "name": "Escola Municipal Raja Gabaglia",
        "schoolType": "Escola Municipal"
      },
      "geometry": {
        "type": "Point",
        "coordinates": [
          -43.348938,
          -22.863772
        ]
      }
    },
    {
      "type": "Feature",
      "properties": {
        "sourceDatasetId": "data-rio__escolas_municipais__atual",
        "facilityType": "municipal_school",
        "name": "Escola Municipal Maria das Dores Negrão",
        "schoolType": "Escola Municipal"
      },
      "geometry": {
        "type": "Point",
        "coordinates": [
          -43.355418,
          -22.870606
        ]
      }
    },
    {
      "type": "Feature",
      "properties": {
        "sourceDatasetId": "data-rio__escolas_municipais__atual",
        "facilityType": "municipal_school",
        "name": "Escola Municipal Viriato Corrêa",
        "schoolType": "Escola Municipal"
      },
      "geometry": {
        "type": "Point",
        "coordinates": [
          -43.349564,
          -22.864189
        ]
      }
    },
    {
      "type": "Feature",
      "properties": {
        "sourceDatasetId": "data-rio__escolas_municipais__atual",
        "facilityType": "municipal_school",
        "name": "Escola Municipal Waldemiro Potsch",
        "schoolType": "Escola Municipal"
      },
      "geometry": {
        "type": "Point",
        "coordinates": [
          -43.354984,
          -22.870548
        ]
      }
    },
    {
      "type": "Feature",
      "properties": {
        "sourceDatasetId": "data-rio__escolas_municipais__atual",
        "facilityType": "municipal_school",
        "name": "Escola Municipal Waldemar Falcão",
        "schoolType": "Escola Municipal"
      },
      "geometry": {
        "type": "Point",
        "coordinates": [
          -43.355093,
          -22.875924
        ]
      }
    },
    {
      "type": "Feature",
      "properties": {
        "sourceDatasetId": "data-rio__escolas_municipais__atual",
        "facilityType": "municipal_school",
        "name": "Escola Municipal Mozart Lago",
        "schoolType": "Escola Municipal"
      },
      "geometry": {
        "type": "Point",
        "coordinates": [
          -43.350334,
          -22.872211
        ]
      }
    },
    {
      "type": "Feature",
      "properties": {
        "sourceDatasetId": "data-rio__escolas_municipais__atual",
        "facilityType": "municipal_school",
        "name": "Escola Municipal José Emygdio de Oliveira",
        "schoolType": "Escola Municipal"
      },
      "geometry": {
        "type": "Point",
        "coordinates": [
          -43.352414,
          -22.879016
        ]
      }
    },
    {
      "type": "Feature",
      "properties": {
        "sourceDatasetId": "data-rio__escolas_municipais__atual",
        "facilityType": "municipal_school",
        "name": "Escola Municipal Conde Afonso Celso",
        "schoolType": "Escola Municipal"
      },
      "geometry": {
        "type": "Point",
        "coordinates": [
          -43.357244,
          -22.859539
        ]
      }
    },
    {
      "type": "Feature",
      "properties": {
        "sourceDatasetId": "data-rio__escolas_municipais__atual",
        "facilityType": "municipal_school",
        "name": "Escola Municipal Cervantes",
        "schoolType": "Escola Municipal"
      },
      "geometry": {
        "type": "Point",
        "coordinates": [
          -43.365952,
          -22.86459
        ]
      }
    },
    {
      "type": "Feature",
      "properties": {
        "sourceDatasetId": "data-rio__escolas_municipais__atual",
        "facilityType": "municipal_school",
        "name": "Escola Municipal Francisco Palheta",
        "schoolType": "Escola Municipal"
      },
      "geometry": {
        "type": "Point",
        "coordinates": [
          -43.366351,
          -22.864317
        ]
      }
    },
    {
      "type": "Feature",
      "properties": {
        "sourceDatasetId": "data-rio__escolas_municipais__atual",
        "facilityType": "municipal_school",
        "name": "Escola Municipal Paraguai",
        "schoolType": "Escola Municipal"
      },
      "geometry": {
        "type": "Point",
        "coordinates": [
          -43.366169,
          -22.86245
        ]
      }
    },
    {
      "type": "Feature",
      "properties": {
        "sourceDatasetId": "data-rio__escolas_municipais__atual",
        "facilityType": "municipal_school",
        "name": "Escola Municipal Santos Dumont",
        "schoolType": "Escola Municipal"
      },
      "geometry": {
        "type": "Point",
        "coordinates": [
          -43.372057,
          -22.86338
        ]
      }
    },
    {
      "type": "Feature",
      "properties": {
        "sourceDatasetId": "data-rio__escolas_municipais__atual",
        "facilityType": "municipal_school",
        "name": "Escola Municipal Evangelina Duarte Batista",
        "schoolType": "Escola Municipal"
      },
      "geometry": {
        "type": "Point",
        "coordinates": [
          -43.372858,
          -22.862986
        ]
      }
    },
    {
      "type": "Feature",
      "properties": {
        "sourceDatasetId": "data-rio__escolas_municipais__atual",
        "facilityType": "municipal_school",
        "name": "Escola Municipal Professor Carneiro Felipe",
        "schoolType": "Escola Municipal"
      },
      "geometry": {
        "type": "Point",
        "coordinates": [
          -43.373931,
          -22.857846
        ]
      }
    },
    {
      "type": "Feature",
      "properties": {
        "sourceDatasetId": "data-rio__escolas_municipais__atual",
        "facilityType": "municipal_school",
        "name": "Escola Municipal Irineu Marinho",
        "schoolType": "Escola Municipal"
      },
      "geometry": {
        "type": "Point",
        "coordinates": [
          -43.363136,
          -22.855195
        ]
      }
    },
    {
      "type": "Feature",
      "properties": {
        "sourceDatasetId": "data-rio__escolas_municipais__atual",
        "facilityType": "municipal_school",
        "name": "Escola Municipal Leonor Posada",
        "schoolType": "Escola Municipal"
      },
      "geometry": {
        "type": "Point",
        "coordinates": [
          -43.367083,
          -22.860161
        ]
      }
    },
    {
      "type": "Feature",
      "properties": {
        "sourceDatasetId": "data-rio__escolas_municipais__atual",
        "facilityType": "municipal_school",
        "name": "Escola Municipal Oswaldo Goeldi",
        "schoolType": "Escola Municipal"
      },
      "geometry": {
        "type": "Point",
        "coordinates": [
          -43.369784,
          -22.849669
        ]
      }
    },
    {
      "type": "Feature",
      "properties": {
        "sourceDatasetId": "data-rio__escolas_municipais__atual",
        "facilityType": "municipal_school",
        "name": "Escola Municipal Barão de Itararé",
        "schoolType": "Escola Municipal"
      },
      "geometry": {
        "type": "Point",
        "coordinates": [
          -43.373569,
          -22.857561
        ]
      }
    },
    {
      "type": "Feature",
      "properties": {
        "sourceDatasetId": "data-rio__escolas_municipais__atual",
        "facilityType": "municipal_school",
        "name": "Escola Municipal Barão do Amparo",
        "schoolType": "Escola Municipal"
      },
      "geometry": {
        "type": "Point",
        "coordinates": [
          -43.353606,
          -22.883482
        ]
      }
    },
    {
      "type": "Feature",
      "properties": {
        "sourceDatasetId": "data-rio__escolas_municipais__atual",
        "facilityType": "municipal_school",
        "name": "Escola Municipal Haiti",
        "schoolType": "Escola Municipal"
      },
      "geometry": {
        "type": "Point",
        "coordinates": [
          -43.321174,
          -22.88922
        ]
      }
    },
    {
      "type": "Feature",
      "properties": {
        "sourceDatasetId": "data-rio__escolas_municipais__atual",
        "facilityType": "municipal_school",
        "name": "Escola Municipal França",
        "schoolType": "Escola Municipal"
      },
      "geometry": {
        "type": "Point",
        "coordinates": [
          -43.314224,
          -22.879862
        ]
      }
    },
    {
      "type": "Feature",
      "properties": {
        "sourceDatasetId": "data-rio__escolas_municipais__atual",
        "facilityType": "municipal_school",
        "name": "Escola Municipal Quintino Bocaiuva",
        "schoolType": "Escola Municipal"
      },
      "geometry": {
        "type": "Point",
        "coordinates": [
          -43.3189,
          -22.887279
        ]
      }
    },
    {
      "type": "Feature",
      "properties": {
        "sourceDatasetId": "data-rio__escolas_municipais__atual",
        "facilityType": "municipal_school",
        "name": "Escola Municipal Professor Souza da Silveira",
        "schoolType": "Escola Municipal"
      },
      "geometry": {
        "type": "Point",
        "coordinates": [
          -43.315249,
          -22.880642
        ]
      }
    },
    {
      "type": "Feature",
      "properties": {
        "sourceDatasetId": "data-rio__escolas_municipais__atual",
        "facilityType": "municipal_school",
        "name": "Escola Municipal Oswaldo Teixeira",
        "schoolType": "Escola Municipal"
      },
      "geometry": {
        "type": "Point",
        "coordinates": [
          -43.321811,
          -22.894881
        ]
      }
    },
    {
      "type": "Feature",
      "properties": {
        "sourceDatasetId": "data-rio__escolas_municipais__atual",
        "facilityType": "municipal_school",
        "name": "Escola Especial Municipal Maurício de Medeiros",
        "schoolType": "Escola Especial Municipal"
      },
      "geometry": {
        "type": "Point",
        "coordinates": [
          -43.312777,
          -22.886429
        ]
      }
    },
    {
      "type": "Feature",
      "properties": {
        "sourceDatasetId": "data-rio__escolas_municipais__atual",
        "facilityType": "municipal_school",
        "name": "Escola Municipal Prefeito Filadelfo Azevedo",
        "schoolType": "Escola Municipal"
      },
      "geometry": {
        "type": "Point",
        "coordinates": [
          -43.31115,
          -22.873408
        ]
      }
    },
    {
      "type": "Feature",
      "properties": {
        "sourceDatasetId": "data-rio__escolas_municipais__atual",
        "facilityType": "municipal_school",
        "name": "Escola Municipal Espirito Santo",
        "schoolType": "Escola Municipal"
      },
      "geometry": {
        "type": "Point",
        "coordinates": [
          -43.314719,
          -22.874299
        ]
      }
    },
    {
      "type": "Feature",
      "properties": {
        "sourceDatasetId": "data-rio__escolas_municipais__atual",
        "facilityType": "municipal_school",
        "name": "Escola Municipal Jaime Costa",
        "schoolType": "Escola Municipal"
      },
      "geometry": {
        "type": "Point",
        "coordinates": [
          -43.314394,
          -22.874531
        ]
      }
    },
    {
      "type": "Feature",
      "properties": {
        "sourceDatasetId": "data-rio__escolas_municipais__atual",
        "facilityType": "municipal_school",
        "name": "Escola Municipal Adelmar Tavares",
        "schoolType": "Escola Municipal"
      },
      "geometry": {
        "type": "Point",
        "coordinates": [
          -43.314848,
          -22.877798
        ]
      }
    },
    {
      "type": "Feature",
      "properties": {
        "sourceDatasetId": "data-rio__escolas_municipais__atual",
        "facilityType": "municipal_school",
        "name": "Escola Municipal Frei Leopoldo",
        "schoolType": "Escola Municipal"
      },
      "geometry": {
        "type": "Point",
        "coordinates": [
          -43.314024,
          -22.873952
        ]
      }
    },
    {
      "type": "Feature",
      "properties": {
        "sourceDatasetId": "data-rio__escolas_municipais__atual",
        "facilityType": "municipal_school",
        "name": "Escola Municipal Rostham Pedro de Farias",
        "schoolType": "Escola Municipal"
      },
      "geometry": {
        "type": "Point",
        "coordinates": [
          -43.314687,
          -22.868853
        ]
      }
    },
    {
      "type": "Feature",
      "properties": {
        "sourceDatasetId": "data-rio__escolas_municipais__atual",
        "facilityType": "municipal_school",
        "name": "Escola Municipal Cinco de Julho",
        "schoolType": "Escola Municipal"
      },
      "geometry": {
        "type": "Point",
        "coordinates": [
          -43.323202,
          -22.876953
        ]
      }
    },
    {
      "type": "Feature",
      "properties": {
        "sourceDatasetId": "data-rio__escolas_municipais__atual",
        "facilityType": "municipal_school",
        "name": "Escola Municipal Paraná",
        "schoolType": "Escola Municipal"
      },
      "geometry": {
        "type": "Point",
        "coordinates": [
          -43.338111,
          -22.882408
        ]
      }
    },
    {
      "type": "Feature",
      "properties": {
        "sourceDatasetId": "data-rio__escolas_municipais__atual",
        "facilityType": "municipal_school",
        "name": "Escola Municipal Ruy Carneiro da Cunha",
        "schoolType": "Escola Municipal"
      },
      "geometry": {
        "type": "Point",
        "coordinates": [
          -43.331683,
          -22.889116
        ]
      }
    },
    {
      "type": "Feature",
      "properties": {
        "sourceDatasetId": "data-rio__escolas_municipais__atual",
        "facilityType": "municipal_school",
        "name": "Escola Municipal Azevedo Junior",
        "schoolType": "Escola Municipal"
      },
      "geometry": {
        "type": "Point",
        "coordinates": [
          -43.327344,
          -22.880376
        ]
      }
    },
    {
      "type": "Feature",
      "properties": {
        "sourceDatasetId": "data-rio__escolas_municipais__atual",
        "facilityType": "municipal_school",
        "name": "Escola Municipal Senador Francisco Gallotti",
        "schoolType": "Escola Municipal"
      },
      "geometry": {
        "type": "Point",
        "coordinates": [
          -43.322462,
          -22.883904
        ]
      }
    },
    {
      "type": "Feature",
      "properties": {
        "sourceDatasetId": "data-rio__escolas_municipais__atual",
        "facilityType": "municipal_school",
        "name": "Escola Municipal Cardeal Arcoverde",
        "schoolType": "Escola Municipal"
      },
      "geometry": {
        "type": "Point",
        "coordinates": [
          -43.343369,
          -22.876082
        ]
      }
    },
    {
      "type": "Feature",
      "properties": {
        "sourceDatasetId": "data-rio__escolas_municipais__atual",
        "facilityType": "municipal_school",
        "name": "Escola Municipal Ministro Edgard Romero",
        "schoolType": "Escola Municipal"
      },
      "geometry": {
        "type": "Point",
        "coordinates": [
          -43.33811,
          -22.875277
        ]
      }
    },
    {
      "type": "Feature",
      "properties": {
        "sourceDatasetId": "data-rio__escolas_municipais__atual",
        "facilityType": "municipal_school",
        "name": "Escola Municipal Luís Carlos da Fonseca",
        "schoolType": "Escola Municipal"
      },
      "geometry": {
        "type": "Point",
        "coordinates": [
          -43.335616,
          -22.865644
        ]
      }
    },
    {
      "type": "Feature",
      "properties": {
        "sourceDatasetId": "data-rio__escolas_municipais__atual",
        "facilityType": "municipal_school",
        "name": "Escola Municipal Rugendas",
        "schoolType": "Escola Municipal"
      },
      "geometry": {
        "type": "Point",
        "coordinates": [
          -43.338118,
          -22.881842
        ]
      }
    },
    {
      "type": "Feature",
      "properties": {
        "sourceDatasetId": "data-rio__escolas_municipais__atual",
        "facilityType": "municipal_school",
        "name": "Escola Municipal Astolfo Rezende",
        "schoolType": "Escola Municipal"
      },
      "geometry": {
        "type": "Point",
        "coordinates": [
          -43.334775,
          -22.866341
        ]
      }
    },
    {
      "type": "Feature",
      "properties": {
        "sourceDatasetId": "data-rio__escolas_municipais__atual",
        "facilityType": "municipal_school",
        "name": "Escola Municipal República Dominicana",
        "schoolType": "Escola Municipal"
      },
      "geometry": {
        "type": "Point",
        "coordinates": [
          -43.330201,
          -22.864967
        ]
      }
    },
    {
      "type": "Feature",
      "properties": {
        "sourceDatasetId": "data-rio__escolas_municipais__atual",
        "facilityType": "municipal_school",
        "name": "Escola Municipal Irmã Zélia",
        "schoolType": "Escola Municipal"
      },
      "geometry": {
        "type": "Point",
        "coordinates": [
          -43.329602,
          -22.858206
        ]
      }
    },
    {
      "type": "Feature",
      "properties": {
        "sourceDatasetId": "data-rio__escolas_municipais__atual",
        "facilityType": "municipal_school",
        "name": "Escola Municipal Aspirante Carlos Alfredo",
        "schoolType": "Escola Municipal"
      },
      "geometry": {
        "type": "Point",
        "coordinates": [
          -43.34455,
          -22.860846
        ]
      }
    },
    {
      "type": "Feature",
      "properties": {
        "sourceDatasetId": "data-rio__escolas_municipais__atual",
        "facilityType": "municipal_school",
        "name": "Escola Municipal Figueiredo Pimentel",
        "schoolType": "Escola Municipal"
      },
      "geometry": {
        "type": "Point",
        "coordinates": [
          -43.34092,
          -22.863714
        ]
      }
    },
    {
      "type": "Feature",
      "properties": {
        "sourceDatasetId": "data-rio__escolas_municipais__atual",
        "facilityType": "municipal_school",
        "name": "Escola Municipal Padre José Maurício Tomás",
        "schoolType": "Escola Municipal"
      },
      "geometry": {
        "type": "Point",
        "coordinates": [
          -43.342107,
          -22.859156
        ]
      }
    },
    {
      "type": "Feature",
      "properties": {
        "sourceDatasetId": "data-rio__escolas_municipais__atual",
        "facilityType": "municipal_school",
        "name": "Escola Municipal Mestre Darcy do Jongo",
        "schoolType": "Escola Municipal"
      },
      "geometry": {
        "type": "Point",
        "coordinates": [
          -43.329074,
          -22.864996
        ]
      }
    },
    {
      "type": "Feature",
      "properties": {
        "sourceDatasetId": "data-rio__escolas_municipais__atual",
        "facilityType": "municipal_school",
        "name": "Ciep Augusto Pinheiro de Carvalho",
        "schoolType": "CIEP"
      },
      "geometry": {
        "type": "Point",
        "coordinates": [
          -43.377995,
          -22.861625
        ]
      }
    },
    {
      "type": "Feature",
      "properties": {
        "sourceDatasetId": "data-rio__escolas_municipais__atual",
        "facilityType": "municipal_school",
        "name": "Ciep Professor Manoel Maurício Albuquerque",
        "schoolType": "CIEP"
      },
      "geometry": {
        "type": "Point",
        "coordinates": [
          -43.328552,
          -22.886056
        ]
      }
    },
    {
      "type": "Feature",
      "properties": {
        "sourceDatasetId": "data-rio__escolas_municipais__atual",
        "facilityType": "municipal_school",
        "name": "Ciep Metalúrgico Benedito Cerqueira",
        "schoolType": "CIEP"
      },
      "geometry": {
        "type": "Point",
        "coordinates": [
          -43.325708,
          -22.877129
        ]
      }
    },
    {
      "type": "Feature",
      "properties": {
        "sourceDatasetId": "data-rio__escolas_municipais__atual",
        "facilityType": "municipal_school",
        "name": "Creche Municipal Olga Benário",
        "schoolType": "Creche Municipal"
      },
      "geometry": {
        "type": "Point",
        "coordinates": [
          -43.339342,
          -22.853399
        ]
      }
    },
    {
      "type": "Feature",
      "properties": {
        "sourceDatasetId": "data-rio__escolas_municipais__atual",
        "facilityType": "municipal_school",
        "name": "Creche Municipal São Miguel Arcanjo",
        "schoolType": "Creche Municipal"
      },
      "geometry": {
        "type": "Point",
        "coordinates": [
          -43.331741,
          -22.860679
        ]
      }
    },
    {
      "type": "Feature",
      "properties": {
        "sourceDatasetId": "data-rio__escolas_municipais__atual",
        "facilityType": "municipal_school",
        "name": "Creche Municipal Gercinda Rosa Fonseca",
        "schoolType": "Creche Municipal"
      },
      "geometry": {
        "type": "Point",
        "coordinates": [
          -43.332498,
          -22.88969
        ]
      }
    },
    {
      "type": "Feature",
      "properties": {
        "sourceDatasetId": "data-rio__escolas_municipais__atual",
        "facilityType": "municipal_school",
        "name": "Creche Municipal José Raimundo de Souza Alves",
        "schoolType": "Creche Municipal"
      },
      "geometry": {
        "type": "Point",
        "coordinates": [
          -43.341821,
          -22.855144
        ]
      }
    },
    {
      "type": "Feature",
      "properties": {
        "sourceDatasetId": "data-rio__escolas_municipais__atual",
        "facilityType": "municipal_school",
        "name": "Creche Municipal Josué de Castro",
        "schoolType": "Creche Municipal"
      },
      "geometry": {
        "type": "Point",
        "coordinates": [
          -43.339707,
          -22.885981
        ]
      }
    },
    {
      "type": "Feature",
      "properties": {
        "sourceDatasetId": "data-rio__escolas_municipais__atual",
        "facilityType": "municipal_school",
        "name": "Creche Municipal Mané Garrincha I",
        "schoolType": "Creche Municipal"
      },
      "geometry": {
        "type": "Point",
        "coordinates": [
          -43.374677,
          -22.869303
        ]
      }
    },
    {
      "type": "Feature",
      "properties": {
        "sourceDatasetId": "data-rio__escolas_municipais__atual",
        "facilityType": "municipal_school",
        "name": "Creche Municipal Maria José de Paula de Jesus",
        "schoolType": "Creche Municipal"
      },
      "geometry": {
        "type": "Point",
        "coordinates": [
          -43.334689,
          -22.857199
        ]
      }
    },
    {
      "type": "Feature",
      "properties": {
        "sourceDatasetId": "data-rio__escolas_municipais__atual",
        "facilityType": "municipal_school",
        "name": "Creche Municipal Sempre Vida Palmeirinha",
        "schoolType": "Creche Municipal"
      },
      "geometry": {
        "type": "Point",
        "coordinates": [
          -43.363966,
          -22.849063
        ]
      }
    },
    {
      "type": "Feature",
      "properties": {
        "sourceDatasetId": "data-rio__escolas_municipais__atual",
        "facilityType": "municipal_school",
        "name": "Creche Municipal Vovó Maria Joana",
        "schoolType": "Creche Municipal"
      },
      "geometry": {
        "type": "Point",
        "coordinates": [
          -43.329916,
          -22.864671
        ]
      }
    },
    {
      "type": "Feature",
      "properties": {
        "sourceDatasetId": "data-rio__escolas_municipais__atual",
        "facilityType": "municipal_school",
        "name": "Creche Municipal Tia Maria do Jongo",
        "schoolType": "Creche Municipal"
      },
      "geometry": {
        "type": "Point",
        "coordinates": [
          -43.329101,
          -22.868144
        ]
      }
    },
    {
      "type": "Feature",
      "properties": {
        "sourceDatasetId": "data-rio__escolas_municipais__atual",
        "facilityType": "municipal_school",
        "name": "Creche Municipal Manoel da Rocha Aprisco",
        "schoolType": "Creche Municipal"
      },
      "geometry": {
        "type": "Point",
        "coordinates": [
          -43.316545,
          -22.868759
        ]
      }
    },
    {
      "type": "Feature",
      "properties": {
        "sourceDatasetId": "data-rio__escolas_municipais__atual",
        "facilityType": "municipal_school",
        "name": "Clube Escolar Marechal Hermes",
        "schoolType": "Clube Escolar"
      },
      "geometry": {
        "type": "Point",
        "coordinates": [
          -43.3766037,
          -22.8625046
        ]
      }
    },
    {
      "type": "Feature",
      "properties": {
        "sourceDatasetId": "data-rio__escolas_municipais__atual",
        "facilityType": "municipal_school",
        "name": "Espaço de Desenvolvimento Infantil Karine Lorraine Chagas de Oliveira",
        "schoolType": "EDI"
      },
      "geometry": {
        "type": "Point",
        "coordinates": [
          -43.356108,
          -22.839458
        ]
      }
    },
    {
      "type": "Feature",
      "properties": {
        "sourceDatasetId": "data-rio__escolas_municipais__atual",
        "facilityType": "municipal_school",
        "name": "Espaço de Desenvolvimento Infantil Gustavo Lessa",
        "schoolType": "EDI"
      },
      "geometry": {
        "type": "Point",
        "coordinates": [
          -43.347547,
          -22.841024
        ]
      }
    },
    {
      "type": "Feature",
      "properties": {
        "sourceDatasetId": "data-rio__escolas_municipais__atual",
        "facilityType": "municipal_school",
        "name": "Espaço de Desenvolvimento Infantil Pio XII",
        "schoolType": "EDI"
      },
      "geometry": {
        "type": "Point",
        "coordinates": [
          -43.351168,
          -22.845923
        ]
      }
    },
    {
      "type": "Feature",
      "properties": {
        "sourceDatasetId": "data-rio__escolas_municipais__atual",
        "facilityType": "municipal_school",
        "name": "Espaço de Desenvolvimento Infantil Fernão Dias",
        "schoolType": "EDI"
      },
      "geometry": {
        "type": "Point",
        "coordinates": [
          -43.373658,
          -22.857065
        ]
      }
    },
    {
      "type": "Feature",
      "properties": {
        "sourceDatasetId": "data-rio__escolas_municipais__atual",
        "facilityType": "municipal_school",
        "name": "Espaço de Desenvolvimento Infantil Rocha Pombo",
        "schoolType": "EDI"
      },
      "geometry": {
        "type": "Point",
        "coordinates": [
          -43.312269,
          -22.886506
        ]
      }
    },
    {
      "type": "Feature",
      "properties": {
        "sourceDatasetId": "data-rio__escolas_municipais__atual",
        "facilityType": "municipal_school",
        "name": "Espaço de Desenvolvimento Infantil Buriti Congonhas",
        "schoolType": "EDI"
      },
      "geometry": {
        "type": "Point",
        "coordinates": [
          -43.334597,
          -22.860399
        ]
      }
    },
    {
      "type": "Feature",
      "properties": {
        "sourceDatasetId": "data-rio__escolas_municipais__atual",
        "facilityType": "municipal_school",
        "name": "Espaço de Desenvolvimento Infantil Guaraciara Rodrigues Diniz",
        "schoolType": "EDI"
      },
      "geometry": {
        "type": "Point",
        "coordinates": [
          -43.335166,
          -22.863852
        ]
      }
    },
    {
      "type": "Feature",
      "properties": {
        "sourceDatasetId": "data-rio__escolas_municipais__atual",
        "facilityType": "municipal_school",
        "name": "Espaço de Desenvolvimento Infantil Professor Ubirajara de Paula Castro",
        "schoolType": "EDI"
      },
      "geometry": {
        "type": "Point",
        "coordinates": [
          -43.361544,
          -22.848431
        ]
      }
    },
    {
      "type": "Feature",
      "properties": {
        "sourceDatasetId": "data-rio__escolas_municipais__atual",
        "facilityType": "municipal_school",
        "name": "Espaço de Desenvolvimento Infantil Professora Teresinha Sardoux Henriques",
        "schoolType": "EDI"
      },
      "geometry": {
        "type": "Point",
        "coordinates": [
          -43.330231,
          -22.888526
        ]
      }
    },
    {
      "type": "Feature",
      "properties": {
        "sourceDatasetId": "data-rio__escolas_municipais__atual",
        "facilityType": "municipal_school",
        "name": "Escola Municipal Guilherme Tell",
        "schoolType": "Escola Municipal"
      },
      "geometry": {
        "type": "Point",
        "coordinates": [
          -43.405187,
          -22.831849
        ]
      }
    },
    {
      "type": "Feature",
      "properties": {
        "sourceDatasetId": "data-rio__escolas_municipais__atual",
        "facilityType": "municipal_school",
        "name": "Escola Municipal Antônio Maceo",
        "schoolType": "Escola Municipal"
      },
      "geometry": {
        "type": "Point",
        "coordinates": [
          -43.408367,
          -22.837229
        ]
      }
    },
    {
      "type": "Feature",
      "properties": {
        "sourceDatasetId": "data-rio__escolas_municipais__atual",
        "facilityType": "municipal_school",
        "name": "Escola Municipal Paraíba",
        "schoolType": "Escola Municipal"
      },
      "geometry": {
        "type": "Point",
        "coordinates": [
          -43.402883,
          -22.826363
        ]
      }
    },
    {
      "type": "Feature",
      "properties": {
        "sourceDatasetId": "data-rio__escolas_municipais__atual",
        "facilityType": "municipal_school",
        "name": "Escola Municipal Cyro Monteiro",
        "schoolType": "Escola Municipal"
      },
      "geometry": {
        "type": "Point",
        "coordinates": [
          -43.40322,
          -22.826954
        ]
      }
    },
    {
      "type": "Feature",
      "properties": {
        "sourceDatasetId": "data-rio__escolas_municipais__atual",
        "facilityType": "municipal_school",
        "name": "Escola Municipal Antenor Nascentes",
        "schoolType": "Escola Municipal"
      },
      "geometry": {
        "type": "Point",
        "coordinates": [
          -43.405212,
          -22.831543
        ]
      }
    },
    {
      "type": "Feature",
      "properties": {
        "sourceDatasetId": "data-rio__escolas_municipais__atual",
        "facilityType": "municipal_school",
        "name": "Escola Municipal Alexandre Farah",
        "schoolType": "Escola Municipal"
      },
      "geometry": {
        "type": "Point",
        "coordinates": [
          -43.396572,
          -22.835959
        ]
      }
    },
    {
      "type": "Feature",
      "properties": {
        "sourceDatasetId": "data-rio__escolas_municipais__atual",
        "facilityType": "municipal_school",
        "name": "Escola Municipal Narbal Fontes",
        "schoolType": "Escola Municipal"
      },
      "geometry": {
        "type": "Point",
        "coordinates": [
          -43.398822,
          -22.837055
        ]
      }
    },
    {
      "type": "Feature",
      "properties": {
        "sourceDatasetId": "data-rio__escolas_municipais__atual",
        "facilityType": "municipal_school",
        "name": "Escola Municipal Coelho Neto",
        "schoolType": "Escola Municipal"
      },
      "geometry": {
        "type": "Point",
        "coordinates": [
          -43.399397,
          -22.837278
        ]
      }
    },
    {
      "type": "Feature",
      "properties": {
        "sourceDatasetId": "data-rio__escolas_municipais__atual",
        "facilityType": "municipal_school",
        "name": "Escola Municipal Professor Zituo Yoneshigue",
        "schoolType": "Escola Municipal"
      },
      "geometry": {
        "type": "Point",
        "coordinates": [
          -43.39041,
          -22.833999
        ]
      }
    },
    {
      "type": "Feature",
      "properties": {
        "sourceDatasetId": "data-rio__escolas_municipais__atual",
        "facilityType": "municipal_school",
        "name": "Escola Municipal Professor Álvaro Espinheira",
        "schoolType": "Escola Municipal"
      },
      "geometry": {
        "type": "Point",
        "coordinates": [
          -43.371297,
          -22.836788
        ]
      }
    },
    {
      "type": "Feature",
      "properties": {
        "sourceDatasetId": "data-rio__escolas_municipais__atual",
        "facilityType": "municipal_school",
        "name": "Escola Municipal Bélgica",
        "schoolType": "Escola Municipal"
      },
      "geometry": {
        "type": "Point",
        "coordinates": [
          -43.380457,
          -22.840353
        ]
      }
    },
    {
      "type": "Feature",
      "properties": {
        "sourceDatasetId": "data-rio__escolas_municipais__atual",
        "facilityType": "municipal_school",
        "name": "Escola Municipal Piauí",
        "schoolType": "Escola Municipal"
      },
      "geometry": {
        "type": "Point",
        "coordinates": [
          -43.37852,
          -22.845415
        ]
      }
    },
    {
      "type": "Feature",
      "properties": {
        "sourceDatasetId": "data-rio__escolas_municipais__atual",
        "facilityType": "municipal_school",
        "name": "Escola Municipal Lia Braga de Faria",
        "schoolType": "Escola Municipal"
      },
      "geometry": {
        "type": "Point",
        "coordinates": [
          -43.37637,
          -22.846614
        ]
      }
    },
    {
      "type": "Feature",
      "properties": {
        "sourceDatasetId": "data-rio__escolas_municipais__atual",
        "facilityType": "municipal_school",
        "name": "Escola Municipal Baden Powell",
        "schoolType": "Escola Municipal"
      },
      "geometry": {
        "type": "Point",
        "coordinates": [
          -43.376538,
          -22.846425
        ]
      }
    },
    {
      "type": "Feature",
      "properties": {
        "sourceDatasetId": "data-rio__escolas_municipais__atual",
        "facilityType": "municipal_school",
        "name": "Escola Municipal Emilio Carlos",
        "schoolType": "Escola Municipal"
      },
      "geometry": {
        "type": "Point",
        "coordinates": [
          -43.365825,
          -22.844309
        ]
      }
    },
    {
      "type": "Feature",
      "properties": {
        "sourceDatasetId": "data-rio__escolas_municipais__atual",
        "facilityType": "municipal_school",
        "name": "Escola Municipal Maurice Maeterlinck",
        "schoolType": "Escola Municipal"
      },
      "geometry": {
        "type": "Point",
        "coordinates": [
          -43.380129,
          -22.840289
        ]
      }
    },
    {
      "type": "Feature",
      "properties": {
        "sourceDatasetId": "data-rio__escolas_municipais__atual",
        "facilityType": "municipal_school",
        "name": "Escola Municipal Isaias Alves",
        "schoolType": "Escola Municipal"
      },
      "geometry": {
        "type": "Point",
        "coordinates": [
          -43.365407,
          -22.844376
        ]
      }
    },
    {
      "type": "Feature",
      "properties": {
        "sourceDatasetId": "data-rio__escolas_municipais__atual",
        "facilityType": "municipal_school",
        "name": "Escola Municipal Rose Klabin",
        "schoolType": "Escola Municipal"
      },
      "geometry": {
        "type": "Point",
        "coordinates": [
          -43.372466,
          -22.846549
        ]
      }
    },
    {
      "type": "Feature",
      "properties": {
        "sourceDatasetId": "data-rio__escolas_municipais__atual",
        "facilityType": "municipal_school",
        "name": "Escola Municipal Gilberto Amado",
        "schoolType": "Escola Municipal"
      },
      "geometry": {
        "type": "Point",
        "coordinates": [
          -43.373261,
          -22.835028
        ]
      }
    },
    {
      "type": "Feature",
      "properties": {
        "sourceDatasetId": "data-rio__escolas_municipais__atual",
        "facilityType": "municipal_school",
        "name": "Escola Municipal Mario Piragibe",
        "schoolType": "Escola Municipal"
      },
      "geometry": {
        "type": "Point",
        "coordinates": [
          -43.392076,
          -22.825581
        ]
      }
    },
    {
      "type": "Feature",
      "properties": {
        "sourceDatasetId": "data-rio__escolas_municipais__atual",
        "facilityType": "municipal_school",
        "name": "Escola Municipal Lúcio de Mendonça",
        "schoolType": "Escola Municipal"
      },
      "geometry": {
        "type": "Point",
        "coordinates": [
          -43.400247,
          -22.817537
        ]
      }
    },
    {
      "type": "Feature",
      "properties": {
        "sourceDatasetId": "data-rio__escolas_municipais__atual",
        "facilityType": "municipal_school",
        "name": "Escola Municipal Cláudio Ganns",
        "schoolType": "Escola Municipal"
      },
      "geometry": {
        "type": "Point",
        "coordinates": [
          -43.416071,
          -22.827735
        ]
      }
    },
    {
      "type": "Feature",
      "properties": {
        "sourceDatasetId": "data-rio__escolas_municipais__atual",
        "facilityType": "municipal_school",
        "name": "Escola Municipal Hildegardo de Noronha",
        "schoolType": "Escola Municipal"
      },
      "geometry": {
        "type": "Point",
        "coordinates": [
          -43.386453,
          -22.820717
        ]
      }
    },
    {
      "type": "Feature",
      "properties": {
        "sourceDatasetId": "data-rio__escolas_municipais__atual",
        "facilityType": "municipal_school",
        "name": "Ciep Poeta Fernando Pessoa",
        "schoolType": "CIEP"
      },
      "geometry": {
        "type": "Point",
        "coordinates": [
          -43.418431,
          -22.829468
        ]
      }
    },
    {
      "type": "Feature",
      "properties": {
        "sourceDatasetId": "data-rio__escolas_municipais__atual",
        "facilityType": "municipal_school",
        "name": "Ciep General Augusto Cesar Sandino",
        "schoolType": "CIEP"
      },
      "geometry": {
        "type": "Point",
        "coordinates": [
          -43.415077,
          -22.835096
        ]
      }
    },
    {
      "type": "Feature",
      "properties": {
        "sourceDatasetId": "data-rio__escolas_municipais__atual",
        "facilityType": "municipal_school",
        "name": "Ciep Oswald de Andrade",
        "schoolType": "CIEP"
      },
      "geometry": {
        "type": "Point",
        "coordinates": [
          -43.398738,
          -22.832686
        ]
      }
    },
    {
      "type": "Feature",
      "properties": {
        "sourceDatasetId": "data-rio__escolas_municipais__atual",
        "facilityType": "municipal_school",
        "name": "Ciep João do Rio",
        "schoolType": "CIEP"
      },
      "geometry": {
        "type": "Point",
        "coordinates": [
          -43.365558,
          -22.845029
        ]
      }
    },
    {
      "type": "Feature",
      "properties": {
        "sourceDatasetId": "data-rio__escolas_municipais__atual",
        "facilityType": "municipal_school",
        "name": "Creche Municipal José Goulart",
        "schoolType": "Creche Municipal"
      },
      "geometry": {
        "type": "Point",
        "coordinates": [
          -43.394719,
          -22.827194
        ]
      }
    },
    {
      "type": "Feature",
      "properties": {
        "sourceDatasetId": "data-rio__escolas_municipais__atual",
        "facilityType": "municipal_school",
        "name": "Creche Municipal Silvio Amancio",
        "schoolType": "Creche Municipal"
      },
      "geometry": {
        "type": "Point",
        "coordinates": [
          -43.389133,
          -22.825833
        ]
      }
    },
    {
      "type": "Feature",
      "properties": {
        "sourceDatasetId": "data-rio__escolas_municipais__atual",
        "facilityType": "municipal_school",
        "name": "Creche Municipal Yara Amaral",
        "schoolType": "Creche Municipal"
      },
      "geometry": {
        "type": "Point",
        "coordinates": [
          -43.386506,
          -22.820067
        ]
      }
    },
    {
      "type": "Feature",
      "properties": {
        "sourceDatasetId": "data-rio__escolas_municipais__atual",
        "facilityType": "municipal_school",
        "name": "Espaço de Desenvolvimento Infantil Ernani Cardoso",
        "schoolType": "EDI"
      },
      "geometry": {
        "type": "Point",
        "coordinates": [
          -43.380765,
          -22.84031
        ]
      }
    },
    {
      "type": "Feature",
      "properties": {
        "sourceDatasetId": "data-rio__escolas_municipais__atual",
        "facilityType": "municipal_school",
        "name": "Espaço de Desenvolvimento Infantil Professora Miltolina da Silva",
        "schoolType": "EDI"
      },
      "geometry": {
        "type": "Point",
        "coordinates": [
          -43.375531,
          -22.850418
        ]
      }
    },
    {
      "type": "Feature",
      "properties": {
        "sourceDatasetId": "data-rio__escolas_municipais__atual",
        "facilityType": "municipal_school",
        "name": "Espaço de Desenvolvimento Infantil Medalhista Paralímpico Daniel Martins",
        "schoolType": "EDI"
      },
      "geometry": {
        "type": "Point",
        "coordinates": [
          -43.393545,
          -22.834977
        ]
      }
    },
    {
      "type": "Feature",
      "properties": {
        "sourceDatasetId": "data-rio__escolas_municipais__atual",
        "facilityType": "municipal_school",
        "name": "Espaço de Desenvolvimento Infantil Medalhista Olímpico Mauricio Luiz de Souza",
        "schoolType": "EDI"
      },
      "geometry": {
        "type": "Point",
        "coordinates": [
          -43.41374,
          -22.822348
        ]
      }
    },
    {
      "type": "Feature",
      "properties": {
        "sourceDatasetId": "data-rio__escolas_municipais__atual",
        "facilityType": "municipal_school",
        "name": "Escola Municipal Noronha Santos",
        "schoolType": "Escola Municipal"
      },
      "geometry": {
        "type": "Point",
        "coordinates": [
          -43.40338,
          -22.8356
        ]
      }
    },
    {
      "type": "Feature",
      "properties": {
        "sourceDatasetId": "data-rio__escolas_municipais__atual",
        "facilityType": "municipal_school",
        "name": "Escola Municipal Antônio Francisco Lisboa",
        "schoolType": "Escola Municipal"
      },
      "geometry": {
        "type": "Point",
        "coordinates": [
          -43.376768,
          -22.832775
        ]
      }
    },
    {
      "type": "Feature",
      "properties": {
        "sourceDatasetId": "data-rio__escolas_municipais__atual",
        "facilityType": "municipal_school",
        "name": "Escola Municipal Abraham Lincoln",
        "schoolType": "Escola Municipal"
      },
      "geometry": {
        "type": "Point",
        "coordinates": [
          -43.400039,
          -22.828934
        ]
      }
    },
    {
      "type": "Feature",
      "properties": {
        "sourceDatasetId": "data-rio__escolas_municipais__atual",
        "facilityType": "municipal_school",
        "name": "Escola Municipal Alípio Miranda Ribeiro",
        "schoolType": "Escola Municipal"
      },
      "geometry": {
        "type": "Point",
        "coordinates": [
          -43.358884,
          -22.836362
        ]
      }
    },
    {
      "type": "Feature",
      "properties": {
        "sourceDatasetId": "data-rio__escolas_municipais__atual",
        "facilityType": "municipal_school",
        "name": "Escola Municipal Monte Castelo",
        "schoolType": "Escola Municipal"
      },
      "geometry": {
        "type": "Point",
        "coordinates": [
          -43.348729,
          -22.829413
        ]
      }
    },
    {
      "type": "Feature",
      "properties": {
        "sourceDatasetId": "data-rio__escolas_municipais__atual",
        "facilityType": "municipal_school",
        "name": "Escola Municipal General Osório",
        "schoolType": "Escola Municipal"
      },
      "geometry": {
        "type": "Point",
        "coordinates": [
          -43.346603,
          -22.829025
        ]
      }
    },
    {
      "type": "Feature",
      "properties": {
        "sourceDatasetId": "data-rio__escolas_municipais__atual",
        "facilityType": "municipal_school",
        "name": "Escola Municipal Charles Anderson Weaver",
        "schoolType": "Escola Municipal"
      },
      "geometry": {
        "type": "Point",
        "coordinates": [
          -43.352312,
          -22.828761
        ]
      }
    },
    {
      "type": "Feature",
      "properties": {
        "sourceDatasetId": "data-rio__escolas_municipais__atual",
        "facilityType": "municipal_school",
        "name": "Escola Municipal Erico Veríssimo",
        "schoolType": "Escola Municipal"
      },
      "geometry": {
        "type": "Point",
        "coordinates": [
          -43.351839,
          -22.825035
        ]
      }
    },
    {
      "type": "Feature",
      "properties": {
        "sourceDatasetId": "data-rio__escolas_municipais__atual",
        "facilityType": "municipal_school",
        "name": "Escola Municipal Virgilio Francisco Monteiro",
        "schoolType": "Escola Municipal"
      },
      "geometry": {
        "type": "Point",
        "coordinates": [
          -43.353012,
          -22.826914
        ]
      }
    },
    {
      "type": "Feature",
      "properties": {
        "sourceDatasetId": "data-rio__escolas_municipais__atual",
        "facilityType": "municipal_school",
        "name": "Escola Municipal Cornélio Pena",
        "schoolType": "Escola Municipal"
      },
      "geometry": {
        "type": "Point",
        "coordinates": [
          -43.339425,
          -22.825856
        ]
      }
    },
    {
      "type": "Feature",
      "properties": {
        "sourceDatasetId": "data-rio__escolas_municipais__atual",
        "facilityType": "municipal_school",
        "name": "Escola Municipal Professor Escragnolle Dória",
        "schoolType": "Escola Municipal"
      },
      "geometry": {
        "type": "Point",
        "coordinates": [
          -43.361901,
          -22.820878
        ]
      }
    },
    {
      "type": "Feature",
      "properties": {
        "sourceDatasetId": "data-rio__escolas_municipais__atual",
        "facilityType": "municipal_school",
        "name": "Escola Municipal Fernando Rodrigues da Silveira",
        "schoolType": "Escola Municipal"
      },
      "geometry": {
        "type": "Point",
        "coordinates": [
          -43.370807,
          -22.82702
        ]
      }
    },
    {
      "type": "Feature",
      "properties": {
        "sourceDatasetId": "data-rio__escolas_municipais__atual",
        "facilityType": "municipal_school",
        "name": "Escola Municipal Alberto José Sampaio",
        "schoolType": "Escola Municipal"
      },
      "geometry": {
        "type": "Point",
        "coordinates": [
          -43.372344,
          -22.808085
        ]
      }
    },
    {
      "type": "Feature",
      "properties": {
        "sourceDatasetId": "data-rio__escolas_municipais__atual",
        "facilityType": "municipal_school",
        "name": "Escola Municipal Max Fleiuss",
        "schoolType": "Escola Municipal"
      },
      "geometry": {
        "type": "Point",
        "coordinates": [
          -43.37045,
          -22.808779
        ]
      }
    },
    {
      "type": "Feature",
      "properties": {
        "sourceDatasetId": "data-rio__escolas_municipais__atual",
        "facilityType": "municipal_school",
        "name": "Escola Municipal Mestre Valentim",
        "schoolType": "Escola Municipal"
      },
      "geometry": {
        "type": "Point",
        "coordinates": [
          -43.386055,
          -22.817116
        ]
      }
    },
    {
      "type": "Feature",
      "properties": {
        "sourceDatasetId": "data-rio__escolas_municipais__atual",
        "facilityType": "municipal_school",
        "name": "Escola Municipal Grandjean de Montigny",
        "schoolType": "Escola Municipal"
      },
      "geometry": {
        "type": "Point",
        "coordinates": [
          -43.373926,
          -22.81389
        ]
      }
    },
    {
      "type": "Feature",
      "properties": {
        "sourceDatasetId": "data-rio__escolas_municipais__atual",
        "facilityType": "municipal_school",
        "name": "Escola Municipal Comandante Arnaldo Varella",
        "schoolType": "Escola Municipal"
      },
      "geometry": {
        "type": "Point",
        "coordinates": [
          -43.376635,
          -22.81322
        ]
      }
    },
    {
      "type": "Feature",
      "properties": {
        "sourceDatasetId": "data-rio__escolas_municipais__atual",
        "facilityType": "municipal_school",
        "name": "Escola Municipal Escultor Leão Velloso",
        "schoolType": "Escola Municipal"
      },
      "geometry": {
        "type": "Point",
        "coordinates": [
          -43.360953,
          -22.81617
        ]
      }
    },
    {
      "type": "Feature",
      "properties": {
        "sourceDatasetId": "data-rio__escolas_municipais__atual",
        "facilityType": "municipal_school",
        "name": "Escola Municipal Artur Azevedo",
        "schoolType": "Escola Municipal"
      },
      "geometry": {
        "type": "Point",
        "coordinates": [
          -43.356661,
          -22.810246
        ]
      }
    },
    {
      "type": "Feature",
      "properties": {
        "sourceDatasetId": "data-rio__escolas_municipais__atual",
        "facilityType": "municipal_school",
        "name": "Escola Municipal Octavio Tarquinio de Souza",
        "schoolType": "Escola Municipal"
      },
      "geometry": {
        "type": "Point",
        "coordinates": [
          -43.357211,
          -22.810432
        ]
      }
    },
    {
      "type": "Feature",
      "properties": {
        "sourceDatasetId": "data-rio__escolas_municipais__atual",
        "facilityType": "municipal_school",
        "name": "Escola Municipal Manuel de Abreu",
        "schoolType": "Escola Municipal"
      },
      "geometry": {
        "type": "Point",
        "coordinates": [
          -43.357022,
          -22.803602
        ]
      }
    },
    {
      "type": "Feature",
      "properties": {
        "sourceDatasetId": "data-rio__escolas_municipais__atual",
        "facilityType": "municipal_school",
        "name": "Escola Municipal Thomas Jefferson",
        "schoolType": "Escola Municipal"
      },
      "geometry": {
        "type": "Point",
        "coordinates": [
          -43.352399,
          -22.819797
        ]
      }
    },
    {
      "type": "Feature",
      "properties": {
        "sourceDatasetId": "data-rio__escolas_municipais__atual",
        "facilityType": "municipal_school",
        "name": "Escola Municipal Alexandre de Gusmão",
        "schoolType": "Escola Municipal"
      },
      "geometry": {
        "type": "Point",
        "coordinates": [
          -43.33965,
          -22.816277
        ]
      }
    },
    {
      "type": "Feature",
      "properties": {
        "sourceDatasetId": "data-rio__escolas_municipais__atual",
        "facilityType": "municipal_school",
        "name": "Escola Municipal Otávio Kelly",
        "schoolType": "Escola Municipal"
      },
      "geometry": {
        "type": "Point",
        "coordinates": [
          -43.358059,
          -22.807948
        ]
      }
    },
    {
      "type": "Feature",
      "properties": {
        "sourceDatasetId": "data-rio__escolas_municipais__atual",
        "facilityType": "municipal_school",
        "name": "Escola Municipal Eugenia Dutra Hamann",
        "schoolType": "Escola Municipal"
      },
      "geometry": {
        "type": "Point",
        "coordinates": [
          -43.352625,
          -22.817215
        ]
      }
    },
    {
      "type": "Feature",
      "properties": {
        "sourceDatasetId": "data-rio__escolas_municipais__atual",
        "facilityType": "municipal_school",
        "name": "Escola Municipal Andrea Fontes Peixoto",
        "schoolType": "Escola Municipal"
      },
      "geometry": {
        "type": "Point",
        "coordinates": [
          -43.340149,
          -22.81631
        ]
      }
    },
    {
      "type": "Feature",
      "properties": {
        "sourceDatasetId": "data-rio__escolas_municipais__atual",
        "facilityType": "municipal_school",
        "name": "Escola Municipal Deputado Hilton Gama",
        "schoolType": "Escola Municipal"
      },
      "geometry": {
        "type": "Point",
        "coordinates": [
          -43.357756,
          -22.807806
        ]
      }
    },
    {
      "type": "Feature",
      "properties": {
        "sourceDatasetId": "data-rio__escolas_municipais__atual",
        "facilityType": "municipal_school",
        "name": "Escola Municipal José Pedro Varela",
        "schoolType": "Escola Municipal"
      },
      "geometry": {
        "type": "Point",
        "coordinates": [
          -43.360742,
          -22.81878
        ]
      }
    },
    {
      "type": "Feature",
      "properties": {
        "sourceDatasetId": "data-rio__escolas_municipais__atual",
        "facilityType": "municipal_school",
        "name": "Escola Municipal Telêmaco Gonçalves Maia",
        "schoolType": "Escola Municipal"
      },
      "geometry": {
        "type": "Point",
        "coordinates": [
          -43.358655,
          -22.806871
        ]
      }
    },
    {
      "type": "Feature",
      "properties": {
        "sourceDatasetId": "data-rio__escolas_municipais__atual",
        "facilityType": "municipal_school",
        "name": "Escola Municipal Levy Miranda",
        "schoolType": "Escola Municipal"
      },
      "geometry": {
        "type": "Point",
        "coordinates": [
          -43.377622,
          -22.815324
        ]
      }
    },
    {
      "type": "Feature",
      "properties": {
        "sourceDatasetId": "data-rio__escolas_municipais__atual",
        "facilityType": "municipal_school",
        "name": "Escola Municipal Alziro Zarur",
        "schoolType": "Escola Municipal"
      },
      "geometry": {
        "type": "Point",
        "coordinates": [
          -43.378914,
          -22.817344
        ]
      }
    },
    {
      "type": "Feature",
      "properties": {
        "sourceDatasetId": "data-rio__escolas_municipais__atual",
        "facilityType": "municipal_school",
        "name": "Escola Municipal Zilda Nunes da Costa",
        "schoolType": "Escola Municipal"
      },
      "geometry": {
        "type": "Point",
        "coordinates": [
          -43.372764,
          -22.817743
        ]
      }
    },
    {
      "type": "Feature",
      "properties": {
        "sourceDatasetId": "data-rio__escolas_municipais__atual",
        "facilityType": "municipal_school",
        "name": "Escola Municipal Motorista Paschoal André",
        "schoolType": "Escola Municipal"
      },
      "geometry": {
        "type": "Point",
        "coordinates": [
          -43.377465,
          -22.820066
        ]
      }
    },
    {
      "type": "Feature",
      "properties": {
        "sourceDatasetId": "data-rio__escolas_municipais__atual",
        "facilityType": "municipal_school",
        "name": "Escola Municipal Prefeito Marcos Tamoyo",
        "schoolType": "Escola Municipal"
      },
      "geometry": {
        "type": "Point",
        "coordinates": [
          -43.364677,
          -22.815695
        ]
      }
    },
    {
      "type": "Feature",
      "properties": {
        "sourceDatasetId": "data-rio__escolas_municipais__atual",
        "facilityType": "municipal_school",
        "name": "Escola Municipal Jornalista e Escritor Daniel Piza",
        "schoolType": "Escola Municipal"
      },
      "geometry": {
        "type": "Point",
        "coordinates": [
          -43.353629,
          -22.823838
        ]
      }
    },
    {
      "type": "Feature",
      "properties": {
        "sourceDatasetId": "data-rio__escolas_municipais__atual",
        "facilityType": "municipal_school",
        "name": "EM Temistocles Dalmácio Pereira",
        "schoolType": "Escola Municipal"
      },
      "geometry": {
        "type": "Point",
        "coordinates": [
          -43.367946,
          -22.833294
        ]
      }
    },
    {
      "type": "Feature",
      "properties": {
        "sourceDatasetId": "data-rio__escolas_municipais__atual",
        "facilityType": "municipal_school",
        "name": "Ciep Rubens Gomes",
        "schoolType": "CIEP"
      },
      "geometry": {
        "type": "Point",
        "coordinates": [
          -43.368571,
          -22.826164
        ]
      }
    },
    {
      "type": "Feature",
      "properties": {
        "sourceDatasetId": "data-rio__escolas_municipais__atual",
        "facilityType": "municipal_school",
        "name": "Ciep Antonio Candeia Filho",
        "schoolType": "CIEP"
      },
      "geometry": {
        "type": "Point",
        "coordinates": [
          -43.344307,
          -22.828922
        ]
      }
    },
    {
      "type": "Feature",
      "properties": {
        "sourceDatasetId": "data-rio__escolas_municipais__atual",
        "facilityType": "municipal_school",
        "name": "Ciep Anton Makarenko",
        "schoolType": "CIEP"
      },
      "geometry": {
        "type": "Point",
        "coordinates": [
          -43.368899,
          -22.821543
        ]
      }
    },
    {
      "type": "Feature",
      "properties": {
        "sourceDatasetId": "data-rio__escolas_municipais__atual",
        "facilityType": "municipal_school",
        "name": "Ciep Doutor Adão Pereira Nunes",
        "schoolType": "CIEP"
      },
      "geometry": {
        "type": "Point",
        "coordinates": [
          -43.337397,
          -22.825423
        ]
      }
    },
    {
      "type": "Feature",
      "properties": {
        "sourceDatasetId": "data-rio__escolas_municipais__atual",
        "facilityType": "municipal_school",
        "name": "Ciep Zumbi dos Palmares",
        "schoolType": "CIEP"
      },
      "geometry": {
        "type": "Point",
        "coordinates": [
          -43.356111,
          -22.826621
        ]
      }
    },
    {
      "type": "Feature",
      "properties": {
        "sourceDatasetId": "data-rio__escolas_municipais__atual",
        "facilityType": "municipal_school",
        "name": "Ciep Glauber Rocha",
        "schoolType": "CIEP"
      },
      "geometry": {
        "type": "Point",
        "coordinates": [
          -43.354101,
          -22.810605
        ]
      }
    },
    {
      "type": "Feature",
      "properties": {
        "sourceDatasetId": "data-rio__escolas_municipais__atual",
        "facilityType": "municipal_school",
        "name": "Creche Municipal Os Sabidinhos",
        "schoolType": "Creche Municipal"
      },
      "geometry": {
        "type": "Point",
        "coordinates": [
          -43.344044,
          -22.812409
        ]
      }
    },
    {
      "type": "Feature",
      "properties": {
        "sourceDatasetId": "data-rio__escolas_municipais__atual",
        "facilityType": "municipal_school",
        "name": "Creche Municipal Professora Jurema Gomes Sampaio Delfim",
        "schoolType": "Creche Municipal"
      },
      "geometry": {
        "type": "Point",
        "coordinates": [
          -43.35957,
          -22.822051
        ]
      }
    },
    {
      "type": "Feature",
      "properties": {
        "sourceDatasetId": "data-rio__escolas_municipais__atual",
        "facilityType": "municipal_school",
        "name": "Creche Municipal Dr. Albert Sabin",
        "schoolType": "Creche Municipal"
      },
      "geometry": {
        "type": "Point",
        "coordinates": [
          -43.370787,
          -22.829398
        ]
      }
    },
    {
      "type": "Feature",
      "properties": {
        "sourceDatasetId": "data-rio__escolas_municipais__atual",
        "facilityType": "municipal_school",
        "name": "Creche Municipal Herbert de Souza - Betinho",
        "schoolType": "Creche Municipal"
      },
      "geometry": {
        "type": "Point",
        "coordinates": [
          -43.348239,
          -22.83664
        ]
      }
    },
    {
      "type": "Feature",
      "properties": {
        "sourceDatasetId": "data-rio__escolas_municipais__atual",
        "facilityType": "municipal_school",
        "name": "Creche Municipal Luís Carlos Prestes",
        "schoolType": "Creche Municipal"
      },
      "geometry": {
        "type": "Point",
        "coordinates": [
          -43.379834,
          -22.818729
        ]
      }
    },
    {
      "type": "Feature",
      "properties": {
        "sourceDatasetId": "data-rio__escolas_municipais__atual",
        "facilityType": "municipal_school",
        "name": "Creche Municipal Luís de Souza da Costa Barros",
        "schoolType": "Creche Municipal"
      },
      "geometry": {
        "type": "Point",
        "coordinates": [
          -43.365549,
          -22.820707
        ]
      }
    },
    {
      "type": "Feature",
      "properties": {
        "sourceDatasetId": "data-rio__escolas_municipais__atual",
        "facilityType": "municipal_school",
        "name": "Creche Municipal Luiza de Barros de Sá Freire",
        "schoolType": "Creche Municipal"
      },
      "geometry": {
        "type": "Point",
        "coordinates": [
          -43.361921,
          -22.81981
        ]
      }
    },
    {
      "type": "Feature",
      "properties": {
        "sourceDatasetId": "data-rio__escolas_municipais__atual",
        "facilityType": "municipal_school",
        "name": "Creche Municipal Major Celestino R. dos Santos",
        "schoolType": "Creche Municipal"
      },
      "geometry": {
        "type": "Point",
        "coordinates": [
          -43.338803,
          -22.826122
        ]
      }
    },
    {
      "type": "Feature",
      "properties": {
        "sourceDatasetId": "data-rio__escolas_municipais__atual",
        "facilityType": "municipal_school",
        "name": "Creche Municipal Sônia Maria de M. Angel Jones",
        "schoolType": "Creche Municipal"
      },
      "geometry": {
        "type": "Point",
        "coordinates": [
          -43.353119,
          -22.813466
        ]
      }
    },
    {
      "type": "Feature",
      "properties": {
        "sourceDatasetId": "data-rio__escolas_municipais__atual",
        "facilityType": "municipal_school",
        "name": "Creche Municipal Zuzu Angel",
        "schoolType": "Creche Municipal"
      },
      "geometry": {
        "type": "Point",
        "coordinates": [
          -43.343128,
          -22.838585
        ]
      }
    },
    {
      "type": "Feature",
      "properties": {
        "sourceDatasetId": "data-rio__escolas_municipais__atual",
        "facilityType": "municipal_school",
        "name": "Creche Municipal Zilka Salaberry",
        "schoolType": "Creche Municipal"
      },
      "geometry": {
        "type": "Point",
        "coordinates": [
          -43.345692,
          -22.824265
        ]
      }
    },
    {
      "type": "Feature",
      "properties": {
        "sourceDatasetId": "data-rio__escolas_municipais__atual",
        "facilityType": "municipal_school",
        "name": "Creche Municipal Yedda Marques Lamounier de Andrade Maciel",
        "schoolType": "Creche Municipal"
      },
      "geometry": {
        "type": "Point",
        "coordinates": [
          -43.34295,
          -22.826136
        ]
      }
    },
    {
      "type": "Feature",
      "properties": {
        "sourceDatasetId": "data-rio__escolas_municipais__atual",
        "facilityType": "municipal_school",
        "name": "Creche Municipal Simone de Beauvoir",
        "schoolType": "Creche Municipal"
      },
      "geometry": {
        "type": "Point",
        "coordinates": [
          -43.367493,
          -22.814685
        ]
      }
    },
    {
      "type": "Feature",
      "properties": {
        "sourceDatasetId": "data-rio__escolas_municipais__atual",
        "facilityType": "municipal_school",
        "name": "Creche Municipal Edna Lotte",
        "schoolType": "Creche Municipal"
      },
      "geometry": {
        "type": "Point",
        "coordinates": [
          -43.339125,
          -22.823514
        ]
      }
    },
    {
      "type": "Feature",
      "properties": {
        "sourceDatasetId": "data-rio__escolas_municipais__atual",
        "facilityType": "municipal_school",
        "name": "Creche Municipal Professor Rogério Pedro Batista",
        "schoolType": "Creche Municipal"
      },
      "geometry": {
        "type": "Point",
        "coordinates": [
          -43.352297,
          -22.825477
        ]
      }
    },
    {
      "type": "Feature",
      "properties": {
        "sourceDatasetId": "data-rio__escolas_municipais__atual",
        "facilityType": "municipal_school",
        "name": "Centro de Educação de Jovens e Adultos CEJA Acari",
        "schoolType": "CEJA - Centro de Educação de Jovens e Adultos"
      },
      "geometry": {
        "type": "Point",
        "coordinates": [
          -43.349227,
          -22.828684
        ]
      }
    },
    {
      "type": "Feature",
      "properties": {
        "sourceDatasetId": "data-rio__escolas_municipais__atual",
        "facilityType": "municipal_school",
        "name": "Espaço de Desenvolvimento Infantil Professora Rosenice Rocha Roque",
        "schoolType": "EDI"
      },
      "geometry": {
        "type": "Point",
        "coordinates": [
          -43.367654,
          -22.838141
        ]
      }
    },
    {
      "type": "Feature",
      "properties": {
        "sourceDatasetId": "data-rio__escolas_municipais__atual",
        "facilityType": "municipal_school",
        "name": "Espaço de Desenvolvimento Infantil Wesley Guilber Rodrigues de Andrade",
        "schoolType": "EDI"
      },
      "geometry": {
        "type": "Point",
        "coordinates": [
          -43.368983,
          -22.820877
        ]
      }
    },
    {
      "type": "Feature",
      "properties": {
        "sourceDatasetId": "data-rio__escolas_municipais__atual",
        "facilityType": "municipal_school",
        "name": "Espaço de Desenvolvimento Infantil Professora Beatriz de Souza Madeira",
        "schoolType": "EDI"
      },
      "geometry": {
        "type": "Point",
        "coordinates": [
          -43.361693,
          -22.823882
        ]
      }
    },
    {
      "type": "Feature",
      "properties": {
        "sourceDatasetId": "data-rio__escolas_municipais__atual",
        "facilityType": "municipal_school",
        "name": "Espaço de Desenvolvimento Infantil Professora Helia Lúcia Moreno Ferreira",
        "schoolType": "EDI"
      },
      "geometry": {
        "type": "Point",
        "coordinates": [
          -43.361933,
          -22.821307
        ]
      }
    },
    {
      "type": "Feature",
      "properties": {
        "sourceDatasetId": "data-rio__escolas_municipais__atual",
        "facilityType": "municipal_school",
        "name": "Espaço de Desenvolvimento Infantil Firmino Costa",
        "schoolType": "EDI"
      },
      "geometry": {
        "type": "Point",
        "coordinates": [
          -43.359633,
          -22.835748
        ]
      }
    },
    {
      "type": "Feature",
      "properties": {
        "sourceDatasetId": "data-rio__escolas_municipais__atual",
        "facilityType": "municipal_school",
        "name": "Espaço de Desenvolvimento Infantil Ana de Barros Câmara",
        "schoolType": "EDI"
      },
      "geometry": {
        "type": "Point",
        "coordinates": [
          -43.348681,
          -22.82858
        ]
      }
    },
    {
      "type": "Feature",
      "properties": {
        "sourceDatasetId": "data-rio__escolas_municipais__atual",
        "facilityType": "municipal_school",
        "name": "Espaço de Desenvolvimento Infantil Frota Pessoa",
        "schoolType": "EDI"
      },
      "geometry": {
        "type": "Point",
        "coordinates": [
          -43.373274,
          -22.823909
        ]
      }
    },
    {
      "type": "Feature",
      "properties": {
        "sourceDatasetId": "data-rio__escolas_municipais__atual",
        "facilityType": "municipal_school",
        "name": "Espaço de Desenvolvimento Infantil Deputado Pedro Fernandes Filho",
        "schoolType": "EDI"
      },
      "geometry": {
        "type": "Point",
        "coordinates": [
          -43.352911,
          -22.827186
        ]
      }
    },
    {
      "type": "Feature",
      "properties": {
        "sourceDatasetId": "data-rio__escolas_municipais__atual",
        "facilityType": "municipal_school",
        "name": "Espaço de Desenvolvimento Infantil Sebastião Tavares do Nascimento",
        "schoolType": "EDI"
      },
      "geometry": {
        "type": "Point",
        "coordinates": [
          -43.360768,
          -22.821493
        ]
      }
    },
    {
      "type": "Feature",
      "properties": {
        "sourceDatasetId": "data-rio__escolas_municipais__atual",
        "facilityType": "municipal_school",
        "name": "Espaço de Desenvolvimento Infantil Professora Marise Garcia Miranda",
        "schoolType": "EDI"
      },
      "geometry": {
        "type": "Point",
        "coordinates": [
          -43.354086,
          -22.817137
        ]
      }
    },
    {
      "type": "Feature",
      "properties": {
        "sourceDatasetId": "data-rio__escolas_municipais__atual",
        "facilityType": "municipal_school",
        "name": "Espaço de Desenvolvimento Infantil Ana Maria Cristina Marques Ribeiro",
        "schoolType": "EDI"
      },
      "geometry": {
        "type": "Point",
        "coordinates": [
          -43.352448,
          -22.829418
        ]
      }
    },
    {
      "type": "Feature",
      "properties": {
        "sourceDatasetId": "data-rio__escolas_municipais__atual",
        "facilityType": "municipal_school",
        "name": "Espaço de Desenvolvimento Infantil Amarelinho",
        "schoolType": "EDI"
      },
      "geometry": {
        "type": "Point",
        "coordinates": [
          -43.339274,
          -22.826098
        ]
      }
    },
    {
      "type": "Feature",
      "properties": {
        "sourceDatasetId": "data-rio__escolas_municipais__atual",
        "facilityType": "municipal_school",
        "name": "Espaço de Desenvolvimento Infantil Professora Gracília Rosa de Belém Mayor",
        "schoolType": "EDI"
      },
      "geometry": {
        "type": "Point",
        "coordinates": [
          -43.364913,
          -22.812382
        ]
      }
    },
    {
      "type": "Feature",
      "properties": {
        "sourceDatasetId": "data-rio__escolas_municipais__atual",
        "facilityType": "municipal_school",
        "name": "Espaço de Desenvolvimento Infantil Professora Roseane Vasconcellos",
        "schoolType": "EDI"
      },
      "geometry": {
        "type": "Point",
        "coordinates": [
          -43.367418,
          -22.83288
        ]
      }
    },
    {
      "type": "Feature",
      "properties": {
        "sourceDatasetId": "data-rio__escolas_municipais__atual",
        "facilityType": "municipal_school",
        "name": "Espaço de Desenvolvimento Infantil Professora Kristina Romolo Kiffer",
        "schoolType": "EDI"
      },
      "geometry": {
        "type": "Point",
        "coordinates": [
          -43.353838,
          -22.823448
        ]
      }
    },
    {
      "type": "Feature",
      "properties": {
        "sourceDatasetId": "data-rio__escolas_municipais__atual",
        "facilityType": "municipal_school",
        "name": "Espaço de Desenvolvimento Infantil Professora Regina Celi Rabelo de Almeida",
        "schoolType": "EDI"
      },
      "geometry": {
        "type": "Point",
        "coordinates": [
          -43.355257,
          -22.814742
        ]
      }
    },
    {
      "type": "Feature",
      "properties": {
        "sourceDatasetId": "data-rio__escolas_municipais__atual",
        "facilityType": "municipal_school",
        "name": "Espaço de Desenvolvimento Infantil Professora Daniele Simões de Souza Lopes",
        "schoolType": "EDI"
      },
      "geometry": {
        "type": "Point",
        "coordinates": [
          -43.35212,
          -22.820559
        ]
      }
    },
    {
      "type": "Feature",
      "properties": {
        "sourceDatasetId": "data-rio__escolas_municipais__atual",
        "facilityType": "municipal_school",
        "name": "Espaço de Desenvolvimento Infantil Maria Eugenia Canelhas",
        "schoolType": "EDI"
      },
      "geometry": {
        "type": "Point",
        "coordinates": [
          -43.372226,
          -22.816734
        ]
      }
    },
    {
      "type": "Feature",
      "properties": {
        "sourceDatasetId": "data-rio__escolas_municipais__atual",
        "facilityType": "municipal_school",
        "name": "Espaço de Desenvolvimento Infantil Professora Mariza Pimenta",
        "schoolType": "EDI"
      },
      "geometry": {
        "type": "Point",
        "coordinates": [
          -43.377041,
          -22.81986
        ]
      }
    },
    {
      "type": "Feature",
      "properties": {
        "sourceDatasetId": "data-rio__escolas_municipais__atual",
        "facilityType": "municipal_school",
        "name": "EDI BETH CARVALHO",
        "schoolType": "EDI"
      },
      "geometry": {
        "type": "Point",
        "coordinates": [
          -43.36713,
          -22.81084
        ]
      }
    },
    {
      "type": "Feature",
      "properties": {
        "sourceDatasetId": "data-rio__escolas_municipais__atual",
        "facilityType": "municipal_school",
        "name": "Escola Municipal Francis Hime",
        "schoolType": "Escola Municipal"
      },
      "geometry": {
        "type": "Point",
        "coordinates": [
          -43.41625,
          -22.918831
        ]
      }
    },
    {
      "type": "Feature",
      "properties": {
        "sourceDatasetId": "data-rio__escolas_municipais__atual",
        "facilityType": "municipal_school",
        "name": "Escola Municipal Luiz Camillo",
        "schoolType": "Escola Municipal"
      },
      "geometry": {
        "type": "Point",
        "coordinates": [
          -43.421798,
          -22.91465
        ]
      }
    },
    {
      "type": "Feature",
      "properties": {
        "sourceDatasetId": "data-rio__escolas_municipais__atual",
        "facilityType": "municipal_school",
        "name": "Escola Municipal Jornalista Campos Ribeiro",
        "schoolType": "Escola Municipal"
      },
      "geometry": {
        "type": "Point",
        "coordinates": [
          -43.408448,
          -22.96357
        ]
      }
    },
    {
      "type": "Feature",
      "properties": {
        "sourceDatasetId": "data-rio__escolas_municipais__atual",
        "facilityType": "municipal_school",
        "name": "Escola Municipal Juliano Moreira",
        "schoolType": "Escola Municipal"
      },
      "geometry": {
        "type": "Point",
        "coordinates": [
          -43.3945,
          -22.933253
        ]
      }
    },
    {
      "type": "Feature",
      "properties": {
        "sourceDatasetId": "data-rio__escolas_municipais__atual",
        "facilityType": "municipal_school",
        "name": "Escola Municipal Adalgisa Monteiro",
        "schoolType": "Escola Municipal"
      },
      "geometry": {
        "type": "Point",
        "coordinates": [
          -43.327545,
          -22.972795
        ]
      }
    },
    {
      "type": "Feature",
      "properties": {
        "sourceDatasetId": "data-rio__escolas_municipais__atual",
        "facilityType": "municipal_school",
        "name": "Escola Municipal Desembargador Ney Palmeiro",
        "schoolType": "Escola Municipal"
      },
      "geometry": {
        "type": "Point",
        "coordinates": [
          -43.412846,
          -22.968917
        ]
      }
    },
    {
      "type": "Feature",
      "properties": {
        "sourceDatasetId": "data-rio__escolas_municipais__atual",
        "facilityType": "municipal_school",
        "name": "Escola Municipal Finlândia",
        "schoolType": "Escola Municipal"
      },
      "geometry": {
        "type": "Point",
        "coordinates": [
          -43.410113,
          -22.971988
        ]
      }
    },
    {
      "type": "Feature",
      "properties": {
        "sourceDatasetId": "data-rio__escolas_municipais__atual",
        "facilityType": "municipal_school",
        "name": "Escola Municipal Mano Décio da Viola",
        "schoolType": "Escola Municipal"
      },
      "geometry": {
        "type": "Point",
        "coordinates": [
          -43.378172,
          -22.951667
        ]
      }
    },
    {
      "type": "Feature",
      "properties": {
        "sourceDatasetId": "data-rio__escolas_municipais__atual",
        "facilityType": "municipal_school",
        "name": "Escola Municipal Denise Maria Torres",
        "schoolType": "Escola Municipal"
      },
      "geometry": {
        "type": "Point",
        "coordinates": [
          -43.408197,
          -22.920873
        ]
      }
    },
    {
      "type": "Feature",
      "properties": {
        "sourceDatasetId": "data-rio__escolas_municipais__atual",
        "facilityType": "municipal_school",
        "name": "Escola Municipal Maria Florinda Paiva da Cruz",
        "schoolType": "Escola Municipal"
      },
      "geometry": {
        "type": "Point",
        "coordinates": [
          -43.333181,
          -22.952008
        ]
      }
    },
    {
      "type": "Feature",
      "properties": {
        "sourceDatasetId": "data-rio__escolas_municipais__atual",
        "facilityType": "municipal_school",
        "name": "Escola Municipal Marechal Canrobert Pereira da Costa",
        "schoolType": "Escola Municipal"
      },
      "geometry": {
        "type": "Point",
        "coordinates": [
          -43.340896,
          -22.9558
        ]
      }
    },
    {
      "type": "Feature",
      "properties": {
        "sourceDatasetId": "data-rio__escolas_municipais__atual",
        "facilityType": "municipal_school",
        "name": "Escola Municipal Victor Hugo",
        "schoolType": "Escola Municipal"
      },
      "geometry": {
        "type": "Point",
        "coordinates": [
          -43.338594,
          -22.963825
        ]
      }
    },
    {
      "type": "Feature",
      "properties": {
        "sourceDatasetId": "data-rio__escolas_municipais__atual",
        "facilityType": "municipal_school",
        "name": "Escola Municipal Naturalista Augusto Ruschi",
        "schoolType": "Escola Municipal"
      },
      "geometry": {
        "type": "Point",
        "coordinates": [
          -43.341482,
          -22.955593
        ]
      }
    },
    {
      "type": "Feature",
      "properties": {
        "sourceDatasetId": "data-rio__escolas_municipais__atual",
        "facilityType": "municipal_school",
        "name": "Escola Municipal Professora Helena Lopes Abranches",
        "schoolType": "Escola Municipal"
      },
      "geometry": {
        "type": "Point",
        "coordinates": [
          -43.353437,
          -22.96072
        ]
      }
    },
    {
      "type": "Feature",
      "properties": {
        "sourceDatasetId": "data-rio__escolas_municipais__atual",
        "facilityType": "municipal_school",
        "name": "Escola Municipal Edgard Werneck",
        "schoolType": "Escola Municipal"
      },
      "geometry": {
        "type": "Point",
        "coordinates": [
          -43.342457,
          -22.93861
        ]
      }
    },
    {
      "type": "Feature",
      "properties": {
        "sourceDatasetId": "data-rio__escolas_municipais__atual",
        "facilityType": "municipal_school",
        "name": "Escola Municipal Menezes Cortes",
        "schoolType": "Escola Municipal"
      },
      "geometry": {
        "type": "Point",
        "coordinates": [
          -43.338969,
          -22.942655
        ]
      }
    },
    {
      "type": "Feature",
      "properties": {
        "sourceDatasetId": "data-rio__escolas_municipais__atual",
        "facilityType": "municipal_school",
        "name": "Escola Municipal 25 de Abril",
        "schoolType": "Escola Municipal"
      },
      "geometry": {
        "type": "Point",
        "coordinates": [
          -43.342579,
          -22.938165
        ]
      }
    },
    {
      "type": "Feature",
      "properties": {
        "sourceDatasetId": "data-rio__escolas_municipais__atual",
        "facilityType": "municipal_school",
        "name": "Escola Municipal Paroquial Nossa Senhora do Loreto",
        "schoolType": "Escola Municipal"
      },
      "geometry": {
        "type": "Point",
        "coordinates": [
          -43.347926,
          -22.93885
        ]
      }
    },
    {
      "type": "Feature",
      "properties": {
        "sourceDatasetId": "data-rio__escolas_municipais__atual",
        "facilityType": "municipal_school",
        "name": "Escola Municipal Virgilio Várzea",
        "schoolType": "Escola Municipal"
      },
      "geometry": {
        "type": "Point",
        "coordinates": [
          -43.35113,
          -22.93253
        ]
      }
    },
    {
      "type": "Feature",
      "properties": {
        "sourceDatasetId": "data-rio__escolas_municipais__atual",
        "facilityType": "municipal_school",
        "name": "Escola Municipal Dorcelina Gomes da Costa",
        "schoolType": "Escola Municipal"
      },
      "geometry": {
        "type": "Point",
        "coordinates": [
          -43.360377,
          -22.941555
        ]
      }
    },
    {
      "type": "Feature",
      "properties": {
        "sourceDatasetId": "data-rio__escolas_municipais__atual",
        "facilityType": "municipal_school",
        "name": "Escola Municipal General João Mendonça Lima",
        "schoolType": "Escola Municipal"
      },
      "geometry": {
        "type": "Point",
        "coordinates": [
          -43.354573,
          -22.92354
        ]
      }
    },
    {
      "type": "Feature",
      "properties": {
        "sourceDatasetId": "data-rio__escolas_municipais__atual",
        "facilityType": "municipal_school",
        "name": "Escola Municipal Compositor Luiz Gonzaga",
        "schoolType": "Escola Municipal"
      },
      "geometry": {
        "type": "Point",
        "coordinates": [
          -43.349633,
          -22.949615
        ]
      }
    },
    {
      "type": "Feature",
      "properties": {
        "sourceDatasetId": "data-rio__escolas_municipais__atual",
        "facilityType": "municipal_school",
        "name": "Escola Municipal Rio das Pedras",
        "schoolType": "Escola Municipal"
      },
      "geometry": {
        "type": "Point",
        "coordinates": [
          -43.329561,
          -22.9732
        ]
      }
    },
    {
      "type": "Feature",
      "properties": {
        "sourceDatasetId": "data-rio__escolas_municipais__atual",
        "facilityType": "municipal_school",
        "name": "Escola Municipal Alina de Britto",
        "schoolType": "Escola Municipal"
      },
      "geometry": {
        "type": "Point",
        "coordinates": [
          -43.382957,
          -22.958213
        ]
      }
    },
    {
      "type": "Feature",
      "properties": {
        "sourceDatasetId": "data-rio__escolas_municipais__atual",
        "facilityType": "municipal_school",
        "name": "Escola Municipal Silveira Sampaio",
        "schoolType": "Escola Municipal"
      },
      "geometry": {
        "type": "Point",
        "coordinates": [
          -43.390568,
          -22.950553
        ]
      }
    },
    {
      "type": "Feature",
      "properties": {
        "sourceDatasetId": "data-rio__escolas_municipais__atual",
        "facilityType": "municipal_school",
        "name": "Escola Municipal Lincoln Bicalho Roque",
        "schoolType": "Escola Municipal"
      },
      "geometry": {
        "type": "Point",
        "coordinates": [
          -43.384374,
          -22.943762
        ]
      }
    },
    {
      "type": "Feature",
      "properties": {
        "sourceDatasetId": "data-rio__escolas_municipais__atual",
        "facilityType": "municipal_school",
        "name": "Escola Municipal Julio Verne",
        "schoolType": "Escola Municipal"
      },
      "geometry": {
        "type": "Point",
        "coordinates": [
          -43.363559,
          -22.930473
        ]
      }
    },
    {
      "type": "Feature",
      "properties": {
        "sourceDatasetId": "data-rio__escolas_municipais__atual",
        "facilityType": "municipal_school",
        "name": "Escola Municipal Pedro Américo",
        "schoolType": "Escola Municipal"
      },
      "geometry": {
        "type": "Point",
        "coordinates": [
          -43.383717,
          -22.924901
        ]
      }
    },
    {
      "type": "Feature",
      "properties": {
        "sourceDatasetId": "data-rio__escolas_municipais__atual",
        "facilityType": "municipal_school",
        "name": "Escola Municipal Vítor Meireles",
        "schoolType": "Escola Municipal"
      },
      "geometry": {
        "type": "Point",
        "coordinates": [
          -43.368383,
          -22.936115
        ]
      }
    },
    {
      "type": "Feature",
      "properties": {
        "sourceDatasetId": "data-rio__escolas_municipais__atual",
        "facilityType": "municipal_school",
        "name": "Escola Municipal Eunice Weaver",
        "schoolType": "Escola Municipal"
      },
      "geometry": {
        "type": "Point",
        "coordinates": [
          -43.384045,
          -22.924442
        ]
      }
    },
    {
      "type": "Feature",
      "properties": {
        "sourceDatasetId": "data-rio__escolas_municipais__atual",
        "facilityType": "municipal_school",
        "name": "Escola Municipal Barão da Taquara",
        "schoolType": "Escola Municipal"
      },
      "geometry": {
        "type": "Point",
        "coordinates": [
          -43.37147,
          -22.922346
        ]
      }
    },
    {
      "type": "Feature",
      "properties": {
        "sourceDatasetId": "data-rio__escolas_municipais__atual",
        "facilityType": "municipal_school",
        "name": "Escola Municipal Marechal Thaumaturgo de Azevedo",
        "schoolType": "Escola Municipal"
      },
      "geometry": {
        "type": "Point",
        "coordinates": [
          -43.38685,
          -22.917327
        ]
      }
    },
    {
      "type": "Feature",
      "properties": {
        "sourceDatasetId": "data-rio__escolas_municipais__atual",
        "facilityType": "municipal_school",
        "name": "Escola Municipal Gastão Monteiro Moutinho",
        "schoolType": "Escola Municipal"
      },
      "geometry": {
        "type": "Point",
        "coordinates": [
          -43.391332,
          -22.911687
        ]
      }
    },
    {
      "type": "Feature",
      "properties": {
        "sourceDatasetId": "data-rio__escolas_municipais__atual",
        "facilityType": "municipal_school",
        "name": "Escola Municipal Juan Montalvo",
        "schoolType": "Escola Municipal"
      },
      "geometry": {
        "type": "Point",
        "coordinates": [
          -43.371391,
          -22.922747
        ]
      }
    },
    {
      "type": "Feature",
      "properties": {
        "sourceDatasetId": "data-rio__escolas_municipais__atual",
        "facilityType": "municipal_school",
        "name": "Escola Municipal General Carlos Caetano Miragaya",
        "schoolType": "Escola Municipal"
      },
      "geometry": {
        "type": "Point",
        "coordinates": [
          -43.386818,
          -22.917675
        ]
      }
    },
    {
      "type": "Feature",
      "properties": {
        "sourceDatasetId": "data-rio__escolas_municipais__atual",
        "facilityType": "municipal_school",
        "name": "Escola Municipal Professora Felicidade de Moura Castro",
        "schoolType": "Escola Municipal"
      },
      "geometry": {
        "type": "Point",
        "coordinates": [
          -43.365471,
          -22.931884
        ]
      }
    },
    {
      "type": "Feature",
      "properties": {
        "sourceDatasetId": "data-rio__escolas_municipais__atual",
        "facilityType": "municipal_school",
        "name": "Escola Municipal Governador Carlos Lacerda",
        "schoolType": "Escola Municipal"
      },
      "geometry": {
        "type": "Point",
        "coordinates": [
          -43.372353,
          -22.929185
        ]
      }
    },
    {
      "type": "Feature",
      "properties": {
        "sourceDatasetId": "data-rio__escolas_municipais__atual",
        "facilityType": "municipal_school",
        "name": "Escola Municipal Nelson Rodrigues",
        "schoolType": "Escola Municipal"
      },
      "geometry": {
        "type": "Point",
        "coordinates": [
          -43.369728,
          -22.935328
        ]
      }
    },
    {
      "type": "Feature",
      "properties": {
        "sourceDatasetId": "data-rio__escolas_municipais__atual",
        "facilityType": "municipal_school",
        "name": "Escola Municipal Renato Leite",
        "schoolType": "Escola Municipal"
      },
      "geometry": {
        "type": "Point",
        "coordinates": [
          -43.369297,
          -22.933509
        ]
      }
    },
    {
      "type": "Feature",
      "properties": {
        "sourceDatasetId": "data-rio__escolas_municipais__atual",
        "facilityType": "municipal_school",
        "name": "Escola Municipal Professor Augusto Cony",
        "schoolType": "Escola Municipal"
      },
      "geometry": {
        "type": "Point",
        "coordinates": [
          -43.364711,
          -22.918017
        ]
      }
    },
    {
      "type": "Feature",
      "properties": {
        "sourceDatasetId": "data-rio__escolas_municipais__atual",
        "facilityType": "municipal_school",
        "name": "Escola Municipal Rosa do Povo",
        "schoolType": "Escola Municipal"
      },
      "geometry": {
        "type": "Point",
        "coordinates": [
          -43.380279,
          -22.913823
        ]
      }
    },
    {
      "type": "Feature",
      "properties": {
        "sourceDatasetId": "data-rio__escolas_municipais__atual",
        "facilityType": "municipal_school",
        "name": "Escola Municipal Professora Dyla Sylvia de Sá",
        "schoolType": "Escola Municipal"
      },
      "geometry": {
        "type": "Point",
        "coordinates": [
          -43.364402,
          -22.937439
        ]
      }
    },
    {
      "type": "Feature",
      "properties": {
        "sourceDatasetId": "data-rio__escolas_municipais__atual",
        "facilityType": "municipal_school",
        "name": "Escola Municipal Pio X",
        "schoolType": "Escola Municipal"
      },
      "geometry": {
        "type": "Point",
        "coordinates": [
          -43.362175,
          -22.922982
        ]
      }
    },
    {
      "type": "Feature",
      "properties": {
        "sourceDatasetId": "data-rio__escolas_municipais__atual",
        "facilityType": "municipal_school",
        "name": "Escola Municipal Maestro Lorenzo Fernandes",
        "schoolType": "Escola Municipal"
      },
      "geometry": {
        "type": "Point",
        "coordinates": [
          -43.37195,
          -22.913503
        ]
      }
    },
    {
      "type": "Feature",
      "properties": {
        "sourceDatasetId": "data-rio__escolas_municipais__atual",
        "facilityType": "municipal_school",
        "name": "Escola Municipal Noel Nutels",
        "schoolType": "Escola Municipal"
      },
      "geometry": {
        "type": "Point",
        "coordinates": [
          -43.371683,
          -22.913201
        ]
      }
    },
    {
      "type": "Feature",
      "properties": {
        "sourceDatasetId": "data-rio__escolas_municipais__atual",
        "facilityType": "municipal_school",
        "name": "Escola Municipal Embaixador Dias Carneiro",
        "schoolType": "Escola Municipal"
      },
      "geometry": {
        "type": "Point",
        "coordinates": [
          -43.360271,
          -22.919089
        ]
      }
    },
    {
      "type": "Feature",
      "properties": {
        "sourceDatasetId": "data-rio__escolas_municipais__atual",
        "facilityType": "municipal_school",
        "name": "Escola Municipal Honduras",
        "schoolType": "Escola Municipal"
      },
      "geometry": {
        "type": "Point",
        "coordinates": [
          -43.352667,
          -22.896931
        ]
      }
    },
    {
      "type": "Feature",
      "properties": {
        "sourceDatasetId": "data-rio__escolas_municipais__atual",
        "facilityType": "municipal_school",
        "name": "Escola Municipal Dom Armando Lombardy",
        "schoolType": "Escola Municipal"
      },
      "geometry": {
        "type": "Point",
        "coordinates": [
          -43.351983,
          -22.89846
        ]
      }
    },
    {
      "type": "Feature",
      "properties": {
        "sourceDatasetId": "data-rio__escolas_municipais__atual",
        "facilityType": "municipal_school",
        "name": "Escola Municipal Morvan de Figueiredo",
        "schoolType": "Escola Municipal"
      },
      "geometry": {
        "type": "Point",
        "coordinates": [
          -43.346681,
          -22.903198
        ]
      }
    },
    {
      "type": "Feature",
      "properties": {
        "sourceDatasetId": "data-rio__escolas_municipais__atual",
        "facilityType": "municipal_school",
        "name": "Escola Municipal José Joaquim de Queiroz Junior",
        "schoolType": "Escola Municipal"
      },
      "geometry": {
        "type": "Point",
        "coordinates": [
          -43.355004,
          -22.890467
        ]
      }
    },
    {
      "type": "Feature",
      "properties": {
        "sourceDatasetId": "data-rio__escolas_municipais__atual",
        "facilityType": "municipal_school",
        "name": "Escola Municipal Sobral Pinto",
        "schoolType": "Escola Municipal"
      },
      "geometry": {
        "type": "Point",
        "coordinates": [
          -43.354075,
          -22.897147
        ]
      }
    },
    {
      "type": "Feature",
      "properties": {
        "sourceDatasetId": "data-rio__escolas_municipais__atual",
        "facilityType": "municipal_school",
        "name": "Escola Municipal Carlos de Laet",
        "schoolType": "Escola Municipal"
      },
      "geometry": {
        "type": "Point",
        "coordinates": [
          -43.366876,
          -22.880075
        ]
      }
    },
    {
      "type": "Feature",
      "properties": {
        "sourceDatasetId": "data-rio__escolas_municipais__atual",
        "facilityType": "municipal_school",
        "name": "Escola Municipal José Enrique Rodó",
        "schoolType": "Escola Municipal"
      },
      "geometry": {
        "type": "Point",
        "coordinates": [
          -43.36723,
          -22.886838
        ]
      }
    },
    {
      "type": "Feature",
      "properties": {
        "sourceDatasetId": "data-rio__escolas_municipais__atual",
        "facilityType": "municipal_school",
        "name": "Escola Municipal Cândido Campos",
        "schoolType": "Escola Municipal"
      },
      "geometry": {
        "type": "Point",
        "coordinates": [
          -43.368247,
          -22.882
        ]
      }
    },
    {
      "type": "Feature",
      "properties": {
        "sourceDatasetId": "data-rio__escolas_municipais__atual",
        "facilityType": "municipal_school",
        "name": "Escola Municipal Maria da Silva França",
        "schoolType": "Escola Municipal"
      },
      "geometry": {
        "type": "Point",
        "coordinates": [
          -43.366804,
          -22.895327
        ]
      }
    },
    {
      "type": "Feature",
      "properties": {
        "sourceDatasetId": "data-rio__escolas_municipais__atual",
        "facilityType": "municipal_school",
        "name": "Escola Municipal Jorge Amado",
        "schoolType": "Escola Municipal"
      },
      "geometry": {
        "type": "Point",
        "coordinates": [
          -43.32862,
          -22.975677
        ]
      }
    },
    {
      "type": "Feature",
      "properties": {
        "sourceDatasetId": "data-rio__escolas_municipais__atual",
        "facilityType": "municipal_school",
        "name": "Escola Especial Municipal Professora Maria Therezinha de Carvalho Machado",
        "schoolType": "Escola Especial Municipal"
      },
      "geometry": {
        "type": "Point",
        "coordinates": [
          -43.335375,
          -22.943691
        ]
      }
    },
    {
      "type": "Feature",
      "properties": {
        "sourceDatasetId": "data-rio__escolas_municipais__atual",
        "facilityType": "municipal_school",
        "name": "Escola Municipal Poeta Mário Quintana",
        "schoolType": "Escola Municipal"
      },
      "geometry": {
        "type": "Point",
        "coordinates": [
          -43.346675,
          -22.953029
        ]
      }
    },
    {
      "type": "Feature",
      "properties": {
        "sourceDatasetId": "data-rio__escolas_municipais__atual",
        "facilityType": "municipal_school",
        "name": "Escola Municipal Madre Tereza de Calcutá",
        "schoolType": "Escola Municipal"
      },
      "geometry": {
        "type": "Point",
        "coordinates": [
          -43.376799,
          -22.953203
        ]
      }
    },
    {
      "type": "Feature",
      "properties": {
        "sourceDatasetId": "data-rio__escolas_municipais__atual",
        "facilityType": "municipal_school",
        "name": "Escola Municipal Roberto Burle Marx",
        "schoolType": "Escola Municipal"
      },
      "geometry": {
        "type": "Point",
        "coordinates": [
          -43.389868,
          -22.968623
        ]
      }
    },
    {
      "type": "Feature",
      "properties": {
        "sourceDatasetId": "data-rio__escolas_municipais__atual",
        "facilityType": "municipal_school",
        "name": "Escola Municipal Claudio Besserman Vianna",
        "schoolType": "Escola Municipal"
      },
      "geometry": {
        "type": "Point",
        "coordinates": [
          -43.329156,
          -22.973355
        ]
      }
    },
    {
      "type": "Feature",
      "properties": {
        "sourceDatasetId": "data-rio__escolas_municipais__atual",
        "facilityType": "municipal_school",
        "name": "Escola Municipal Octavio Frias de Oliveira",
        "schoolType": "Escola Municipal"
      },
      "geometry": {
        "type": "Point",
        "coordinates": [
          -43.336417,
          -22.958029
        ]
      }
    },
    {
      "type": "Feature",
      "properties": {
        "sourceDatasetId": "data-rio__escolas_municipais__atual",
        "facilityType": "municipal_school",
        "name": "Escola Municipal Professora Marisa Vargas Menezes",
        "schoolType": "Escola Municipal"
      },
      "geometry": {
        "type": "Point",
        "coordinates": [
          -43.33501,
          -22.973092
        ]
      }
    },
    {
      "type": "Feature",
      "properties": {
        "sourceDatasetId": "data-rio__escolas_municipais__atual",
        "facilityType": "municipal_school",
        "name": "Escola Municipal Domingos Paschoal Cegalla",
        "schoolType": "Escola Municipal"
      },
      "geometry": {
        "type": "Point",
        "coordinates": [
          -43.357443,
          -22.900644
        ]
      }
    },
    {
      "type": "Feature",
      "properties": {
        "sourceDatasetId": "data-rio__escolas_municipais__atual",
        "facilityType": "municipal_school",
        "name": "Escola Municipal Primário Azerbaijão",
        "schoolType": "Escola Municipal"
      },
      "geometry": {
        "type": "Point",
        "coordinates": [
          -43.346739,
          -22.954309
        ]
      }
    },
    {
      "type": "Feature",
      "properties": {
        "sourceDatasetId": "data-rio__escolas_municipais__atual",
        "facilityType": "municipal_school",
        "name": "Escola Municipal Ginásio Aleksander Henryk Laks",
        "schoolType": "Escola Municipal"
      },
      "geometry": {
        "type": "Point",
        "coordinates": [
          -43.344026,
          -22.962849
        ]
      }
    },
    {
      "type": "Feature",
      "properties": {
        "sourceDatasetId": "data-rio__escolas_municipais__atual",
        "facilityType": "municipal_school",
        "name": "Escola Municipal Primário Vereador Átila Nunes",
        "schoolType": "Escola Municipal"
      },
      "geometry": {
        "type": "Point",
        "coordinates": [
          -43.428511,
          -22.884578
        ]
      }
    },
    {
      "type": "Feature",
      "properties": {
        "sourceDatasetId": "data-rio__escolas_municipais__atual",
        "facilityType": "municipal_school",
        "name": "Ciep Professor Lauro de Oliveira Lima",
        "schoolType": "CIEP"
      },
      "geometry": {
        "type": "Point",
        "coordinates": [
          -43.335139,
          -22.973096
        ]
      }
    },
    {
      "type": "Feature",
      "properties": {
        "sourceDatasetId": "data-rio__escolas_municipais__atual",
        "facilityType": "municipal_school",
        "name": "Ciep Governador Roberto da Silveira",
        "schoolType": "CIEP"
      },
      "geometry": {
        "type": "Point",
        "coordinates": [
          -43.328925,
          -22.975433
        ]
      }
    },
    {
      "type": "Feature",
      "properties": {
        "sourceDatasetId": "data-rio__escolas_municipais__atual",
        "facilityType": "municipal_school",
        "name": "Ciep Rubens Paiva",
        "schoolType": "CIEP"
      },
      "geometry": {
        "type": "Point",
        "coordinates": [
          -43.382793,
          -22.95384
        ]
      }
    },
    {
      "type": "Feature",
      "properties": {
        "sourceDatasetId": "data-rio__escolas_municipais__atual",
        "facilityType": "municipal_school",
        "name": "Ciep Pablo Neruda",
        "schoolType": "CIEP"
      },
      "geometry": {
        "type": "Point",
        "coordinates": [
          -43.387881,
          -22.92688
        ]
      }
    },
    {
      "type": "Feature",
      "properties": {
        "sourceDatasetId": "data-rio__escolas_municipais__atual",
        "facilityType": "municipal_school",
        "name": "Ciep Dr. Joaquim Pimenta",
        "schoolType": "CIEP"
      },
      "geometry": {
        "type": "Point",
        "coordinates": [
          -43.377838,
          -22.945259
        ]
      }
    },
    {
      "type": "Feature",
      "properties": {
        "sourceDatasetId": "data-rio__escolas_municipais__atual",
        "facilityType": "municipal_school",
        "name": "Ciep Compositor Donga",
        "schoolType": "CIEP"
      },
      "geometry": {
        "type": "Point",
        "coordinates": [
          -43.402804,
          -22.915549
        ]
      }
    },
    {
      "type": "Feature",
      "properties": {
        "sourceDatasetId": "data-rio__escolas_municipais__atual",
        "facilityType": "municipal_school",
        "name": "Ciep Carlos Drumond de Andrade",
        "schoolType": "CIEP"
      },
      "geometry": {
        "type": "Point",
        "coordinates": [
          -43.357066,
          -22.906692
        ]
      }
    },
    {
      "type": "Feature",
      "properties": {
        "sourceDatasetId": "data-rio__escolas_municipais__atual",
        "facilityType": "municipal_school",
        "name": "Ciep Almir Bonfim de Andrade",
        "schoolType": "CIEP"
      },
      "geometry": {
        "type": "Point",
        "coordinates": [
          -43.372441,
          -22.88512
        ]
      }
    },
    {
      "type": "Feature",
      "properties": {
        "sourceDatasetId": "data-rio__escolas_municipais__atual",
        "facilityType": "municipal_school",
        "name": "Ciep Dr. Adelino da Palma Carlos",
        "schoolType": "CIEP"
      },
      "geometry": {
        "type": "Point",
        "coordinates": [
          -43.3463,
          -22.889563
        ]
      }
    },
    {
      "type": "Feature",
      "properties": {
        "sourceDatasetId": "data-rio__escolas_municipais__atual",
        "facilityType": "municipal_school",
        "name": "Creche Municipal Otávio Henrique de Oliveira",
        "schoolType": "Creche Municipal"
      },
      "geometry": {
        "type": "Point",
        "coordinates": [
          -43.331015,
          -22.974934
        ]
      }
    },
    {
      "type": "Feature",
      "properties": {
        "sourceDatasetId": "data-rio__escolas_municipais__atual",
        "facilityType": "municipal_school",
        "name": "Creche Municipal Tia Tereza",
        "schoolType": "Creche Municipal"
      },
      "geometry": {
        "type": "Point",
        "coordinates": [
          -43.371421,
          -22.910162
        ]
      }
    },
    {
      "type": "Feature",
      "properties": {
        "sourceDatasetId": "data-rio__escolas_municipais__atual",
        "facilityType": "municipal_school",
        "name": "Creche Municipal Criança do Futuro",
        "schoolType": "Creche Municipal"
      },
      "geometry": {
        "type": "Point",
        "coordinates": [
          -43.384456,
          -22.944254
        ]
      }
    },
    {
      "type": "Feature",
      "properties": {
        "sourceDatasetId": "data-rio__escolas_municipais__atual",
        "facilityType": "municipal_school",
        "name": "Creche Municipal Germinio de Souza Estrela",
        "schoolType": "Creche Municipal"
      },
      "geometry": {
        "type": "Point",
        "coordinates": [
          -43.352685,
          -22.960454
        ]
      }
    },
    {
      "type": "Feature",
      "properties": {
        "sourceDatasetId": "data-rio__escolas_municipais__atual",
        "facilityType": "municipal_school",
        "name": "Creche Municipal Sempre Vida Nise da Silveira",
        "schoolType": "Creche Municipal"
      },
      "geometry": {
        "type": "Point",
        "coordinates": [
          -43.352063,
          -22.943136
        ]
      }
    },
    {
      "type": "Feature",
      "properties": {
        "sourceDatasetId": "data-rio__escolas_municipais__atual",
        "facilityType": "municipal_school",
        "name": "Creche Municipal Amiguinhos da Vila Sapê",
        "schoolType": "Creche Municipal"
      },
      "geometry": {
        "type": "Point",
        "coordinates": [
          -43.374412,
          -22.947959
        ]
      }
    },
    {
      "type": "Feature",
      "properties": {
        "sourceDatasetId": "data-rio__escolas_municipais__atual",
        "facilityType": "municipal_school",
        "name": "Creche Municipal Emília Joana da Fonseca Marques",
        "schoolType": "Creche Municipal"
      },
      "geometry": {
        "type": "Point",
        "coordinates": [
          -43.353033,
          -22.907555
        ]
      }
    },
    {
      "type": "Feature",
      "properties": {
        "sourceDatasetId": "data-rio__escolas_municipais__atual",
        "facilityType": "municipal_school",
        "name": "Creche Municipal Irmã Dulce",
        "schoolType": "Creche Municipal"
      },
      "geometry": {
        "type": "Point",
        "coordinates": [
          -43.362466,
          -22.900935
        ]
      }
    },
    {
      "type": "Feature",
      "properties": {
        "sourceDatasetId": "data-rio__escolas_municipais__atual",
        "facilityType": "municipal_school",
        "name": "Creche Municipal Rio Novo - Rio das Flores",
        "schoolType": "Creche Municipal"
      },
      "geometry": {
        "type": "Point",
        "coordinates": [
          -43.334928,
          -22.972272
        ]
      }
    },
    {
      "type": "Feature",
      "properties": {
        "sourceDatasetId": "data-rio__escolas_municipais__atual",
        "facilityType": "municipal_school",
        "name": "Creche Municipal Tia Malu",
        "schoolType": "Creche Municipal"
      },
      "geometry": {
        "type": "Point",
        "coordinates": [
          -43.410069,
          -22.918418
        ]
      }
    },
    {
      "type": "Feature",
      "properties": {
        "sourceDatasetId": "data-rio__escolas_municipais__atual",
        "facilityType": "municipal_school",
        "name": "Creche Municipal Vitorino Freire",
        "schoolType": "Creche Municipal"
      },
      "geometry": {
        "type": "Point",
        "coordinates": [
          -43.372318,
          -22.884513
        ]
      }
    },
    {
      "type": "Feature",
      "properties": {
        "sourceDatasetId": "data-rio__escolas_municipais__atual",
        "facilityType": "municipal_school",
        "name": "Creche Municipal Tia Auta",
        "schoolType": "Creche Municipal"
      },
      "geometry": {
        "type": "Point",
        "coordinates": [
          -43.420588,
          -22.915653
        ]
      }
    },
    {
      "type": "Feature",
      "properties": {
        "sourceDatasetId": "data-rio__escolas_municipais__atual",
        "facilityType": "municipal_school",
        "name": "Creche Municipal Maria da Conceição Silveira de Carvalho",
        "schoolType": "Creche Municipal"
      },
      "geometry": {
        "type": "Point",
        "coordinates": [
          -43.389478,
          -22.968566
        ]
      }
    },
    {
      "type": "Feature",
      "properties": {
        "sourceDatasetId": "data-rio__escolas_municipais__atual",
        "facilityType": "municipal_school",
        "name": "Creche Municipal Augusto de Carvalho Torres Filho",
        "schoolType": "Creche Municipal"
      },
      "geometry": {
        "type": "Point",
        "coordinates": [
          -43.390377,
          -22.955267
        ]
      }
    },
    {
      "type": "Feature",
      "properties": {
        "sourceDatasetId": "data-rio__escolas_municipais__atual",
        "facilityType": "municipal_school",
        "name": "Espaço de Desenvolvimento Infantil Doutora Zilda Arns",
        "schoolType": "EDI"
      },
      "geometry": {
        "type": "Point",
        "coordinates": [
          -43.391418,
          -22.941016
        ]
      }
    },
    {
      "type": "Feature",
      "properties": {
        "sourceDatasetId": "data-rio__escolas_municipais__atual",
        "facilityType": "municipal_school",
        "name": "Espaço de Desenvolvimento Infantil Arthur Bispo do Rosário",
        "schoolType": "EDI"
      },
      "geometry": {
        "type": "Point",
        "coordinates": [
          -43.390376,
          -22.93725
        ]
      }
    },
    {
      "type": "Feature",
      "properties": {
        "sourceDatasetId": "data-rio__escolas_municipais__atual",
        "facilityType": "municipal_school",
        "name": "Espaço de Desenvolvimento Infantil Compositor Roberto Ribeiro",
        "schoolType": "EDI"
      },
      "geometry": {
        "type": "Point",
        "coordinates": [
          -43.331432,
          -22.957616
        ]
      }
    },
    {
      "type": "Feature",
      "properties": {
        "sourceDatasetId": "data-rio__escolas_municipais__atual",
        "facilityType": "municipal_school",
        "name": "Espaço de Desenvolvimento Infantil Rodrigo Lopes da Silva - Tikinho",
        "schoolType": "EDI"
      },
      "geometry": {
        "type": "Point",
        "coordinates": [
          -43.378626,
          -22.945659
        ]
      }
    },
    {
      "type": "Feature",
      "properties": {
        "sourceDatasetId": "data-rio__escolas_municipais__atual",
        "facilityType": "municipal_school",
        "name": "Espaço de Desenvolvimento Infantil Anna Maria Niemeyer",
        "schoolType": "EDI"
      },
      "geometry": {
        "type": "Point",
        "coordinates": [
          -43.332264,
          -22.977493
        ]
      }
    },
    {
      "type": "Feature",
      "properties": {
        "sourceDatasetId": "data-rio__escolas_municipais__atual",
        "facilityType": "municipal_school",
        "name": "Espaço de Desenvolvimento Infantil Professora Edília Coelho Garcia",
        "schoolType": "EDI"
      },
      "geometry": {
        "type": "Point",
        "coordinates": [
          -43.419526,
          -22.912042
        ]
      }
    },
    {
      "type": "Feature",
      "properties": {
        "sourceDatasetId": "data-rio__escolas_municipais__atual",
        "facilityType": "municipal_school",
        "name": "Espaço de Desenvolvimento Infantil Leila Diniz",
        "schoolType": "EDI"
      },
      "geometry": {
        "type": "Point",
        "coordinates": [
          -43.392306,
          -22.954868
        ]
      }
    },
    {
      "type": "Feature",
      "properties": {
        "sourceDatasetId": "data-rio__escolas_municipais__atual",
        "facilityType": "municipal_school",
        "name": "Espaço de Desenvolvimento Infantil Professora Maria Berenice Parente",
        "schoolType": "EDI"
      },
      "geometry": {
        "type": "Point",
        "coordinates": [
          -43.351378,
          -22.958906
        ]
      }
    },
    {
      "type": "Feature",
      "properties": {
        "sourceDatasetId": "data-rio__escolas_municipais__atual",
        "facilityType": "municipal_school",
        "name": "Espaço de Desenvolvimento Infantil Professor Roberto Luiz Pereira",
        "schoolType": "EDI"
      },
      "geometry": {
        "type": "Point",
        "coordinates": [
          -43.34563,
          -22.904538
        ]
      }
    },
    {
      "type": "Feature",
      "properties": {
        "sourceDatasetId": "data-rio__escolas_municipais__atual",
        "facilityType": "municipal_school",
        "name": "Espaço de Desenvolvimento Infantil Eu Sou",
        "schoolType": "EDI"
      },
      "geometry": {
        "type": "Point",
        "coordinates": [
          -43.354767,
          -22.901771
        ]
      }
    },
    {
      "type": "Feature",
      "properties": {
        "sourceDatasetId": "data-rio__escolas_municipais__atual",
        "facilityType": "municipal_school",
        "name": "Espaço de Desenvolvimento Infantil Cidade de Lídice",
        "schoolType": "EDI"
      },
      "geometry": {
        "type": "Point",
        "coordinates": [
          -43.363176,
          -22.927399
        ]
      }
    },
    {
      "type": "Feature",
      "properties": {
        "sourceDatasetId": "data-rio__escolas_municipais__atual",
        "facilityType": "municipal_school",
        "name": "Espaço de Desenvolvimento Infantil Escritora Clarice Lispector",
        "schoolType": "EDI"
      },
      "geometry": {
        "type": "Point",
        "coordinates": [
          -43.325334,
          -22.976261
        ]
      }
    },
    {
      "type": "Feature",
      "properties": {
        "sourceDatasetId": "data-rio__escolas_municipais__atual",
        "facilityType": "municipal_school",
        "name": "Espaço de Desenvolvimento Infantil Professora Kenia Mendes dos Santos Machado",
        "schoolType": "EDI"
      },
      "geometry": {
        "type": "Point",
        "coordinates": [
          -43.413066,
          -22.964857
        ]
      }
    },
    {
      "type": "Feature",
      "properties": {
        "sourceDatasetId": "data-rio__escolas_municipais__atual",
        "facilityType": "municipal_school",
        "name": "Espaço de Desenvolvimento Infantil Professora Emilia Maria Vieira de Oliveira",
        "schoolType": "EDI"
      },
      "geometry": {
        "type": "Point",
        "coordinates": [
          -43.331099,
          -22.974188
        ]
      }
    },
    {
      "type": "Feature",
      "properties": {
        "sourceDatasetId": "data-rio__escolas_municipais__atual",
        "facilityType": "municipal_school",
        "name": "Espaço de Desenvolvimento Infantil Evaristo da Veiga",
        "schoolType": "EDI"
      },
      "geometry": {
        "type": "Point",
        "coordinates": [
          -43.349861,
          -22.890918
        ]
      }
    },
    {
      "type": "Feature",
      "properties": {
        "sourceDatasetId": "data-rio__escolas_municipais__atual",
        "facilityType": "municipal_school",
        "name": "Espaço de Desenvolvimento Infantil Debret",
        "schoolType": "EDI"
      },
      "geometry": {
        "type": "Point",
        "coordinates": [
          -43.367359,
          -22.879869
        ]
      }
    },
    {
      "type": "Feature",
      "properties": {
        "sourceDatasetId": "data-rio__escolas_municipais__atual",
        "facilityType": "municipal_school",
        "name": "Espaço de Desenvolvimento Infantil Professora Claudia Pires Contino",
        "schoolType": "EDI"
      },
      "geometry": {
        "type": "Point",
        "coordinates": [
          -43.35047,
          -22.95761
        ]
      }
    },
    {
      "type": "Feature",
      "properties": {
        "sourceDatasetId": "data-rio__escolas_municipais__atual",
        "facilityType": "municipal_school",
        "name": "Espaço de Desenvolvimento Infantil Professora Norma Andrade Nogueira",
        "schoolType": "EDI"
      },
      "geometry": {
        "type": "Point",
        "coordinates": [
          -43.343769,
          -22.96226
        ]
      }
    },
    {
      "type": "Feature",
      "properties": {
        "sourceDatasetId": "data-rio__escolas_municipais__atual",
        "facilityType": "municipal_school",
        "name": "Espaço de Desenvolvimento Infantil Medalhista Olímpica Agatha Bednarczuk Rippel",
        "schoolType": "EDI"
      },
      "geometry": {
        "type": "Point",
        "coordinates": [
          -43.382779,
          -22.954432
        ]
      }
    },
    {
      "type": "Feature",
      "properties": {
        "sourceDatasetId": "data-rio__escolas_municipais__atual",
        "facilityType": "municipal_school",
        "name": "Espaço de Desenvolvimento Infantil Medalhista Paralímpico Felipe de Souza Gomes",
        "schoolType": "EDI"
      },
      "geometry": {
        "type": "Point",
        "coordinates": [
          -43.384692,
          -22.933395
        ]
      }
    },
    {
      "type": "Feature",
      "properties": {
        "sourceDatasetId": "data-rio__escolas_municipais__atual",
        "facilityType": "municipal_school",
        "name": "Espaço de Desenvolvimento Infantil Marcelo Parente",
        "schoolType": "EDI"
      },
      "geometry": {
        "type": "Point",
        "coordinates": [
          -43.343186,
          -22.966022
        ]
      }
    },
    {
      "type": "Feature",
      "properties": {
        "sourceDatasetId": "data-rio__escolas_municipais__atual",
        "facilityType": "municipal_school",
        "name": "Espaço de Desenvolvimento Infantil Professor Eitel Seixas",
        "schoolType": "EDI"
      },
      "geometry": {
        "type": "Point",
        "coordinates": [
          -43.391233,
          -22.952747
        ]
      }
    },
    {
      "type": "Feature",
      "properties": {
        "sourceDatasetId": "data-rio__escolas_municipais__atual",
        "facilityType": "municipal_school",
        "name": "Escola Municipal Lopes Trovão",
        "schoolType": "Escola Municipal"
      },
      "geometry": {
        "type": "Point",
        "coordinates": [
          -43.311135,
          -22.987392
        ]
      }
    },
    {
      "type": "Feature",
      "properties": {
        "sourceDatasetId": "data-rio__escolas_municipais__atual",
        "facilityType": "municipal_school",
        "name": "Escola Municipal Almeida Garret",
        "schoolType": "Escola Municipal"
      },
      "geometry": {
        "type": "Point",
        "coordinates": [
          -43.302767,
          -23.013044
        ]
      }
    },
    {
      "type": "Feature",
      "properties": {
        "sourceDatasetId": "data-rio__escolas_municipais__atual",
        "facilityType": "municipal_school",
        "name": "Escola Municipal Jackson de Figueiredo",
        "schoolType": "Escola Municipal"
      },
      "geometry": {
        "type": "Point",
        "coordinates": [
          -43.299606,
          -23.008143
        ]
      }
    },
    {
      "type": "Feature",
      "properties": {
        "sourceDatasetId": "data-rio__escolas_municipais__atual",
        "facilityType": "municipal_school",
        "name": "Escola Municipal Rodrigues Alves",
        "schoolType": "Escola Municipal"
      },
      "geometry": {
        "type": "Point",
        "coordinates": [
          -43.302701,
          -23.012526
        ]
      }
    },
    {
      "type": "Feature",
      "properties": {
        "sourceDatasetId": "data-rio__escolas_municipais__atual",
        "facilityType": "municipal_school",
        "name": "Escola Municipal República da Colômbia",
        "schoolType": "Escola Municipal"
      },
      "geometry": {
        "type": "Point",
        "coordinates": [
          -43.340729,
          -23.003208
        ]
      }
    },
    {
      "type": "Feature",
      "properties": {
        "sourceDatasetId": "data-rio__escolas_municipais__atual",
        "facilityType": "municipal_school",
        "name": "Escola Municipal Professor Albert Einstein",
        "schoolType": "Escola Municipal"
      },
      "geometry": {
        "type": "Point",
        "coordinates": [
          -43.38329,
          -23.003153
        ]
      }
    },
    {
      "type": "Feature",
      "properties": {
        "sourceDatasetId": "data-rio__escolas_municipais__atual",
        "facilityType": "municipal_school",
        "name": "Escola Municipal Golda Meir",
        "schoolType": "Escola Municipal"
      },
      "geometry": {
        "type": "Point",
        "coordinates": [
          -43.32786,
          -23.010886
        ]
      }
    },
    {
      "type": "Feature",
      "properties": {
        "sourceDatasetId": "data-rio__escolas_municipais__atual",
        "facilityType": "municipal_school",
        "name": "Escola Municipal Dom Pedro I",
        "schoolType": "Escola Municipal"
      },
      "geometry": {
        "type": "Point",
        "coordinates": [
          -43.321178,
          -23.009498
        ]
      }
    },
    {
      "type": "Feature",
      "properties": {
        "sourceDatasetId": "data-rio__escolas_municipais__atual",
        "facilityType": "municipal_school",
        "name": "Escola Municipal Professora Margarida Glória de Faria",
        "schoolType": "Escola Municipal"
      },
      "geometry": {
        "type": "Point",
        "coordinates": [
          -43.427788,
          -23.007992
        ]
      }
    },
    {
      "type": "Feature",
      "properties": {
        "sourceDatasetId": "data-rio__escolas_municipais__atual",
        "facilityType": "municipal_school",
        "name": "Escola Municipal Frederico Trotta",
        "schoolType": "Escola Municipal"
      },
      "geometry": {
        "type": "Point",
        "coordinates": [
          -43.427919,
          -23.007588
        ]
      }
    },
    {
      "type": "Feature",
      "properties": {
        "sourceDatasetId": "data-rio__escolas_municipais__atual",
        "facilityType": "municipal_school",
        "name": "Escola Municipal Vice Almirante Alvaro Alberto da Motta e Silva",
        "schoolType": "Escola Municipal"
      },
      "geometry": {
        "type": "Point",
        "coordinates": [
          -43.429891,
          -23.008307
        ]
      }
    },
    {
      "type": "Feature",
      "properties": {
        "sourceDatasetId": "data-rio__escolas_municipais__atual",
        "facilityType": "municipal_school",
        "name": "Escola Municipal Professora Zuleika Nunes de Alencar",
        "schoolType": "Escola Municipal"
      },
      "geometry": {
        "type": "Point",
        "coordinates": [
          -43.369849,
          -23.00925
        ]
      }
    },
    {
      "type": "Feature",
      "properties": {
        "sourceDatasetId": "data-rio__escolas_municipais__atual",
        "facilityType": "municipal_school",
        "name": "Escola Municipal Professora Didia Machado Fortes",
        "schoolType": "Escola Municipal"
      },
      "geometry": {
        "type": "Point",
        "coordinates": [
          -43.368623,
          -23.009206
        ]
      }
    },
    {
      "type": "Feature",
      "properties": {
        "sourceDatasetId": "data-rio__escolas_municipais__atual",
        "facilityType": "municipal_school",
        "name": "Escola Municipal Sérgio Buarque de Holanda",
        "schoolType": "Escola Municipal"
      },
      "geometry": {
        "type": "Point",
        "coordinates": [
          -43.347098,
          -23.005164
        ]
      }
    },
    {
      "type": "Feature",
      "properties": {
        "sourceDatasetId": "data-rio__escolas_municipais__atual",
        "facilityType": "municipal_school",
        "name": "Escola Municipal Hemetério dos Santos",
        "schoolType": "Escola Municipal"
      },
      "geometry": {
        "type": "Point",
        "coordinates": [
          -43.413607,
          -22.972334
        ]
      }
    },
    {
      "type": "Feature",
      "properties": {
        "sourceDatasetId": "data-rio__escolas_municipais__atual",
        "facilityType": "municipal_school",
        "name": "Escola Municipal Professor Olegário Domingues",
        "schoolType": "Escola Municipal"
      },
      "geometry": {
        "type": "Point",
        "coordinates": [
          -43.462277,
          -22.983603
        ]
      }
    },
    {
      "type": "Feature",
      "properties": {
        "sourceDatasetId": "data-rio__escolas_municipais__atual",
        "facilityType": "municipal_school",
        "name": "Escola Municipal São Sebastião",
        "schoolType": "Escola Municipal"
      },
      "geometry": {
        "type": "Point",
        "coordinates": [
          -43.461194,
          -22.981644
        ]
      }
    },
    {
      "type": "Feature",
      "properties": {
        "sourceDatasetId": "data-rio__escolas_municipais__atual",
        "facilityType": "municipal_school",
        "name": "Escola Municipal Professor Teófilo Moreira da Costa",
        "schoolType": "Escola Municipal"
      },
      "geometry": {
        "type": "Point",
        "coordinates": [
          -43.491639,
          -22.981726
        ]
      }
    },
    {
      "type": "Feature",
      "properties": {
        "sourceDatasetId": "data-rio__escolas_municipais__atual",
        "facilityType": "municipal_school",
        "name": "Escola Municipal Engenheiro Álvaro Sodré",
        "schoolType": "Escola Municipal"
      },
      "geometry": {
        "type": "Point",
        "coordinates": [
          -43.509892,
          -22.984521
        ]
      }
    },
    {
      "type": "Feature",
      "properties": {
        "sourceDatasetId": "data-rio__escolas_municipais__atual",
        "facilityType": "municipal_school",
        "name": "Escola Municipal Pérola Byington",
        "schoolType": "Escola Municipal"
      },
      "geometry": {
        "type": "Point",
        "coordinates": [
          -43.490337,
          -22.975717
        ]
      }
    },
    {
      "type": "Feature",
      "properties": {
        "sourceDatasetId": "data-rio__escolas_municipais__atual",
        "facilityType": "municipal_school",
        "name": "Escola Municipal Comunidade de Vargem Grande",
        "schoolType": "Escola Municipal"
      },
      "geometry": {
        "type": "Point",
        "coordinates": [
          -43.497158,
          -22.983294
        ]
      }
    },
    {
      "type": "Feature",
      "properties": {
        "sourceDatasetId": "data-rio__escolas_municipais__atual",
        "facilityType": "municipal_school",
        "name": "Escola Municipal Professor Jurandir Paes Leme",
        "schoolType": "Escola Municipal"
      },
      "geometry": {
        "type": "Point",
        "coordinates": [
          -43.521335,
          -23.026585
        ]
      }
    },
    {
      "type": "Feature",
      "properties": {
        "sourceDatasetId": "data-rio__escolas_municipais__atual",
        "facilityType": "municipal_school",
        "name": "Escola Municipal Professor Carlos Delgado de Carvalho",
        "schoolType": "Escola Municipal"
      },
      "geometry": {
        "type": "Point",
        "coordinates": [
          -43.480306,
          -23.019776
        ]
      }
    },
    {
      "type": "Feature",
      "properties": {
        "sourceDatasetId": "data-rio__escolas_municipais__atual",
        "facilityType": "municipal_school",
        "name": "Escola Municipal Embaixador Ítalo Zappa",
        "schoolType": "Escola Municipal"
      },
      "geometry": {
        "type": "Point",
        "coordinates": [
          -43.433369,
          -22.989807
        ]
      }
    },
    {
      "type": "Feature",
      "properties": {
        "sourceDatasetId": "data-rio__escolas_municipais__atual",
        "facilityType": "municipal_school",
        "name": "Escola Municipal Maria Clara Machado",
        "schoolType": "Escola Municipal"
      },
      "geometry": {
        "type": "Point",
        "coordinates": [
          -43.307637,
          -22.986867
        ]
      }
    },
    {
      "type": "Feature",
      "properties": {
        "sourceDatasetId": "data-rio__escolas_municipais__atual",
        "facilityType": "municipal_school",
        "name": "Escola Municipal Frei Gaspar",
        "schoolType": "Escola Municipal"
      },
      "geometry": {
        "type": "Point",
        "coordinates": [
          -43.493051,
          -23.001076
        ]
      }
    },
    {
      "type": "Feature",
      "properties": {
        "sourceDatasetId": "data-rio__escolas_municipais__atual",
        "facilityType": "municipal_school",
        "name": "Escola Municipal Vice Almirante Paulo Castro Moreira da Silva",
        "schoolType": "Escola Municipal"
      },
      "geometry": {
        "type": "Point",
        "coordinates": [
          -43.429781,
          -23.008654
        ]
      }
    },
    {
      "type": "Feature",
      "properties": {
        "sourceDatasetId": "data-rio__escolas_municipais__atual",
        "facilityType": "municipal_school",
        "name": "Ciep Margaret Mee",
        "schoolType": "CIEP"
      },
      "geometry": {
        "type": "Point",
        "coordinates": [
          -43.481721,
          -23.019811
        ]
      }
    },
    {
      "type": "Feature",
      "properties": {
        "sourceDatasetId": "data-rio__escolas_municipais__atual",
        "facilityType": "municipal_school",
        "name": "Creche Municipal Maria Vieira Bazani",
        "schoolType": "Creche Municipal"
      },
      "geometry": {
        "type": "Point",
        "coordinates": [
          -43.485789,
          -23.027024
        ]
      }
    },
    {
      "type": "Feature",
      "properties": {
        "sourceDatasetId": "data-rio__escolas_municipais__atual",
        "facilityType": "municipal_school",
        "name": "Creche Municipal Dina Sfat",
        "schoolType": "Creche Municipal"
      },
      "geometry": {
        "type": "Point",
        "coordinates": [
          -43.297275,
          -22.989203
        ]
      }
    },
    {
      "type": "Feature",
      "properties": {
        "sourceDatasetId": "data-rio__escolas_municipais__atual",
        "facilityType": "municipal_school",
        "name": "Creche Municipal Benedita Siqueira Lopes",
        "schoolType": "Creche Municipal"
      },
      "geometry": {
        "type": "Point",
        "coordinates": [
          -43.307461,
          -22.98716
        ]
      }
    },
    {
      "type": "Feature",
      "properties": {
        "sourceDatasetId": "data-rio__escolas_municipais__atual",
        "facilityType": "municipal_school",
        "name": "Creche Municipal Edson Luiz",
        "schoolType": "Creche Municipal"
      },
      "geometry": {
        "type": "Point",
        "coordinates": [
          -43.297241,
          -22.989005
        ]
      }
    },
    {
      "type": "Feature",
      "properties": {
        "sourceDatasetId": "data-rio__escolas_municipais__atual",
        "facilityType": "municipal_school",
        "name": "Creche Municipal Sebastião Bernardes de Souza Prata",
        "schoolType": "Creche Municipal"
      },
      "geometry": {
        "type": "Point",
        "coordinates": [
          -43.432685,
          -22.991385
        ]
      }
    },
    {
      "type": "Feature",
      "properties": {
        "sourceDatasetId": "data-rio__escolas_municipais__atual",
        "facilityType": "municipal_school",
        "name": "Creche Municipal Rogério Cardoso Furtado",
        "schoolType": "Creche Municipal"
      },
      "geometry": {
        "type": "Point",
        "coordinates": [
          -43.432396,
          -22.991854
        ]
      }
    },
    {
      "type": "Feature",
      "properties": {
        "sourceDatasetId": "data-rio__escolas_municipais__atual",
        "facilityType": "municipal_school",
        "name": "Espaço de Desenvolvimento Infantil Milena Santos Nascimento",
        "schoolType": "EDI"
      },
      "geometry": {
        "type": "Point",
        "coordinates": [
          -43.489959,
          -23.023984
        ]
      }
    },
    {
      "type": "Feature",
      "properties": {
        "sourceDatasetId": "data-rio__escolas_municipais__atual",
        "facilityType": "municipal_school",
        "name": "Espaço de Desenvolvimento Infantil Porfírio Dias",
        "schoolType": "EDI"
      },
      "geometry": {
        "type": "Point",
        "coordinates": [
          -43.484274,
          -22.975934
        ]
      }
    },
    {
      "type": "Feature",
      "properties": {
        "sourceDatasetId": "data-rio__escolas_municipais__atual",
        "facilityType": "municipal_school",
        "name": "Espaço de Desenvolvimento Infantil Vera Lucia Martins Costa",
        "schoolType": "EDI"
      },
      "geometry": {
        "type": "Point",
        "coordinates": [
          -43.48266,
          -23.020023
        ]
      }
    },
    {
      "type": "Feature",
      "properties": {
        "sourceDatasetId": "data-rio__escolas_municipais__atual",
        "facilityType": "municipal_school",
        "name": "Espaço de Desenvolvimento Infantil Professora Matilde Rosa Lopes de Araujo",
        "schoolType": "EDI"
      },
      "geometry": {
        "type": "Point",
        "coordinates": [
          -43.322451,
          -22.988367
        ]
      }
    },
    {
      "type": "Feature",
      "properties": {
        "sourceDatasetId": "data-rio__escolas_municipais__atual",
        "facilityType": "municipal_school",
        "name": "Espaço de Desenvolvimento Infantil Tristão de Athayde",
        "schoolType": "EDI"
      },
      "geometry": {
        "type": "Point",
        "coordinates": [
          -43.375805,
          -23.002962
        ]
      }
    },
    {
      "type": "Feature",
      "properties": {
        "sourceDatasetId": "data-rio__escolas_municipais__atual",
        "facilityType": "municipal_school",
        "name": "Espaço de Desenvolvimento Infantill Professora Ruth Cardoso",
        "schoolType": "EDI"
      },
      "geometry": {
        "type": "Point",
        "coordinates": [
          -43.472804,
          -23.01423
        ]
      }
    },
    {
      "type": "Feature",
      "properties": {
        "sourceDatasetId": "data-rio__escolas_municipais__atual",
        "facilityType": "municipal_school",
        "name": "Espaço de Desenvolvimento Infantil Carmen Miranda",
        "schoolType": "EDI"
      },
      "geometry": {
        "type": "Point",
        "coordinates": [
          -43.335633,
          -22.997104
        ]
      }
    },
    {
      "type": "Feature",
      "properties": {
        "sourceDatasetId": "data-rio__escolas_municipais__atual",
        "facilityType": "municipal_school",
        "name": "Espaço de Desenvolvimento Infantil do Amor",
        "schoolType": "EDI"
      },
      "geometry": {
        "type": "Point",
        "coordinates": [
          -43.478971,
          -23.024193
        ]
      }
    },
    {
      "type": "Feature",
      "properties": {
        "sourceDatasetId": "data-rio__escolas_municipais__atual",
        "facilityType": "municipal_school",
        "name": "Espaço de Desenvolvimento Infantil Ugocione José de Medeiros \"Seu Ugo\"",
        "schoolType": "EDI"
      },
      "geometry": {
        "type": "Point",
        "coordinates": [
          -43.462745,
          -22.979894
        ]
      }
    },
    {
      "type": "Feature",
      "properties": {
        "sourceDatasetId": "data-rio__escolas_municipais__atual",
        "facilityType": "municipal_school",
        "name": "Escola Municipal Augusto Magne",
        "schoolType": "Escola Municipal"
      },
      "geometry": {
        "type": "Point",
        "coordinates": [
          -43.362203,
          -22.950946
        ]
      }
    },
    {
      "type": "Feature",
      "properties": {
        "sourceDatasetId": "data-rio__escolas_municipais__atual",
        "facilityType": "municipal_school",
        "name": "Escola Municipal Professoranda Leila Barcellos de Carvalho",
        "schoolType": "Escola Municipal"
      },
      "geometry": {
        "type": "Point",
        "coordinates": [
          -43.364377,
          -22.948774
        ]
      }
    },
    {
      "type": "Feature",
      "properties": {
        "sourceDatasetId": "data-rio__escolas_municipais__atual",
        "facilityType": "municipal_school",
        "name": "Escola Municipal Avertano Rocha",
        "schoolType": "Escola Municipal"
      },
      "geometry": {
        "type": "Point",
        "coordinates": [
          -43.360186,
          -22.944169
        ]
      }
    },
    {
      "type": "Feature",
      "properties": {
        "sourceDatasetId": "data-rio__escolas_municipais__atual",
        "facilityType": "municipal_school",
        "name": "Escola Municipal Alphonsus de Guimaraens",
        "schoolType": "Escola Municipal"
      },
      "geometry": {
        "type": "Point",
        "coordinates": [
          -43.358773,
          -22.950553
        ]
      }
    },
    {
      "type": "Feature",
      "properties": {
        "sourceDatasetId": "data-rio__escolas_municipais__atual",
        "facilityType": "municipal_school",
        "name": "Escola Municipal Frederico Eyer",
        "schoolType": "Escola Municipal"
      },
      "geometry": {
        "type": "Point",
        "coordinates": [
          -43.360533,
          -22.944302
        ]
      }
    },
    {
      "type": "Feature",
      "properties": {
        "sourceDatasetId": "data-rio__escolas_municipais__atual",
        "facilityType": "municipal_school",
        "name": "Escola Municipal Alberto Rangel",
        "schoolType": "Escola Municipal"
      },
      "geometry": {
        "type": "Point",
        "coordinates": [
          -43.3629,
          -22.949383
        ]
      }
    },
    {
      "type": "Feature",
      "properties": {
        "sourceDatasetId": "data-rio__escolas_municipais__atual",
        "facilityType": "municipal_school",
        "name": "Escola Municipal Joaquim Fontes",
        "schoolType": "Escola Municipal"
      },
      "geometry": {
        "type": "Point",
        "coordinates": [
          -43.369654,
          -22.948079
        ]
      }
    },
    {
      "type": "Feature",
      "properties": {
        "sourceDatasetId": "data-rio__escolas_municipais__atual",
        "facilityType": "municipal_school",
        "name": "Escola Municipal José Clemente Pereira",
        "schoolType": "Escola Municipal"
      },
      "geometry": {
        "type": "Point",
        "coordinates": [
          -43.369141,
          -22.948237
        ]
      }
    },
    {
      "type": "Feature",
      "properties": {
        "sourceDatasetId": "data-rio__escolas_municipais__atual",
        "facilityType": "municipal_school",
        "name": "Escola Municipal Pedro Aleixo",
        "schoolType": "Escola Municipal"
      },
      "geometry": {
        "type": "Point",
        "coordinates": [
          -43.354695,
          -22.950829
        ]
      }
    },
    {
      "type": "Feature",
      "properties": {
        "sourceDatasetId": "data-rio__escolas_municipais__atual",
        "facilityType": "municipal_school",
        "name": "Ciep Luiz Carlos Prestes",
        "schoolType": "CIEP"
      },
      "geometry": {
        "type": "Point",
        "coordinates": [
          -43.354142,
          -22.949142
        ]
      }
    },
    {
      "type": "Feature",
      "properties": {
        "sourceDatasetId": "data-rio__escolas_municipais__atual",
        "facilityType": "municipal_school",
        "name": "Ciep João Batista dos Santos",
        "schoolType": "CIEP"
      },
      "geometry": {
        "type": "Point",
        "coordinates": [
          -43.359739,
          -22.947106
        ]
      }
    },
    {
      "type": "Feature",
      "properties": {
        "sourceDatasetId": "data-rio__escolas_municipais__atual",
        "facilityType": "municipal_school",
        "name": "Creche Municipal Luzes do Amanhã",
        "schoolType": "Creche Municipal"
      },
      "geometry": {
        "type": "Point",
        "coordinates": [
          -43.364891,
          -22.952939
        ]
      }
    },
    {
      "type": "Feature",
      "properties": {
        "sourceDatasetId": "data-rio__escolas_municipais__atual",
        "facilityType": "municipal_school",
        "name": "Creche Municipal Margarida Gabinal",
        "schoolType": "Creche Municipal"
      },
      "geometry": {
        "type": "Point",
        "coordinates": [
          -43.355759,
          -22.950792
        ]
      }
    },
    {
      "type": "Feature",
      "properties": {
        "sourceDatasetId": "data-rio__escolas_municipais__atual",
        "facilityType": "municipal_school",
        "name": "Creche Municipal Sempre Vida Josué",
        "schoolType": "Creche Municipal"
      },
      "geometry": {
        "type": "Point",
        "coordinates": [
          -43.363848,
          -22.942892
        ]
      }
    },
    {
      "type": "Feature",
      "properties": {
        "sourceDatasetId": "data-rio__escolas_municipais__atual",
        "facilityType": "municipal_school",
        "name": "Espaço de Desenvolvimento Infantil Jardim do Amanhã",
        "schoolType": "EDI"
      },
      "geometry": {
        "type": "Point",
        "coordinates": [
          -43.370431,
          -22.949404
        ]
      }
    },
    {
      "type": "Feature",
      "properties": {
        "sourceDatasetId": "data-rio__escolas_municipais__atual",
        "facilityType": "municipal_school",
        "name": "Espaço de Desenvolvimento Infantil Senhora Perciliana Pereira de Alvarenga",
        "schoolType": "EDI"
      },
      "geometry": {
        "type": "Point",
        "coordinates": [
          -43.356636,
          -22.94965
        ]
      }
    },
    {
      "type": "Feature",
      "properties": {
        "sourceDatasetId": "data-rio__escolas_municipais__atual",
        "facilityType": "municipal_school",
        "name": "Espaço de Desenvolvimento Infantil Ana Carolina Pacheco da Silva",
        "schoolType": "EDI"
      },
      "geometry": {
        "type": "Point",
        "coordinates": [
          -43.365557,
          -22.947426
        ]
      }
    },
    {
      "type": "Feature",
      "properties": {
        "sourceDatasetId": "data-rio__escolas_municipais__atual",
        "facilityType": "municipal_school",
        "name": "Espaço de Desenvolvimento Infantil Maria Beralda",
        "schoolType": "EDI"
      },
      "geometry": {
        "type": "Point",
        "coordinates": [
          -43.360433,
          -22.94897
        ]
      }
    },
    {
      "type": "Feature",
      "properties": {
        "sourceDatasetId": "data-rio__escolas_municipais__atual",
        "facilityType": "municipal_school",
        "name": "Espaço de Desenvolvimento Infantil Monsenhor Cordioli",
        "schoolType": "EDI"
      },
      "geometry": {
        "type": "Point",
        "coordinates": [
          -43.361925,
          -22.95123
        ]
      }
    },
    {
      "type": "Feature",
      "properties": {
        "sourceDatasetId": "data-rio__escolas_municipais__atual",
        "facilityType": "municipal_school",
        "name": "Escola Municipal Frei Vicente do Salvador",
        "schoolType": "Escola Municipal"
      },
      "geometry": {
        "type": "Point",
        "coordinates": [
          -43.446283,
          -22.889415
        ]
      }
    },
    {
      "type": "Feature",
      "properties": {
        "sourceDatasetId": "data-rio__escolas_municipais__atual",
        "facilityType": "municipal_school",
        "name": "Escola Municipal José Maria Bello",
        "schoolType": "Escola Municipal"
      },
      "geometry": {
        "type": "Point",
        "coordinates": [
          -43.450553,
          -22.891085
        ]
      }
    },
    {
      "type": "Feature",
      "properties": {
        "sourceDatasetId": "data-rio__escolas_municipais__atual",
        "facilityType": "municipal_school",
        "name": "Escola Municipal Lauro Muller",
        "schoolType": "Escola Municipal"
      },
      "geometry": {
        "type": "Point",
        "coordinates": [
          -43.44644,
          -22.882073
        ]
      }
    },
    {
      "type": "Feature",
      "properties": {
        "sourceDatasetId": "data-rio__escolas_municipais__atual",
        "facilityType": "municipal_school",
        "name": "Escola Municipal Professor Wan-tuyl da Silva Cardoso",
        "schoolType": "Escola Municipal"
      },
      "geometry": {
        "type": "Point",
        "coordinates": [
          -43.446729,
          -22.88951
        ]
      }
    },
    {
      "type": "Feature",
      "properties": {
        "sourceDatasetId": "data-rio__escolas_municipais__atual",
        "facilityType": "municipal_school",
        "name": "Escola Municipal Antônio Austragésilo",
        "schoolType": "Escola Municipal"
      },
      "geometry": {
        "type": "Point",
        "coordinates": [
          -43.471804,
          -22.877287
        ]
      }
    },
    {
      "type": "Feature",
      "properties": {
        "sourceDatasetId": "data-rio__escolas_municipais__atual",
        "facilityType": "municipal_school",
        "name": "Escola Municipal Collechio",
        "schoolType": "Escola Municipal"
      },
      "geometry": {
        "type": "Point",
        "coordinates": [
          -43.481741,
          -22.881096
        ]
      }
    },
    {
      "type": "Feature",
      "properties": {
        "sourceDatasetId": "data-rio__escolas_municipais__atual",
        "facilityType": "municipal_school",
        "name": "Escola Municipal Comenius",
        "schoolType": "Escola Municipal"
      },
      "geometry": {
        "type": "Point",
        "coordinates": [
          -43.472575,
          -22.892425
        ]
      }
    },
    {
      "type": "Feature",
      "properties": {
        "sourceDatasetId": "data-rio__escolas_municipais__atual",
        "facilityType": "municipal_school",
        "name": "Escola Municipal Conselheiro Zacarias de Góis",
        "schoolType": "Escola Municipal"
      },
      "geometry": {
        "type": "Point",
        "coordinates": [
          -43.463257,
          -22.885451
        ]
      }
    },
    {
      "type": "Feature",
      "properties": {
        "sourceDatasetId": "data-rio__escolas_municipais__atual",
        "facilityType": "municipal_school",
        "name": "Escola Municipal Getúlio Vargas",
        "schoolType": "Escola Municipal"
      },
      "geometry": {
        "type": "Point",
        "coordinates": [
          -43.467822,
          -22.875887
        ]
      }
    },
    {
      "type": "Feature",
      "properties": {
        "sourceDatasetId": "data-rio__escolas_municipais__atual",
        "facilityType": "municipal_school",
        "name": "Escola Municipal Leonardo da Vinci",
        "schoolType": "Escola Municipal"
      },
      "geometry": {
        "type": "Point",
        "coordinates": [
          -43.472954,
          -22.892527
        ]
      }
    },
    {
      "type": "Feature",
      "properties": {
        "sourceDatasetId": "data-rio__escolas_municipais__atual",
        "facilityType": "municipal_school",
        "name": "Escola Municipal Leonidas Sobrinho Porto",
        "schoolType": "Escola Municipal"
      },
      "geometry": {
        "type": "Point",
        "coordinates": [
          -43.46304,
          -22.885559
        ]
      }
    },
    {
      "type": "Feature",
      "properties": {
        "sourceDatasetId": "data-rio__escolas_municipais__atual",
        "facilityType": "municipal_school",
        "name": "Escola Municipal Milton Campos",
        "schoolType": "Escola Municipal"
      },
      "geometry": {
        "type": "Point",
        "coordinates": [
          -43.470086,
          -22.887496
        ]
      }
    },
    {
      "type": "Feature",
      "properties": {
        "sourceDatasetId": "data-rio__escolas_municipais__atual",
        "facilityType": "municipal_school",
        "name": "Escola Municipal Nações Unidas",
        "schoolType": "Escola Municipal"
      },
      "geometry": {
        "type": "Point",
        "coordinates": [
          -43.476291,
          -22.888146
        ]
      }
    },
    {
      "type": "Feature",
      "properties": {
        "sourceDatasetId": "data-rio__escolas_municipais__atual",
        "facilityType": "municipal_school",
        "name": "Escola Municipal O'higgins",
        "schoolType": "Escola Municipal"
      },
      "geometry": {
        "type": "Point",
        "coordinates": [
          -43.476329,
          -22.888412
        ]
      }
    },
    {
      "type": "Feature",
      "properties": {
        "sourceDatasetId": "data-rio__escolas_municipais__atual",
        "facilityType": "municipal_school",
        "name": "Escola Municipal Professor Júlio de Mesquita",
        "schoolType": "Escola Municipal"
      },
      "geometry": {
        "type": "Point",
        "coordinates": [
          -43.456562,
          -22.88308
        ]
      }
    },
    {
      "type": "Feature",
      "properties": {
        "sourceDatasetId": "data-rio__escolas_municipais__atual",
        "facilityType": "municipal_school",
        "name": "Escola Municipal Roquete Pinto",
        "schoolType": "Escola Municipal"
      },
      "geometry": {
        "type": "Point",
        "coordinates": [
          -43.456332,
          -22.882832
        ]
      }
    },
    {
      "type": "Feature",
      "properties": {
        "sourceDatasetId": "data-rio__escolas_municipais__atual",
        "facilityType": "municipal_school",
        "name": "Escola Municipal Waldir Azevedo Franco",
        "schoolType": "Escola Municipal"
      },
      "geometry": {
        "type": "Point",
        "coordinates": [
          -43.470533,
          -22.886734
        ]
      }
    },
    {
      "type": "Feature",
      "properties": {
        "sourceDatasetId": "data-rio__escolas_municipais__atual",
        "facilityType": "municipal_school",
        "name": "Escola Especial Municipal Ação Cristã Vicente Moretti",
        "schoolType": "Escola Especial Municipal"
      },
      "geometry": {
        "type": "Point",
        "coordinates": [
          -43.457663,
          -22.878439
        ]
      }
    },
    {
      "type": "Feature",
      "properties": {
        "sourceDatasetId": "data-rio__escolas_municipais__atual",
        "facilityType": "municipal_school",
        "name": "Escola Municipal Henrique de Magalhães",
        "schoolType": "Escola Municipal"
      },
      "geometry": {
        "type": "Point",
        "coordinates": [
          -43.470956,
          -22.878043
        ]
      }
    },
    {
      "type": "Feature",
      "properties": {
        "sourceDatasetId": "data-rio__escolas_municipais__atual",
        "facilityType": "municipal_school",
        "name": "Escola Municipal Presidente Médici",
        "schoolType": "Escola Municipal"
      },
      "geometry": {
        "type": "Point",
        "coordinates": [
          -43.478183,
          -22.883427
        ]
      }
    },
    {
      "type": "Feature",
      "properties": {
        "sourceDatasetId": "data-rio__escolas_municipais__atual",
        "facilityType": "municipal_school",
        "name": "Escola Municipal Antônio Bandeira",
        "schoolType": "Escola Municipal"
      },
      "geometry": {
        "type": "Point",
        "coordinates": [
          -43.487834,
          -22.884806
        ]
      }
    },
    {
      "type": "Feature",
      "properties": {
        "sourceDatasetId": "data-rio__escolas_municipais__atual",
        "facilityType": "municipal_school",
        "name": "Escola Municipal Dias Martins",
        "schoolType": "Escola Municipal"
      },
      "geometry": {
        "type": "Point",
        "coordinates": [
          -43.484779,
          -22.884004
        ]
      }
    },
    {
      "type": "Feature",
      "properties": {
        "sourceDatasetId": "data-rio__escolas_municipais__atual",
        "facilityType": "municipal_school",
        "name": "Escola Municipal Engenheiro Pires do Rio",
        "schoolType": "Escola Municipal"
      },
      "geometry": {
        "type": "Point",
        "coordinates": [
          -43.484494,
          -22.880928
        ]
      }
    },
    {
      "type": "Feature",
      "properties": {
        "sourceDatasetId": "data-rio__escolas_municipais__atual",
        "facilityType": "municipal_school",
        "name": "Escola Municipal Ernesto Franciscone",
        "schoolType": "Escola Municipal"
      },
      "geometry": {
        "type": "Point",
        "coordinates": [
          -43.488765,
          -22.891456
        ]
      }
    },
    {
      "type": "Feature",
      "properties": {
        "sourceDatasetId": "data-rio__escolas_municipais__atual",
        "facilityType": "municipal_school",
        "name": "Escola Municipal Henrique da Silva Fontes",
        "schoolType": "Escola Municipal"
      },
      "geometry": {
        "type": "Point",
        "coordinates": [
          -43.482488,
          -22.890278
        ]
      }
    },
    {
      "type": "Feature",
      "properties": {
        "sourceDatasetId": "data-rio__escolas_municipais__atual",
        "facilityType": "municipal_school",
        "name": "Escola Municipal Jorge Jabour",
        "schoolType": "Escola Municipal"
      },
      "geometry": {
        "type": "Point",
        "coordinates": [
          -43.492999,
          -22.878602
        ]
      }
    },
    {
      "type": "Feature",
      "properties": {
        "sourceDatasetId": "data-rio__escolas_municipais__atual",
        "facilityType": "municipal_school",
        "name": "Escola Municipal Mário Fernandes Pinheiro",
        "schoolType": "Escola Municipal"
      },
      "geometry": {
        "type": "Point",
        "coordinates": [
          -43.498979,
          -22.878129
        ]
      }
    },
    {
      "type": "Feature",
      "properties": {
        "sourceDatasetId": "data-rio__escolas_municipais__atual",
        "facilityType": "municipal_school",
        "name": "Escola Municipal Oscar Thompsom",
        "schoolType": "Escola Municipal"
      },
      "geometry": {
        "type": "Point",
        "coordinates": [
          -43.498332,
          -22.88394
        ]
      }
    },
    {
      "type": "Feature",
      "properties": {
        "sourceDatasetId": "data-rio__escolas_municipais__atual",
        "facilityType": "municipal_school",
        "name": "Escola Municipal Presidente Wilson",
        "schoolType": "Escola Municipal"
      },
      "geometry": {
        "type": "Point",
        "coordinates": [
          -43.482822,
          -22.88905
        ]
      }
    },
    {
      "type": "Feature",
      "properties": {
        "sourceDatasetId": "data-rio__escolas_municipais__atual",
        "facilityType": "municipal_school",
        "name": "Escola Municipal Rainha Fabíola",
        "schoolType": "Escola Municipal"
      },
      "geometry": {
        "type": "Point",
        "coordinates": [
          -43.492908,
          -22.879018
        ]
      }
    },
    {
      "type": "Feature",
      "properties": {
        "sourceDatasetId": "data-rio__escolas_municipais__atual",
        "facilityType": "municipal_school",
        "name": "Escola Municipal Sampaio Corrêa",
        "schoolType": "Escola Municipal"
      },
      "geometry": {
        "type": "Point",
        "coordinates": [
          -43.487047,
          -22.874291
        ]
      }
    },
    {
      "type": "Feature",
      "properties": {
        "sourceDatasetId": "data-rio__escolas_municipais__atual",
        "facilityType": "municipal_school",
        "name": "Escola Municipal Santa Francisca Xavier Cabrini",
        "schoolType": "Escola Municipal"
      },
      "geometry": {
        "type": "Point",
        "coordinates": [
          -43.495318,
          -22.876444
        ]
      }
    },
    {
      "type": "Feature",
      "properties": {
        "sourceDatasetId": "data-rio__escolas_municipais__atual",
        "facilityType": "municipal_school",
        "name": "Escola Municipal Abrahão Jabour",
        "schoolType": "Escola Municipal"
      },
      "geometry": {
        "type": "Point",
        "coordinates": [
          -43.492713,
          -22.879393
        ]
      }
    },
    {
      "type": "Feature",
      "properties": {
        "sourceDatasetId": "data-rio__escolas_municipais__atual",
        "facilityType": "municipal_school",
        "name": "Escola Municipal Thomé de Souza",
        "schoolType": "Escola Municipal"
      },
      "geometry": {
        "type": "Point",
        "coordinates": [
          -43.484585,
          -22.879233
        ]
      }
    },
    {
      "type": "Feature",
      "properties": {
        "sourceDatasetId": "data-rio__escolas_municipais__atual",
        "facilityType": "municipal_school",
        "name": "Escola Municipal Evaristo de Moraes",
        "schoolType": "Escola Municipal"
      },
      "geometry": {
        "type": "Point",
        "coordinates": [
          -43.504331,
          -22.882467
        ]
      }
    },
    {
      "type": "Feature",
      "properties": {
        "sourceDatasetId": "data-rio__escolas_municipais__atual",
        "facilityType": "municipal_school",
        "name": "Escola Municipal Fernando Maximiliano",
        "schoolType": "Escola Municipal"
      },
      "geometry": {
        "type": "Point",
        "coordinates": [
          -43.504409,
          -22.878178
        ]
      }
    },
    {
      "type": "Feature",
      "properties": {
        "sourceDatasetId": "data-rio__escolas_municipais__atual",
        "facilityType": "municipal_school",
        "name": "Escola Municipal Ariena Vianna da Silva",
        "schoolType": "Escola Municipal"
      },
      "geometry": {
        "type": "Point",
        "coordinates": [
          -43.491224,
          -22.89219
        ]
      }
    },
    {
      "type": "Feature",
      "properties": {
        "sourceDatasetId": "data-rio__escolas_municipais__atual",
        "facilityType": "municipal_school",
        "name": "Escola Municipal Raul Francisco Ryff",
        "schoolType": "Escola Municipal"
      },
      "geometry": {
        "type": "Point",
        "coordinates": [
          -43.494715,
          -22.869764
        ]
      }
    },
    {
      "type": "Feature",
      "properties": {
        "sourceDatasetId": "data-rio__escolas_municipais__atual",
        "facilityType": "municipal_school",
        "name": "Escola Municipal Bangu",
        "schoolType": "Escola Municipal"
      },
      "geometry": {
        "type": "Point",
        "coordinates": [
          -43.451768,
          -22.873608
        ]
      }
    },
    {
      "type": "Feature",
      "properties": {
        "sourceDatasetId": "data-rio__escolas_municipais__atual",
        "facilityType": "municipal_school",
        "name": "Escola Municipal Engenheiro João Thomé",
        "schoolType": "Escola Municipal"
      },
      "geometry": {
        "type": "Point",
        "coordinates": [
          -43.446969,
          -22.867124
        ]
      }
    },
    {
      "type": "Feature",
      "properties": {
        "sourceDatasetId": "data-rio__escolas_municipais__atual",
        "facilityType": "municipal_school",
        "name": "Escola Municipal Euzebio de Queiroz",
        "schoolType": "Escola Municipal"
      },
      "geometry": {
        "type": "Point",
        "coordinates": [
          -43.449211,
          -22.862276
        ]
      }
    },
    {
      "type": "Feature",
      "properties": {
        "sourceDatasetId": "data-rio__escolas_municipais__atual",
        "facilityType": "municipal_school",
        "name": "Escola Municipal Moacyr Padilha",
        "schoolType": "Escola Municipal"
      },
      "geometry": {
        "type": "Point",
        "coordinates": [
          -43.450652,
          -22.868766
        ]
      }
    },
    {
      "type": "Feature",
      "properties": {
        "sourceDatasetId": "data-rio__escolas_municipais__atual",
        "facilityType": "municipal_school",
        "name": "Escola Municipal Pedro Moacyr",
        "schoolType": "Escola Municipal"
      },
      "geometry": {
        "type": "Point",
        "coordinates": [
          -43.4495,
          -22.870521
        ]
      }
    },
    {
      "type": "Feature",
      "properties": {
        "sourceDatasetId": "data-rio__escolas_municipais__atual",
        "facilityType": "municipal_school",
        "name": "Escola Municipal Villa Lobos",
        "schoolType": "Escola Municipal"
      },
      "geometry": {
        "type": "Point",
        "coordinates": [
          -43.446492,
          -22.867428
        ]
      }
    },
    {
      "type": "Feature",
      "properties": {
        "sourceDatasetId": "data-rio__escolas_municipais__atual",
        "facilityType": "municipal_school",
        "name": "Escola Municipal Professor Joaquim da Costa Ribeiro",
        "schoolType": "Escola Municipal"
      },
      "geometry": {
        "type": "Point",
        "coordinates": [
          -43.455521,
          -22.856152
        ]
      }
    },
    {
      "type": "Feature",
      "properties": {
        "sourceDatasetId": "data-rio__escolas_municipais__atual",
        "facilityType": "municipal_school",
        "name": "Escola Municipal Professor Lauro Travassos",
        "schoolType": "Escola Municipal"
      },
      "geometry": {
        "type": "Point",
        "coordinates": [
          -43.457989,
          -22.853842
        ]
      }
    },
    {
      "type": "Feature",
      "properties": {
        "sourceDatasetId": "data-rio__escolas_municipais__atual",
        "facilityType": "municipal_school",
        "name": "Escola Municipal Anna Amélia Queiroz Carneiro de Mendonça",
        "schoolType": "Escola Municipal"
      },
      "geometry": {
        "type": "Point",
        "coordinates": [
          -43.459785,
          -22.871902
        ]
      }
    },
    {
      "type": "Feature",
      "properties": {
        "sourceDatasetId": "data-rio__escolas_municipais__atual",
        "facilityType": "municipal_school",
        "name": "Escola Municipal Clementino Fraga",
        "schoolType": "Escola Municipal"
      },
      "geometry": {
        "type": "Point",
        "coordinates": [
          -43.461677,
          -22.870357
        ]
      }
    },
    {
      "type": "Feature",
      "properties": {
        "sourceDatasetId": "data-rio__escolas_municipais__atual",
        "facilityType": "municipal_school",
        "name": "Escola Municipal Guilherme da Silveira",
        "schoolType": "Escola Municipal"
      },
      "geometry": {
        "type": "Point",
        "coordinates": [
          -43.483525,
          -22.853047
        ]
      }
    },
    {
      "type": "Feature",
      "properties": {
        "sourceDatasetId": "data-rio__escolas_municipais__atual",
        "facilityType": "municipal_school",
        "name": "Escola Municipal Joana Angélica",
        "schoolType": "Escola Municipal"
      },
      "geometry": {
        "type": "Point",
        "coordinates": [
          -43.488106,
          -22.856911
        ]
      }
    },
    {
      "type": "Feature",
      "properties": {
        "sourceDatasetId": "data-rio__escolas_municipais__atual",
        "facilityType": "municipal_school",
        "name": "Escola Municipal João Daudt de Oliveira",
        "schoolType": "Escola Municipal"
      },
      "geometry": {
        "type": "Point",
        "coordinates": [
          -43.495022,
          -22.855782
        ]
      }
    },
    {
      "type": "Feature",
      "properties": {
        "sourceDatasetId": "data-rio__escolas_municipais__atual",
        "facilityType": "municipal_school",
        "name": "Escola Municipal Joaquim Edson de Camargo",
        "schoolType": "Escola Municipal"
      },
      "geometry": {
        "type": "Point",
        "coordinates": [
          -43.493252,
          -22.860885
        ]
      }
    },
    {
      "type": "Feature",
      "properties": {
        "sourceDatasetId": "data-rio__escolas_municipais__atual",
        "facilityType": "municipal_school",
        "name": "Escola Municipal José Piquet Carneiro",
        "schoolType": "Escola Municipal"
      },
      "geometry": {
        "type": "Point",
        "coordinates": [
          -43.455136,
          -22.862936
        ]
      }
    },
    {
      "type": "Feature",
      "properties": {
        "sourceDatasetId": "data-rio__escolas_municipais__atual",
        "facilityType": "municipal_school",
        "name": "Escola Municipal Maria Quitéria",
        "schoolType": "Escola Municipal"
      },
      "geometry": {
        "type": "Point",
        "coordinates": [
          -43.470589,
          -22.851833
        ]
      }
    },
    {
      "type": "Feature",
      "properties": {
        "sourceDatasetId": "data-rio__escolas_municipais__atual",
        "facilityType": "municipal_school",
        "name": "Escola Municipal Marieta da Cunha da Silva",
        "schoolType": "Escola Municipal"
      },
      "geometry": {
        "type": "Point",
        "coordinates": [
          -43.477741,
          -22.868788
        ]
      }
    },
    {
      "type": "Feature",
      "properties": {
        "sourceDatasetId": "data-rio__escolas_municipais__atual",
        "facilityType": "municipal_school",
        "name": "Escola Municipal Pablo Picasso",
        "schoolType": "Escola Municipal"
      },
      "geometry": {
        "type": "Point",
        "coordinates": [
          -43.452354,
          -22.866723
        ]
      }
    },
    {
      "type": "Feature",
      "properties": {
        "sourceDatasetId": "data-rio__escolas_municipais__atual",
        "facilityType": "municipal_school",
        "name": "Escola Municipal Pracinha João da Silva",
        "schoolType": "Escola Municipal"
      },
      "geometry": {
        "type": "Point",
        "coordinates": [
          -43.472692,
          -22.875007
        ]
      }
    },
    {
      "type": "Feature",
      "properties": {
        "sourceDatasetId": "data-rio__escolas_municipais__atual",
        "facilityType": "municipal_school",
        "name": "Escola Municipal Presidente Café Filho",
        "schoolType": "Escola Municipal"
      },
      "geometry": {
        "type": "Point",
        "coordinates": [
          -43.493019,
          -22.852468
        ]
      }
    },
    {
      "type": "Feature",
      "properties": {
        "sourceDatasetId": "data-rio__escolas_municipais__atual",
        "facilityType": "municipal_school",
        "name": "Ciep Lamartine Babo",
        "schoolType": "CIEP"
      },
      "geometry": {
        "type": "Point",
        "coordinates": [
          -43.540572,
          -22.90879
        ]
      }
    },
    {
      "type": "Feature",
      "properties": {
        "sourceDatasetId": "data-rio__escolas_municipais__atual",
        "facilityType": "municipal_school",
        "name": "Escola Municipal Professor Firmo Costa",
        "schoolType": "Escola Municipal"
      },
      "geometry": {
        "type": "Point",
        "coordinates": [
          -43.456727,
          -22.865868
        ]
      }
    },
    {
      "type": "Feature",
      "properties": {
        "sourceDatasetId": "data-rio__escolas_municipais__atual",
        "facilityType": "municipal_school",
        "name": "Escola Municipal Rafael Corrêa de Oliveira",
        "schoolType": "Escola Municipal"
      },
      "geometry": {
        "type": "Point",
        "coordinates": [
          -43.461381,
          -22.859855
        ]
      }
    },
    {
      "type": "Feature",
      "properties": {
        "sourceDatasetId": "data-rio__escolas_municipais__atual",
        "facilityType": "municipal_school",
        "name": "Escola Municipal Roberto Simonsen",
        "schoolType": "Escola Municipal"
      },
      "geometry": {
        "type": "Point",
        "coordinates": [
          -43.455365,
          -22.868986
        ]
      }
    },
    {
      "type": "Feature",
      "properties": {
        "sourceDatasetId": "data-rio__escolas_municipais__atual",
        "facilityType": "municipal_school",
        "name": "Escola Municipal Rubem Berta",
        "schoolType": "Escola Municipal"
      },
      "geometry": {
        "type": "Point",
        "coordinates": [
          -43.479343,
          -22.871921
        ]
      }
    },
    {
      "type": "Feature",
      "properties": {
        "sourceDatasetId": "data-rio__escolas_municipais__atual",
        "facilityType": "municipal_school",
        "name": "Escola Municipal Ubaldo de Oliveira",
        "schoolType": "Escola Municipal"
      },
      "geometry": {
        "type": "Point",
        "coordinates": [
          -43.462477,
          -22.868367
        ]
      }
    },
    {
      "type": "Feature",
      "properties": {
        "sourceDatasetId": "data-rio__escolas_municipais__atual",
        "facilityType": "municipal_school",
        "name": "Escola Municipal Marechal Alcides Etchegoyen",
        "schoolType": "Escola Municipal"
      },
      "geometry": {
        "type": "Point",
        "coordinates": [
          -43.486406,
          -22.856868
        ]
      }
    },
    {
      "type": "Feature",
      "properties": {
        "sourceDatasetId": "data-rio__escolas_municipais__atual",
        "facilityType": "municipal_school",
        "name": "Escola Municipal General Tasso Fragoso",
        "schoolType": "Escola Municipal"
      },
      "geometry": {
        "type": "Point",
        "coordinates": [
          -43.451418,
          -22.869032
        ]
      }
    },
    {
      "type": "Feature",
      "properties": {
        "sourceDatasetId": "data-rio__escolas_municipais__atual",
        "facilityType": "municipal_school",
        "name": "Escola Municipal Orestes Barbosa",
        "schoolType": "Escola Municipal"
      },
      "geometry": {
        "type": "Point",
        "coordinates": [
          -43.493058,
          -22.852221
        ]
      }
    },
    {
      "type": "Feature",
      "properties": {
        "sourceDatasetId": "data-rio__escolas_municipais__atual",
        "facilityType": "municipal_school",
        "name": "Escola Municipal Wolf Klabin",
        "schoolType": "Escola Municipal"
      },
      "geometry": {
        "type": "Point",
        "coordinates": [
          -43.518252,
          -22.8437
        ]
      }
    },
    {
      "type": "Feature",
      "properties": {
        "sourceDatasetId": "data-rio__escolas_municipais__atual",
        "facilityType": "municipal_school",
        "name": "Escola Municipal Edson Carneiro",
        "schoolType": "Escola Municipal"
      },
      "geometry": {
        "type": "Point",
        "coordinates": [
          -43.483464,
          -22.868395
        ]
      }
    },
    {
      "type": "Feature",
      "properties": {
        "sourceDatasetId": "data-rio__escolas_municipais__atual",
        "facilityType": "municipal_school",
        "name": "Escola Municipal Jorge Zarur",
        "schoolType": "Escola Municipal"
      },
      "geometry": {
        "type": "Point",
        "coordinates": [
          -43.49035,
          -22.853364
        ]
      }
    },
    {
      "type": "Feature",
      "properties": {
        "sourceDatasetId": "data-rio__escolas_municipais__atual",
        "facilityType": "municipal_school",
        "name": "Escola Municipal Astrojildo Pereira",
        "schoolType": "Escola Municipal"
      },
      "geometry": {
        "type": "Point",
        "coordinates": [
          -43.465146,
          -22.862794
        ]
      }
    },
    {
      "type": "Feature",
      "properties": {
        "sourceDatasetId": "data-rio__escolas_municipais__atual",
        "facilityType": "municipal_school",
        "name": "Escola Municipal Coronel José Gomes Moreira",
        "schoolType": "Escola Municipal"
      },
      "geometry": {
        "type": "Point",
        "coordinates": [
          -43.48672,
          -22.860351
        ]
      }
    },
    {
      "type": "Feature",
      "properties": {
        "sourceDatasetId": "data-rio__escolas_municipais__atual",
        "facilityType": "municipal_school",
        "name": "Escola Municipal José Mauro de Vasconcelos",
        "schoolType": "Escola Municipal"
      },
      "geometry": {
        "type": "Point",
        "coordinates": [
          -43.466856,
          -22.850438
        ]
      }
    },
    {
      "type": "Feature",
      "properties": {
        "sourceDatasetId": "data-rio__escolas_municipais__atual",
        "facilityType": "municipal_school",
        "name": "Escola Municipal Jornalista Sandro Moreyra",
        "schoolType": "Escola Municipal"
      },
      "geometry": {
        "type": "Point",
        "coordinates": [
          -43.463889,
          -22.850011
        ]
      }
    },
    {
      "type": "Feature",
      "properties": {
        "sourceDatasetId": "data-rio__escolas_municipais__atual",
        "facilityType": "municipal_school",
        "name": "Escola Municipal Prefeito Juarez Antunes",
        "schoolType": "Escola Municipal"
      },
      "geometry": {
        "type": "Point",
        "coordinates": [
          -43.489889,
          -22.844901
        ]
      }
    },
    {
      "type": "Feature",
      "properties": {
        "sourceDatasetId": "data-rio__escolas_municipais__atual",
        "facilityType": "municipal_school",
        "name": "Escola Municipal Ayrton Senna da Silva",
        "schoolType": "Escola Municipal"
      },
      "geometry": {
        "type": "Point",
        "coordinates": [
          -43.478153,
          -22.864162
        ]
      }
    },
    {
      "type": "Feature",
      "properties": {
        "sourceDatasetId": "data-rio__escolas_municipais__atual",
        "facilityType": "municipal_school",
        "name": "Escola Municipal Austragésilo de Atayde",
        "schoolType": "Escola Municipal"
      },
      "geometry": {
        "type": "Point",
        "coordinates": [
          -43.481524,
          -22.869071
        ]
      }
    },
    {
      "type": "Feature",
      "properties": {
        "sourceDatasetId": "data-rio__escolas_municipais__atual",
        "facilityType": "municipal_school",
        "name": "Escola Municipal Raphael Almeida Magalhães",
        "schoolType": "Escola Municipal"
      },
      "geometry": {
        "type": "Point",
        "coordinates": [
          -43.464167,
          -22.845127
        ]
      }
    },
    {
      "type": "Feature",
      "properties": {
        "sourceDatasetId": "data-rio__escolas_municipais__atual",
        "facilityType": "municipal_school",
        "name": "Escola Municipal Professora Ivone Nunes Ferreira",
        "schoolType": "Escola Municipal"
      },
      "geometry": {
        "type": "Point",
        "coordinates": [
          -43.487205,
          -22.879028
        ]
      }
    },
    {
      "type": "Feature",
      "properties": {
        "sourceDatasetId": "data-rio__escolas_municipais__atual",
        "facilityType": "municipal_school",
        "name": "Ciep Amilcar Cabral",
        "schoolType": "CIEP"
      },
      "geometry": {
        "type": "Point",
        "coordinates": [
          -43.472616,
          -22.894122
        ]
      }
    },
    {
      "type": "Feature",
      "properties": {
        "sourceDatasetId": "data-rio__escolas_municipais__atual",
        "facilityType": "municipal_school",
        "name": "Ciep Vila Kennedy",
        "schoolType": "CIEP"
      },
      "geometry": {
        "type": "Point",
        "coordinates": [
          -43.49047,
          -22.852779
        ]
      }
    },
    {
      "type": "Feature",
      "properties": {
        "sourceDatasetId": "data-rio__escolas_municipais__atual",
        "facilityType": "municipal_school",
        "name": "Ciep Gilberto Freyre",
        "schoolType": "CIEP"
      },
      "geometry": {
        "type": "Point",
        "coordinates": [
          -43.492641,
          -22.870828
        ]
      }
    },
    {
      "type": "Feature",
      "properties": {
        "sourceDatasetId": "data-rio__escolas_municipais__atual",
        "facilityType": "municipal_school",
        "name": "Ciep Professora Célia Martins Menna Barreto",
        "schoolType": "CIEP"
      },
      "geometry": {
        "type": "Point",
        "coordinates": [
          -43.470526,
          -22.888526
        ]
      }
    },
    {
      "type": "Feature",
      "properties": {
        "sourceDatasetId": "data-rio__escolas_municipais__atual",
        "facilityType": "municipal_school",
        "name": "Ciep Padre Paulo Corrêa de Sá",
        "schoolType": "CIEP"
      },
      "geometry": {
        "type": "Point",
        "coordinates": [
          -43.450944,
          -22.89141
        ]
      }
    },
    {
      "type": "Feature",
      "properties": {
        "sourceDatasetId": "data-rio__escolas_municipais__atual",
        "facilityType": "municipal_school",
        "name": "Ciep Antonio Evaristo de Moraes",
        "schoolType": "CIEP"
      },
      "geometry": {
        "type": "Point",
        "coordinates": [
          -43.487326,
          -22.881793
        ]
      }
    },
    {
      "type": "Feature",
      "properties": {
        "sourceDatasetId": "data-rio__escolas_municipais__atual",
        "facilityType": "municipal_school",
        "name": "Ciep Marechal Julio Caetano Horta Barbosa",
        "schoolType": "CIEP"
      },
      "geometry": {
        "type": "Point",
        "coordinates": [
          -43.479045,
          -22.883931
        ]
      }
    },
    {
      "type": "Feature",
      "properties": {
        "sourceDatasetId": "data-rio__escolas_municipais__atual",
        "facilityType": "municipal_school",
        "name": "Ciep Olof Palme",
        "schoolType": "CIEP"
      },
      "geometry": {
        "type": "Point",
        "coordinates": [
          -43.474501,
          -22.865064
        ]
      }
    },
    {
      "type": "Feature",
      "properties": {
        "sourceDatasetId": "data-rio__escolas_municipais__atual",
        "facilityType": "municipal_school",
        "name": "Ciep Mestre André",
        "schoolType": "CIEP"
      },
      "geometry": {
        "type": "Point",
        "coordinates": [
          -43.448375,
          -22.874217
        ]
      }
    },
    {
      "type": "Feature",
      "properties": {
        "sourceDatasetId": "data-rio__escolas_municipais__atual",
        "facilityType": "municipal_school",
        "name": "Ciep Poeta Cruz e Sousa",
        "schoolType": "CIEP"
      },
      "geometry": {
        "type": "Point",
        "coordinates": [
          -43.459058,
          -22.869102
        ]
      }
    },
    {
      "type": "Feature",
      "properties": {
        "sourceDatasetId": "data-rio__escolas_municipais__atual",
        "facilityType": "municipal_school",
        "name": "Ciep Maestrina Chiquinha Gonzaga",
        "schoolType": "CIEP"
      },
      "geometry": {
        "type": "Point",
        "coordinates": [
          -43.471039,
          -22.866545
        ]
      }
    },
    {
      "type": "Feature",
      "properties": {
        "sourceDatasetId": "data-rio__escolas_municipais__atual",
        "facilityType": "municipal_school",
        "name": "Creche Municipal José Félix",
        "schoolType": "Creche Municipal"
      },
      "geometry": {
        "type": "Point",
        "coordinates": [
          -43.503815,
          -22.874814
        ]
      }
    },
    {
      "type": "Feature",
      "properties": {
        "sourceDatasetId": "data-rio__escolas_municipais__atual",
        "facilityType": "municipal_school",
        "name": "Creche Municipal Vila Progresso",
        "schoolType": "Creche Municipal"
      },
      "geometry": {
        "type": "Point",
        "coordinates": [
          -43.494277,
          -22.860475
        ]
      }
    },
    {
      "type": "Feature",
      "properties": {
        "sourceDatasetId": "data-rio__escolas_municipais__atual",
        "facilityType": "municipal_school",
        "name": "Creche Municipal Dente de Leite",
        "schoolType": "Creche Municipal"
      },
      "geometry": {
        "type": "Point",
        "coordinates": [
          -43.460718,
          -22.849922
        ]
      }
    },
    {
      "type": "Feature",
      "properties": {
        "sourceDatasetId": "data-rio__escolas_municipais__atual",
        "facilityType": "municipal_school",
        "name": "Creche Municipal Dramaturgo Alfredo de Freitas Dias Gomes",
        "schoolType": "Creche Municipal"
      },
      "geometry": {
        "type": "Point",
        "coordinates": [
          -43.467732,
          -22.843664
        ]
      }
    },
    {
      "type": "Feature",
      "properties": {
        "sourceDatasetId": "data-rio__escolas_municipais__atual",
        "facilityType": "municipal_school",
        "name": "Creche Municipal Mané Garrincha II",
        "schoolType": "Creche Municipal"
      },
      "geometry": {
        "type": "Point",
        "coordinates": [
          -43.480675,
          -22.878109
        ]
      }
    },
    {
      "type": "Feature",
      "properties": {
        "sourceDatasetId": "data-rio__escolas_municipais__atual",
        "facilityType": "municipal_school",
        "name": "Creche Municipal Meimei",
        "schoolType": "Creche Municipal"
      },
      "geometry": {
        "type": "Point",
        "coordinates": [
          -43.445078,
          -22.863292
        ]
      }
    },
    {
      "type": "Feature",
      "properties": {
        "sourceDatasetId": "data-rio__escolas_municipais__atual",
        "facilityType": "municipal_school",
        "name": "Creche Municipal Mulheres do Quafá",
        "schoolType": "Creche Municipal"
      },
      "geometry": {
        "type": "Point",
        "coordinates": [
          -43.487379,
          -22.849653
        ]
      }
    },
    {
      "type": "Feature",
      "properties": {
        "sourceDatasetId": "data-rio__escolas_municipais__atual",
        "facilityType": "municipal_school",
        "name": "Creche Municipal Nova Aliança",
        "schoolType": "Creche Municipal"
      },
      "geometry": {
        "type": "Point",
        "coordinates": [
          -43.481571,
          -22.872318
        ]
      }
    },
    {
      "type": "Feature",
      "properties": {
        "sourceDatasetId": "data-rio__escolas_municipais__atual",
        "facilityType": "municipal_school",
        "name": "Creche Municipal Recanto Feliz",
        "schoolType": "Creche Municipal"
      },
      "geometry": {
        "type": "Point",
        "coordinates": [
          -43.458291,
          -22.86933
        ]
      }
    },
    {
      "type": "Feature",
      "properties": {
        "sourceDatasetId": "data-rio__escolas_municipais__atual",
        "facilityType": "municipal_school",
        "name": "Creche Municipal Sempre Vida Fazenda Coqueiros",
        "schoolType": "Creche Municipal"
      },
      "geometry": {
        "type": "Point",
        "coordinates": [
          -43.502876,
          -22.869579
        ]
      }
    },
    {
      "type": "Feature",
      "properties": {
        "sourceDatasetId": "data-rio__escolas_municipais__atual",
        "facilityType": "municipal_school",
        "name": "Creche Municipal Tia Elza",
        "schoolType": "Creche Municipal"
      },
      "geometry": {
        "type": "Point",
        "coordinates": [
          -43.455452,
          -22.868855
        ]
      }
    },
    {
      "type": "Feature",
      "properties": {
        "sourceDatasetId": "data-rio__escolas_municipais__atual",
        "facilityType": "municipal_school",
        "name": "Creche Municipal Vila Kennedy",
        "schoolType": "Creche Municipal"
      },
      "geometry": {
        "type": "Point",
        "coordinates": [
          -43.485291,
          -22.856744
        ]
      }
    },
    {
      "type": "Feature",
      "properties": {
        "sourceDatasetId": "data-rio__escolas_municipais__atual",
        "facilityType": "municipal_school",
        "name": "Creche Municipal Célia Alencar",
        "schoolType": "Creche Municipal"
      },
      "geometry": {
        "type": "Point",
        "coordinates": [
          -43.441092,
          -22.875707
        ]
      }
    },
    {
      "type": "Feature",
      "properties": {
        "sourceDatasetId": "data-rio__escolas_municipais__atual",
        "facilityType": "municipal_school",
        "name": "Creche Municipal Fazenda Coqueiros II",
        "schoolType": "Creche Municipal"
      },
      "geometry": {
        "type": "Point",
        "coordinates": [
          -43.495536,
          -22.869391
        ]
      }
    },
    {
      "type": "Feature",
      "properties": {
        "sourceDatasetId": "data-rio__escolas_municipais__atual",
        "facilityType": "municipal_school",
        "name": "Creche Municipal Vila União da Paz",
        "schoolType": "Creche Municipal"
      },
      "geometry": {
        "type": "Point",
        "coordinates": [
          -43.45751,
          -22.862988
        ]
      }
    },
    {
      "type": "Feature",
      "properties": {
        "sourceDatasetId": "data-rio__escolas_municipais__atual",
        "facilityType": "municipal_school",
        "name": "Creche Municipal Professora Maria Assumpção",
        "schoolType": "Creche Municipal"
      },
      "geometry": {
        "type": "Point",
        "coordinates": [
          -43.468277,
          -22.864759
        ]
      }
    },
    {
      "type": "Feature",
      "properties": {
        "sourceDatasetId": "data-rio__escolas_municipais__atual",
        "facilityType": "municipal_school",
        "name": "Creche Municipal José Manoel Ibarra Perez",
        "schoolType": "Creche Municipal"
      },
      "geometry": {
        "type": "Point",
        "coordinates": [
          -43.472659,
          -22.84761
        ]
      }
    },
    {
      "type": "Feature",
      "properties": {
        "sourceDatasetId": "data-rio__escolas_municipais__atual",
        "facilityType": "municipal_school",
        "name": "Creche Municipal Janete Clair",
        "schoolType": "Creche Municipal"
      },
      "geometry": {
        "type": "Point",
        "coordinates": [
          -43.499731,
          -22.877426
        ]
      }
    },
    {
      "type": "Feature",
      "properties": {
        "sourceDatasetId": "data-rio__escolas_municipais__atual",
        "facilityType": "municipal_school",
        "name": "Creche Municipal Professora Regina Maria da Matta Montezano",
        "schoolType": "Creche Municipal"
      },
      "geometry": {
        "type": "Point",
        "coordinates": [
          -43.474576,
          -22.868027
        ]
      }
    },
    {
      "type": "Feature",
      "properties": {
        "sourceDatasetId": "data-rio__escolas_municipais__atual",
        "facilityType": "municipal_school",
        "name": "Espaço de Desenvolvimento Infantil Professora Tânia Maria Larrubia Gomes",
        "schoolType": "EDI"
      },
      "geometry": {
        "type": "Point",
        "coordinates": [
          -43.470733,
          -22.888872
        ]
      }
    },
    {
      "type": "Feature",
      "properties": {
        "sourceDatasetId": "data-rio__escolas_municipais__atual",
        "facilityType": "municipal_school",
        "name": "Espaço de Desenvolvimento Infantil Professor Reinaldo José de Aragão Barbosa",
        "schoolType": "EDI"
      },
      "geometry": {
        "type": "Point",
        "coordinates": [
          -43.464005,
          -22.849625
        ]
      }
    },
    {
      "type": "Feature",
      "properties": {
        "sourceDatasetId": "data-rio__escolas_municipais__atual",
        "facilityType": "municipal_school",
        "name": "Espaço de Desenvolvimento Infantil José Ephim Mindlin",
        "schoolType": "EDI"
      },
      "geometry": {
        "type": "Point",
        "coordinates": [
          -43.485836,
          -22.869048
        ]
      }
    },
    {
      "type": "Feature",
      "properties": {
        "sourceDatasetId": "data-rio__escolas_municipais__atual",
        "facilityType": "municipal_school",
        "name": "Espaço de Desenvolvimento Infantil Professora Edith Marques de Souza",
        "schoolType": "EDI"
      },
      "geometry": {
        "type": "Point",
        "coordinates": [
          -43.45675,
          -22.868071
        ]
      }
    },
    {
      "type": "Feature",
      "properties": {
        "sourceDatasetId": "data-rio__escolas_municipais__atual",
        "facilityType": "municipal_school",
        "name": "Espaço de Desenvolvimento Infantil Rafael Pereira da Silva",
        "schoolType": "EDI"
      },
      "geometry": {
        "type": "Point",
        "coordinates": [
          -43.453549,
          -22.857179
        ]
      }
    },
    {
      "type": "Feature",
      "properties": {
        "sourceDatasetId": "data-rio__escolas_municipais__atual",
        "facilityType": "municipal_school",
        "name": "Espaço de Desenvolvimento Infantil Professora Maria Yedda Leite Linhares",
        "schoolType": "EDI"
      },
      "geometry": {
        "type": "Point",
        "coordinates": [
          -43.465672,
          -22.846973
        ]
      }
    },
    {
      "type": "Feature",
      "properties": {
        "sourceDatasetId": "data-rio__escolas_municipais__atual",
        "facilityType": "municipal_school",
        "name": "Espaço de Desenvolvimento Infantil Maria do Carmo Souza Piran",
        "schoolType": "EDI"
      },
      "geometry": {
        "type": "Point",
        "coordinates": [
          -43.471723,
          -22.863767
        ]
      }
    },
    {
      "type": "Feature",
      "properties": {
        "sourceDatasetId": "data-rio__escolas_municipais__atual",
        "facilityType": "municipal_school",
        "name": "Espaço de Desenvolvimento Infantil Professor Antônio Flávio Pierucci",
        "schoolType": "EDI"
      },
      "geometry": {
        "type": "Point",
        "coordinates": [
          -43.490044,
          -22.879882
        ]
      }
    },
    {
      "type": "Feature",
      "properties": {
        "sourceDatasetId": "data-rio__escolas_municipais__atual",
        "facilityType": "municipal_school",
        "name": "Espaço de Desenvolvimento Infantil República Árabe Unida",
        "schoolType": "EDI"
      },
      "geometry": {
        "type": "Point",
        "coordinates": [
          -43.468583,
          -22.875856
        ]
      }
    },
    {
      "type": "Feature",
      "properties": {
        "sourceDatasetId": "data-rio__escolas_municipais__atual",
        "facilityType": "municipal_school",
        "name": "Espaço de Desenvolvimento Infantil Vila do Vintém",
        "schoolType": "EDI"
      },
      "geometry": {
        "type": "Point",
        "coordinates": [
          -43.449299,
          -22.87125
        ]
      }
    },
    {
      "type": "Feature",
      "properties": {
        "sourceDatasetId": "data-rio__escolas_municipais__atual",
        "facilityType": "municipal_school",
        "name": "Espaço de Desenvolvimento Infantil Norbertina de Souza Gouveia",
        "schoolType": "EDI"
      },
      "geometry": {
        "type": "Point",
        "coordinates": [
          -43.485381,
          -22.8559
        ]
      }
    },
    {
      "type": "Feature",
      "properties": {
        "sourceDatasetId": "data-rio__escolas_municipais__atual",
        "facilityType": "municipal_school",
        "name": "Espaço de Desenvolvimento Infantil Taquaral",
        "schoolType": "EDI"
      },
      "geometry": {
        "type": "Point",
        "coordinates": [
          -43.48406,
          -22.868585
        ]
      }
    },
    {
      "type": "Feature",
      "properties": {
        "sourceDatasetId": "data-rio__escolas_municipais__atual",
        "facilityType": "municipal_school",
        "name": "Espaço de Desenvolvimento Infantil Vila Kennedy",
        "schoolType": "EDI"
      },
      "geometry": {
        "type": "Point",
        "coordinates": [
          -43.486861,
          -22.860022
        ]
      }
    },
    {
      "type": "Feature",
      "properties": {
        "sourceDatasetId": "data-rio__escolas_municipais__atual",
        "facilityType": "municipal_school",
        "name": "Espaço de Desenvolvimento Infantil Professora Giovana Bansi",
        "schoolType": "EDI"
      },
      "geometry": {
        "type": "Point",
        "coordinates": [
          -43.490355,
          -22.895049
        ]
      }
    },
    {
      "type": "Feature",
      "properties": {
        "sourceDatasetId": "data-rio__escolas_municipais__atual",
        "facilityType": "municipal_school",
        "name": "Espaço de desenvolvimento Infantil Senhor João Gomes",
        "schoolType": "EDI"
      },
      "geometry": {
        "type": "Point",
        "coordinates": [
          -43.478332,
          -22.869535
        ]
      }
    },
    {
      "type": "Feature",
      "properties": {
        "sourceDatasetId": "data-rio__escolas_municipais__atual",
        "facilityType": "municipal_school",
        "name": "Espaço de Desenvolvimento Infantil Pedro Moacyr",
        "schoolType": "EDI"
      },
      "geometry": {
        "type": "Point",
        "coordinates": [
          -43.44984,
          -22.87076
        ]
      }
    },
    {
      "type": "Feature",
      "properties": {
        "sourceDatasetId": "data-rio__escolas_municipais__atual",
        "facilityType": "municipal_school",
        "name": "Escola Municipal Madre Benedita",
        "schoolType": "Escola Municipal"
      },
      "geometry": {
        "type": "Point",
        "coordinates": [
          -43.383248,
          -22.849744
        ]
      }
    },
    {
      "type": "Feature",
      "properties": {
        "sourceDatasetId": "data-rio__escolas_municipais__atual",
        "facilityType": "municipal_school",
        "name": "Escola Municipal Professora Juracy Silveira",
        "schoolType": "Escola Municipal"
      },
      "geometry": {
        "type": "Point",
        "coordinates": [
          -43.382406,
          -22.853534
        ]
      }
    },
    {
      "type": "Feature",
      "properties": {
        "sourceDatasetId": "data-rio__escolas_municipais__atual",
        "facilityType": "municipal_school",
        "name": "Escola Municipal Engenheiro Lafayette de Andrade",
        "schoolType": "Escola Municipal"
      },
      "geometry": {
        "type": "Point",
        "coordinates": [
          -43.386608,
          -22.856087
        ]
      }
    },
    {
      "type": "Feature",
      "properties": {
        "sourceDatasetId": "data-rio__escolas_municipais__atual",
        "facilityType": "municipal_school",
        "name": "Escola Especial Municipal Marechal Mascarenhas de Moraes",
        "schoolType": "Escola Especial Municipal"
      },
      "geometry": {
        "type": "Point",
        "coordinates": [
          -43.385711,
          -22.855152
        ]
      }
    },
    {
      "type": "Feature",
      "properties": {
        "sourceDatasetId": "data-rio__escolas_municipais__atual",
        "facilityType": "municipal_school",
        "name": "Escola Municipal Condessa Pereira Carneiro",
        "schoolType": "Escola Municipal"
      },
      "geometry": {
        "type": "Point",
        "coordinates": [
          -43.396471,
          -22.853559
        ]
      }
    },
    {
      "type": "Feature",
      "properties": {
        "sourceDatasetId": "data-rio__escolas_municipais__atual",
        "facilityType": "municipal_school",
        "name": "Escola Municipal Rosa da Fonseca",
        "schoolType": "Escola Municipal"
      },
      "geometry": {
        "type": "Point",
        "coordinates": [
          -43.403255,
          -22.864287
        ]
      }
    },
    {
      "type": "Feature",
      "properties": {
        "sourceDatasetId": "data-rio__escolas_municipais__atual",
        "facilityType": "municipal_school",
        "name": "Escola Municipal Cel. Pm. Flavio Martins Albuquerque",
        "schoolType": "Escola Municipal"
      },
      "geometry": {
        "type": "Point",
        "coordinates": [
          -43.39666,
          -22.885154
        ]
      }
    },
    {
      "type": "Feature",
      "properties": {
        "sourceDatasetId": "data-rio__escolas_municipais__atual",
        "facilityType": "municipal_school",
        "name": "Escola Municipal Campo dos Afonsos",
        "schoolType": "Escola Municipal"
      },
      "geometry": {
        "type": "Point",
        "coordinates": [
          -43.377197,
          -22.880239
        ]
      }
    },
    {
      "type": "Feature",
      "properties": {
        "sourceDatasetId": "data-rio__escolas_municipais__atual",
        "facilityType": "municipal_school",
        "name": "Escola Municipal Visconde de Porto Seguro",
        "schoolType": "Escola Municipal"
      },
      "geometry": {
        "type": "Point",
        "coordinates": [
          -43.39248,
          -22.889076
        ]
      }
    },
    {
      "type": "Feature",
      "properties": {
        "sourceDatasetId": "data-rio__escolas_municipais__atual",
        "facilityType": "municipal_school",
        "name": "Escola Municipal Alvaro Alvim",
        "schoolType": "Escola Municipal"
      },
      "geometry": {
        "type": "Point",
        "coordinates": [
          -43.418393,
          -22.865912
        ]
      }
    },
    {
      "type": "Feature",
      "properties": {
        "sourceDatasetId": "data-rio__escolas_municipais__atual",
        "facilityType": "municipal_school",
        "name": "Escola Municipal Polônia",
        "schoolType": "Escola Municipal"
      },
      "geometry": {
        "type": "Point",
        "coordinates": [
          -43.410571,
          -22.878276
        ]
      }
    },
    {
      "type": "Feature",
      "properties": {
        "sourceDatasetId": "data-rio__escolas_municipais__atual",
        "facilityType": "municipal_school",
        "name": "Escola Municipal Churchill",
        "schoolType": "Escola Municipal"
      },
      "geometry": {
        "type": "Point",
        "coordinates": [
          -43.41654,
          -22.874111
        ]
      }
    },
    {
      "type": "Feature",
      "properties": {
        "sourceDatasetId": "data-rio__escolas_municipais__atual",
        "facilityType": "municipal_school",
        "name": "Escola Municipal Aracy Muniz Freire",
        "schoolType": "Escola Municipal"
      },
      "geometry": {
        "type": "Point",
        "coordinates": [
          -43.411883,
          -22.880132
        ]
      }
    },
    {
      "type": "Feature",
      "properties": {
        "sourceDatasetId": "data-rio__escolas_municipais__atual",
        "facilityType": "municipal_school",
        "name": "Escola Municipal Mário Casasanta",
        "schoolType": "Escola Municipal"
      },
      "geometry": {
        "type": "Point",
        "coordinates": [
          -43.416847,
          -22.874236
        ]
      }
    },
    {
      "type": "Feature",
      "properties": {
        "sourceDatasetId": "data-rio__escolas_municipais__atual",
        "facilityType": "municipal_school",
        "name": "Escola Municipal Guimarães Rosa",
        "schoolType": "Escola Municipal"
      },
      "geometry": {
        "type": "Point",
        "coordinates": [
          -43.410685,
          -22.874156
        ]
      }
    },
    {
      "type": "Feature",
      "properties": {
        "sourceDatasetId": "data-rio__escolas_municipais__atual",
        "facilityType": "municipal_school",
        "name": "Escola Municipal Presidente Humberto de Alencar Castelo Branco",
        "schoolType": "Escola Municipal"
      },
      "geometry": {
        "type": "Point",
        "coordinates": [
          -43.41316,
          -22.881164
        ]
      }
    },
    {
      "type": "Feature",
      "properties": {
        "sourceDatasetId": "data-rio__escolas_municipais__atual",
        "facilityType": "municipal_school",
        "name": "Escola Municipal Lima Barreto",
        "schoolType": "Escola Municipal"
      },
      "geometry": {
        "type": "Point",
        "coordinates": [
          -43.424491,
          -22.867066
        ]
      }
    },
    {
      "type": "Feature",
      "properties": {
        "sourceDatasetId": "data-rio__escolas_municipais__atual",
        "facilityType": "municipal_school",
        "name": "Escola Municipal Corintho da Fonseca",
        "schoolType": "Escola Municipal"
      },
      "geometry": {
        "type": "Point",
        "coordinates": [
          -43.443874,
          -22.858945
        ]
      }
    },
    {
      "type": "Feature",
      "properties": {
        "sourceDatasetId": "data-rio__escolas_municipais__atual",
        "facilityType": "municipal_school",
        "name": "Escola Municipal Coronel Corsino do Amarante",
        "schoolType": "Escola Municipal"
      },
      "geometry": {
        "type": "Point",
        "coordinates": [
          -43.436482,
          -22.875025
        ]
      }
    },
    {
      "type": "Feature",
      "properties": {
        "sourceDatasetId": "data-rio__escolas_municipais__atual",
        "facilityType": "municipal_school",
        "name": "Escola Municipal Nicarágua",
        "schoolType": "Escola Municipal"
      },
      "geometry": {
        "type": "Point",
        "coordinates": [
          -43.433439,
          -22.878443
        ]
      }
    },
    {
      "type": "Feature",
      "properties": {
        "sourceDatasetId": "data-rio__escolas_municipais__atual",
        "facilityType": "municipal_school",
        "name": "Escola Municipal Pintor Lazar Segall",
        "schoolType": "Escola Municipal"
      },
      "geometry": {
        "type": "Point",
        "coordinates": [
          -43.440171,
          -22.877241
        ]
      }
    },
    {
      "type": "Feature",
      "properties": {
        "sourceDatasetId": "data-rio__escolas_municipais__atual",
        "facilityType": "municipal_school",
        "name": "Escola Municipal Presidente Roosevelt",
        "schoolType": "Escola Municipal"
      },
      "geometry": {
        "type": "Point",
        "coordinates": [
          -43.438839,
          -22.870095
        ]
      }
    },
    {
      "type": "Feature",
      "properties": {
        "sourceDatasetId": "data-rio__escolas_municipais__atual",
        "facilityType": "municipal_school",
        "name": "Escola Municipal Gil Vicente",
        "schoolType": "Escola Municipal"
      },
      "geometry": {
        "type": "Point",
        "coordinates": [
          -43.437539,
          -22.875585
        ]
      }
    },
    {
      "type": "Feature",
      "properties": {
        "sourceDatasetId": "data-rio__escolas_municipais__atual",
        "facilityType": "municipal_school",
        "name": "Escola Municipal Ramiz Galvão",
        "schoolType": "Escola Municipal"
      },
      "geometry": {
        "type": "Point",
        "coordinates": [
          -43.416893,
          -22.880967
        ]
      }
    },
    {
      "type": "Feature",
      "properties": {
        "sourceDatasetId": "data-rio__escolas_municipais__atual",
        "facilityType": "municipal_school",
        "name": "Escola Municipal José Pancetti",
        "schoolType": "Escola Municipal"
      },
      "geometry": {
        "type": "Point",
        "coordinates": [
          -43.414926,
          -22.886028
        ]
      }
    },
    {
      "type": "Feature",
      "properties": {
        "sourceDatasetId": "data-rio__escolas_municipais__atual",
        "facilityType": "municipal_school",
        "name": "Escola Municipal Gabriel Soares de Souza",
        "schoolType": "Escola Municipal"
      },
      "geometry": {
        "type": "Point",
        "coordinates": [
          -43.424104,
          -22.880282
        ]
      }
    },
    {
      "type": "Feature",
      "properties": {
        "sourceDatasetId": "data-rio__escolas_municipais__atual",
        "facilityType": "municipal_school",
        "name": "Escola Municipal Azul e Branco",
        "schoolType": "Escola Municipal"
      },
      "geometry": {
        "type": "Point",
        "coordinates": [
          -43.41786,
          -22.888208
        ]
      }
    },
    {
      "type": "Feature",
      "properties": {
        "sourceDatasetId": "data-rio__escolas_municipais__atual",
        "facilityType": "municipal_school",
        "name": "Escola Municipal Jacques Raimundo",
        "schoolType": "Escola Municipal"
      },
      "geometry": {
        "type": "Point",
        "coordinates": [
          -43.426768,
          -22.879309
        ]
      }
    },
    {
      "type": "Feature",
      "properties": {
        "sourceDatasetId": "data-rio__escolas_municipais__atual",
        "facilityType": "municipal_school",
        "name": "Escola Municipal Tasso da Silveira",
        "schoolType": "Escola Municipal"
      },
      "geometry": {
        "type": "Point",
        "coordinates": [
          -43.41733,
          -22.883859
        ]
      }
    },
    {
      "type": "Feature",
      "properties": {
        "sourceDatasetId": "data-rio__escolas_municipais__atual",
        "facilityType": "municipal_school",
        "name": "Escola Municipal Stella Guerra Duval",
        "schoolType": "Escola Municipal"
      },
      "geometry": {
        "type": "Point",
        "coordinates": [
          -43.426646,
          -22.883368
        ]
      }
    },
    {
      "type": "Feature",
      "properties": {
        "sourceDatasetId": "data-rio__escolas_municipais__atual",
        "facilityType": "municipal_school",
        "name": "Escola Municipal Dalva de Oliveira",
        "schoolType": "Escola Municipal"
      },
      "geometry": {
        "type": "Point",
        "coordinates": [
          -43.418878,
          -22.89274
        ]
      }
    },
    {
      "type": "Feature",
      "properties": {
        "sourceDatasetId": "data-rio__escolas_municipais__atual",
        "facilityType": "municipal_school",
        "name": "Escola Municipal Senador Camará",
        "schoolType": "Escola Municipal"
      },
      "geometry": {
        "type": "Point",
        "coordinates": [
          -43.430003,
          -22.867443
        ]
      }
    },
    {
      "type": "Feature",
      "properties": {
        "sourceDatasetId": "data-rio__escolas_municipais__atual",
        "facilityType": "municipal_school",
        "name": "Escola Municipal Baronesa de Saavedra",
        "schoolType": "Escola Municipal"
      },
      "geometry": {
        "type": "Point",
        "coordinates": [
          -43.432432,
          -22.87185
        ]
      }
    },
    {
      "type": "Feature",
      "properties": {
        "sourceDatasetId": "data-rio__escolas_municipais__atual",
        "facilityType": "municipal_school",
        "name": "Escola Municipal Paulo Maranhão",
        "schoolType": "Escola Municipal"
      },
      "geometry": {
        "type": "Point",
        "coordinates": [
          -43.441219,
          -22.892991
        ]
      }
    },
    {
      "type": "Feature",
      "properties": {
        "sourceDatasetId": "data-rio__escolas_municipais__atual",
        "facilityType": "municipal_school",
        "name": "Escola Municipal Carlos Maul",
        "schoolType": "Escola Municipal"
      },
      "geometry": {
        "type": "Point",
        "coordinates": [
          -43.428277,
          -22.882599
        ]
      }
    },
    {
      "type": "Feature",
      "properties": {
        "sourceDatasetId": "data-rio__escolas_municipais__atual",
        "facilityType": "municipal_school",
        "name": "Escola Municipal Estado de Israel",
        "schoolType": "Escola Municipal"
      },
      "geometry": {
        "type": "Point",
        "coordinates": [
          -43.43462,
          -22.886824
        ]
      }
    },
    {
      "type": "Feature",
      "properties": {
        "sourceDatasetId": "data-rio__escolas_municipais__atual",
        "facilityType": "municipal_school",
        "name": "Escola Municipal Átila Nunes",
        "schoolType": "Escola Municipal"
      },
      "geometry": {
        "type": "Point",
        "coordinates": [
          -43.425158,
          -22.885894
        ]
      }
    },
    {
      "type": "Feature",
      "properties": {
        "sourceDatasetId": "data-rio__escolas_municipais__atual",
        "facilityType": "municipal_school",
        "name": "Escola Municipal Rondon",
        "schoolType": "Escola Municipal"
      },
      "geometry": {
        "type": "Point",
        "coordinates": [
          -43.445212,
          -22.894309
        ]
      }
    },
    {
      "type": "Feature",
      "properties": {
        "sourceDatasetId": "data-rio__escolas_municipais__atual",
        "facilityType": "municipal_school",
        "name": "Escola Municipal Miguel Ramalho Novo",
        "schoolType": "Escola Municipal"
      },
      "geometry": {
        "type": "Point",
        "coordinates": [
          -43.431593,
          -22.891066
        ]
      }
    },
    {
      "type": "Feature",
      "properties": {
        "sourceDatasetId": "data-rio__escolas_municipais__atual",
        "facilityType": "municipal_school",
        "name": "Escola Municipal Padre Leonel Franca",
        "schoolType": "Escola Municipal"
      },
      "geometry": {
        "type": "Point",
        "coordinates": [
          -43.429451,
          -22.883457
        ]
      }
    },
    {
      "type": "Feature",
      "properties": {
        "sourceDatasetId": "data-rio__escolas_municipais__atual",
        "facilityType": "municipal_school",
        "name": "Escola Municipal Tenente Cel. PM Eduardo Villaça",
        "schoolType": "Escola Municipal"
      },
      "geometry": {
        "type": "Point",
        "coordinates": [
          -43.433187,
          -22.894568
        ]
      }
    },
    {
      "type": "Feature",
      "properties": {
        "sourceDatasetId": "data-rio__escolas_municipais__atual",
        "facilityType": "municipal_school",
        "name": "Escola Municipal Eduardo de Almeida Cardoso",
        "schoolType": "Escola Municipal"
      },
      "geometry": {
        "type": "Point",
        "coordinates": [
          -43.417345,
          -22.88904
        ]
      }
    },
    {
      "type": "Feature",
      "properties": {
        "sourceDatasetId": "data-rio__escolas_municipais__atual",
        "facilityType": "municipal_school",
        "name": "Escola Municipal Costa do Marfim",
        "schoolType": "Escola Municipal"
      },
      "geometry": {
        "type": "Point",
        "coordinates": [
          -43.425093,
          -22.864904
        ]
      }
    },
    {
      "type": "Feature",
      "properties": {
        "sourceDatasetId": "data-rio__escolas_municipais__atual",
        "facilityType": "municipal_school",
        "name": "Escola Municipal Professor Afonso Henrique Saldanha",
        "schoolType": "Escola Municipal"
      },
      "geometry": {
        "type": "Point",
        "coordinates": [
          -43.426475,
          -22.88445
        ]
      }
    },
    {
      "type": "Feature",
      "properties": {
        "sourceDatasetId": "data-rio__escolas_municipais__atual",
        "facilityType": "municipal_school",
        "name": "Escola Municipal Luiz da Câmara Cascudo",
        "schoolType": "Escola Municipal"
      },
      "geometry": {
        "type": "Point",
        "coordinates": [
          -43.416418,
          -22.881573
        ]
      }
    },
    {
      "type": "Feature",
      "properties": {
        "sourceDatasetId": "data-rio__escolas_municipais__atual",
        "facilityType": "municipal_school",
        "name": "Ciep Frei Veloso",
        "schoolType": "CIEP"
      },
      "geometry": {
        "type": "Point",
        "coordinates": [
          -43.426933,
          -22.881976
        ]
      }
    },
    {
      "type": "Feature",
      "properties": {
        "sourceDatasetId": "data-rio__escolas_municipais__atual",
        "facilityType": "municipal_school",
        "name": "Escola Municipal Professor Ivan Rocco Marchi",
        "schoolType": "Escola Municipal"
      },
      "geometry": {
        "type": "Point",
        "coordinates": [
          -43.395679,
          -22.853522
        ]
      }
    },
    {
      "type": "Feature",
      "properties": {
        "sourceDatasetId": "data-rio__escolas_municipais__atual",
        "facilityType": "municipal_school",
        "name": "Ciep Marechal Henrique Teixeira Lott",
        "schoolType": "CIEP"
      },
      "geometry": {
        "type": "Point",
        "coordinates": [
          -43.445359,
          -22.863106
        ]
      }
    },
    {
      "type": "Feature",
      "properties": {
        "sourceDatasetId": "data-rio__escolas_municipais__atual",
        "facilityType": "municipal_school",
        "name": "Ciep Thomas Jefferson",
        "schoolType": "CIEP"
      },
      "geometry": {
        "type": "Point",
        "coordinates": [
          -43.425149,
          -22.866522
        ]
      }
    },
    {
      "type": "Feature",
      "properties": {
        "sourceDatasetId": "data-rio__escolas_municipais__atual",
        "facilityType": "municipal_school",
        "name": "Ciep Francisco Solano Trindade",
        "schoolType": "CIEP"
      },
      "geometry": {
        "type": "Point",
        "coordinates": [
          -43.430623,
          -22.890367
        ]
      }
    },
    {
      "type": "Feature",
      "properties": {
        "sourceDatasetId": "data-rio__escolas_municipais__atual",
        "facilityType": "municipal_school",
        "name": "Ciep Aracy de Almeida (cantora)",
        "schoolType": "CIEP"
      },
      "geometry": {
        "type": "Point",
        "coordinates": [
          -43.384375,
          -22.889417
        ]
      }
    },
    {
      "type": "Feature",
      "properties": {
        "sourceDatasetId": "data-rio__escolas_municipais__atual",
        "facilityType": "municipal_school",
        "name": "Creche Municipal Casa de Realengo",
        "schoolType": "Creche Municipal"
      },
      "geometry": {
        "type": "Point",
        "coordinates": [
          -43.430644,
          -22.880628
        ]
      }
    },
    {
      "type": "Feature",
      "properties": {
        "sourceDatasetId": "data-rio__escolas_municipais__atual",
        "facilityType": "municipal_school",
        "name": "Creche Municipal Julinho Cacau",
        "schoolType": "Creche Municipal"
      },
      "geometry": {
        "type": "Point",
        "coordinates": [
          -43.417187,
          -22.883527
        ]
      }
    },
    {
      "type": "Feature",
      "properties": {
        "sourceDatasetId": "data-rio__escolas_municipais__atual",
        "facilityType": "municipal_school",
        "name": "Creche Municipal Silveirinha",
        "schoolType": "Creche Municipal"
      },
      "geometry": {
        "type": "Point",
        "coordinates": [
          -43.396094,
          -22.853024
        ]
      }
    },
    {
      "type": "Feature",
      "properties": {
        "sourceDatasetId": "data-rio__escolas_municipais__atual",
        "facilityType": "municipal_school",
        "name": "Espaço de Desenvolvimento Infantil Gessica Guedes Pereira",
        "schoolType": "EDI"
      },
      "geometry": {
        "type": "Point",
        "coordinates": [
          -43.410707,
          -22.88766
        ]
      }
    },
    {
      "type": "Feature",
      "properties": {
        "sourceDatasetId": "data-rio__escolas_municipais__atual",
        "facilityType": "municipal_school",
        "name": "Espaço de Desenvolvimento Infantil Professora Zena Elian",
        "schoolType": "EDI"
      },
      "geometry": {
        "type": "Point",
        "coordinates": [
          -43.445244,
          -22.863934
        ]
      }
    },
    {
      "type": "Feature",
      "properties": {
        "sourceDatasetId": "data-rio__escolas_municipais__atual",
        "facilityType": "municipal_school",
        "name": "Espaço de Desenvolvimento Infantil Frei Orlando",
        "schoolType": "EDI"
      },
      "geometry": {
        "type": "Point",
        "coordinates": [
          -43.390942,
          -22.859927
        ]
      }
    },
    {
      "type": "Feature",
      "properties": {
        "sourceDatasetId": "data-rio__escolas_municipais__atual",
        "facilityType": "municipal_school",
        "name": "Espaço de Desenvolvimento Infantil Orígenes Lessa",
        "schoolType": "EDI"
      },
      "geometry": {
        "type": "Point",
        "coordinates": [
          -43.417751,
          -22.888583
        ]
      }
    },
    {
      "type": "Feature",
      "properties": {
        "sourceDatasetId": "data-rio__escolas_municipais__atual",
        "facilityType": "municipal_school",
        "name": "Espaço de Desenvolvimento Infantil Deodoro",
        "schoolType": "EDI"
      },
      "geometry": {
        "type": "Point",
        "coordinates": [
          -43.389857,
          -22.855758
        ]
      }
    },
    {
      "type": "Feature",
      "properties": {
        "sourceDatasetId": "data-rio__escolas_municipais__atual",
        "facilityType": "municipal_school",
        "name": "Espaço de Desenvolvimento Infantil Professor Cristiano Pinto de Moraes Bispo",
        "schoolType": "EDI"
      },
      "geometry": {
        "type": "Point",
        "coordinates": [
          -43.447946,
          -22.895022
        ]
      }
    },
    {
      "type": "Feature",
      "properties": {
        "sourceDatasetId": "data-rio__escolas_municipais__atual",
        "facilityType": "municipal_school",
        "name": "Espaço de Desenvolvimento Infantil Luiza Paula da Silveira Machado",
        "schoolType": "EDI"
      },
      "geometry": {
        "type": "Point",
        "coordinates": [
          -43.419503,
          -22.893768
        ]
      }
    },
    {
      "type": "Feature",
      "properties": {
        "sourceDatasetId": "data-rio__escolas_municipais__atual",
        "facilityType": "municipal_school",
        "name": "Espaço de Desenvolvimento Infantil Professora Vanuzia Bastos da Silva",
        "schoolType": "EDI"
      },
      "geometry": {
        "type": "Point",
        "coordinates": [
          -43.446539,
          -22.860859
        ]
      }
    },
    {
      "type": "Feature",
      "properties": {
        "sourceDatasetId": "data-rio__escolas_municipais__atual",
        "facilityType": "municipal_school",
        "name": "Espaço de Desenvolvimento Infantil Maria Cecília Ferreira",
        "schoolType": "EDI"
      },
      "geometry": {
        "type": "Point",
        "coordinates": [
          -43.44396,
          -22.859369
        ]
      }
    },
    {
      "type": "Feature",
      "properties": {
        "sourceDatasetId": "data-rio__escolas_municipais__atual",
        "facilityType": "municipal_school",
        "name": "Espaço de Desenvolvimento Infantil Medalhista Olímpico Sérgio Dutra Santos",
        "schoolType": "EDI"
      },
      "geometry": {
        "type": "Point",
        "coordinates": [
          -43.430526,
          -22.859013
        ]
      }
    },
    {
      "type": "Feature",
      "properties": {
        "sourceDatasetId": "data-rio__escolas_municipais__atual",
        "facilityType": "municipal_school",
        "name": "Espaço de Desenvolvimento Infantil Medalhista Olímpica Rafaela Lopes Silva",
        "schoolType": "EDI"
      },
      "geometry": {
        "type": "Point",
        "coordinates": [
          -43.414361,
          -22.868937
        ]
      }
    },
    {
      "type": "Feature",
      "properties": {
        "sourceDatasetId": "data-rio__escolas_municipais__atual",
        "facilityType": "municipal_school",
        "name": "Espaço de Desenvolvimento Infantil Condessa Pereira Carneiro",
        "schoolType": "EDI"
      },
      "geometry": {
        "type": "Point",
        "coordinates": [
          -43.3964,
          -22.85368
        ]
      }
    },
    {
      "type": "Feature",
      "properties": {
        "sourceDatasetId": "data-rio__escolas_municipais__atual",
        "facilityType": "municipal_school",
        "name": "Espaço de Desenvolvimento Infantil Aracy Muniz Freire",
        "schoolType": "EDI"
      },
      "geometry": {
        "type": "Point",
        "coordinates": [
          -43.41215,
          -22.88028
        ]
      }
    },
    {
      "type": "Feature",
      "properties": {
        "sourceDatasetId": "data-rio__escolas_municipais__atual",
        "facilityType": "municipal_school",
        "name": "Espaço de Desenvolvimento Infantil Gabriel Soares de Souza",
        "schoolType": "EDI"
      },
      "geometry": {
        "type": "Point",
        "coordinates": [
          -43.42374,
          -22.88027
        ]
      }
    },
    {
      "type": "Feature",
      "properties": {
        "sourceDatasetId": "data-rio__escolas_municipais__atual",
        "facilityType": "municipal_school",
        "name": "Espaço de Desenvolvimento Infantil Eduardo de Almeida Cardoso",
        "schoolType": "EDI"
      },
      "geometry": {
        "type": "Point",
        "coordinates": [
          -43.41963,
          -22.8928
        ]
      }
    },
    {
      "type": "Feature",
      "properties": {
        "sourceDatasetId": "data-rio__escolas_municipais__atual",
        "facilityType": "municipal_school",
        "name": "Escola Municipal Alba Canizares do Nascimento",
        "schoolType": "Escola Municipal"
      },
      "geometry": {
        "type": "Point",
        "coordinates": [
          -43.595801,
          -22.910566
        ]
      }
    },
    {
      "type": "Feature",
      "properties": {
        "sourceDatasetId": "data-rio__escolas_municipais__atual",
        "facilityType": "municipal_school",
        "name": "Escola Municipal Professora Orminda Rodrigues",
        "schoolType": "Escola Municipal"
      },
      "geometry": {
        "type": "Point",
        "coordinates": [
          -43.595818,
          -22.910264
        ]
      }
    },
    {
      "type": "Feature",
      "properties": {
        "sourceDatasetId": "data-rio__escolas_municipais__atual",
        "facilityType": "municipal_school",
        "name": "Escola Municipal Iva Gomes Ribeiro",
        "schoolType": "Escola Municipal"
      },
      "geometry": {
        "type": "Point",
        "coordinates": [
          -43.585038,
          -22.914268
        ]
      }
    },
    {
      "type": "Feature",
      "properties": {
        "sourceDatasetId": "data-rio__escolas_municipais__atual",
        "facilityType": "municipal_school",
        "name": "Escola Municipal Primário Atenas",
        "schoolType": "Escola Municipal"
      },
      "geometry": {
        "type": "Point",
        "coordinates": [
          -43.592168,
          -22.896526
        ]
      }
    },
    {
      "type": "Feature",
      "properties": {
        "sourceDatasetId": "data-rio__escolas_municipais__atual",
        "facilityType": "municipal_school",
        "name": "Escola Municipal Lycio de Souza Carvalho",
        "schoolType": "Escola Municipal"
      },
      "geometry": {
        "type": "Point",
        "coordinates": [
          -43.596118,
          -22.891385
        ]
      }
    },
    {
      "type": "Feature",
      "properties": {
        "sourceDatasetId": "data-rio__escolas_municipais__atual",
        "facilityType": "municipal_school",
        "name": "Escola Municipal Primário Professor Augusto José Machado (Antiga EM Jardim Guararapes)",
        "schoolType": "Escola Municipal"
      },
      "geometry": {
        "type": "Point",
        "coordinates": [
          -43.600086,
          -22.901509
        ]
      }
    },
    {
      "type": "Feature",
      "properties": {
        "sourceDatasetId": "data-rio__escolas_municipais__atual",
        "facilityType": "municipal_school",
        "name": "Escola Municipal Presidente Antônio Carlos",
        "schoolType": "Escola Municipal"
      },
      "geometry": {
        "type": "Point",
        "coordinates": [
          -43.616053,
          -22.910969
        ]
      }
    },
    {
      "type": "Feature",
      "properties": {
        "sourceDatasetId": "data-rio__escolas_municipais__atual",
        "facilityType": "municipal_school",
        "name": "Escola Municipal Alberto Nepomuceno",
        "schoolType": "Escola Municipal"
      },
      "geometry": {
        "type": "Point",
        "coordinates": [
          -43.607488,
          -22.914699
        ]
      }
    },
    {
      "type": "Feature",
      "properties": {
        "sourceDatasetId": "data-rio__escolas_municipais__atual",
        "facilityType": "municipal_school",
        "name": "Escola Municipal Rômulo Gallegos",
        "schoolType": "Escola Municipal"
      },
      "geometry": {
        "type": "Point",
        "coordinates": [
          -43.601577,
          -22.888996
        ]
      }
    },
    {
      "type": "Feature",
      "properties": {
        "sourceDatasetId": "data-rio__escolas_municipais__atual",
        "facilityType": "municipal_school",
        "name": "Escola Municipal Barão de Santa Margarida",
        "schoolType": "Escola Municipal"
      },
      "geometry": {
        "type": "Point",
        "coordinates": [
          -43.604558,
          -22.888893
        ]
      }
    },
    {
      "type": "Feature",
      "properties": {
        "sourceDatasetId": "data-rio__escolas_municipais__atual",
        "facilityType": "municipal_school",
        "name": "Escola Municipal Professor Manoel Maurício",
        "schoolType": "Escola Municipal"
      },
      "geometry": {
        "type": "Point",
        "coordinates": [
          -43.609575,
          -22.887158
        ]
      }
    },
    {
      "type": "Feature",
      "properties": {
        "sourceDatasetId": "data-rio__escolas_municipais__atual",
        "facilityType": "municipal_school",
        "name": "Escola Municipal Professora Maria Luiza Lima e Silva",
        "schoolType": "Escola Municipal"
      },
      "geometry": {
        "type": "Point",
        "coordinates": [
          -43.612875,
          -22.915252
        ]
      }
    },
    {
      "type": "Feature",
      "properties": {
        "sourceDatasetId": "data-rio__escolas_municipais__atual",
        "facilityType": "municipal_school",
        "name": "Escola Municipal Venezuela",
        "schoolType": "Escola Municipal"
      },
      "geometry": {
        "type": "Point",
        "coordinates": [
          -43.56074,
          -22.906254
        ]
      }
    },
    {
      "type": "Feature",
      "properties": {
        "sourceDatasetId": "data-rio__escolas_municipais__atual",
        "facilityType": "municipal_school",
        "name": "Escola Municipal Ubaldina Dias Jacaré",
        "schoolType": "Escola Municipal"
      },
      "geometry": {
        "type": "Point",
        "coordinates": [
          -43.549237,
          -22.905457
        ]
      }
    },
    {
      "type": "Feature",
      "properties": {
        "sourceDatasetId": "data-rio__escolas_municipais__atual",
        "facilityType": "municipal_school",
        "name": "Escola Municipal Alfredo Cesário Alvim",
        "schoolType": "Escola Municipal"
      },
      "geometry": {
        "type": "Point",
        "coordinates": [
          -43.518773,
          -22.923154
        ]
      }
    },
    {
      "type": "Feature",
      "properties": {
        "sourceDatasetId": "data-rio__escolas_municipais__atual",
        "facilityType": "municipal_school",
        "name": "Escola Municipal João Proença",
        "schoolType": "Escola Municipal"
      },
      "geometry": {
        "type": "Point",
        "coordinates": [
          -43.558356,
          -22.917492
        ]
      }
    },
    {
      "type": "Feature",
      "properties": {
        "sourceDatasetId": "data-rio__escolas_municipais__atual",
        "facilityType": "municipal_school",
        "name": "Escola Municipal Rosaria Trotta",
        "schoolType": "Escola Municipal"
      },
      "geometry": {
        "type": "Point",
        "coordinates": [
          -43.548975,
          -22.901568
        ]
      }
    },
    {
      "type": "Feature",
      "properties": {
        "sourceDatasetId": "data-rio__escolas_municipais__atual",
        "facilityType": "municipal_school",
        "name": "Escola Municipal Professor Felipe Santiago",
        "schoolType": "Escola Municipal"
      },
      "geometry": {
        "type": "Point",
        "coordinates": [
          -43.559982,
          -22.933314
        ]
      }
    },
    {
      "type": "Feature",
      "properties": {
        "sourceDatasetId": "data-rio__escolas_municipais__atual",
        "facilityType": "municipal_school",
        "name": "Escola Municipal Castro Alves",
        "schoolType": "Escola Municipal"
      },
      "geometry": {
        "type": "Point",
        "coordinates": [
          -43.538363,
          -22.917588
        ]
      }
    },
    {
      "type": "Feature",
      "properties": {
        "sourceDatasetId": "data-rio__escolas_municipais__atual",
        "facilityType": "municipal_school",
        "name": "Escola Municipal Dom Meinrado",
        "schoolType": "Escola Municipal"
      },
      "geometry": {
        "type": "Point",
        "coordinates": [
          -43.549665,
          -22.910487
        ]
      }
    },
    {
      "type": "Feature",
      "properties": {
        "sourceDatasetId": "data-rio__escolas_municipais__atual",
        "facilityType": "municipal_school",
        "name": "Escola Municipal Miguel de Larreinaga",
        "schoolType": "Escola Municipal"
      },
      "geometry": {
        "type": "Point",
        "coordinates": [
          -43.566233,
          -22.925136
        ]
      }
    },
    {
      "type": "Feature",
      "properties": {
        "sourceDatasetId": "data-rio__escolas_municipais__atual",
        "facilityType": "municipal_school",
        "name": "Escola Municipal Mafalda Teixeira de Alvarenga",
        "schoolType": "Escola Municipal"
      },
      "geometry": {
        "type": "Point",
        "coordinates": [
          -43.535676,
          -22.909177
        ]
      }
    },
    {
      "type": "Feature",
      "properties": {
        "sourceDatasetId": "data-rio__escolas_municipais__atual",
        "facilityType": "municipal_school",
        "name": "Escola Municipal Rubens de Farias Neves",
        "schoolType": "Escola Municipal"
      },
      "geometry": {
        "type": "Point",
        "coordinates": [
          -43.532277,
          -22.915047
        ]
      }
    },
    {
      "type": "Feature",
      "properties": {
        "sourceDatasetId": "data-rio__escolas_municipais__atual",
        "facilityType": "municipal_school",
        "name": "Escola Municipal Almirante Saldanha da Gama",
        "schoolType": "Escola Municipal"
      },
      "geometry": {
        "type": "Point",
        "coordinates": [
          -43.571676,
          -22.906364
        ]
      }
    },
    {
      "type": "Feature",
      "properties": {
        "sourceDatasetId": "data-rio__escolas_municipais__atual",
        "facilityType": "municipal_school",
        "name": "Escola Municipal Presidente Arthur Bernardes",
        "schoolType": "Escola Municipal"
      },
      "geometry": {
        "type": "Point",
        "coordinates": [
          -43.564542,
          -22.921062
        ]
      }
    },
    {
      "type": "Feature",
      "properties": {
        "sourceDatasetId": "data-rio__escolas_municipais__atual",
        "facilityType": "municipal_school",
        "name": "Escola Municipal Raymundo Corrêa",
        "schoolType": "Escola Municipal"
      },
      "geometry": {
        "type": "Point",
        "coordinates": [
          -43.574947,
          -22.932023
        ]
      }
    },
    {
      "type": "Feature",
      "properties": {
        "sourceDatasetId": "data-rio__escolas_municipais__atual",
        "facilityType": "municipal_school",
        "name": "Escola Municipal George Washington",
        "schoolType": "Escola Municipal"
      },
      "geometry": {
        "type": "Point",
        "coordinates": [
          -43.575543,
          -22.911581
        ]
      }
    },
    {
      "type": "Feature",
      "properties": {
        "sourceDatasetId": "data-rio__escolas_municipais__atual",
        "facilityType": "municipal_school",
        "name": "Escola Municipal Doutor Nelcy Noronha",
        "schoolType": "Escola Municipal"
      },
      "geometry": {
        "type": "Point",
        "coordinates": [
          -43.560308,
          -22.923075
        ]
      }
    },
    {
      "type": "Feature",
      "properties": {
        "sourceDatasetId": "data-rio__escolas_municipais__atual",
        "facilityType": "municipal_school",
        "name": "Escola Municipal Professor Gilberto Bento da Silva",
        "schoolType": "Escola Municipal"
      },
      "geometry": {
        "type": "Point",
        "coordinates": [
          -43.543302,
          -22.907368
        ]
      }
    },
    {
      "type": "Feature",
      "properties": {
        "sourceDatasetId": "data-rio__escolas_municipais__atual",
        "facilityType": "municipal_school",
        "name": "Escola Municipal Jesus Soares Pereira",
        "schoolType": "Escola Municipal"
      },
      "geometry": {
        "type": "Point",
        "coordinates": [
          -43.546838,
          -22.919593
        ]
      }
    },
    {
      "type": "Feature",
      "properties": {
        "sourceDatasetId": "data-rio__escolas_municipais__atual",
        "facilityType": "municipal_school",
        "name": "Escola Municipal Mane Garrincha - Alegria do Povo",
        "schoolType": "Escola Municipal"
      },
      "geometry": {
        "type": "Point",
        "coordinates": [
          -43.573257,
          -22.939932
        ]
      }
    },
    {
      "type": "Feature",
      "properties": {
        "sourceDatasetId": "data-rio__escolas_municipais__atual",
        "facilityType": "municipal_school",
        "name": "Escola Municipal Professor Paulo Silva",
        "schoolType": "Escola Municipal"
      },
      "geometry": {
        "type": "Point",
        "coordinates": [
          -43.584735,
          -22.908586
        ]
      }
    },
    {
      "type": "Feature",
      "properties": {
        "sourceDatasetId": "data-rio__escolas_municipais__atual",
        "facilityType": "municipal_school",
        "name": "Escola Municipal Santa Isabel",
        "schoolType": "Escola Municipal"
      },
      "geometry": {
        "type": "Point",
        "coordinates": [
          -43.585641,
          -22.910672
        ]
      }
    },
    {
      "type": "Feature",
      "properties": {
        "sourceDatasetId": "data-rio__escolas_municipais__atual",
        "facilityType": "municipal_school",
        "name": "Escola Municipal Pugilista Virgulino Isaias de Oliveira",
        "schoolType": "Escola Municipal"
      },
      "geometry": {
        "type": "Point",
        "coordinates": [
          -43.551669,
          -22.910373
        ]
      }
    },
    {
      "type": "Feature",
      "properties": {
        "sourceDatasetId": "data-rio__escolas_municipais__atual",
        "facilityType": "municipal_school",
        "name": "Escola Municipal São Camilo de Lelis",
        "schoolType": "Escola Municipal"
      },
      "geometry": {
        "type": "Point",
        "coordinates": [
          -43.581061,
          -22.916719
        ]
      }
    },
    {
      "type": "Feature",
      "properties": {
        "sourceDatasetId": "data-rio__escolas_municipais__atual",
        "facilityType": "municipal_school",
        "name": "Escola Municipal Professora Marita de Vasconcelos",
        "schoolType": "Escola Municipal"
      },
      "geometry": {
        "type": "Point",
        "coordinates": [
          -43.550466,
          -22.90081
        ]
      }
    },
    {
      "type": "Feature",
      "properties": {
        "sourceDatasetId": "data-rio__escolas_municipais__atual",
        "facilityType": "municipal_school",
        "name": "Escola Municipal Antonia Vargas Cuquejo",
        "schoolType": "Escola Municipal"
      },
      "geometry": {
        "type": "Point",
        "coordinates": [
          -43.610765,
          -22.892077
        ]
      }
    },
    {
      "type": "Feature",
      "properties": {
        "sourceDatasetId": "data-rio__escolas_municipais__atual",
        "facilityType": "municipal_school",
        "name": "Escola Municipal Fernando Barata Ribeiro",
        "schoolType": "Escola Municipal"
      },
      "geometry": {
        "type": "Point",
        "coordinates": [
          -43.512005,
          -22.880909
        ]
      }
    },
    {
      "type": "Feature",
      "properties": {
        "sourceDatasetId": "data-rio__escolas_municipais__atual",
        "facilityType": "municipal_school",
        "name": "Escola Municipal Tenente Góes Monteiro",
        "schoolType": "Escola Municipal"
      },
      "geometry": {
        "type": "Point",
        "coordinates": [
          -43.523424,
          -22.862576
        ]
      }
    },
    {
      "type": "Feature",
      "properties": {
        "sourceDatasetId": "data-rio__escolas_municipais__atual",
        "facilityType": "municipal_school",
        "name": "Escola Municipal Ernesto Nazareth",
        "schoolType": "Escola Municipal"
      },
      "geometry": {
        "type": "Point",
        "coordinates": [
          -43.53058,
          -22.876762
        ]
      }
    },
    {
      "type": "Feature",
      "properties": {
        "sourceDatasetId": "data-rio__escolas_municipais__atual",
        "facilityType": "municipal_school",
        "name": "Escola Municipal Visconde do Rio Branco",
        "schoolType": "Escola Municipal"
      },
      "geometry": {
        "type": "Point",
        "coordinates": [
          -43.551248,
          -22.884393
        ]
      }
    },
    {
      "type": "Feature",
      "properties": {
        "sourceDatasetId": "data-rio__escolas_municipais__atual",
        "facilityType": "municipal_school",
        "name": "Escola Municipal Primário Samuel Wainer",
        "schoolType": "Escola Municipal"
      },
      "geometry": {
        "type": "Point",
        "coordinates": [
          -43.513115,
          -22.867451
        ]
      }
    },
    {
      "type": "Feature",
      "properties": {
        "sourceDatasetId": "data-rio__escolas_municipais__atual",
        "facilityType": "municipal_school",
        "name": "Escola Municipal Belisário Pena",
        "schoolType": "Escola Municipal"
      },
      "geometry": {
        "type": "Point",
        "coordinates": [
          -43.541387,
          -22.897827
        ]
      }
    },
    {
      "type": "Feature",
      "properties": {
        "sourceDatasetId": "data-rio__escolas_municipais__atual",
        "facilityType": "municipal_school",
        "name": "Escola Municipal Teodoro Sampaio",
        "schoolType": "Escola Municipal"
      },
      "geometry": {
        "type": "Point",
        "coordinates": [
          -43.544435,
          -22.893847
        ]
      }
    },
    {
      "type": "Feature",
      "properties": {
        "sourceDatasetId": "data-rio__escolas_municipais__atual",
        "facilityType": "municipal_school",
        "name": "Escola Municipal Rio Grande do Norte",
        "schoolType": "Escola Municipal"
      },
      "geometry": {
        "type": "Point",
        "coordinates": [
          -43.542338,
          -22.896115
        ]
      }
    },
    {
      "type": "Feature",
      "properties": {
        "sourceDatasetId": "data-rio__escolas_municipais__atual",
        "facilityType": "municipal_school",
        "name": "Escola Municipal Professor Floriano de Brito",
        "schoolType": "Escola Municipal"
      },
      "geometry": {
        "type": "Point",
        "coordinates": [
          -43.552846,
          -22.83634
        ]
      }
    },
    {
      "type": "Feature",
      "properties": {
        "sourceDatasetId": "data-rio__escolas_municipais__atual",
        "facilityType": "municipal_school",
        "name": "Escola Municipal Casemiro de Abreu",
        "schoolType": "Escola Municipal"
      },
      "geometry": {
        "type": "Point",
        "coordinates": [
          -43.540965,
          -22.857223
        ]
      }
    },
    {
      "type": "Feature",
      "properties": {
        "sourceDatasetId": "data-rio__escolas_municipais__atual",
        "facilityType": "municipal_school",
        "name": "Escola Municipal Professor Manuel Said Ali",
        "schoolType": "Escola Municipal"
      },
      "geometry": {
        "type": "Point",
        "coordinates": [
          -43.560256,
          -22.87566
        ]
      }
    },
    {
      "type": "Feature",
      "properties": {
        "sourceDatasetId": "data-rio__escolas_municipais__atual",
        "facilityType": "municipal_school",
        "name": "Escola Municipal Baltazar Lisboa",
        "schoolType": "Escola Municipal"
      },
      "geometry": {
        "type": "Point",
        "coordinates": [
          -43.56038,
          -22.884553
        ]
      }
    },
    {
      "type": "Feature",
      "properties": {
        "sourceDatasetId": "data-rio__escolas_municipais__atual",
        "facilityType": "municipal_school",
        "name": "Escola Municipal Charles Peguy",
        "schoolType": "Escola Municipal"
      },
      "geometry": {
        "type": "Point",
        "coordinates": [
          -43.563265,
          -22.890668
        ]
      }
    },
    {
      "type": "Feature",
      "properties": {
        "sourceDatasetId": "data-rio__escolas_municipais__atual",
        "facilityType": "municipal_school",
        "name": "Escola Municipal Augusto Vasconcelos",
        "schoolType": "Escola Municipal"
      },
      "geometry": {
        "type": "Point",
        "coordinates": [
          -43.558844,
          -22.897401
        ]
      }
    },
    {
      "type": "Feature",
      "properties": {
        "sourceDatasetId": "data-rio__escolas_municipais__atual",
        "facilityType": "municipal_school",
        "name": "Escola Municipal Tóquio",
        "schoolType": "Escola Municipal"
      },
      "geometry": {
        "type": "Point",
        "coordinates": [
          -43.555642,
          -22.868904
        ]
      }
    },
    {
      "type": "Feature",
      "properties": {
        "sourceDatasetId": "data-rio__escolas_municipais__atual",
        "facilityType": "municipal_school",
        "name": "Escola Municipal Almirante Frontin",
        "schoolType": "Escola Municipal"
      },
      "geometry": {
        "type": "Point",
        "coordinates": [
          -43.557884,
          -22.887424
        ]
      }
    },
    {
      "type": "Feature",
      "properties": {
        "sourceDatasetId": "data-rio__escolas_municipais__atual",
        "facilityType": "municipal_school",
        "name": "Escola Municipal Halfeld",
        "schoolType": "Escola Municipal"
      },
      "geometry": {
        "type": "Point",
        "coordinates": [
          -43.568861,
          -22.897807
        ]
      }
    },
    {
      "type": "Feature",
      "properties": {
        "sourceDatasetId": "data-rio__escolas_municipais__atual",
        "facilityType": "municipal_school",
        "name": "Escola Municipal Jorge de Lima",
        "schoolType": "Escola Municipal"
      },
      "geometry": {
        "type": "Point",
        "coordinates": [
          -43.565862,
          -22.881368
        ]
      }
    },
    {
      "type": "Feature",
      "properties": {
        "sourceDatasetId": "data-rio__escolas_municipais__atual",
        "facilityType": "municipal_school",
        "name": "Escola Municipal Amazonas",
        "schoolType": "Escola Municipal"
      },
      "geometry": {
        "type": "Point",
        "coordinates": [
          -43.569412,
          -22.884067
        ]
      }
    },
    {
      "type": "Feature",
      "properties": {
        "sourceDatasetId": "data-rio__escolas_municipais__atual",
        "facilityType": "municipal_school",
        "name": "Escola Municipal Luiz Edmundo",
        "schoolType": "Escola Municipal"
      },
      "geometry": {
        "type": "Point",
        "coordinates": [
          -43.583595,
          -22.877671
        ]
      }
    },
    {
      "type": "Feature",
      "properties": {
        "sourceDatasetId": "data-rio__escolas_municipais__atual",
        "facilityType": "municipal_school",
        "name": "Escola Municipal Rainha Vitoria",
        "schoolType": "Escola Municipal"
      },
      "geometry": {
        "type": "Point",
        "coordinates": [
          -43.581044,
          -22.889899
        ]
      }
    },
    {
      "type": "Feature",
      "properties": {
        "sourceDatasetId": "data-rio__escolas_municipais__atual",
        "facilityType": "municipal_school",
        "name": "Escola Municipal Fernando Costa",
        "schoolType": "Escola Municipal"
      },
      "geometry": {
        "type": "Point",
        "coordinates": [
          -43.593991,
          -22.89036
        ]
      }
    },
    {
      "type": "Feature",
      "properties": {
        "sourceDatasetId": "data-rio__escolas_municipais__atual",
        "facilityType": "municipal_school",
        "name": "Escola Municipal Benjamin Franklin",
        "schoolType": "Escola Municipal"
      },
      "geometry": {
        "type": "Point",
        "coordinates": [
          -43.576396,
          -22.885086
        ]
      }
    },
    {
      "type": "Feature",
      "properties": {
        "sourceDatasetId": "data-rio__escolas_municipais__atual",
        "facilityType": "municipal_school",
        "name": "Escola Municipal Professora Jurema Peçanha Giraud",
        "schoolType": "Escola Municipal"
      },
      "geometry": {
        "type": "Point",
        "coordinates": [
          -43.581932,
          -22.880057
        ]
      }
    },
    {
      "type": "Feature",
      "properties": {
        "sourceDatasetId": "data-rio__escolas_municipais__atual",
        "facilityType": "municipal_school",
        "name": "Escola Municipal Von Martius",
        "schoolType": "Escola Municipal"
      },
      "geometry": {
        "type": "Point",
        "coordinates": [
          -43.571495,
          -22.890683
        ]
      }
    },
    {
      "type": "Feature",
      "properties": {
        "sourceDatasetId": "data-rio__escolas_municipais__atual",
        "facilityType": "municipal_school",
        "name": "Escola Municipal Charles Dickens",
        "schoolType": "Escola Municipal"
      },
      "geometry": {
        "type": "Point",
        "coordinates": [
          -43.557823,
          -22.894266
        ]
      }
    },
    {
      "type": "Feature",
      "properties": {
        "sourceDatasetId": "data-rio__escolas_municipais__atual",
        "facilityType": "municipal_school",
        "name": "Escola Municipal Guandu",
        "schoolType": "Escola Municipal"
      },
      "geometry": {
        "type": "Point",
        "coordinates": [
          -43.60581,
          -22.841381
        ]
      }
    },
    {
      "type": "Feature",
      "properties": {
        "sourceDatasetId": "data-rio__escolas_municipais__atual",
        "facilityType": "municipal_school",
        "name": "Escola Municipal Ministro Adauto Lúcio Cardoso",
        "schoolType": "Escola Municipal"
      },
      "geometry": {
        "type": "Point",
        "coordinates": [
          -43.614372,
          -22.879535
        ]
      }
    },
    {
      "type": "Feature",
      "properties": {
        "sourceDatasetId": "data-rio__escolas_municipais__atual",
        "facilityType": "municipal_school",
        "name": "Escola Municipal Embaixador Araújo Castro",
        "schoolType": "Escola Municipal"
      },
      "geometry": {
        "type": "Point",
        "coordinates": [
          -43.578633,
          -22.888987
        ]
      }
    },
    {
      "type": "Feature",
      "properties": {
        "sourceDatasetId": "data-rio__escolas_municipais__atual",
        "facilityType": "municipal_school",
        "name": "Escola Municipal Ministro Alcides Carneiro",
        "schoolType": "Escola Municipal"
      },
      "geometry": {
        "type": "Point",
        "coordinates": [
          -43.55679,
          -22.868297
        ]
      }
    },
    {
      "type": "Feature",
      "properties": {
        "sourceDatasetId": "data-rio__escolas_municipais__atual",
        "facilityType": "municipal_school",
        "name": "Escola Municipal Dr. Jair Tavares de Oliveira",
        "schoolType": "Escola Municipal"
      },
      "geometry": {
        "type": "Point",
        "coordinates": [
          -43.567733,
          -22.889357
        ]
      }
    },
    {
      "type": "Feature",
      "properties": {
        "sourceDatasetId": "data-rio__escolas_municipais__atual",
        "facilityType": "municipal_school",
        "name": "Escola Municipal Gastão Penalva",
        "schoolType": "Escola Municipal"
      },
      "geometry": {
        "type": "Point",
        "coordinates": [
          -43.587093,
          -22.895336
        ]
      }
    },
    {
      "type": "Feature",
      "properties": {
        "sourceDatasetId": "data-rio__escolas_municipais__atual",
        "facilityType": "municipal_school",
        "name": "Escola Municipal Alzira Araujo",
        "schoolType": "Escola Municipal"
      },
      "geometry": {
        "type": "Point",
        "coordinates": [
          -43.548814,
          -22.886416
        ]
      }
    },
    {
      "type": "Feature",
      "properties": {
        "sourceDatasetId": "data-rio__escolas_municipais__atual",
        "facilityType": "municipal_school",
        "name": "Escola Municipal Constantino Magalhães",
        "schoolType": "Escola Municipal"
      },
      "geometry": {
        "type": "Point",
        "coordinates": [
          -43.542867,
          -22.851959
        ]
      }
    },
    {
      "type": "Feature",
      "properties": {
        "sourceDatasetId": "data-rio__escolas_municipais__atual",
        "facilityType": "municipal_school",
        "name": "Escola Municipal Comunidade Jardim Pedregoso",
        "schoolType": "Escola Municipal"
      },
      "geometry": {
        "type": "Point",
        "coordinates": [
          -43.561443,
          -22.870514
        ]
      }
    },
    {
      "type": "Feature",
      "properties": {
        "sourceDatasetId": "data-rio__escolas_municipais__atual",
        "facilityType": "municipal_school",
        "name": "Escola Municipal Cora Coralina",
        "schoolType": "Escola Municipal"
      },
      "geometry": {
        "type": "Point",
        "coordinates": [
          -43.537047,
          -22.858781
        ]
      }
    },
    {
      "type": "Feature",
      "properties": {
        "sourceDatasetId": "data-rio__escolas_municipais__atual",
        "facilityType": "municipal_school",
        "name": "Escola Especial Municipal Maria Montessori",
        "schoolType": "Escola Especial Municipal"
      },
      "geometry": {
        "type": "Point",
        "coordinates": [
          -43.565471,
          -22.899783
        ]
      }
    },
    {
      "type": "Feature",
      "properties": {
        "sourceDatasetId": "data-rio__escolas_municipais__atual",
        "facilityType": "municipal_school",
        "name": "Escola Municipal Professor Castro Rebello",
        "schoolType": "Escola Municipal"
      },
      "geometry": {
        "type": "Point",
        "coordinates": [
          -43.616621,
          -22.884916
        ]
      }
    },
    {
      "type": "Feature",
      "properties": {
        "sourceDatasetId": "data-rio__escolas_municipais__atual",
        "facilityType": "municipal_school",
        "name": "Escola Municipal Professor Alfredo de Pires Flores",
        "schoolType": "Escola Municipal"
      },
      "geometry": {
        "type": "Point",
        "coordinates": [
          -43.576423,
          -22.930541
        ]
      }
    },
    {
      "type": "Feature",
      "properties": {
        "sourceDatasetId": "data-rio__escolas_municipais__atual",
        "facilityType": "municipal_school",
        "name": "Escola Municipal Professor Helton Alvares Veloso de Castro",
        "schoolType": "Escola Municipal"
      },
      "geometry": {
        "type": "Point",
        "coordinates": [
          -43.514892,
          -22.875772
        ]
      }
    },
    {
      "type": "Feature",
      "properties": {
        "sourceDatasetId": "data-rio__escolas_municipais__atual",
        "facilityType": "municipal_school",
        "name": "Escola Municipal Professor Fábio César Pacífico",
        "schoolType": "Escola Municipal"
      },
      "geometry": {
        "type": "Point",
        "coordinates": [
          -43.5315,
          -22.855098
        ]
      }
    },
    {
      "type": "Feature",
      "properties": {
        "sourceDatasetId": "data-rio__escolas_municipais__atual",
        "facilityType": "municipal_school",
        "name": "Escola Municipal Professora Sonia Maria Maltez Fernandez",
        "schoolType": "Escola Municipal"
      },
      "geometry": {
        "type": "Point",
        "coordinates": [
          -43.547413,
          -22.919506
        ]
      }
    },
    {
      "type": "Feature",
      "properties": {
        "sourceDatasetId": "data-rio__escolas_municipais__atual",
        "facilityType": "municipal_school",
        "name": "Escola Municipal Apolônio de Carvalho",
        "schoolType": "Escola Municipal"
      },
      "geometry": {
        "type": "Point",
        "coordinates": [
          -43.607662,
          -22.906489
        ]
      }
    },
    {
      "type": "Feature",
      "properties": {
        "sourceDatasetId": "data-rio__escolas_municipais__atual",
        "facilityType": "municipal_school",
        "name": "Escola Municipal Paulo Renato Souza",
        "schoolType": "Escola Municipal"
      },
      "geometry": {
        "type": "Point",
        "coordinates": [
          -43.618705,
          -22.917183
        ]
      }
    },
    {
      "type": "Feature",
      "properties": {
        "sourceDatasetId": "data-rio__escolas_municipais__atual",
        "facilityType": "municipal_school",
        "name": "Escola Municipal Moacyr Scliar",
        "schoolType": "Escola Municipal"
      },
      "geometry": {
        "type": "Point",
        "coordinates": [
          -43.582447,
          -22.896538
        ]
      }
    },
    {
      "type": "Feature",
      "properties": {
        "sourceDatasetId": "data-rio__escolas_municipais__atual",
        "facilityType": "municipal_school",
        "name": "Escola Municipal Professora Norma Chamarelli Marques",
        "schoolType": "Escola Municipal"
      },
      "geometry": {
        "type": "Point",
        "coordinates": [
          -43.617475,
          -22.915129
        ]
      }
    },
    {
      "type": "Feature",
      "properties": {
        "sourceDatasetId": "data-rio__escolas_municipais__atual",
        "facilityType": "municipal_school",
        "name": "Escola Municipal Ginásio Professora Célia Maria de Oliveira Camargo (abrigando a antiga EM Jardim Guararapes)",
        "schoolType": "Escola Municipal"
      },
      "geometry": {
        "type": "Point",
        "coordinates": [
          -43.596776,
          -22.899555
        ]
      }
    },
    {
      "type": "Feature",
      "properties": {
        "sourceDatasetId": "data-rio__escolas_municipais__atual",
        "facilityType": "municipal_school",
        "name": "Escola Municipal Ginásio Miguel de Oliveira",
        "schoolType": "Escola Municipal"
      },
      "geometry": {
        "type": "Point",
        "coordinates": [
          -43.604778,
          -22.920055
        ]
      }
    },
    {
      "type": "Feature",
      "properties": {
        "sourceDatasetId": "data-rio__escolas_municipais__atual",
        "facilityType": "municipal_school",
        "name": "Escola Municipal Primário Professor Antônio Boa Ventura",
        "schoolType": "Escola Municipal"
      },
      "geometry": {
        "type": "Point",
        "coordinates": [
          -43.580619,
          -22.897719
        ]
      }
    },
    {
      "type": "Feature",
      "properties": {
        "sourceDatasetId": "data-rio__escolas_municipais__atual",
        "facilityType": "municipal_school",
        "name": "Escola Municipal Primário Dulce de Araújo - Tia Dulce",
        "schoolType": "Escola Municipal"
      },
      "geometry": {
        "type": "Point",
        "coordinates": [
          -43.538533,
          -22.87783
        ]
      }
    },
    {
      "type": "Feature",
      "properties": {
        "sourceDatasetId": "data-rio__escolas_municipais__atual",
        "facilityType": "municipal_school",
        "name": "Escola Municipal Primário Yólis da Silva",
        "schoolType": "Escola Municipal"
      },
      "geometry": {
        "type": "Point",
        "coordinates": [
          -43.604991,
          -22.91521
        ]
      }
    },
    {
      "type": "Feature",
      "properties": {
        "sourceDatasetId": "data-rio__escolas_municipais__atual",
        "facilityType": "municipal_school",
        "name": "Escola Municipal Primário Professora Dalva Lazaroni",
        "schoolType": "Escola Municipal"
      },
      "geometry": {
        "type": "Point",
        "coordinates": [
          -43.61819,
          -22.906623
        ]
      }
    },
    {
      "type": "Feature",
      "properties": {
        "sourceDatasetId": "data-rio__escolas_municipais__atual",
        "facilityType": "municipal_school",
        "name": "Escola Municipal Ginásio Medalhista Diego Matias Hypólito",
        "schoolType": "Escola Municipal"
      },
      "geometry": {
        "type": "Point",
        "coordinates": [
          -43.58807,
          -22.907064
        ]
      }
    },
    {
      "type": "Feature",
      "properties": {
        "sourceDatasetId": "data-rio__escolas_municipais__atual",
        "facilityType": "municipal_school",
        "name": "Escola Municipal Ginásio Medalhista Olímpico Mayra Aguiar da Silva",
        "schoolType": "Escola Municipal"
      },
      "geometry": {
        "type": "Point",
        "coordinates": [
          -43.618236,
          -22.883858
        ]
      }
    },
    {
      "type": "Feature",
      "properties": {
        "sourceDatasetId": "data-rio__escolas_municipais__atual",
        "facilityType": "municipal_school",
        "name": "Escola Municipal Ginásio Medalhista Olímpico Douglas Correia de Souza",
        "schoolType": "Escola Municipal"
      },
      "geometry": {
        "type": "Point",
        "coordinates": [
          -43.52264,
          -22.875482
        ]
      }
    },
    {
      "type": "Feature",
      "properties": {
        "sourceDatasetId": "data-rio__escolas_municipais__atual",
        "facilityType": "municipal_school",
        "name": "Ciep Engenheiro Wagner Gaspar Emery",
        "schoolType": "CIEP"
      },
      "geometry": {
        "type": "Point",
        "coordinates": [
          -43.601688,
          -22.914539
        ]
      }
    },
    {
      "type": "Feature",
      "properties": {
        "sourceDatasetId": "data-rio__escolas_municipais__atual",
        "facilityType": "municipal_school",
        "name": "Ciep Clementina de Jesus",
        "schoolType": "CIEP"
      },
      "geometry": {
        "type": "Point",
        "coordinates": [
          -43.566649,
          -22.925293
        ]
      }
    },
    {
      "type": "Feature",
      "properties": {
        "sourceDatasetId": "data-rio__escolas_municipais__atual",
        "facilityType": "municipal_school",
        "name": "Ciep Claudio Manoel da Costa",
        "schoolType": "CIEP"
      },
      "geometry": {
        "type": "Point",
        "coordinates": [
          -43.618906,
          -22.912445
        ]
      }
    },
    {
      "type": "Feature",
      "properties": {
        "sourceDatasetId": "data-rio__escolas_municipais__atual",
        "facilityType": "municipal_school",
        "name": "Escola Municipal Professor Gonçalves",
        "schoolType": "Escola Municipal"
      },
      "geometry": {
        "type": "Point",
        "coordinates": [
          -43.543418,
          -22.91321
        ]
      }
    },
    {
      "type": "Feature",
      "properties": {
        "sourceDatasetId": "data-rio__escolas_municipais__atual",
        "facilityType": "municipal_school",
        "name": "Escola Municipal Presidente Nereu Ramos",
        "schoolType": "Escola Municipal"
      },
      "geometry": {
        "type": "Point",
        "coordinates": [
          -43.548726,
          -22.930734
        ]
      }
    },
    {
      "type": "Feature",
      "properties": {
        "sourceDatasetId": "data-rio__escolas_municipais__atual",
        "facilityType": "municipal_school",
        "name": "Ciep Francisco Cavalcante Pontes de Miranda",
        "schoolType": "CIEP"
      },
      "geometry": {
        "type": "Point",
        "coordinates": [
          -43.535188,
          -22.898746
        ]
      }
    },
    {
      "type": "Feature",
      "properties": {
        "sourceDatasetId": "data-rio__escolas_municipais__atual",
        "facilityType": "municipal_school",
        "name": "Ciep Anita Malfatti",
        "schoolType": "CIEP"
      },
      "geometry": {
        "type": "Point",
        "coordinates": [
          -43.556344,
          -22.927414
        ]
      }
    },
    {
      "type": "Feature",
      "properties": {
        "sourceDatasetId": "data-rio__escolas_municipais__atual",
        "facilityType": "municipal_school",
        "name": "Ciep Raymundo Ottoni de Castro Maya",
        "schoolType": "CIEP"
      },
      "geometry": {
        "type": "Point",
        "coordinates": [
          -43.583971,
          -22.911323
        ]
      }
    },
    {
      "type": "Feature",
      "properties": {
        "sourceDatasetId": "data-rio__escolas_municipais__atual",
        "facilityType": "municipal_school",
        "name": "Ciep Professor Darcy Ribeiro",
        "schoolType": "CIEP"
      },
      "geometry": {
        "type": "Point",
        "coordinates": [
          -43.587359,
          -22.887297
        ]
      }
    },
    {
      "type": "Feature",
      "properties": {
        "sourceDatasetId": "data-rio__escolas_municipais__atual",
        "facilityType": "municipal_school",
        "name": "Ciep Dr. Ernesto (Che) Guevara",
        "schoolType": "CIEP"
      },
      "geometry": {
        "type": "Point",
        "coordinates": [
          -43.55656,
          -22.88676
        ]
      }
    },
    {
      "type": "Feature",
      "properties": {
        "sourceDatasetId": "data-rio__escolas_municipais__atual",
        "facilityType": "municipal_school",
        "name": "Ciep Nelson Mandela",
        "schoolType": "CIEP"
      },
      "geometry": {
        "type": "Point",
        "coordinates": [
          -43.570508,
          -22.895575
        ]
      }
    },
    {
      "type": "Feature",
      "properties": {
        "sourceDatasetId": "data-rio__escolas_municipais__atual",
        "facilityType": "municipal_school",
        "name": "Ciep Armindo Marcílio Doutel de Andrade",
        "schoolType": "CIEP"
      },
      "geometry": {
        "type": "Point",
        "coordinates": [
          -43.580829,
          -22.890595
        ]
      }
    },
    {
      "type": "Feature",
      "properties": {
        "sourceDatasetId": "data-rio__escolas_municipais__atual",
        "facilityType": "municipal_school",
        "name": "Ciep Herivelto Martins",
        "schoolType": "CIEP"
      },
      "geometry": {
        "type": "Point",
        "coordinates": [
          -43.528802,
          -22.886489
        ]
      }
    },
    {
      "type": "Feature",
      "properties": {
        "sourceDatasetId": "data-rio__escolas_municipais__atual",
        "facilityType": "municipal_school",
        "name": "Creche Municipal Alegria de Nova Cidade",
        "schoolType": "Creche Municipal"
      },
      "geometry": {
        "type": "Point",
        "coordinates": [
          -43.590627,
          -22.903147
        ]
      }
    },
    {
      "type": "Feature",
      "properties": {
        "sourceDatasetId": "data-rio__escolas_municipais__atual",
        "facilityType": "municipal_school",
        "name": "Creche Municipal Vitória da Paz",
        "schoolType": "Creche Municipal"
      },
      "geometry": {
        "type": "Point",
        "coordinates": [
          -43.601994,
          -22.919706
        ]
      }
    },
    {
      "type": "Feature",
      "properties": {
        "sourceDatasetId": "data-rio__escolas_municipais__atual",
        "facilityType": "municipal_school",
        "name": "Creche Municipal Sempre Vida Elza Rabelo de Andrade",
        "schoolType": "Creche Municipal"
      },
      "geometry": {
        "type": "Point",
        "coordinates": [
          -43.621346,
          -22.918605
        ]
      }
    },
    {
      "type": "Feature",
      "properties": {
        "sourceDatasetId": "data-rio__escolas_municipais__atual",
        "facilityType": "municipal_school",
        "name": "Creche Municipal Vera Pacheco Jordão",
        "schoolType": "Creche Municipal"
      },
      "geometry": {
        "type": "Point",
        "coordinates": [
          -43.58532,
          -22.914584
        ]
      }
    },
    {
      "type": "Feature",
      "properties": {
        "sourceDatasetId": "data-rio__escolas_municipais__atual",
        "facilityType": "municipal_school",
        "name": "Creche Municipal Sempre Vida Professora Eugenia Maria Veloso Marchese",
        "schoolType": "Creche Municipal"
      },
      "geometry": {
        "type": "Point",
        "coordinates": [
          -43.592565,
          -22.896822
        ]
      }
    },
    {
      "type": "Feature",
      "properties": {
        "sourceDatasetId": "data-rio__escolas_municipais__atual",
        "facilityType": "municipal_school",
        "name": "Creche Municipal Cecília Meireles",
        "schoolType": "Creche Municipal"
      },
      "geometry": {
        "type": "Point",
        "coordinates": [
          -43.561631,
          -22.891834
        ]
      }
    },
    {
      "type": "Feature",
      "properties": {
        "sourceDatasetId": "data-rio__escolas_municipais__atual",
        "facilityType": "municipal_school",
        "name": "Creche Municipal Sonho Feliz",
        "schoolType": "Creche Municipal"
      },
      "geometry": {
        "type": "Point",
        "coordinates": [
          -43.528906,
          -22.854592
        ]
      }
    },
    {
      "type": "Feature",
      "properties": {
        "sourceDatasetId": "data-rio__escolas_municipais__atual",
        "facilityType": "municipal_school",
        "name": "Creche Municipal Jardim Monte Santo",
        "schoolType": "Creche Municipal"
      },
      "geometry": {
        "type": "Point",
        "coordinates": [
          -43.532948,
          -22.912352
        ]
      }
    },
    {
      "type": "Feature",
      "properties": {
        "sourceDatasetId": "data-rio__escolas_municipais__atual",
        "facilityType": "municipal_school",
        "name": "Creche Municipal Adélia Vieira",
        "schoolType": "Creche Municipal"
      },
      "geometry": {
        "type": "Point",
        "coordinates": [
          -43.587225,
          -22.888013
        ]
      }
    },
    {
      "type": "Feature",
      "properties": {
        "sourceDatasetId": "data-rio__escolas_municipais__atual",
        "facilityType": "municipal_school",
        "name": "Creche Municipal Esperança do Amanhã",
        "schoolType": "Creche Municipal"
      },
      "geometry": {
        "type": "Point",
        "coordinates": [
          -43.618239,
          -22.903307
        ]
      }
    },
    {
      "type": "Feature",
      "properties": {
        "sourceDatasetId": "data-rio__escolas_municipais__atual",
        "facilityType": "municipal_school",
        "name": "Creche Municipal Mário Lombardi",
        "schoolType": "Creche Municipal"
      },
      "geometry": {
        "type": "Point",
        "coordinates": [
          -43.604592,
          -22.88353
        ]
      }
    },
    {
      "type": "Feature",
      "properties": {
        "sourceDatasetId": "data-rio__escolas_municipais__atual",
        "facilityType": "municipal_school",
        "name": "Creche Municipal Professora Flora Santina Ferrari Braz",
        "schoolType": "Creche Municipal"
      },
      "geometry": {
        "type": "Point",
        "coordinates": [
          -43.5237,
          -22.877835
        ]
      }
    },
    {
      "type": "Feature",
      "properties": {
        "sourceDatasetId": "data-rio__escolas_municipais__atual",
        "facilityType": "municipal_school",
        "name": "Creche Municipal Zélia Chauke Curi",
        "schoolType": "Creche Municipal"
      },
      "geometry": {
        "type": "Point",
        "coordinates": [
          -43.530911,
          -22.913544
        ]
      }
    },
    {
      "type": "Feature",
      "properties": {
        "sourceDatasetId": "data-rio__escolas_municipais__atual",
        "facilityType": "municipal_school",
        "name": "Creche Municipal Marcelo Cardoso Tomé",
        "schoolType": "Creche Municipal"
      },
      "geometry": {
        "type": "Point",
        "coordinates": [
          -43.603988,
          -22.907751
        ]
      }
    },
    {
      "type": "Feature",
      "properties": {
        "sourceDatasetId": "data-rio__escolas_municipais__atual",
        "facilityType": "municipal_school",
        "name": "Creche Municipal Padre Valter da Costa Santos",
        "schoolType": "Creche Municipal"
      },
      "geometry": {
        "type": "Point",
        "coordinates": [
          -43.58049,
          -22.877052
        ]
      }
    },
    {
      "type": "Feature",
      "properties": {
        "sourceDatasetId": "data-rio__escolas_municipais__atual",
        "facilityType": "municipal_school",
        "name": "Creche Municipal Criando o Futuro",
        "schoolType": "Creche Municipal"
      },
      "geometry": {
        "type": "Point",
        "coordinates": [
          -43.590203,
          -22.911154
        ]
      }
    },
    {
      "type": "Feature",
      "properties": {
        "sourceDatasetId": "data-rio__escolas_municipais__atual",
        "facilityType": "municipal_school",
        "name": "Creche Municipal Esperança da Vila São Jorge",
        "schoolType": "Creche Municipal"
      },
      "geometry": {
        "type": "Point",
        "coordinates": [
          -43.606667,
          -22.914253
        ]
      }
    },
    {
      "type": "Feature",
      "properties": {
        "sourceDatasetId": "data-rio__escolas_municipais__atual",
        "facilityType": "municipal_school",
        "name": "Creche Muncipal Raul Cortez",
        "schoolType": "Creche Municipal"
      },
      "geometry": {
        "type": "Point",
        "coordinates": [
          -43.534143,
          -22.899666
        ]
      }
    },
    {
      "type": "Feature",
      "properties": {
        "sourceDatasetId": "data-rio__escolas_municipais__atual",
        "facilityType": "municipal_school",
        "name": "Creche Municipal Emilio Ibrahim Lázaro Jubram Dib",
        "schoolType": "Creche Municipal"
      },
      "geometry": {
        "type": "Point",
        "coordinates": [
          -43.555444,
          -22.919907
        ]
      }
    },
    {
      "type": "Feature",
      "properties": {
        "sourceDatasetId": "data-rio__escolas_municipais__atual",
        "facilityType": "municipal_school",
        "name": "Creche Municipal Elizabeth Tavares de Souza - Betinha",
        "schoolType": "Creche Municipal"
      },
      "geometry": {
        "type": "Point",
        "coordinates": [
          -43.531443,
          -22.884107
        ]
      }
    },
    {
      "type": "Feature",
      "properties": {
        "sourceDatasetId": "data-rio__escolas_municipais__atual",
        "facilityType": "municipal_school",
        "name": "Espaço de Desenvolvimento Infantil Bianca Rocha Tavares",
        "schoolType": "EDI"
      },
      "geometry": {
        "type": "Point",
        "coordinates": [
          -43.618065,
          -22.917448
        ]
      }
    },
    {
      "type": "Feature",
      "properties": {
        "sourceDatasetId": "data-rio__escolas_municipais__atual",
        "facilityType": "municipal_school",
        "name": "Espaço de Desenvolvimento Infantil Pintando o Sete",
        "schoolType": "EDI"
      },
      "geometry": {
        "type": "Point",
        "coordinates": [
          -43.613359,
          -22.881274
        ]
      }
    },
    {
      "type": "Feature",
      "properties": {
        "sourceDatasetId": "data-rio__escolas_municipais__atual",
        "facilityType": "municipal_school",
        "name": "Espaço de Desenvolvimento Infantil Ludmila Máximo Moreira Cardoso",
        "schoolType": "EDI"
      },
      "geometry": {
        "type": "Point",
        "coordinates": [
          -43.578547,
          -22.912636
        ]
      }
    },
    {
      "type": "Feature",
      "properties": {
        "sourceDatasetId": "data-rio__escolas_municipais__atual",
        "facilityType": "municipal_school",
        "name": "Espaço de Desenvolvimento Infantil Renan de Souza Leal",
        "schoolType": "EDI"
      },
      "geometry": {
        "type": "Point",
        "coordinates": [
          -43.614001,
          -22.879399
        ]
      }
    },
    {
      "type": "Feature",
      "properties": {
        "sourceDatasetId": "data-rio__escolas_municipais__atual",
        "facilityType": "municipal_school",
        "name": "Espaço de Desenvolvimento Infantil Cantora Cesária Évora",
        "schoolType": "EDI"
      },
      "geometry": {
        "type": "Point",
        "coordinates": [
          -43.585876,
          -22.900123
        ]
      }
    },
    {
      "type": "Feature",
      "properties": {
        "sourceDatasetId": "data-rio__escolas_municipais__atual",
        "facilityType": "municipal_school",
        "name": "Espaço de Desenvolvimento Infantil Comendador Serafim Sofia",
        "schoolType": "EDI"
      },
      "geometry": {
        "type": "Point",
        "coordinates": [
          -43.618801,
          -22.909561
        ]
      }
    },
    {
      "type": "Feature",
      "properties": {
        "sourceDatasetId": "data-rio__escolas_municipais__atual",
        "facilityType": "municipal_school",
        "name": "Espaço de Desenvolvimento Infantil Urbano de Freitas",
        "schoolType": "EDI"
      },
      "geometry": {
        "type": "Point",
        "coordinates": [
          -43.567798,
          -22.893198
        ]
      }
    },
    {
      "type": "Feature",
      "properties": {
        "sourceDatasetId": "data-rio__escolas_municipais__atual",
        "facilityType": "municipal_school",
        "name": "Espaço de Desenvolvimento Infantil Professora Marta Regina Perrota",
        "schoolType": "EDI"
      },
      "geometry": {
        "type": "Point",
        "coordinates": [
          -43.566393,
          -22.929639
        ]
      }
    },
    {
      "type": "Feature",
      "properties": {
        "sourceDatasetId": "data-rio__escolas_municipais__atual",
        "facilityType": "municipal_school",
        "name": "Espaço de Desenvolvimento Infantil Campo Grande",
        "schoolType": "EDI"
      },
      "geometry": {
        "type": "Point",
        "coordinates": [
          -43.559383,
          -22.909046
        ]
      }
    },
    {
      "type": "Feature",
      "properties": {
        "sourceDatasetId": "data-rio__escolas_municipais__atual",
        "facilityType": "municipal_school",
        "name": "Espaço de Desenvolvimento Infantil Dom Bosco",
        "schoolType": "EDI"
      },
      "geometry": {
        "type": "Point",
        "coordinates": [
          -43.579067,
          -22.889064
        ]
      }
    },
    {
      "type": "Feature",
      "properties": {
        "sourceDatasetId": "data-rio__escolas_municipais__atual",
        "facilityType": "municipal_school",
        "name": "Espaço de Desenvolvimento Infantil Isabel",
        "schoolType": "EDI"
      },
      "geometry": {
        "type": "Point",
        "coordinates": [
          -43.585815,
          -22.910324
        ]
      }
    },
    {
      "type": "Feature",
      "properties": {
        "sourceDatasetId": "data-rio__escolas_municipais__atual",
        "facilityType": "municipal_school",
        "name": "Espaço de Desenvolvimento Infantil Professor Jorge Euclides Pereira Nunes",
        "schoolType": "EDI"
      },
      "geometry": {
        "type": "Point",
        "coordinates": [
          -43.600159,
          -22.90191
        ]
      }
    },
    {
      "type": "Feature",
      "properties": {
        "sourceDatasetId": "data-rio__escolas_municipais__atual",
        "facilityType": "municipal_school",
        "name": "Espaço de Desenvolvimento Infantil Professor Marco Altino de Oliveira",
        "schoolType": "EDI"
      },
      "geometry": {
        "type": "Point",
        "coordinates": [
          -43.527432,
          -22.847942
        ]
      }
    },
    {
      "type": "Feature",
      "properties": {
        "sourceDatasetId": "data-rio__escolas_municipais__atual",
        "facilityType": "municipal_school",
        "name": "Espaço de Desenvolvimento Infantil Professor Nestor Manoel Pinto",
        "schoolType": "EDI"
      },
      "geometry": {
        "type": "Point",
        "coordinates": [
          -43.54117,
          -22.922822
        ]
      }
    },
    {
      "type": "Feature",
      "properties": {
        "sourceDatasetId": "data-rio__escolas_municipais__atual",
        "facilityType": "municipal_school",
        "name": "Espaço de Desenvolvimento Infantil Professora Sirléia Silva Reis",
        "schoolType": "EDI"
      },
      "geometry": {
        "type": "Point",
        "coordinates": [
          -43.552115,
          -22.869529
        ]
      }
    },
    {
      "type": "Feature",
      "properties": {
        "sourceDatasetId": "data-rio__escolas_municipais__atual",
        "facilityType": "municipal_school",
        "name": "Espaço de Desenvolvimento Infantil Professor João Fernandes Filho",
        "schoolType": "EDI"
      },
      "geometry": {
        "type": "Point",
        "coordinates": [
          -43.557582,
          -22.894133
        ]
      }
    },
    {
      "type": "Feature",
      "properties": {
        "sourceDatasetId": "data-rio__escolas_municipais__atual",
        "facilityType": "municipal_school",
        "name": "Espaço de Desenvolvimento Infantil Professora Eugênia de Almeida Azevedo",
        "schoolType": "EDI"
      },
      "geometry": {
        "type": "Point",
        "coordinates": [
          -43.573069,
          -22.873566
        ]
      }
    },
    {
      "type": "Feature",
      "properties": {
        "sourceDatasetId": "data-rio__escolas_municipais__atual",
        "facilityType": "municipal_school",
        "name": "Espaço de Desenvolvimento Infantil Francisco José de Moraes",
        "schoolType": "EDI"
      },
      "geometry": {
        "type": "Point",
        "coordinates": [
          -43.621103,
          -22.884711
        ]
      }
    },
    {
      "type": "Feature",
      "properties": {
        "sourceDatasetId": "data-rio__escolas_municipais__atual",
        "facilityType": "municipal_school",
        "name": "Espaço de Desenvolvimento Infantil Joari",
        "schoolType": "EDI"
      },
      "geometry": {
        "type": "Point",
        "coordinates": [
          -43.552316,
          -22.91385
        ]
      }
    },
    {
      "type": "Feature",
      "properties": {
        "sourceDatasetId": "data-rio__escolas_municipais__atual",
        "facilityType": "municipal_school",
        "name": "Espaço de Desenvolvimento Infantil Professor Almo Saturnino",
        "schoolType": "EDI"
      },
      "geometry": {
        "type": "Point",
        "coordinates": [
          -43.580605,
          -22.916753
        ]
      }
    },
    {
      "type": "Feature",
      "properties": {
        "sourceDatasetId": "data-rio__escolas_municipais__atual",
        "facilityType": "municipal_school",
        "name": "Espaço de Desenvolvimento Infantil Professora Enyr Portilho Avellar",
        "schoolType": "EDI"
      },
      "geometry": {
        "type": "Point",
        "coordinates": [
          -43.536614,
          -22.859155
        ]
      }
    },
    {
      "type": "Feature",
      "properties": {
        "sourceDatasetId": "data-rio__escolas_municipais__atual",
        "facilityType": "municipal_school",
        "name": "Espaço de Desenvolvimento Infantil Professor André Luiz Gils",
        "schoolType": "EDI"
      },
      "geometry": {
        "type": "Point",
        "coordinates": [
          -43.559949,
          -22.916866
        ]
      }
    },
    {
      "type": "Feature",
      "properties": {
        "sourceDatasetId": "data-rio__escolas_municipais__atual",
        "facilityType": "municipal_school",
        "name": "Espaço de Desenvolvimento Infantil Professor Dersu Gabriel Bicego",
        "schoolType": "EDI"
      },
      "geometry": {
        "type": "Point",
        "coordinates": [
          -43.538851,
          -22.882641
        ]
      }
    },
    {
      "type": "Feature",
      "properties": {
        "sourceDatasetId": "data-rio__escolas_municipais__atual",
        "facilityType": "municipal_school",
        "name": "Espaço de Desenvolvimento Infantil Alberto Ferreira Pinto",
        "schoolType": "EDI"
      },
      "geometry": {
        "type": "Point",
        "coordinates": [
          -43.560292,
          -22.933228
        ]
      }
    },
    {
      "type": "Feature",
      "properties": {
        "sourceDatasetId": "data-rio__escolas_municipais__atual",
        "facilityType": "municipal_school",
        "name": "Espaço de Desenvolvimento Infantil Professora Terezinha de Jesus Siqueira Brown",
        "schoolType": "EDI"
      },
      "geometry": {
        "type": "Point",
        "coordinates": [
          -43.536818,
          -22.875422
        ]
      }
    },
    {
      "type": "Feature",
      "properties": {
        "sourceDatasetId": "data-rio__escolas_municipais__atual",
        "facilityType": "municipal_school",
        "name": "Espaço de Desenvolvimento Infantil Professora Marly dos Santos Marinho (abrigando a EM Prof. Jorge Euclides Pereira Nunes)",
        "schoolType": "EDI"
      },
      "geometry": {
        "type": "Point",
        "coordinates": [
          -43.603717,
          -22.895337
        ]
      }
    },
    {
      "type": "Feature",
      "properties": {
        "sourceDatasetId": "data-rio__escolas_municipais__atual",
        "facilityType": "municipal_school",
        "name": "Espaço de Desenvolvimento Infantil Ataulfo Alves",
        "schoolType": "EDI"
      },
      "geometry": {
        "type": "Point",
        "coordinates": [
          -43.611071,
          -22.894072
        ]
      }
    },
    {
      "type": "Feature",
      "properties": {
        "sourceDatasetId": "data-rio__escolas_municipais__atual",
        "facilityType": "municipal_school",
        "name": "Espaço de Desenvolvimento Infantil Dr. Alyrio Cavalieri",
        "schoolType": "EDI"
      },
      "geometry": {
        "type": "Point",
        "coordinates": [
          -43.588409,
          -22.893649
        ]
      }
    },
    {
      "type": "Feature",
      "properties": {
        "sourceDatasetId": "data-rio__escolas_municipais__atual",
        "facilityType": "municipal_school",
        "name": "Espaço de Desenvolvimento Infantil Rubem Azevedo Alves",
        "schoolType": "EDI"
      },
      "geometry": {
        "type": "Point",
        "coordinates": [
          -43.5925,
          -22.89705
        ]
      }
    },
    {
      "type": "Feature",
      "properties": {
        "sourceDatasetId": "data-rio__escolas_municipais__atual",
        "facilityType": "municipal_school",
        "name": "Espaço de Desenvolvimento Infantil Henrique Dias",
        "schoolType": "EDI"
      },
      "geometry": {
        "type": "Point",
        "coordinates": [
          -43.554265,
          -22.904029
        ]
      }
    },
    {
      "type": "Feature",
      "properties": {
        "sourceDatasetId": "data-rio__escolas_municipais__atual",
        "facilityType": "municipal_school",
        "name": "Espaço de Desenvolvimento Infantil Elflodizio dos Santos",
        "schoolType": "EDI"
      },
      "geometry": {
        "type": "Point",
        "coordinates": [
          -43.591003,
          -22.903285
        ]
      }
    },
    {
      "type": "Feature",
      "properties": {
        "sourceDatasetId": "data-rio__escolas_municipais__atual",
        "facilityType": "municipal_school",
        "name": "Espaço de Desenvolvimento Infantil Jacintha Reis Ferreira",
        "schoolType": "EDI"
      },
      "geometry": {
        "type": "Point",
        "coordinates": [
          -43.620744,
          -22.922708
        ]
      }
    },
    {
      "type": "Feature",
      "properties": {
        "sourceDatasetId": "data-rio__escolas_municipais__atual",
        "facilityType": "municipal_school",
        "name": "Espaço de Desenvolvimento Infantil Profº Wison Choeri",
        "schoolType": "EDI"
      },
      "geometry": {
        "type": "Point",
        "coordinates": [
          -43.618746,
          -22.906845
        ]
      }
    },
    {
      "type": "Feature",
      "properties": {
        "sourceDatasetId": "data-rio__escolas_municipais__atual",
        "facilityType": "municipal_school",
        "name": "Espaço de Desenvolvimento Infantil Engenheira Elaine Monsores Pires",
        "schoolType": "EDI"
      },
      "geometry": {
        "type": "Point",
        "coordinates": [
          -43.597355,
          -22.887011
        ]
      }
    },
    {
      "type": "Feature",
      "properties": {
        "sourceDatasetId": "data-rio__escolas_municipais__atual",
        "facilityType": "municipal_school",
        "name": "Espaço de Desenvolvimento Infantil Medalhista Artur Nory",
        "schoolType": "EDI"
      },
      "geometry": {
        "type": "Point",
        "coordinates": [
          -43.588702,
          -22.90624
        ]
      }
    },
    {
      "type": "Feature",
      "properties": {
        "sourceDatasetId": "data-rio__escolas_municipais__atual",
        "facilityType": "municipal_school",
        "name": "Espaço de Desenvolvimento Infantil Medalhista Rafael Silva",
        "schoolType": "EDI"
      },
      "geometry": {
        "type": "Point",
        "coordinates": [
          -43.533794,
          -22.875386
        ]
      }
    },
    {
      "type": "Feature",
      "properties": {
        "sourceDatasetId": "data-rio__escolas_municipais__atual",
        "facilityType": "municipal_school",
        "name": "Espaço de Desenvolvimento Infantil Medalhista Olímpico Wallace Leandro de Souza",
        "schoolType": "EDI"
      },
      "geometry": {
        "type": "Point",
        "coordinates": [
          -43.51129,
          -22.870428
        ]
      }
    },
    {
      "type": "Feature",
      "properties": {
        "sourceDatasetId": "data-rio__escolas_municipais__atual",
        "facilityType": "municipal_school",
        "name": "Espaço de Desenvolvimento Infantil Eustorgio Wanderley",
        "schoolType": "EDI"
      },
      "geometry": {
        "type": "Point",
        "coordinates": [
          -43.552539,
          -22.894484
        ]
      }
    },
    {
      "type": "Feature",
      "properties": {
        "sourceDatasetId": "data-rio__escolas_municipais__atual",
        "facilityType": "municipal_school",
        "name": "Espaço de Desenvolvimento Infantil Dalila Tavares",
        "schoolType": "EDI"
      },
      "geometry": {
        "type": "Point",
        "coordinates": [
          -43.57146,
          -22.89154
        ]
      }
    },
    {
      "type": "Feature",
      "properties": {
        "sourceDatasetId": "data-rio__escolas_municipais__atual",
        "facilityType": "municipal_school",
        "name": "Escola Municipal Professor Coqueiro",
        "schoolType": "Escola Municipal"
      },
      "geometry": {
        "type": "Point",
        "coordinates": [
          -43.680866,
          -22.922131
        ]
      }
    },
    {
      "type": "Feature",
      "properties": {
        "sourceDatasetId": "data-rio__escolas_municipais__atual",
        "facilityType": "municipal_school",
        "name": "Escola Municipal General Gomes Carneiro",
        "schoolType": "Escola Municipal"
      },
      "geometry": {
        "type": "Point",
        "coordinates": [
          -43.665042,
          -22.934717
        ]
      }
    },
    {
      "type": "Feature",
      "properties": {
        "sourceDatasetId": "data-rio__escolas_municipais__atual",
        "facilityType": "municipal_school",
        "name": "Escola Municipal Professor Arthur Thire",
        "schoolType": "Escola Municipal"
      },
      "geometry": {
        "type": "Point",
        "coordinates": [
          -43.645477,
          -22.948963
        ]
      }
    },
    {
      "type": "Feature",
      "properties": {
        "sourceDatasetId": "data-rio__escolas_municipais__atual",
        "facilityType": "municipal_school",
        "name": "Escola Municipal Professor João Gualberto Jorge do Amaral",
        "schoolType": "Escola Municipal"
      },
      "geometry": {
        "type": "Point",
        "coordinates": [
          -43.623665,
          -22.920358
        ]
      }
    },
    {
      "type": "Feature",
      "properties": {
        "sourceDatasetId": "data-rio__escolas_municipais__atual",
        "facilityType": "municipal_school",
        "name": "Escola Municipal República Árabe da Síria",
        "schoolType": "Escola Municipal"
      },
      "geometry": {
        "type": "Point",
        "coordinates": [
          -43.639651,
          -22.921739
        ]
      }
    },
    {
      "type": "Feature",
      "properties": {
        "sourceDatasetId": "data-rio__escolas_municipais__atual",
        "facilityType": "municipal_school",
        "name": "Escola Municipal Vivaldo Ramos de Vasconcelos",
        "schoolType": "Escola Municipal"
      },
      "geometry": {
        "type": "Point",
        "coordinates": [
          -43.640123,
          -22.921164
        ]
      }
    },
    {
      "type": "Feature",
      "properties": {
        "sourceDatasetId": "data-rio__escolas_municipais__atual",
        "facilityType": "municipal_school",
        "name": "Escola Municipal André Vidal de Negreiros",
        "schoolType": "Escola Municipal"
      },
      "geometry": {
        "type": "Point",
        "coordinates": [
          -43.68058,
          -22.92139
        ]
      }
    },
    {
      "type": "Feature",
      "properties": {
        "sourceDatasetId": "data-rio__escolas_municipais__atual",
        "facilityType": "municipal_school",
        "name": "Escola Municipal Eduardo Rabelo",
        "schoolType": "Escola Municipal"
      },
      "geometry": {
        "type": "Point",
        "coordinates": [
          -43.665347,
          -22.935094
        ]
      }
    },
    {
      "type": "Feature",
      "properties": {
        "sourceDatasetId": "data-rio__escolas_municipais__atual",
        "facilityType": "municipal_school",
        "name": "Escola Municipal Prefeito João Carlos Vital",
        "schoolType": "Escola Municipal"
      },
      "geometry": {
        "type": "Point",
        "coordinates": [
          -43.691185,
          -22.923862
        ]
      }
    },
    {
      "type": "Feature",
      "properties": {
        "sourceDatasetId": "data-rio__escolas_municipais__atual",
        "facilityType": "municipal_school",
        "name": "Escola Municipal José de Mello",
        "schoolType": "Escola Municipal"
      },
      "geometry": {
        "type": "Point",
        "coordinates": [
          -43.689201,
          -22.923105
        ]
      }
    },
    {
      "type": "Feature",
      "properties": {
        "sourceDatasetId": "data-rio__escolas_municipais__atual",
        "facilityType": "municipal_school",
        "name": "Escola Municipal Ronald de Carvalho",
        "schoolType": "Escola Municipal"
      },
      "geometry": {
        "type": "Point",
        "coordinates": [
          -43.70021,
          -22.936559
        ]
      }
    },
    {
      "type": "Feature",
      "properties": {
        "sourceDatasetId": "data-rio__escolas_municipais__atual",
        "facilityType": "municipal_school",
        "name": "Escola Municipal Tenente Renato César",
        "schoolType": "Escola Municipal"
      },
      "geometry": {
        "type": "Point",
        "coordinates": [
          -43.686182,
          -22.939174
        ]
      }
    },
    {
      "type": "Feature",
      "properties": {
        "sourceDatasetId": "data-rio__escolas_municipais__atual",
        "facilityType": "municipal_school",
        "name": "Escola Municipal Bento do Amaral Coutinho",
        "schoolType": "Escola Municipal"
      },
      "geometry": {
        "type": "Point",
        "coordinates": [
          -43.686645,
          -22.939361
        ]
      }
    },
    {
      "type": "Feature",
      "properties": {
        "sourceDatasetId": "data-rio__escolas_municipais__atual",
        "facilityType": "municipal_school",
        "name": "Escola Municipal Coronel Berthier",
        "schoolType": "Escola Municipal"
      },
      "geometry": {
        "type": "Point",
        "coordinates": [
          -43.704725,
          -22.924233
        ]
      }
    },
    {
      "type": "Feature",
      "properties": {
        "sourceDatasetId": "data-rio__escolas_municipais__atual",
        "facilityType": "municipal_school",
        "name": "Escola Municipal Princesa Isabel",
        "schoolType": "Escola Municipal"
      },
      "geometry": {
        "type": "Point",
        "coordinates": [
          -43.693033,
          -22.923654
        ]
      }
    },
    {
      "type": "Feature",
      "properties": {
        "sourceDatasetId": "data-rio__escolas_municipais__atual",
        "facilityType": "municipal_school",
        "name": "Escola Municipal Aldebarã",
        "schoolType": "Escola Municipal"
      },
      "geometry": {
        "type": "Point",
        "coordinates": [
          -43.655483,
          -22.922357
        ]
      }
    },
    {
      "type": "Feature",
      "properties": {
        "sourceDatasetId": "data-rio__escolas_municipais__atual",
        "facilityType": "municipal_school",
        "name": "Escola Municipal Otelo de Souza Reis",
        "schoolType": "Escola Municipal"
      },
      "geometry": {
        "type": "Point",
        "coordinates": [
          -43.661595,
          -22.921614
        ]
      }
    },
    {
      "type": "Feature",
      "properties": {
        "sourceDatasetId": "data-rio__escolas_municipais__atual",
        "facilityType": "municipal_school",
        "name": "Escola Municipal Haydea Vianna Fiuza de Castro",
        "schoolType": "Escola Municipal"
      },
      "geometry": {
        "type": "Point",
        "coordinates": [
          -43.650779,
          -22.930026
        ]
      }
    },
    {
      "type": "Feature",
      "properties": {
        "sourceDatasetId": "data-rio__escolas_municipais__atual",
        "facilityType": "municipal_school",
        "name": "Escola Municipal Fernando de Azevedo",
        "schoolType": "Escola Municipal"
      },
      "geometry": {
        "type": "Point",
        "coordinates": [
          -43.692332,
          -22.923065
        ]
      }
    },
    {
      "type": "Feature",
      "properties": {
        "sourceDatasetId": "data-rio__escolas_municipais__atual",
        "facilityType": "municipal_school",
        "name": "Escola Municipal Professora Maria Santiago",
        "schoolType": "Escola Municipal"
      },
      "geometry": {
        "type": "Point",
        "coordinates": [
          -43.672493,
          -22.931881
        ]
      }
    },
    {
      "type": "Feature",
      "properties": {
        "sourceDatasetId": "data-rio__escolas_municipais__atual",
        "facilityType": "municipal_school",
        "name": "Escola Municipal Professora Silvia de Araujo Toledo",
        "schoolType": "Escola Municipal"
      },
      "geometry": {
        "type": "Point",
        "coordinates": [
          -43.652899,
          -22.930111
        ]
      }
    },
    {
      "type": "Feature",
      "properties": {
        "sourceDatasetId": "data-rio__escolas_municipais__atual",
        "facilityType": "municipal_school",
        "name": "Escola Municipal Luís Caetano de Oliveira",
        "schoolType": "Escola Municipal"
      },
      "geometry": {
        "type": "Point",
        "coordinates": [
          -43.663626,
          -22.935914
        ]
      }
    },
    {
      "type": "Feature",
      "properties": {
        "sourceDatasetId": "data-rio__escolas_municipais__atual",
        "facilityType": "municipal_school",
        "name": "Escola Municipal Pestalozzi",
        "schoolType": "Escola Municipal"
      },
      "geometry": {
        "type": "Point",
        "coordinates": [
          -43.679753,
          -22.915717
        ]
      }
    },
    {
      "type": "Feature",
      "properties": {
        "sourceDatasetId": "data-rio__escolas_municipais__atual",
        "facilityType": "municipal_school",
        "name": "Escola Municipal Júlio Cesário de Melo",
        "schoolType": "Escola Municipal"
      },
      "geometry": {
        "type": "Point",
        "coordinates": [
          -43.683277,
          -22.954248
        ]
      }
    },
    {
      "type": "Feature",
      "properties": {
        "sourceDatasetId": "data-rio__escolas_municipais__atual",
        "facilityType": "municipal_school",
        "name": "Escola Municipal Nair da Fonseca",
        "schoolType": "Escola Municipal"
      },
      "geometry": {
        "type": "Point",
        "coordinates": [
          -43.70794,
          -22.968997
        ]
      }
    },
    {
      "type": "Feature",
      "properties": {
        "sourceDatasetId": "data-rio__escolas_municipais__atual",
        "facilityType": "municipal_school",
        "name": "Escola Municipal Nelson Romero",
        "schoolType": "Escola Municipal"
      },
      "geometry": {
        "type": "Point",
        "coordinates": [
          -43.697354,
          -22.971739
        ]
      }
    },
    {
      "type": "Feature",
      "properties": {
        "sourceDatasetId": "data-rio__escolas_municipais__atual",
        "facilityType": "municipal_school",
        "name": "Escola Municipal Felipe Camarão",
        "schoolType": "Escola Municipal"
      },
      "geometry": {
        "type": "Point",
        "coordinates": [
          -43.694836,
          -22.976203
        ]
      }
    },
    {
      "type": "Feature",
      "properties": {
        "sourceDatasetId": "data-rio__escolas_municipais__atual",
        "facilityType": "municipal_school",
        "name": "Escola Municipal Professor Darcy Araújo de Miranda",
        "schoolType": "Escola Municipal"
      },
      "geometry": {
        "type": "Point",
        "coordinates": [
          -43.679721,
          -22.916153
        ]
      }
    },
    {
      "type": "Feature",
      "properties": {
        "sourceDatasetId": "data-rio__escolas_municipais__atual",
        "facilityType": "municipal_school",
        "name": "Escola Especial Municipal Doutor Hélio Pellegrino",
        "schoolType": "Escola Especial Municipal"
      },
      "geometry": {
        "type": "Point",
        "coordinates": [
          -43.680203,
          -22.921812
        ]
      }
    },
    {
      "type": "Feature",
      "properties": {
        "sourceDatasetId": "data-rio__escolas_municipais__atual",
        "facilityType": "municipal_school",
        "name": "Escola Municipal Professora Maria Helena Alves Portilho",
        "schoolType": "Escola Municipal"
      },
      "geometry": {
        "type": "Point",
        "coordinates": [
          -43.722633,
          -22.899544
        ]
      }
    },
    {
      "type": "Feature",
      "properties": {
        "sourceDatasetId": "data-rio__escolas_municipais__atual",
        "facilityType": "municipal_school",
        "name": "Escola Municipal Marechal Pedro Cavalcanti",
        "schoolType": "Escola Municipal"
      },
      "geometry": {
        "type": "Point",
        "coordinates": [
          -43.632891,
          -22.924853
        ]
      }
    },
    {
      "type": "Feature",
      "properties": {
        "sourceDatasetId": "data-rio__escolas_municipais__atual",
        "facilityType": "municipal_school",
        "name": "Escola Municipal Miguel Calmon",
        "schoolType": "Escola Municipal"
      },
      "geometry": {
        "type": "Point",
        "coordinates": [
          -43.634708,
          -22.922514
        ]
      }
    },
    {
      "type": "Feature",
      "properties": {
        "sourceDatasetId": "data-rio__escolas_municipais__atual",
        "facilityType": "municipal_school",
        "name": "Escola Municipal Espanha",
        "schoolType": "Escola Municipal"
      },
      "geometry": {
        "type": "Point",
        "coordinates": [
          -43.637119,
          -22.915106
        ]
      }
    },
    {
      "type": "Feature",
      "properties": {
        "sourceDatasetId": "data-rio__escolas_municipais__atual",
        "facilityType": "municipal_school",
        "name": "Escola Municipal Ribeiro Couto",
        "schoolType": "Escola Municipal"
      },
      "geometry": {
        "type": "Point",
        "coordinates": [
          -43.642174,
          -22.917662
        ]
      }
    },
    {
      "type": "Feature",
      "properties": {
        "sourceDatasetId": "data-rio__escolas_municipais__atual",
        "facilityType": "municipal_school",
        "name": "Escola Municipal IPEG",
        "schoolType": "Escola Municipal"
      },
      "geometry": {
        "type": "Point",
        "coordinates": [
          -43.638657,
          -22.886552
        ]
      }
    },
    {
      "type": "Feature",
      "properties": {
        "sourceDatasetId": "data-rio__escolas_municipais__atual",
        "facilityType": "municipal_school",
        "name": "Escola Municipal Doutor José Antônio Ciraudo",
        "schoolType": "Escola Municipal"
      },
      "geometry": {
        "type": "Point",
        "coordinates": [
          -43.629766,
          -22.913933
        ]
      }
    },
    {
      "type": "Feature",
      "properties": {
        "sourceDatasetId": "data-rio__escolas_municipais__atual",
        "facilityType": "municipal_school",
        "name": "Escola Municipal Francisco Caldeira de Alvarenga",
        "schoolType": "Escola Municipal"
      },
      "geometry": {
        "type": "Point",
        "coordinates": [
          -43.651361,
          -22.913084
        ]
      }
    },
    {
      "type": "Feature",
      "properties": {
        "sourceDatasetId": "data-rio__escolas_municipais__atual",
        "facilityType": "municipal_school",
        "name": "Escola Municipal Pedro Mota Lima",
        "schoolType": "Escola Municipal"
      },
      "geometry": {
        "type": "Point",
        "coordinates": [
          -43.61865,
          -22.905481
        ]
      }
    },
    {
      "type": "Feature",
      "properties": {
        "sourceDatasetId": "data-rio__escolas_municipais__atual",
        "facilityType": "municipal_school",
        "name": "Escola Municipal Professora Leila Mehl Menezes de Mattos",
        "schoolType": "Escola Municipal"
      },
      "geometry": {
        "type": "Point",
        "coordinates": [
          -43.627731,
          -22.873187
        ]
      }
    },
    {
      "type": "Feature",
      "properties": {
        "sourceDatasetId": "data-rio__escolas_municipais__atual",
        "facilityType": "municipal_school",
        "name": "Escola Municipal Gandhi",
        "schoolType": "Escola Municipal"
      },
      "geometry": {
        "type": "Point",
        "coordinates": [
          -43.631244,
          -22.874872
        ]
      }
    },
    {
      "type": "Feature",
      "properties": {
        "sourceDatasetId": "data-rio__escolas_municipais__atual",
        "facilityType": "municipal_school",
        "name": "Escola Municipal Lourdes de Lima Rocha",
        "schoolType": "Escola Municipal"
      },
      "geometry": {
        "type": "Point",
        "coordinates": [
          -43.655043,
          -22.902129
        ]
      }
    },
    {
      "type": "Feature",
      "properties": {
        "sourceDatasetId": "data-rio__escolas_municipais__atual",
        "facilityType": "municipal_school",
        "name": "Escola Municipal Franklin Távora",
        "schoolType": "Escola Municipal"
      },
      "geometry": {
        "type": "Point",
        "coordinates": [
          -43.643683,
          -22.877873
        ]
      }
    },
    {
      "type": "Feature",
      "properties": {
        "sourceDatasetId": "data-rio__escolas_municipais__atual",
        "facilityType": "municipal_school",
        "name": "Escola Municipal Professora Flávia dos Santos Soares",
        "schoolType": "Escola Municipal"
      },
      "geometry": {
        "type": "Point",
        "coordinates": [
          -43.653436,
          -22.914027
        ]
      }
    },
    {
      "type": "Feature",
      "properties": {
        "sourceDatasetId": "data-rio__escolas_municipais__atual",
        "facilityType": "municipal_school",
        "name": "Escola Municipal Sócrates Galvêas",
        "schoolType": "Escola Municipal"
      },
      "geometry": {
        "type": "Point",
        "coordinates": [
          -43.693579,
          -22.91836
        ]
      }
    },
    {
      "type": "Feature",
      "properties": {
        "sourceDatasetId": "data-rio__escolas_municipais__atual",
        "facilityType": "municipal_school",
        "name": "Escola Municipal Ponte dos Jesuítas",
        "schoolType": "Escola Municipal"
      },
      "geometry": {
        "type": "Point",
        "coordinates": [
          -43.676613,
          -22.873519
        ]
      }
    },
    {
      "type": "Feature",
      "properties": {
        "sourceDatasetId": "data-rio__escolas_municipais__atual",
        "facilityType": "municipal_school",
        "name": "Escola Municipal Professora Zulmira Telles da Costa",
        "schoolType": "Escola Municipal"
      },
      "geometry": {
        "type": "Point",
        "coordinates": [
          -43.71226,
          -22.901626
        ]
      }
    },
    {
      "type": "Feature",
      "properties": {
        "sourceDatasetId": "data-rio__escolas_municipais__atual",
        "facilityType": "municipal_school",
        "name": "Escola Municipal Joaquim da Silva Gomes",
        "schoolType": "Escola Municipal"
      },
      "geometry": {
        "type": "Point",
        "coordinates": [
          -43.688133,
          -22.910176
        ]
      }
    },
    {
      "type": "Feature",
      "properties": {
        "sourceDatasetId": "data-rio__escolas_municipais__atual",
        "facilityType": "municipal_school",
        "name": "Escola Municipal Japão",
        "schoolType": "Escola Municipal"
      },
      "geometry": {
        "type": "Point",
        "coordinates": [
          -43.718204,
          -22.902598
        ]
      }
    },
    {
      "type": "Feature",
      "properties": {
        "sourceDatasetId": "data-rio__escolas_municipais__atual",
        "facilityType": "municipal_school",
        "name": "Escola Municipal Meralina de Castro",
        "schoolType": "Escola Municipal"
      },
      "geometry": {
        "type": "Point",
        "coordinates": [
          -43.681744,
          -22.90738
        ]
      }
    },
    {
      "type": "Feature",
      "properties": {
        "sourceDatasetId": "data-rio__escolas_municipais__atual",
        "facilityType": "municipal_school",
        "name": "Escola Municipal Roberto Coelho",
        "schoolType": "Escola Municipal"
      },
      "geometry": {
        "type": "Point",
        "coordinates": [
          -43.713948,
          -22.895544
        ]
      }
    },
    {
      "type": "Feature",
      "properties": {
        "sourceDatasetId": "data-rio__escolas_municipais__atual",
        "facilityType": "municipal_school",
        "name": "Escola Municipal Marinheiro João Cândido",
        "schoolType": "Escola Municipal"
      },
      "geometry": {
        "type": "Point",
        "coordinates": [
          -43.70352,
          -22.899961
        ]
      }
    },
    {
      "type": "Feature",
      "properties": {
        "sourceDatasetId": "data-rio__escolas_municipais__atual",
        "facilityType": "municipal_school",
        "name": "Escola Municipal Liberdade",
        "schoolType": "Escola Municipal"
      },
      "geometry": {
        "type": "Point",
        "coordinates": [
          -43.708611,
          -22.903583
        ]
      }
    },
    {
      "type": "Feature",
      "properties": {
        "sourceDatasetId": "data-rio__escolas_municipais__atual",
        "facilityType": "municipal_school",
        "name": "Escola Municipal Emiliano Galdino",
        "schoolType": "Escola Municipal"
      },
      "geometry": {
        "type": "Point",
        "coordinates": [
          -43.672563,
          -22.904179
        ]
      }
    },
    {
      "type": "Feature",
      "properties": {
        "sourceDatasetId": "data-rio__escolas_municipais__atual",
        "facilityType": "municipal_school",
        "name": "Escola Municipal Adalgiza Neri",
        "schoolType": "Escola Municipal"
      },
      "geometry": {
        "type": "Point",
        "coordinates": [
          -43.716315,
          -22.88881
        ]
      }
    },
    {
      "type": "Feature",
      "properties": {
        "sourceDatasetId": "data-rio__escolas_municipais__atual",
        "facilityType": "municipal_school",
        "name": "Escola Municipal Sindicalista Chico Mendes",
        "schoolType": "Escola Municipal"
      },
      "geometry": {
        "type": "Point",
        "coordinates": [
          -43.702841,
          -22.907198
        ]
      }
    },
    {
      "type": "Feature",
      "properties": {
        "sourceDatasetId": "data-rio__escolas_municipais__atual",
        "facilityType": "municipal_school",
        "name": "Escola Municipal Professora Sonia Mota Molisani",
        "schoolType": "Escola Municipal"
      },
      "geometry": {
        "type": "Point",
        "coordinates": [
          -43.635098,
          -22.928067
        ]
      }
    },
    {
      "type": "Feature",
      "properties": {
        "sourceDatasetId": "data-rio__escolas_municipais__atual",
        "facilityType": "municipal_school",
        "name": "Escola Municipal Professora Dione Freitas Felisberto de Carvalho",
        "schoolType": "Escola Municipal"
      },
      "geometry": {
        "type": "Point",
        "coordinates": [
          -43.687676,
          -22.910503
        ]
      }
    },
    {
      "type": "Feature",
      "properties": {
        "sourceDatasetId": "data-rio__escolas_municipais__atual",
        "facilityType": "municipal_school",
        "name": "Escola Municipal Jornalista Carlos Castelo Branco",
        "schoolType": "Escola Municipal"
      },
      "geometry": {
        "type": "Point",
        "coordinates": [
          -43.62358,
          -22.91217
        ]
      }
    },
    {
      "type": "Feature",
      "properties": {
        "sourceDatasetId": "data-rio__escolas_municipais__atual",
        "facilityType": "municipal_school",
        "name": "Escola Municipal Professor Jorge Gonçalves Farinha",
        "schoolType": "Escola Municipal"
      },
      "geometry": {
        "type": "Point",
        "coordinates": [
          -43.65817,
          -22.932485
        ]
      }
    },
    {
      "type": "Feature",
      "properties": {
        "sourceDatasetId": "data-rio__escolas_municipais__atual",
        "facilityType": "municipal_school",
        "name": "Escola Municipal Manoel Porto Filho",
        "schoolType": "Escola Municipal"
      },
      "geometry": {
        "type": "Point",
        "coordinates": [
          -43.630611,
          -22.920959
        ]
      }
    },
    {
      "type": "Feature",
      "properties": {
        "sourceDatasetId": "data-rio__escolas_municipais__atual",
        "facilityType": "municipal_school",
        "name": "Escola Municipal Professora Zélia Carolina da Silva Pinho",
        "schoolType": "Escola Municipal"
      },
      "geometry": {
        "type": "Point",
        "coordinates": [
          -43.677161,
          -22.928048
        ]
      }
    },
    {
      "type": "Feature",
      "properties": {
        "sourceDatasetId": "data-rio__escolas_municipais__atual",
        "facilityType": "municipal_school",
        "name": "Escola Municipal Álvaro Valle",
        "schoolType": "Escola Municipal"
      },
      "geometry": {
        "type": "Point",
        "coordinates": [
          -43.670867,
          -22.914899
        ]
      }
    },
    {
      "type": "Feature",
      "properties": {
        "sourceDatasetId": "data-rio__escolas_municipais__atual",
        "facilityType": "municipal_school",
        "name": "Escola Municipal Mario Lago",
        "schoolType": "Escola Municipal"
      },
      "geometry": {
        "type": "Point",
        "coordinates": [
          -43.631001,
          -22.872463
        ]
      }
    },
    {
      "type": "Feature",
      "properties": {
        "sourceDatasetId": "data-rio__escolas_municipais__atual",
        "facilityType": "municipal_school",
        "name": "Escola Municipal Maria de Jesus Oliveira",
        "schoolType": "Escola Municipal"
      },
      "geometry": {
        "type": "Point",
        "coordinates": [
          -43.671995,
          -22.904563
        ]
      }
    },
    {
      "type": "Feature",
      "properties": {
        "sourceDatasetId": "data-rio__escolas_municipais__atual",
        "facilityType": "municipal_school",
        "name": "Escola Municipal Professor Francisco José Antônio",
        "schoolType": "Escola Municipal"
      },
      "geometry": {
        "type": "Point",
        "coordinates": [
          -43.666541,
          -22.941175
        ]
      }
    },
    {
      "type": "Feature",
      "properties": {
        "sourceDatasetId": "data-rio__escolas_municipais__atual",
        "facilityType": "municipal_school",
        "name": "Escola Municipal Ricardo Brentani",
        "schoolType": "Escola Municipal"
      },
      "geometry": {
        "type": "Point",
        "coordinates": [
          -43.69004,
          -22.891649
        ]
      }
    },
    {
      "type": "Feature",
      "properties": {
        "sourceDatasetId": "data-rio__escolas_municipais__atual",
        "facilityType": "municipal_school",
        "name": "Escola Municipal Roberto Civita",
        "schoolType": "Escola Municipal"
      },
      "geometry": {
        "type": "Point",
        "coordinates": [
          -43.666848,
          -22.884911
        ]
      }
    },
    {
      "type": "Feature",
      "properties": {
        "sourceDatasetId": "data-rio__escolas_municipais__atual",
        "facilityType": "municipal_school",
        "name": "Escola Municipal Professora Eulália Rodrigues de Oliveira Vieira",
        "schoolType": "Escola Municipal"
      },
      "geometry": {
        "type": "Point",
        "coordinates": [
          -43.700954,
          -22.921046
        ]
      }
    },
    {
      "type": "Feature",
      "properties": {
        "sourceDatasetId": "data-rio__escolas_municipais__atual",
        "facilityType": "municipal_school",
        "name": "EM Primário Paralimpíadas Rio 2016",
        "schoolType": "Escola Municipal"
      },
      "geometry": {
        "type": "Point",
        "coordinates": [
          -43.688852,
          -22.957041
        ]
      }
    },
    {
      "type": "Feature",
      "properties": {
        "sourceDatasetId": "data-rio__escolas_municipais__atual",
        "facilityType": "municipal_school",
        "name": "EM Ginásio Emilinha Borba",
        "schoolType": "Escola Municipal"
      },
      "geometry": {
        "type": "Point",
        "coordinates": [
          -43.683572,
          -22.954631
        ]
      }
    },
    {
      "type": "Feature",
      "properties": {
        "sourceDatasetId": "data-rio__escolas_municipais__atual",
        "facilityType": "municipal_school",
        "name": "Escola Municipal Ginásio Professor Neemias Rodrigues de Mello",
        "schoolType": "Escola Municipal"
      },
      "geometry": {
        "type": "Point",
        "coordinates": [
          -43.684136,
          -22.954343
        ]
      }
    },
    {
      "type": "Feature",
      "properties": {
        "sourceDatasetId": "data-rio__escolas_municipais__atual",
        "facilityType": "municipal_school",
        "name": "EM Primário Walquir Pereira",
        "schoolType": "Escola Municipal"
      },
      "geometry": {
        "type": "Point",
        "coordinates": [
          -43.686746,
          -22.956014
        ]
      }
    },
    {
      "type": "Feature",
      "properties": {
        "sourceDatasetId": "data-rio__escolas_municipais__atual",
        "facilityType": "municipal_school",
        "name": "EM Primário Professora Clara Lucia de Souza",
        "schoolType": "Escola Municipal"
      },
      "geometry": {
        "type": "Point",
        "coordinates": [
          -43.686189,
          -22.955531
        ]
      }
    },
    {
      "type": "Feature",
      "properties": {
        "sourceDatasetId": "data-rio__escolas_municipais__atual",
        "facilityType": "municipal_school",
        "name": "EM Primário Medalhista Olímpico Robson Donato Conceição",
        "schoolType": "Escola Municipal"
      },
      "geometry": {
        "type": "Point",
        "coordinates": [
          -43.659356,
          -22.93314
        ]
      }
    },
    {
      "type": "Feature",
      "properties": {
        "sourceDatasetId": "data-rio__escolas_municipais__atual",
        "facilityType": "municipal_school",
        "name": "EM Ginásio Medalhista Olímpico Thiago Braz da Silva",
        "schoolType": "Escola Municipal"
      },
      "geometry": {
        "type": "Point",
        "coordinates": [
          -43.659387,
          -22.933611
        ]
      }
    },
    {
      "type": "Feature",
      "properties": {
        "sourceDatasetId": "data-rio__escolas_municipais__atual",
        "facilityType": "municipal_school",
        "name": "Escola Municipal Armando Klabin",
        "schoolType": "Escola Municipal"
      },
      "geometry": {
        "type": "Point",
        "coordinates": [
          -43.66096,
          -22.88302
        ]
      }
    },
    {
      "type": "Feature",
      "properties": {
        "sourceDatasetId": "data-rio__escolas_municipais__atual",
        "facilityType": "municipal_school",
        "name": "Escola Municipal Primário Vera Lucia Chaves da Costa",
        "schoolType": "Escola Municipal"
      },
      "geometry": {
        "type": "Point",
        "coordinates": [
          -43.652929,
          -22.917174
        ]
      }
    },
    {
      "type": "Feature",
      "properties": {
        "sourceDatasetId": "data-rio__escolas_municipais__atual",
        "facilityType": "municipal_school",
        "name": "Ciep Ministro Marcos Freire",
        "schoolType": "CIEP"
      },
      "geometry": {
        "type": "Point",
        "coordinates": [
          -43.694281,
          -22.975299
        ]
      }
    },
    {
      "type": "Feature",
      "properties": {
        "sourceDatasetId": "data-rio__escolas_municipais__atual",
        "facilityType": "municipal_school",
        "name": "Ciep Ismael Nery",
        "schoolType": "CIEP"
      },
      "geometry": {
        "type": "Point",
        "coordinates": [
          -43.66213,
          -22.934157
        ]
      }
    },
    {
      "type": "Feature",
      "properties": {
        "sourceDatasetId": "data-rio__escolas_municipais__atual",
        "facilityType": "municipal_school",
        "name": "Ciep Roberto Morena",
        "schoolType": "CIEP"
      },
      "geometry": {
        "type": "Point",
        "coordinates": [
          -43.645025,
          -22.921995
        ]
      }
    },
    {
      "type": "Feature",
      "properties": {
        "sourceDatasetId": "data-rio__escolas_municipais__atual",
        "facilityType": "municipal_school",
        "name": "Ciep Barão de Itararé",
        "schoolType": "CIEP"
      },
      "geometry": {
        "type": "Point",
        "coordinates": [
          -43.694061,
          -22.927288
        ]
      }
    },
    {
      "type": "Feature",
      "properties": {
        "sourceDatasetId": "data-rio__escolas_municipais__atual",
        "facilityType": "municipal_school",
        "name": "Ciep Deputado Ulysses Guimarães",
        "schoolType": "CIEP"
      },
      "geometry": {
        "type": "Point",
        "coordinates": [
          -43.693063,
          -22.975171
        ]
      }
    },
    {
      "type": "Feature",
      "properties": {
        "sourceDatasetId": "data-rio__escolas_municipais__atual",
        "facilityType": "municipal_school",
        "name": "Ciep Papa João XXIII",
        "schoolType": "CIEP"
      },
      "geometry": {
        "type": "Point",
        "coordinates": [
          -43.703701,
          -22.906702
        ]
      }
    },
    {
      "type": "Feature",
      "properties": {
        "sourceDatasetId": "data-rio__escolas_municipais__atual",
        "facilityType": "municipal_school",
        "name": "Ciep Alberto Pasqualine",
        "schoolType": "CIEP"
      },
      "geometry": {
        "type": "Point",
        "coordinates": [
          -43.65646,
          -22.913189
        ]
      }
    },
    {
      "type": "Feature",
      "properties": {
        "sourceDatasetId": "data-rio__escolas_municipais__atual",
        "facilityType": "municipal_school",
        "name": "Ciep Major Manuel Gomes Archer",
        "schoolType": "CIEP"
      },
      "geometry": {
        "type": "Point",
        "coordinates": [
          -43.638052,
          -22.888549
        ]
      }
    },
    {
      "type": "Feature",
      "properties": {
        "sourceDatasetId": "data-rio__escolas_municipais__atual",
        "facilityType": "municipal_school",
        "name": "Ciep 1o. de Maio",
        "schoolType": "CIEP"
      },
      "geometry": {
        "type": "Point",
        "coordinates": [
          -43.669415,
          -22.922033
        ]
      }
    },
    {
      "type": "Feature",
      "properties": {
        "sourceDatasetId": "data-rio__escolas_municipais__atual",
        "facilityType": "municipal_school",
        "name": "Ciep Maestro Heitor Villa Lobos",
        "schoolType": "CIEP"
      },
      "geometry": {
        "type": "Point",
        "coordinates": [
          -43.653253,
          -22.921571
        ]
      }
    },
    {
      "type": "Feature",
      "properties": {
        "sourceDatasetId": "data-rio__escolas_municipais__atual",
        "facilityType": "municipal_school",
        "name": "Ciep Dr. Nelson Hungria",
        "schoolType": "CIEP"
      },
      "geometry": {
        "type": "Point",
        "coordinates": [
          -43.625586,
          -22.92208
        ]
      }
    },
    {
      "type": "Feature",
      "properties": {
        "sourceDatasetId": "data-rio__escolas_municipais__atual",
        "facilityType": "municipal_school",
        "name": "Creche Municipal Sempre Vida Vale do Sol",
        "schoolType": "Creche Municipal"
      },
      "geometry": {
        "type": "Point",
        "coordinates": [
          -43.705841,
          -22.903021
        ]
      }
    },
    {
      "type": "Feature",
      "properties": {
        "sourceDatasetId": "data-rio__escolas_municipais__atual",
        "facilityType": "municipal_school",
        "name": "Creche Municipal Sempre Vida Antares",
        "schoolType": "Creche Municipal"
      },
      "geometry": {
        "type": "Point",
        "coordinates": [
          -43.662102,
          -22.92138
        ]
      }
    },
    {
      "type": "Feature",
      "properties": {
        "sourceDatasetId": "data-rio__escolas_municipais__atual",
        "facilityType": "municipal_school",
        "name": "Creche Municipal Jardim dos Vieiras",
        "schoolType": "Creche Municipal"
      },
      "geometry": {
        "type": "Point",
        "coordinates": [
          -43.628443,
          -22.924192
        ]
      }
    },
    {
      "type": "Feature",
      "properties": {
        "sourceDatasetId": "data-rio__escolas_municipais__atual",
        "facilityType": "municipal_school",
        "name": "Creche Municipal Ayrton Senna",
        "schoolType": "Creche Municipal"
      },
      "geometry": {
        "type": "Point",
        "coordinates": [
          -43.705531,
          -22.902828
        ]
      }
    },
    {
      "type": "Feature",
      "properties": {
        "sourceDatasetId": "data-rio__escolas_municipais__atual",
        "facilityType": "municipal_school",
        "name": "Creche Municipal Marlene da Silva Cardoso",
        "schoolType": "Creche Municipal"
      },
      "geometry": {
        "type": "Point",
        "coordinates": [
          -43.658363,
          -22.932954
        ]
      }
    },
    {
      "type": "Feature",
      "properties": {
        "sourceDatasetId": "data-rio__escolas_municipais__atual",
        "facilityType": "municipal_school",
        "name": "Creche Municipal Trinta e Um de Outubro",
        "schoolType": "Creche Municipal"
      },
      "geometry": {
        "type": "Point",
        "coordinates": [
          -43.637215,
          -22.917668
        ]
      }
    },
    {
      "type": "Feature",
      "properties": {
        "sourceDatasetId": "data-rio__escolas_municipais__atual",
        "facilityType": "municipal_school",
        "name": "Creche Municipal Adalto Bastos",
        "schoolType": "Creche Municipal"
      },
      "geometry": {
        "type": "Point",
        "coordinates": [
          -43.634912,
          -22.927505
        ]
      }
    },
    {
      "type": "Feature",
      "properties": {
        "sourceDatasetId": "data-rio__escolas_municipais__atual",
        "facilityType": "municipal_school",
        "name": "Creche Municipal Amanhecer de Luz",
        "schoolType": "Creche Municipal"
      },
      "geometry": {
        "type": "Point",
        "coordinates": [
          -43.708833,
          -22.903894
        ]
      }
    },
    {
      "type": "Feature",
      "properties": {
        "sourceDatasetId": "data-rio__escolas_municipais__atual",
        "facilityType": "municipal_school",
        "name": "Creche Municipal Cantinho da Tia Dolores",
        "schoolType": "Creche Municipal"
      },
      "geometry": {
        "type": "Point",
        "coordinates": [
          -43.715865,
          -22.888959
        ]
      }
    },
    {
      "type": "Feature",
      "properties": {
        "sourceDatasetId": "data-rio__escolas_municipais__atual",
        "facilityType": "municipal_school",
        "name": "Creche Municipal Chave do Tamanho",
        "schoolType": "Creche Municipal"
      },
      "geometry": {
        "type": "Point",
        "coordinates": [
          -43.681585,
          -22.979983
        ]
      }
    },
    {
      "type": "Feature",
      "properties": {
        "sourceDatasetId": "data-rio__escolas_municipais__atual",
        "facilityType": "municipal_school",
        "name": "Creche Municipal Criança Feliz",
        "schoolType": "Creche Municipal"
      },
      "geometry": {
        "type": "Point",
        "coordinates": [
          -43.672089,
          -22.918625
        ]
      }
    },
    {
      "type": "Feature",
      "properties": {
        "sourceDatasetId": "data-rio__escolas_municipais__atual",
        "facilityType": "municipal_school",
        "name": "Creche Municipal Daniela Perez",
        "schoolType": "Creche Municipal"
      },
      "geometry": {
        "type": "Point",
        "coordinates": [
          -43.644761,
          -22.924633
        ]
      }
    },
    {
      "type": "Feature",
      "properties": {
        "sourceDatasetId": "data-rio__escolas_municipais__atual",
        "facilityType": "municipal_school",
        "name": "Creche Municipal Djanira Maria Ramos",
        "schoolType": "Creche Municipal"
      },
      "geometry": {
        "type": "Point",
        "coordinates": [
          -43.641091,
          -22.926768
        ]
      }
    },
    {
      "type": "Feature",
      "properties": {
        "sourceDatasetId": "data-rio__escolas_municipais__atual",
        "facilityType": "municipal_school",
        "name": "Creche Municipal Inspetor Heraldo Carvalho de Sousa",
        "schoolType": "Creche Municipal"
      },
      "geometry": {
        "type": "Point",
        "coordinates": [
          -43.631461,
          -22.874263
        ]
      }
    },
    {
      "type": "Feature",
      "properties": {
        "sourceDatasetId": "data-rio__escolas_municipais__atual",
        "facilityType": "municipal_school",
        "name": "Creche Municipal Marcolina",
        "schoolType": "Creche Municipal"
      },
      "geometry": {
        "type": "Point",
        "coordinates": [
          -43.662555,
          -22.929635
        ]
      }
    },
    {
      "type": "Feature",
      "properties": {
        "sourceDatasetId": "data-rio__escolas_municipais__atual",
        "facilityType": "municipal_school",
        "name": "Creche Municipal Maria Helena Papera Monteiro",
        "schoolType": "Creche Municipal"
      },
      "geometry": {
        "type": "Point",
        "coordinates": [
          -43.650062,
          -22.93332
        ]
      }
    },
    {
      "type": "Feature",
      "properties": {
        "sourceDatasetId": "data-rio__escolas_municipais__atual",
        "facilityType": "municipal_school",
        "name": "Creche Municipal Leuza Marins Novaes S. Santos",
        "schoolType": "Creche Municipal"
      },
      "geometry": {
        "type": "Point",
        "coordinates": [
          -43.701708,
          -22.904981
        ]
      }
    },
    {
      "type": "Feature",
      "properties": {
        "sourceDatasetId": "data-rio__escolas_municipais__atual",
        "facilityType": "municipal_school",
        "name": "Creche Municipal Santa Terezinha",
        "schoolType": "Creche Municipal"
      },
      "geometry": {
        "type": "Point",
        "coordinates": [
          -43.723326,
          -22.900768
        ]
      }
    },
    {
      "type": "Feature",
      "properties": {
        "sourceDatasetId": "data-rio__escolas_municipais__atual",
        "facilityType": "municipal_school",
        "name": "Creche Municipal Sementinha do Amor",
        "schoolType": "Creche Municipal"
      },
      "geometry": {
        "type": "Point",
        "coordinates": [
          -43.672904,
          -22.920081
        ]
      }
    },
    {
      "type": "Feature",
      "properties": {
        "sourceDatasetId": "data-rio__escolas_municipais__atual",
        "facilityType": "municipal_school",
        "name": "Creche Municipal Sempre Vida Estrela do Alagado",
        "schoolType": "Creche Municipal"
      },
      "geometry": {
        "type": "Point",
        "coordinates": [
          -43.693244,
          -22.974872
        ]
      }
    },
    {
      "type": "Feature",
      "properties": {
        "sourceDatasetId": "data-rio__escolas_municipais__atual",
        "facilityType": "municipal_school",
        "name": "Creche Municipal Sempre Vida Parque de Santa Cruz",
        "schoolType": "Creche Municipal"
      },
      "geometry": {
        "type": "Point",
        "coordinates": [
          -43.676308,
          -22.934611
        ]
      }
    },
    {
      "type": "Feature",
      "properties": {
        "sourceDatasetId": "data-rio__escolas_municipais__atual",
        "facilityType": "municipal_school",
        "name": "Creche Municipal Sempre Vida Terra da Paz",
        "schoolType": "Creche Municipal"
      },
      "geometry": {
        "type": "Point",
        "coordinates": [
          -43.630065,
          -22.921142
        ]
      }
    },
    {
      "type": "Feature",
      "properties": {
        "sourceDatasetId": "data-rio__escolas_municipais__atual",
        "facilityType": "municipal_school",
        "name": "Creche Municipal Zacarias - O Trapalhão",
        "schoolType": "Creche Municipal"
      },
      "geometry": {
        "type": "Point",
        "coordinates": [
          -43.714566,
          -22.903753
        ]
      }
    },
    {
      "type": "Feature",
      "properties": {
        "sourceDatasetId": "data-rio__escolas_municipais__atual",
        "facilityType": "municipal_school",
        "name": "Creche Municipal Narizinho",
        "schoolType": "Creche Municipal"
      },
      "geometry": {
        "type": "Point",
        "coordinates": [
          -43.689819,
          -22.961619
        ]
      }
    },
    {
      "type": "Feature",
      "properties": {
        "sourceDatasetId": "data-rio__escolas_municipais__atual",
        "facilityType": "municipal_school",
        "name": "Creche Municipal Pedrinho",
        "schoolType": "Creche Municipal"
      },
      "geometry": {
        "type": "Point",
        "coordinates": [
          -43.68282,
          -22.958718
        ]
      }
    },
    {
      "type": "Feature",
      "properties": {
        "sourceDatasetId": "data-rio__escolas_municipais__atual",
        "facilityType": "municipal_school",
        "name": "Creche Municipal Vovó Benta",
        "schoolType": "Creche Municipal"
      },
      "geometry": {
        "type": "Point",
        "coordinates": [
          -43.691301,
          -22.956258
        ]
      }
    },
    {
      "type": "Feature",
      "properties": {
        "sourceDatasetId": "data-rio__escolas_municipais__atual",
        "facilityType": "municipal_school",
        "name": "Creche Municipal Irinéa dos Santos Paiva",
        "schoolType": "Creche Municipal"
      },
      "geometry": {
        "type": "Point",
        "coordinates": [
          -43.673065,
          -22.926998
        ]
      }
    },
    {
      "type": "Feature",
      "properties": {
        "sourceDatasetId": "data-rio__escolas_municipais__atual",
        "facilityType": "municipal_school",
        "name": "Creche Municipal Estrela Dalva",
        "schoolType": "Creche Municipal"
      },
      "geometry": {
        "type": "Point",
        "coordinates": [
          -43.667708,
          -22.911519
        ]
      }
    },
    {
      "type": "Feature",
      "properties": {
        "sourceDatasetId": "data-rio__escolas_municipais__atual",
        "facilityType": "municipal_school",
        "name": "Creche Municipal Mãos Pequenas",
        "schoolType": "Creche Municipal"
      },
      "geometry": {
        "type": "Point",
        "coordinates": [
          -43.654573,
          -22.911349
        ]
      }
    },
    {
      "type": "Feature",
      "properties": {
        "sourceDatasetId": "data-rio__escolas_municipais__atual",
        "facilityType": "municipal_school",
        "name": "Creche Municipal Miriam Pires",
        "schoolType": "Creche Municipal"
      },
      "geometry": {
        "type": "Point",
        "coordinates": [
          -43.635612,
          -22.888021
        ]
      }
    },
    {
      "type": "Feature",
      "properties": {
        "sourceDatasetId": "data-rio__escolas_municipais__atual",
        "facilityType": "municipal_school",
        "name": "Creche Municipal Meriluce de Oliveira Müller",
        "schoolType": "Creche Municipal"
      },
      "geometry": {
        "type": "Point",
        "coordinates": [
          -43.681028,
          -22.946388
        ]
      }
    },
    {
      "type": "Feature",
      "properties": {
        "sourceDatasetId": "data-rio__escolas_municipais__atual",
        "facilityType": "municipal_school",
        "name": "Espaço de Desenvolvimento Infantil Sargento Izo Gomes Patrício",
        "schoolType": "EDI"
      },
      "geometry": {
        "type": "Point",
        "coordinates": [
          -43.656075,
          -22.913409
        ]
      }
    },
    {
      "type": "Feature",
      "properties": {
        "sourceDatasetId": "data-rio__escolas_municipais__atual",
        "facilityType": "municipal_school",
        "name": "Espaço de Desenvolvimento Infantil Larissa dos Santos Atanazio",
        "schoolType": "EDI"
      },
      "geometry": {
        "type": "Point",
        "coordinates": [
          -43.645341,
          -22.921659
        ]
      }
    },
    {
      "type": "Feature",
      "properties": {
        "sourceDatasetId": "data-rio__escolas_municipais__atual",
        "facilityType": "municipal_school",
        "name": "Espaço de Desenvolvimento Infantil Laryssa Silva Martins",
        "schoolType": "EDI"
      },
      "geometry": {
        "type": "Point",
        "coordinates": [
          -43.701722,
          -22.907539
        ]
      }
    },
    {
      "type": "Feature",
      "properties": {
        "sourceDatasetId": "data-rio__escolas_municipais__atual",
        "facilityType": "municipal_school",
        "name": "Espaço de Desenvolvimento Infantil Professora Maria Luiza Jobim de Queiroz",
        "schoolType": "EDI"
      },
      "geometry": {
        "type": "Point",
        "coordinates": [
          -43.694065,
          -22.97679
        ]
      }
    },
    {
      "type": "Feature",
      "properties": {
        "sourceDatasetId": "data-rio__escolas_municipais__atual",
        "facilityType": "municipal_school",
        "name": "Espaço de Desenvolvimento Infantil Professor Celso de Almeida Chaves",
        "schoolType": "EDI"
      },
      "geometry": {
        "type": "Point",
        "coordinates": [
          -43.690049,
          -22.925165
        ]
      }
    },
    {
      "type": "Feature",
      "properties": {
        "sourceDatasetId": "data-rio__escolas_municipais__atual",
        "facilityType": "municipal_school",
        "name": "Espaço de Desenvolvimento Infantil Professor Rubem Gonçalves",
        "schoolType": "EDI"
      },
      "geometry": {
        "type": "Point",
        "coordinates": [
          -43.66621,
          -22.886309
        ]
      }
    },
    {
      "type": "Feature",
      "properties": {
        "sourceDatasetId": "data-rio__escolas_municipais__atual",
        "facilityType": "municipal_school",
        "name": "Espaço de Desenvolvimento Infantil Professor Antonio Alfredo Mercadante",
        "schoolType": "EDI"
      },
      "geometry": {
        "type": "Point",
        "coordinates": [
          -43.661004,
          -22.883481
        ]
      }
    },
    {
      "type": "Feature",
      "properties": {
        "sourceDatasetId": "data-rio__escolas_municipais__atual",
        "facilityType": "municipal_school",
        "name": "Espaço de Desenvolvimento Infantil Geógrafo Aziz Ab'Saber",
        "schoolType": "EDI"
      },
      "geometry": {
        "type": "Point",
        "coordinates": [
          -43.6386,
          -22.894294
        ]
      }
    },
    {
      "type": "Feature",
      "properties": {
        "sourceDatasetId": "data-rio__escolas_municipais__atual",
        "facilityType": "municipal_school",
        "name": "Espaço de Desenvolvimento Infantil Professora Carmen Fraga de Araújo",
        "schoolType": "EDI"
      },
      "geometry": {
        "type": "Point",
        "coordinates": [
          -43.68028,
          -22.940353
        ]
      }
    },
    {
      "type": "Feature",
      "properties": {
        "sourceDatasetId": "data-rio__escolas_municipais__atual",
        "facilityType": "municipal_school",
        "name": "Espaço de Desenvolvimento Infantil Professora Rosele Nicolau Jorge Coutinho",
        "schoolType": "EDI"
      },
      "geometry": {
        "type": "Point",
        "coordinates": [
          -43.671305,
          -22.914425
        ]
      }
    },
    {
      "type": "Feature",
      "properties": {
        "sourceDatasetId": "data-rio__escolas_municipais__atual",
        "facilityType": "municipal_school",
        "name": "Espaço de Desenvolvimento Infantil Professora Raquel Kelly Lanera",
        "schoolType": "EDI"
      },
      "geometry": {
        "type": "Point",
        "coordinates": [
          -43.634503,
          -22.87566
        ]
      }
    },
    {
      "type": "Feature",
      "properties": {
        "sourceDatasetId": "data-rio__escolas_municipais__atual",
        "facilityType": "municipal_school",
        "name": "Espaço de Desenvolvimento Infantil Elizabeth Papera",
        "schoolType": "EDI"
      },
      "geometry": {
        "type": "Point",
        "coordinates": [
          -43.63299,
          -22.917908
        ]
      }
    },
    {
      "type": "Feature",
      "properties": {
        "sourceDatasetId": "data-rio__escolas_municipais__atual",
        "facilityType": "municipal_school",
        "name": "Espaço de Desenvolvimento Infantil Gouveias",
        "schoolType": "EDI"
      },
      "geometry": {
        "type": "Point",
        "coordinates": [
          -43.623642,
          -22.920621
        ]
      }
    },
    {
      "type": "Feature",
      "properties": {
        "sourceDatasetId": "data-rio__escolas_municipais__atual",
        "facilityType": "municipal_school",
        "name": "Espaço de Desenvolvimento Infantil Cesarinho",
        "schoolType": "EDI"
      },
      "geometry": {
        "type": "Point",
        "coordinates": [
          -43.639967,
          -22.921754
        ]
      }
    },
    {
      "type": "Feature",
      "properties": {
        "sourceDatasetId": "data-rio__escolas_municipais__atual",
        "facilityType": "municipal_school",
        "name": "Espaço de Desenvolvimento Infantil João Corrêa",
        "schoolType": "EDI"
      },
      "geometry": {
        "type": "Point",
        "coordinates": [
          -43.651918,
          -22.916108
        ]
      }
    },
    {
      "type": "Feature",
      "properties": {
        "sourceDatasetId": "data-rio__escolas_municipais__atual",
        "facilityType": "municipal_school",
        "name": "Espaço de Desenvolvimento Infantil Guandu",
        "schoolType": "EDI"
      },
      "geometry": {
        "type": "Point",
        "coordinates": [
          -43.703263,
          -22.900213
        ]
      }
    },
    {
      "type": "Feature",
      "properties": {
        "sourceDatasetId": "data-rio__escolas_municipais__atual",
        "facilityType": "municipal_school",
        "name": "Espaço de Desenvolvimento Infantil Professora Rosa Maria Alves de Oliveira",
        "schoolType": "EDI"
      },
      "geometry": {
        "type": "Point",
        "coordinates": [
          -43.702404,
          -22.906386
        ]
      }
    },
    {
      "type": "Feature",
      "properties": {
        "sourceDatasetId": "data-rio__escolas_municipais__atual",
        "facilityType": "municipal_school",
        "name": "Espaço de Desenvolvimento Infantil Renée Biscaia Raposo",
        "schoolType": "EDI"
      },
      "geometry": {
        "type": "Point",
        "coordinates": [
          -43.624282,
          -22.919608
        ]
      }
    },
    {
      "type": "Feature",
      "properties": {
        "sourceDatasetId": "data-rio__escolas_municipais__atual",
        "facilityType": "municipal_school",
        "name": "Espaço de Desenvolvimento Infantil São Fernando",
        "schoolType": "EDI"
      },
      "geometry": {
        "type": "Point",
        "coordinates": [
          -43.717337,
          -22.889346
        ]
      }
    },
    {
      "type": "Feature",
      "properties": {
        "sourceDatasetId": "data-rio__escolas_municipais__atual",
        "facilityType": "municipal_school",
        "name": "Espaço de Desenvolvimento Infantil Professora Inaiá Wanderley Carmo (abrigando a Creche Municipal Nair da Fonseca)",
        "schoolType": "EDI"
      },
      "geometry": {
        "type": "Point",
        "coordinates": [
          -43.70679,
          -22.962886
        ]
      }
    },
    {
      "type": "Feature",
      "properties": {
        "sourceDatasetId": "data-rio__escolas_municipais__atual",
        "facilityType": "municipal_school",
        "name": "Espaço de Desenvolvimento Infantil Professora Solange Inácia de Sá de Lacerda",
        "schoolType": "EDI"
      },
      "geometry": {
        "type": "Point",
        "coordinates": [
          -43.707845,
          -22.903523
        ]
      }
    },
    {
      "type": "Feature",
      "properties": {
        "sourceDatasetId": "data-rio__escolas_municipais__atual",
        "facilityType": "municipal_school",
        "name": "Espaço de Desenvolvimento Infantil Professora Katia Mirando dos Santos",
        "schoolType": "EDI"
      },
      "geometry": {
        "type": "Point",
        "coordinates": [
          -43.687368,
          -22.956389
        ]
      }
    },
    {
      "type": "Feature",
      "properties": {
        "sourceDatasetId": "data-rio__escolas_municipais__atual",
        "facilityType": "municipal_school",
        "name": "Espaço de Desenvolvimento Infantil Maria Rosangela Oliveira \"Tia Neguinha\"",
        "schoolType": "EDI"
      },
      "geometry": {
        "type": "Point",
        "coordinates": [
          -43.687747,
          -22.956512
        ]
      }
    },
    {
      "type": "Feature",
      "properties": {
        "sourceDatasetId": "data-rio__escolas_municipais__atual",
        "facilityType": "municipal_school",
        "name": "Espaço de Desenvolvimento Infantil Professora Lilia Chaves da Costa",
        "schoolType": "EDI"
      },
      "geometry": {
        "type": "Point",
        "coordinates": [
          -43.68821,
          -22.956647
        ]
      }
    },
    {
      "type": "Feature",
      "properties": {
        "sourceDatasetId": "data-rio__escolas_municipais__atual",
        "facilityType": "municipal_school",
        "name": "Espaço de Desenvolvimento Indantil Thamiris de Andrade da Silva Santos",
        "schoolType": "EDI"
      },
      "geometry": {
        "type": "Point",
        "coordinates": [
          -43.694707,
          -22.976463
        ]
      }
    },
    {
      "type": "Feature",
      "properties": {
        "sourceDatasetId": "data-rio__escolas_municipais__atual",
        "facilityType": "municipal_school",
        "name": "Espaço de Desenvolvimento Infantil Medalhista Olímpica Poliana Okimoto",
        "schoolType": "EDI"
      },
      "geometry": {
        "type": "Point",
        "coordinates": [
          -43.65972,
          -22.933612
        ]
      }
    },
    {
      "type": "Feature",
      "properties": {
        "sourceDatasetId": "data-rio__escolas_municipais__atual",
        "facilityType": "municipal_school",
        "name": "Espaço de Desenvolvimento Infantil Medalhista Olímpico Erlon de Souza Silva",
        "schoolType": "EDI"
      },
      "geometry": {
        "type": "Point",
        "coordinates": [
          -43.659561,
          -22.934045
        ]
      }
    },
    {
      "type": "Feature",
      "properties": {
        "sourceDatasetId": "data-rio__escolas_municipais__atual",
        "facilityType": "municipal_school",
        "name": "Espaço de Desenvolvimento Infantil Erasmo Carlos",
        "schoolType": "EDI"
      },
      "geometry": {
        "type": "Point",
        "coordinates": [
          -43.6732955,
          -22.92303
        ]
      }
    },
    {
      "type": "Feature",
      "properties": {
        "sourceDatasetId": "data-rio__escolas_municipais__atual",
        "facilityType": "municipal_school",
        "name": "Espaço de Desenvolvimento Infantil Gal Costa",
        "schoolType": "EDI"
      },
      "geometry": {
        "type": "Point",
        "coordinates": [
          -43.6732955,
          -22.92303
        ]
      }
    },
    {
      "type": "Feature",
      "properties": {
        "sourceDatasetId": "data-rio__escolas_municipais__atual",
        "facilityType": "municipal_school",
        "name": "Espaço de Desenvolvimento Infantil Professora Maria Mesquita de Siqueira",
        "schoolType": "EDI"
      },
      "geometry": {
        "type": "Point",
        "coordinates": [
          -43.660717,
          -22.882892
        ]
      }
    },
    {
      "type": "Feature",
      "properties": {
        "sourceDatasetId": "data-rio__escolas_municipais__atual",
        "facilityType": "municipal_school",
        "name": "Núcleo de Arte Avenida dos Desfiles",
        "schoolType": "Núcleo de Arte"
      },
      "geometry": {
        "type": "Point",
        "coordinates": [
          -43.1988255,
          -22.9122311
        ]
      }
    },
    {
      "type": "Feature",
      "properties": {
        "sourceDatasetId": "data-rio__escolas_municipais__atual",
        "facilityType": "municipal_school",
        "name": "Escola Municipal Jonatas Serrano",
        "schoolType": "Escola Municipal"
      },
      "geometry": {
        "type": "Point",
        "coordinates": [
          -43.577409,
          -22.953163
        ]
      }
    },
    {
      "type": "Feature",
      "properties": {
        "sourceDatasetId": "data-rio__escolas_municipais__atual",
        "facilityType": "municipal_school",
        "name": "Escola Municipal Monteiro Lobato",
        "schoolType": "Escola Municipal"
      },
      "geometry": {
        "type": "Point",
        "coordinates": [
          -43.585635,
          -22.972946
        ]
      }
    },
    {
      "type": "Feature",
      "properties": {
        "sourceDatasetId": "data-rio__escolas_municipais__atual",
        "facilityType": "municipal_school",
        "name": "Escola Municipal Professor Castilho",
        "schoolType": "Escola Municipal"
      },
      "geometry": {
        "type": "Point",
        "coordinates": [
          -43.593683,
          -22.994124
        ]
      }
    },
    {
      "type": "Feature",
      "properties": {
        "sourceDatasetId": "data-rio__escolas_municipais__atual",
        "facilityType": "municipal_school",
        "name": "Escola Municipal Leôncio Correia",
        "schoolType": "Escola Municipal"
      },
      "geometry": {
        "type": "Point",
        "coordinates": [
          -43.546294,
          -22.973923
        ]
      }
    },
    {
      "type": "Feature",
      "properties": {
        "sourceDatasetId": "data-rio__escolas_municipais__atual",
        "facilityType": "municipal_school",
        "name": "Escola Municipal Narcisa Amália",
        "schoolType": "Escola Municipal"
      },
      "geometry": {
        "type": "Point",
        "coordinates": [
          -43.537582,
          -23.009084
        ]
      }
    },
    {
      "type": "Feature",
      "properties": {
        "sourceDatasetId": "data-rio__escolas_municipais__atual",
        "facilityType": "municipal_school",
        "name": "Escola Municipal Euclides da Cunha",
        "schoolType": "Escola Municipal"
      },
      "geometry": {
        "type": "Point",
        "coordinates": [
          -43.602535,
          -22.948706
        ]
      }
    },
    {
      "type": "Feature",
      "properties": {
        "sourceDatasetId": "data-rio__escolas_municipais__atual",
        "facilityType": "municipal_school",
        "name": "Escola Municipal Professora Leocádia Torres",
        "schoolType": "Escola Municipal"
      },
      "geometry": {
        "type": "Point",
        "coordinates": [
          -43.637972,
          -22.977196
        ]
      }
    },
    {
      "type": "Feature",
      "properties": {
        "sourceDatasetId": "data-rio__escolas_municipais__atual",
        "facilityType": "municipal_school",
        "name": "Escola Municipal Engenheiro Gastão Rangel",
        "schoolType": "Escola Municipal"
      },
      "geometry": {
        "type": "Point",
        "coordinates": [
          -43.643545,
          -22.98046
        ]
      }
    },
    {
      "type": "Feature",
      "properties": {
        "sourceDatasetId": "data-rio__escolas_municipais__atual",
        "facilityType": "municipal_school",
        "name": "Escola Municipal Padre José Maurício",
        "schoolType": "Escola Municipal"
      },
      "geometry": {
        "type": "Point",
        "coordinates": [
          -43.59778,
          -22.944307
        ]
      }
    },
    {
      "type": "Feature",
      "properties": {
        "sourceDatasetId": "data-rio__escolas_municipais__atual",
        "facilityType": "municipal_school",
        "name": "Escola Municipal Bertha Lutz",
        "schoolType": "Escola Municipal"
      },
      "geometry": {
        "type": "Point",
        "coordinates": [
          -43.67058,
          -22.979064
        ]
      }
    },
    {
      "type": "Feature",
      "properties": {
        "sourceDatasetId": "data-rio__escolas_municipais__atual",
        "facilityType": "municipal_school",
        "name": "Escola Municipal Floripes Angladas Lucas",
        "schoolType": "Escola Municipal"
      },
      "geometry": {
        "type": "Point",
        "coordinates": [
          -43.554884,
          -23.053064
        ]
      }
    },
    {
      "type": "Feature",
      "properties": {
        "sourceDatasetId": "data-rio__escolas_municipais__atual",
        "facilityType": "municipal_school",
        "name": "Escola Municipal Professor Vieira Fazenda",
        "schoolType": "Escola Municipal"
      },
      "geometry": {
        "type": "Point",
        "coordinates": [
          -43.568169,
          -23.061045
        ]
      }
    },
    {
      "type": "Feature",
      "properties": {
        "sourceDatasetId": "data-rio__escolas_municipais__atual",
        "facilityType": "municipal_school",
        "name": "Escola Municipal Ana Neri",
        "schoolType": "Escola Municipal"
      },
      "geometry": {
        "type": "Point",
        "coordinates": [
          -43.567237,
          -23.068073
        ]
      }
    },
    {
      "type": "Feature",
      "properties": {
        "sourceDatasetId": "data-rio__escolas_municipais__atual",
        "facilityType": "municipal_school",
        "name": "Escola Municipal Euclides Roxo",
        "schoolType": "Escola Municipal"
      },
      "geometry": {
        "type": "Point",
        "coordinates": [
          -43.544854,
          -23.019938
        ]
      }
    },
    {
      "type": "Feature",
      "properties": {
        "sourceDatasetId": "data-rio__escolas_municipais__atual",
        "facilityType": "municipal_school",
        "name": "Escola Municipal Nestor Victor",
        "schoolType": "Escola Municipal"
      },
      "geometry": {
        "type": "Point",
        "coordinates": [
          -43.649416,
          -22.995969
        ]
      }
    },
    {
      "type": "Feature",
      "properties": {
        "sourceDatasetId": "data-rio__escolas_municipais__atual",
        "facilityType": "municipal_school",
        "name": "Escola Municipal Deborah Mendes de Moraes",
        "schoolType": "Escola Municipal"
      },
      "geometry": {
        "type": "Point",
        "coordinates": [
          -43.638757,
          -23.001416
        ]
      }
    },
    {
      "type": "Feature",
      "properties": {
        "sourceDatasetId": "data-rio__escolas_municipais__atual",
        "facilityType": "municipal_school",
        "name": "Escola Municipal Giuseppe Melchiori - Padre José",
        "schoolType": "Escola Municipal"
      },
      "geometry": {
        "type": "Point",
        "coordinates": [
          -43.603053,
          -22.94812
        ]
      }
    },
    {
      "type": "Feature",
      "properties": {
        "sourceDatasetId": "data-rio__escolas_municipais__atual",
        "facilityType": "municipal_school",
        "name": "Escola Municipal Emma D'Avila de Camillis",
        "schoolType": "Escola Municipal"
      },
      "geometry": {
        "type": "Point",
        "coordinates": [
          -43.636018,
          -22.986327
        ]
      }
    },
    {
      "type": "Feature",
      "properties": {
        "sourceDatasetId": "data-rio__escolas_municipais__atual",
        "facilityType": "municipal_school",
        "name": "Escola Municipal Professora Maria Helena Sampaio Marques",
        "schoolType": "Escola Municipal"
      },
      "geometry": {
        "type": "Point",
        "coordinates": [
          -43.642739,
          -22.98022
        ]
      }
    },
    {
      "type": "Feature",
      "properties": {
        "sourceDatasetId": "data-rio__escolas_municipais__atual",
        "facilityType": "municipal_school",
        "name": "Escola Municipal Professora Elisa Joaquina Daltro Peixoto",
        "schoolType": "Escola Municipal"
      },
      "geometry": {
        "type": "Point",
        "coordinates": [
          -43.62797,
          -23.001636
        ]
      }
    },
    {
      "type": "Feature",
      "properties": {
        "sourceDatasetId": "data-rio__escolas_municipais__atual",
        "facilityType": "municipal_school",
        "name": "Escola Municipal Professora Myrthes Wenzel",
        "schoolType": "Escola Municipal"
      },
      "geometry": {
        "type": "Point",
        "coordinates": [
          -43.628962,
          -23.004018
        ]
      }
    },
    {
      "type": "Feature",
      "properties": {
        "sourceDatasetId": "data-rio__escolas_municipais__atual",
        "facilityType": "municipal_school",
        "name": "Escola Municipal Tatiana Chagas Memória",
        "schoolType": "Escola Municipal"
      },
      "geometry": {
        "type": "Point",
        "coordinates": [
          -43.608066,
          -22.958388
        ]
      }
    },
    {
      "type": "Feature",
      "properties": {
        "sourceDatasetId": "data-rio__escolas_municipais__atual",
        "facilityType": "municipal_school",
        "name": "Escola Municipal Rivadávia Manoel Pinto",
        "schoolType": "Escola Municipal"
      },
      "geometry": {
        "type": "Point",
        "coordinates": [
          -43.631466,
          -22.998712
        ]
      }
    },
    {
      "type": "Feature",
      "properties": {
        "sourceDatasetId": "data-rio__escolas_municipais__atual",
        "facilityType": "municipal_school",
        "name": "Escola Municipal Doutor Sócrates",
        "schoolType": "Escola Municipal"
      },
      "geometry": {
        "type": "Point",
        "coordinates": [
          -43.607154,
          -22.993691
        ]
      }
    },
    {
      "type": "Feature",
      "properties": {
        "sourceDatasetId": "data-rio__escolas_municipais__atual",
        "facilityType": "municipal_school",
        "name": "Escola Municipal Paulo Vanzolini",
        "schoolType": "Escola Municipal"
      },
      "geometry": {
        "type": "Point",
        "coordinates": [
          -43.670208,
          -22.979218
        ]
      }
    },
    {
      "type": "Feature",
      "properties": {
        "sourceDatasetId": "data-rio__escolas_municipais__atual",
        "facilityType": "municipal_school",
        "name": "Escola Municipal Ginásio Professor Jorge Luiz Itaboraí de Almeida",
        "schoolType": "Escola Municipal"
      },
      "geometry": {
        "type": "Point",
        "coordinates": [
          -43.670658,
          -22.976553
        ]
      }
    },
    {
      "type": "Feature",
      "properties": {
        "sourceDatasetId": "data-rio__escolas_municipais__atual",
        "facilityType": "municipal_school",
        "name": "Escola Municipal Ginásio Professor Ari Marques Pontes",
        "schoolType": "Escola Municipal"
      },
      "geometry": {
        "type": "Point",
        "coordinates": [
          -43.58247,
          -22.940691
        ]
      }
    },
    {
      "type": "Feature",
      "properties": {
        "sourceDatasetId": "data-rio__escolas_municipais__atual",
        "facilityType": "municipal_school",
        "name": "Escola Municipal Ginásio Medalhista Olímpica Bárbara Seixas",
        "schoolType": "Escola Municipal"
      },
      "geometry": {
        "type": "Point",
        "coordinates": [
          -43.626869,
          -22.98548
        ]
      }
    },
    {
      "type": "Feature",
      "properties": {
        "sourceDatasetId": "data-rio__escolas_municipais__atual",
        "facilityType": "municipal_school",
        "name": "Ciep Posseiro Mário Vaz",
        "schoolType": "CIEP"
      },
      "geometry": {
        "type": "Point",
        "coordinates": [
          -43.609678,
          -22.963753
        ]
      }
    },
    {
      "type": "Feature",
      "properties": {
        "sourceDatasetId": "data-rio__escolas_municipais__atual",
        "facilityType": "municipal_school",
        "name": "Ciep Hildebrando de Araujo Goes",
        "schoolType": "CIEP"
      },
      "geometry": {
        "type": "Point",
        "coordinates": [
          -43.648171,
          -22.974506
        ]
      }
    },
    {
      "type": "Feature",
      "properties": {
        "sourceDatasetId": "data-rio__escolas_municipais__atual",
        "facilityType": "municipal_school",
        "name": "Creche Municipal Sonho de Criança",
        "schoolType": "Creche Municipal"
      },
      "geometry": {
        "type": "Point",
        "coordinates": [
          -43.590149,
          -22.972751
        ]
      }
    },
    {
      "type": "Feature",
      "properties": {
        "sourceDatasetId": "data-rio__escolas_municipais__atual",
        "facilityType": "municipal_school",
        "name": "Creche Municipal Nossa Senhora da Glória",
        "schoolType": "Creche Municipal"
      },
      "geometry": {
        "type": "Point",
        "coordinates": [
          -43.612145,
          -22.999508
        ]
      }
    },
    {
      "type": "Feature",
      "properties": {
        "sourceDatasetId": "data-rio__escolas_municipais__atual",
        "facilityType": "municipal_school",
        "name": "Creche Municipal Sempre Vida Colônia dos Pescadores",
        "schoolType": "Creche Municipal"
      },
      "geometry": {
        "type": "Point",
        "coordinates": [
          -43.637411,
          -23.00073
        ]
      }
    },
    {
      "type": "Feature",
      "properties": {
        "sourceDatasetId": "data-rio__escolas_municipais__atual",
        "facilityType": "municipal_school",
        "name": "Creche Municipal Josepha Ferreira da Costa",
        "schoolType": "Creche Municipal"
      },
      "geometry": {
        "type": "Point",
        "coordinates": [
          -43.582599,
          -22.954726
        ]
      }
    },
    {
      "type": "Feature",
      "properties": {
        "sourceDatasetId": "data-rio__escolas_municipais__atual",
        "facilityType": "municipal_school",
        "name": "Espaço de Desenvolvimento Infantil Samira Pires Ribeiro",
        "schoolType": "EDI"
      },
      "geometry": {
        "type": "Point",
        "coordinates": [
          -43.659773,
          -22.984621
        ]
      }
    },
    {
      "type": "Feature",
      "properties": {
        "sourceDatasetId": "data-rio__escolas_municipais__atual",
        "facilityType": "municipal_school",
        "name": "Espaço de Desenvolvimento Infantil Professor Marcos Flamínio Portugal Pinto",
        "schoolType": "EDI"
      },
      "geometry": {
        "type": "Point",
        "coordinates": [
          -43.644506,
          -22.981152
        ]
      }
    },
    {
      "type": "Feature",
      "properties": {
        "sourceDatasetId": "data-rio__escolas_municipais__atual",
        "facilityType": "municipal_school",
        "name": "Espaço de Desenvolvimento Infantil Padre Carlos Henrique de Souza",
        "schoolType": "EDI"
      },
      "geometry": {
        "type": "Point",
        "coordinates": [
          -43.610407,
          -22.963643
        ]
      }
    },
    {
      "type": "Feature",
      "properties": {
        "sourceDatasetId": "data-rio__escolas_municipais__atual",
        "facilityType": "municipal_school",
        "name": "Espaço de Desenvolvimento Infantil Professora Luzia Maria Moreira do Nascimento",
        "schoolType": "EDI"
      },
      "geometry": {
        "type": "Point",
        "coordinates": [
          -43.58917,
          -22.96767
        ]
      }
    },
    {
      "type": "Feature",
      "properties": {
        "sourceDatasetId": "data-rio__escolas_municipais__atual",
        "facilityType": "municipal_school",
        "name": "Espaço de Desenvolvimento Infantil Medalhista Olímpico Izaquias Queiroz",
        "schoolType": "EDI"
      },
      "geometry": {
        "type": "Point",
        "coordinates": [
          -43.582757,
          -22.942744
        ]
      }
    },
    {
      "type": "Feature",
      "properties": {
        "sourceDatasetId": "data-rio__escolas_municipais__atual",
        "facilityType": "municipal_school",
        "name": "Espaço de Desenvolvimento Infantil Medalhista Felipe Wu",
        "schoolType": "EDI"
      },
      "geometry": {
        "type": "Point",
        "coordinates": [
          -43.645917,
          -22.983841
        ]
      }
    },
    {
      "type": "Feature",
      "properties": {
        "sourceDatasetId": "data-rio__escolas_municipais__atual",
        "facilityType": "municipal_school",
        "name": "Espaço de Desenvolvimento Infantil Alfredo Fernando Vaz Guimarães Junior",
        "schoolType": "EDI"
      },
      "geometry": {
        "type": "Point",
        "coordinates": [
          -43.608041,
          -22.958121
        ]
      }
    },
    {
      "type": "Feature",
      "properties": {
        "sourceDatasetId": "data-rio__escolas_municipais__atual",
        "facilityType": "municipal_school",
        "name": "Espaço de Desenvolvimento Infantil Medalhista Paralímpico Ricardo Costa de Oliveira",
        "schoolType": "EDI"
      },
      "geometry": {
        "type": "Point",
        "coordinates": [
          -43.610268,
          -22.964108
        ]
      }
    },
    {
      "type": "Feature",
      "properties": {
        "sourceDatasetId": "data-rio__escolas_municipais__atual",
        "facilityType": "municipal_school",
        "name": "Espaço de Desenvolvimento Infantil Alcebíades Franscisco Rosa",
        "schoolType": "EDI"
      },
      "geometry": {
        "type": "Point",
        "coordinates": [
          -43.648574,
          -22.974412
        ]
      }
    },
    {
      "type": "Feature",
      "properties": {
        "sourceDatasetId": "data-rio__escolas_municipais__atual",
        "facilityType": "municipal_school",
        "name": "Espaço de Desenvolvimento Infantil Germano Thomé de Oliveira",
        "schoolType": "EDI"
      },
      "geometry": {
        "type": "Point",
        "coordinates": [
          -43.628916,
          -22.986274
        ]
      }
    },
    {
      "type": "Feature",
      "properties": {
        "sourceDatasetId": "data-rio__escolas_municipais__atual",
        "facilityType": "municipal_school",
        "name": "Escola Municipal Cuba",
        "schoolType": "Escola Municipal"
      },
      "geometry": {
        "type": "Point",
        "coordinates": [
          -43.173899,
          -22.8212
        ]
      }
    },
    {
      "type": "Feature",
      "properties": {
        "sourceDatasetId": "data-rio__escolas_municipais__atual",
        "facilityType": "municipal_school",
        "name": "Escola Municipal Cândido Portinari",
        "schoolType": "Escola Municipal"
      },
      "geometry": {
        "type": "Point",
        "coordinates": [
          -43.179587,
          -22.818702
        ]
      }
    },
    {
      "type": "Feature",
      "properties": {
        "sourceDatasetId": "data-rio__escolas_municipais__atual",
        "facilityType": "municipal_school",
        "name": "Escola Municipal Abeilard Feijó",
        "schoolType": "Escola Municipal"
      },
      "geometry": {
        "type": "Point",
        "coordinates": [
          -43.181558,
          -22.807692
        ]
      }
    },
    {
      "type": "Feature",
      "properties": {
        "sourceDatasetId": "data-rio__escolas_municipais__atual",
        "facilityType": "municipal_school",
        "name": "Escola Municipal Jornalista Orlando Dantas",
        "schoolType": "Escola Municipal"
      },
      "geometry": {
        "type": "Point",
        "coordinates": [
          -43.182416,
          -22.791119
        ]
      }
    },
    {
      "type": "Feature",
      "properties": {
        "sourceDatasetId": "data-rio__escolas_municipais__atual",
        "facilityType": "municipal_school",
        "name": "Escola Municipal Dunshee de Abranches",
        "schoolType": "Escola Municipal"
      },
      "geometry": {
        "type": "Point",
        "coordinates": [
          -43.182771,
          -22.790375
        ]
      }
    },
    {
      "type": "Feature",
      "properties": {
        "sourceDatasetId": "data-rio__escolas_municipais__atual",
        "facilityType": "municipal_school",
        "name": "Escola Municipal Amadeu Rocha",
        "schoolType": "Escola Municipal"
      },
      "geometry": {
        "type": "Point",
        "coordinates": [
          -43.176235,
          -22.795217
        ]
      }
    },
    {
      "type": "Feature",
      "properties": {
        "sourceDatasetId": "data-rio__escolas_municipais__atual",
        "facilityType": "municipal_school",
        "name": "Escola Municipal Rotary",
        "schoolType": "Escola Municipal"
      },
      "geometry": {
        "type": "Point",
        "coordinates": [
          -43.173169,
          -22.794401
        ]
      }
    },
    {
      "type": "Feature",
      "properties": {
        "sourceDatasetId": "data-rio__escolas_municipais__atual",
        "facilityType": "municipal_school",
        "name": "Escola Municipal Álvaro Moreira",
        "schoolType": "Escola Municipal"
      },
      "geometry": {
        "type": "Point",
        "coordinates": [
          -43.196551,
          -22.810048
        ]
      }
    },
    {
      "type": "Feature",
      "properties": {
        "sourceDatasetId": "data-rio__escolas_municipais__atual",
        "facilityType": "municipal_school",
        "name": "Escola Municipal Padre José de Anchieta",
        "schoolType": "Escola Municipal"
      },
      "geometry": {
        "type": "Point",
        "coordinates": [
          -43.200636,
          -22.814729
        ]
      }
    },
    {
      "type": "Feature",
      "properties": {
        "sourceDatasetId": "data-rio__escolas_municipais__atual",
        "facilityType": "municipal_school",
        "name": "Escola Municipal Costa Rica",
        "schoolType": "Escola Municipal"
      },
      "geometry": {
        "type": "Point",
        "coordinates": [
          -43.197187,
          -22.816508
        ]
      }
    },
    {
      "type": "Feature",
      "properties": {
        "sourceDatasetId": "data-rio__escolas_municipais__atual",
        "facilityType": "municipal_school",
        "name": "Escola Municipal Brigadeiro Eduardo Gomes",
        "schoolType": "Escola Municipal"
      },
      "geometry": {
        "type": "Point",
        "coordinates": [
          -43.207056,
          -22.809937
        ]
      }
    },
    {
      "type": "Feature",
      "properties": {
        "sourceDatasetId": "data-rio__escolas_municipais__atual",
        "facilityType": "municipal_school",
        "name": "Escola Municipal Alice Tibiriçá",
        "schoolType": "Escola Municipal"
      },
      "geometry": {
        "type": "Point",
        "coordinates": [
          -43.189405,
          -22.802207
        ]
      }
    },
    {
      "type": "Feature",
      "properties": {
        "sourceDatasetId": "data-rio__escolas_municipais__atual",
        "facilityType": "municipal_school",
        "name": "Escola Municipal Holanda",
        "schoolType": "Escola Municipal"
      },
      "geometry": {
        "type": "Point",
        "coordinates": [
          -43.192732,
          -22.80549
        ]
      }
    },
    {
      "type": "Feature",
      "properties": {
        "sourceDatasetId": "data-rio__escolas_municipais__atual",
        "facilityType": "municipal_school",
        "name": "Escola Municipal Leonel Azevedo",
        "schoolType": "Escola Municipal"
      },
      "geometry": {
        "type": "Point",
        "coordinates": [
          -43.201999,
          -22.798666
        ]
      }
    },
    {
      "type": "Feature",
      "properties": {
        "sourceDatasetId": "data-rio__escolas_municipais__atual",
        "facilityType": "municipal_school",
        "name": "Escola Municipal Sun-Yat-Sen",
        "schoolType": "Escola Municipal"
      },
      "geometry": {
        "type": "Point",
        "coordinates": [
          -43.182908,
          -22.792241
        ]
      }
    },
    {
      "type": "Feature",
      "properties": {
        "sourceDatasetId": "data-rio__escolas_municipais__atual",
        "facilityType": "municipal_school",
        "name": "Escola Municipal Capitão de Fragata Didier Barbosa Vianna",
        "schoolType": "Escola Municipal"
      },
      "geometry": {
        "type": "Point",
        "coordinates": [
          -43.182129,
          -22.797355
        ]
      }
    },
    {
      "type": "Feature",
      "properties": {
        "sourceDatasetId": "data-rio__escolas_municipais__atual",
        "facilityType": "municipal_school",
        "name": "Escola Municipal Magdalena Tagliaferro",
        "schoolType": "Escola Municipal"
      },
      "geometry": {
        "type": "Point",
        "coordinates": [
          -43.179882,
          -22.797397
        ]
      }
    },
    {
      "type": "Feature",
      "properties": {
        "sourceDatasetId": "data-rio__escolas_municipais__atual",
        "facilityType": "municipal_school",
        "name": "Escola Municipal Rodrigo Otávio",
        "schoolType": "Escola Municipal"
      },
      "geometry": {
        "type": "Point",
        "coordinates": [
          -43.198946,
          -22.798511
        ]
      }
    },
    {
      "type": "Feature",
      "properties": {
        "sourceDatasetId": "data-rio__escolas_municipais__atual",
        "facilityType": "municipal_school",
        "name": "Escola Municipal Belmiro Medeiros",
        "schoolType": "Escola Municipal"
      },
      "geometry": {
        "type": "Point",
        "coordinates": [
          -43.19944,
          -22.798529
        ]
      }
    },
    {
      "type": "Feature",
      "properties": {
        "sourceDatasetId": "data-rio__escolas_municipais__atual",
        "facilityType": "municipal_school",
        "name": "Escola Municipal Gurgel do Amaral",
        "schoolType": "Escola Municipal"
      },
      "geometry": {
        "type": "Point",
        "coordinates": [
          -43.207155,
          -22.799352
        ]
      }
    },
    {
      "type": "Feature",
      "properties": {
        "sourceDatasetId": "data-rio__escolas_municipais__atual",
        "facilityType": "municipal_school",
        "name": "Escola Municipal Maestro Francisco Braga",
        "schoolType": "Escola Municipal"
      },
      "geometry": {
        "type": "Point",
        "coordinates": [
          -43.209647,
          -22.799746
        ]
      }
    },
    {
      "type": "Feature",
      "properties": {
        "sourceDatasetId": "data-rio__escolas_municipais__atual",
        "facilityType": "municipal_school",
        "name": "Escola Especial Municipal Rotary Club",
        "schoolType": "Escola Especial Municipal"
      },
      "geometry": {
        "type": "Point",
        "coordinates": [
          -43.207847,
          -22.80589
        ]
      }
    },
    {
      "type": "Feature",
      "properties": {
        "sourceDatasetId": "data-rio__escolas_municipais__atual",
        "facilityType": "municipal_school",
        "name": "Escola Municipal Anita Garibaldi",
        "schoolType": "Escola Municipal"
      },
      "geometry": {
        "type": "Point",
        "coordinates": [
          -43.225967,
          -22.815859
        ]
      }
    },
    {
      "type": "Feature",
      "properties": {
        "sourceDatasetId": "data-rio__escolas_municipais__atual",
        "facilityType": "municipal_school",
        "name": "Escola Municipal Alberto de Oliveira",
        "schoolType": "Escola Municipal"
      },
      "geometry": {
        "type": "Point",
        "coordinates": [
          -43.237759,
          -22.812208
        ]
      }
    },
    {
      "type": "Feature",
      "properties": {
        "sourceDatasetId": "data-rio__escolas_municipais__atual",
        "facilityType": "municipal_school",
        "name": "Escola Municipal Comandante Guilherme Fischer Presser",
        "schoolType": "Escola Municipal"
      },
      "geometry": {
        "type": "Point",
        "coordinates": [
          -43.225831,
          -22.785986
        ]
      }
    },
    {
      "type": "Feature",
      "properties": {
        "sourceDatasetId": "data-rio__escolas_municipais__atual",
        "facilityType": "municipal_school",
        "name": "Escola Municipal Professora Lavínia de Oliveira Escragnolle Dória",
        "schoolType": "Escola Municipal"
      },
      "geometry": {
        "type": "Point",
        "coordinates": [
          -43.226197,
          -22.816801
        ]
      }
    },
    {
      "type": "Feature",
      "properties": {
        "sourceDatasetId": "data-rio__escolas_municipais__atual",
        "facilityType": "municipal_school",
        "name": "Escola Municipal Tenente Antônio João",
        "schoolType": "Escola Municipal"
      },
      "geometry": {
        "type": "Point",
        "coordinates": [
          -43.21873,
          -22.859893
        ]
      }
    },
    {
      "type": "Feature",
      "properties": {
        "sourceDatasetId": "data-rio__escolas_municipais__atual",
        "facilityType": "municipal_school",
        "name": "Escola Municipal Conjunto Praia da Bandeira",
        "schoolType": "Escola Municipal"
      },
      "geometry": {
        "type": "Point",
        "coordinates": [
          -43.180222,
          -22.809468
        ]
      }
    },
    {
      "type": "Feature",
      "properties": {
        "sourceDatasetId": "data-rio__escolas_municipais__atual",
        "facilityType": "municipal_school",
        "name": "Escola Municipal Nelson Prudêncio",
        "schoolType": "Escola Municipal"
      },
      "geometry": {
        "type": "Point",
        "coordinates": [
          -43.186302,
          -22.816756
        ]
      }
    },
    {
      "type": "Feature",
      "properties": {
        "sourceDatasetId": "data-rio__escolas_municipais__atual",
        "facilityType": "municipal_school",
        "name": "Ciep Olga Benário Prestes",
        "schoolType": "CIEP"
      },
      "geometry": {
        "type": "Point",
        "coordinates": [
          -43.182585,
          -22.814275
        ]
      }
    },
    {
      "type": "Feature",
      "properties": {
        "sourceDatasetId": "data-rio__escolas_municipais__atual",
        "facilityType": "municipal_school",
        "name": "Escola Municipal Anísio Teixeira",
        "schoolType": "Escola Municipal"
      },
      "geometry": {
        "type": "Point",
        "coordinates": [
          -43.209658,
          -22.812441
        ]
      }
    },
    {
      "type": "Feature",
      "properties": {
        "sourceDatasetId": "data-rio__escolas_municipais__atual",
        "facilityType": "municipal_school",
        "name": "Ciep João Mangabeira",
        "schoolType": "CIEP"
      },
      "geometry": {
        "type": "Point",
        "coordinates": [
          -43.184212,
          -22.788105
        ]
      }
    },
    {
      "type": "Feature",
      "properties": {
        "sourceDatasetId": "data-rio__escolas_municipais__atual",
        "facilityType": "municipal_school",
        "name": "Ciep Doutor João Ramos de Souza",
        "schoolType": "CIEP"
      },
      "geometry": {
        "type": "Point",
        "coordinates": [
          -43.203452,
          -22.796122
        ]
      }
    },
    {
      "type": "Feature",
      "properties": {
        "sourceDatasetId": "data-rio__escolas_municipais__atual",
        "facilityType": "municipal_school",
        "name": "Creche Municipal Stella Maris",
        "schoolType": "Creche Municipal"
      },
      "geometry": {
        "type": "Point",
        "coordinates": [
          -43.239865,
          -22.80497
        ]
      }
    },
    {
      "type": "Feature",
      "properties": {
        "sourceDatasetId": "data-rio__escolas_municipais__atual",
        "facilityType": "municipal_school",
        "name": "Creche Municipal Cora Coralina",
        "schoolType": "Creche Municipal"
      },
      "geometry": {
        "type": "Point",
        "coordinates": [
          -43.190965,
          -22.796641
        ]
      }
    },
    {
      "type": "Feature",
      "properties": {
        "sourceDatasetId": "data-rio__escolas_municipais__atual",
        "facilityType": "municipal_school",
        "name": "Creche Municipal Doutor Antônio Monteiro",
        "schoolType": "Creche Municipal"
      },
      "geometry": {
        "type": "Point",
        "coordinates": [
          -43.209615,
          -22.795669
        ]
      }
    },
    {
      "type": "Feature",
      "properties": {
        "sourceDatasetId": "data-rio__escolas_municipais__atual",
        "facilityType": "municipal_school",
        "name": "Creche Municipal Maria Arminda F. Souza Aguiar",
        "schoolType": "Creche Municipal"
      },
      "geometry": {
        "type": "Point",
        "coordinates": [
          -43.186716,
          -22.786565
        ]
      }
    },
    {
      "type": "Feature",
      "properties": {
        "sourceDatasetId": "data-rio__escolas_municipais__atual",
        "facilityType": "municipal_school",
        "name": "Creche Municipal Sempre Vida Loreto",
        "schoolType": "Creche Municipal"
      },
      "geometry": {
        "type": "Point",
        "coordinates": [
          -43.225622,
          -22.814814
        ]
      }
    },
    {
      "type": "Feature",
      "properties": {
        "sourceDatasetId": "data-rio__escolas_municipais__atual",
        "facilityType": "municipal_school",
        "name": "Creche Municipal Tauá",
        "schoolType": "Creche Municipal"
      },
      "geometry": {
        "type": "Point",
        "coordinates": [
          -43.1796,
          -22.796875
        ]
      }
    },
    {
      "type": "Feature",
      "properties": {
        "sourceDatasetId": "data-rio__escolas_municipais__atual",
        "facilityType": "municipal_school",
        "name": "Espaço de Desenvolvimento Infantil José de Souza Ramos",
        "schoolType": "EDI"
      },
      "geometry": {
        "type": "Point",
        "coordinates": [
          -43.1932,
          -22.805503
        ]
      }
    },
    {
      "type": "Feature",
      "properties": {
        "sourceDatasetId": "data-rio__escolas_municipais__atual",
        "facilityType": "municipal_school",
        "name": "Espaço de Desenvolvimento Infantil Neusa Maria Goulart Brizola",
        "schoolType": "EDI"
      },
      "geometry": {
        "type": "Point",
        "coordinates": [
          -43.185002,
          -22.788537
        ]
      }
    },
    {
      "type": "Feature",
      "properties": {
        "sourceDatasetId": "data-rio__escolas_municipais__atual",
        "facilityType": "municipal_school",
        "name": "Espaço de Desenvolvimento Infantil Tenente Pedro de Lima Mendes",
        "schoolType": "EDI"
      },
      "geometry": {
        "type": "Point",
        "coordinates": [
          -43.227872,
          -22.818001
        ]
      }
    },
    {
      "type": "Feature",
      "properties": {
        "sourceDatasetId": "data-rio__escolas_municipais__atual",
        "facilityType": "municipal_school",
        "name": "Espaço de Desenvolvimento Infantil Professora Anna Maria Jesus Conceição",
        "schoolType": "EDI"
      },
      "geometry": {
        "type": "Point",
        "coordinates": [
          -43.175142,
          -22.787578
        ]
      }
    },
    {
      "type": "Feature",
      "properties": {
        "sourceDatasetId": "data-rio__escolas_municipais__atual",
        "facilityType": "municipal_school",
        "name": "CENTRO MUNICIPAL DE REFERÊNCIA DE EDUCAÇÃO DE JOVENS E ADULTOS",
        "schoolType": "Centro Municipal de Referência de Educação de Jovens e Adultos"
      },
      "geometry": {
        "type": "Point",
        "coordinates": [
          -43.181774,
          -22.903201
        ]
      }
    },
    {
      "type": "Feature",
      "properties": {
        "sourceDatasetId": "data-rio__escolas_municipais__atual",
        "facilityType": "municipal_school",
        "name": "Núcleo de Arte Copacabana",
        "schoolType": "Núcleo de Arte"
      },
      "geometry": {
        "type": "Point",
        "coordinates": [
          -43.1826744,
          -22.9652626
        ]
      }
    },
    {
      "type": "Feature",
      "properties": {
        "sourceDatasetId": "data-rio__escolas_municipais__atual",
        "facilityType": "municipal_school",
        "name": "Núcleo de Arte Leblon",
        "schoolType": "Núcleo de Arte"
      },
      "geometry": {
        "type": "Point",
        "coordinates": [
          -43.220082,
          -22.9791589
        ]
      }
    },
    {
      "type": "Feature",
      "properties": {
        "sourceDatasetId": "data-rio__escolas_municipais__atual",
        "facilityType": "municipal_school",
        "name": "Clube Escolar Engenho de Dentro",
        "schoolType": "Clube Escolar"
      },
      "geometry": {
        "type": "Point",
        "coordinates": [
          -43.3007744,
          -22.901564
        ]
      }
    },
    {
      "type": "Feature",
      "properties": {
        "sourceDatasetId": "data-rio__escolas_municipais__atual",
        "facilityType": "municipal_school",
        "name": "Núcleo de Arte Nise da Silveira",
        "schoolType": "Núcleo de Arte"
      },
      "geometry": {
        "type": "Point",
        "coordinates": [
          -43.2628264,
          -22.8728879
        ]
      }
    },
    {
      "type": "Feature",
      "properties": {
        "sourceDatasetId": "data-rio__escolas_municipais__atual",
        "facilityType": "municipal_school",
        "name": "Núcleo de Arte Grécia",
        "schoolType": "Núcleo de Arte"
      },
      "geometry": {
        "type": "Point",
        "coordinates": [
          -43.3125866,
          -22.8373368
        ]
      }
    },
    {
      "type": "Feature",
      "properties": {
        "sourceDatasetId": "data-rio__escolas_municipais__atual",
        "facilityType": "municipal_school",
        "name": "Clube Escolar Pavuna",
        "schoolType": "Clube Escolar"
      },
      "geometry": {
        "type": "Point",
        "coordinates": [
          -43.356579,
          -22.809463
        ]
      }
    },
    {
      "type": "Feature",
      "properties": {
        "sourceDatasetId": "data-rio__escolas_municipais__atual",
        "facilityType": "municipal_school",
        "name": "Núcleo de Arte Sebastião Bernardes de Souza Prata - Grande Otelo",
        "schoolType": "Núcleo de Arte"
      },
      "geometry": {
        "type": "Point",
        "coordinates": [
          -43.405257,
          -22.831435
        ]
      }
    },
    {
      "type": "Feature",
      "properties": {
        "sourceDatasetId": "data-rio__escolas_municipais__atual",
        "facilityType": "municipal_school",
        "name": "Núcleo de Arte Silveira Sampaio",
        "schoolType": "Núcleo de Arte"
      },
      "geometry": {
        "type": "Point",
        "coordinates": [
          -43.39038,
          -22.94952
        ]
      }
    },
    {
      "type": "Feature",
      "properties": {
        "sourceDatasetId": "data-rio__escolas_municipais__atual",
        "facilityType": "municipal_school",
        "name": "Clube Escolar Rio das Pedras",
        "schoolType": "Clube Escolar"
      },
      "geometry": {
        "type": "Point",
        "coordinates": [
          -43.38258,
          -22.95328
        ]
      }
    },
    {
      "type": "Feature",
      "properties": {
        "sourceDatasetId": "data-rio__escolas_municipais__atual",
        "facilityType": "municipal_school",
        "name": "Clube Escolar Ayrton Senna da Silva",
        "schoolType": "Clube Escolar"
      },
      "geometry": {
        "type": "Point",
        "coordinates": [
          -43.33455,
          -22.96922
        ]
      }
    },
    {
      "type": "Feature",
      "properties": {
        "sourceDatasetId": "data-rio__escolas_municipais__atual",
        "facilityType": "municipal_school",
        "name": "Clube Escolar Vila Valqueire",
        "schoolType": "Clube Escolar"
      },
      "geometry": {
        "type": "Point",
        "coordinates": [
          -43.37223,
          -22.88536
        ]
      }
    },
    {
      "type": "Feature",
      "properties": {
        "sourceDatasetId": "data-rio__escolas_municipais__atual",
        "facilityType": "municipal_school",
        "name": "Núcleo de Arte Professor Albert Einstein",
        "schoolType": "Núcleo de Arte"
      },
      "geometry": {
        "type": "Point",
        "coordinates": [
          -43.38372,
          -23.00262
        ]
      }
    },
    {
      "type": "Feature",
      "properties": {
        "sourceDatasetId": "data-rio__escolas_municipais__atual",
        "facilityType": "municipal_school",
        "name": "Polo de Educação pelo Trabalho Presidente Médici",
        "schoolType": "Polo de Educação pelo Trabalho"
      },
      "geometry": {
        "type": "Point",
        "coordinates": [
          -43.48472,
          -22.87892
        ]
      }
    },
    {
      "type": "Feature",
      "properties": {
        "sourceDatasetId": "data-rio__escolas_municipais__atual",
        "facilityType": "municipal_school",
        "name": "Núcleo de Arte Dr. Dilson Francisco de Alvarenga Menezes",
        "schoolType": "Núcleo de Arte"
      },
      "geometry": {
        "type": "Point",
        "coordinates": [
          -43.619162,
          -22.912501
        ]
      }
    },
    {
      "type": "Feature",
      "properties": {
        "sourceDatasetId": "data-rio__escolas_municipais__atual",
        "facilityType": "municipal_school",
        "name": "Clube Escolar Fundão",
        "schoolType": "Clube Escolar"
      },
      "geometry": {
        "type": "Point",
        "coordinates": [
          -43.24108,
          -22.83862
        ]
      }
    },
    {
      "type": "Feature",
      "properties": {
        "sourceDatasetId": "data-rio__servicos_saude__atual",
        "facilityType": "health_service",
        "name": "SMS CF OLIMPIA ESTEVES",
        "category": "Serviços de Saúde",
        "subcategory": "Clínica da Família",
        "neighborhoodName": ""
      },
      "geometry": {
        "type": "Point",
        "coordinates": [
          -43.446829,
          -22.888443
        ]
      }
    },
    {
      "type": "Feature",
      "properties": {
        "sourceDatasetId": "data-rio__servicos_saude__atual",
        "facilityType": "health_service",
        "name": "SMS CF ROSINO BACCARINI",
        "category": "Serviços de Saúde",
        "subcategory": "Clínica da Família",
        "neighborhoodName": ""
      },
      "geometry": {
        "type": "Point",
        "coordinates": [
          -43.463424,
          -22.854804
        ]
      }
    },
    {
      "type": "Feature",
      "properties": {
        "sourceDatasetId": "data-rio__servicos_saude__atual",
        "facilityType": "health_service",
        "name": "SMS CF KELLY CRISTINA DE SA LACERDA SILVA",
        "category": "Serviços de Saúde",
        "subcategory": "Clínica da Família",
        "neighborhoodName": ""
      },
      "geometry": {
        "type": "Point",
        "coordinates": [
          -43.481999,
          -22.88738
        ]
      }
    },
    {
      "type": "Feature",
      "properties": {
        "sourceDatasetId": "data-rio__servicos_saude__atual",
        "facilityType": "health_service",
        "name": "SMS CF ROGERIO PINTO DA MOTA",
        "category": "Serviços de Saúde",
        "subcategory": "Clínica da Família",
        "neighborhoodName": ""
      },
      "geometry": {
        "type": "Point",
        "coordinates": [
          -43.415246,
          -22.88487
        ]
      }
    },
    {
      "type": "Feature",
      "properties": {
        "sourceDatasetId": "data-rio__servicos_saude__atual",
        "facilityType": "health_service",
        "name": "SMS CF NILDO EYMAR DE ALMEIDA AGUIAR",
        "category": "Serviços de Saúde",
        "subcategory": "Clínica da Família",
        "neighborhoodName": ""
      },
      "geometry": {
        "type": "Point",
        "coordinates": [
          -43.444878,
          -22.86275
        ]
      }
    },
    {
      "type": "Feature",
      "properties": {
        "sourceDatasetId": "data-rio__servicos_saude__atual",
        "facilityType": "health_service",
        "name": "SMS CF SANDRA REGINA SAMPAIO DE SOUZA",
        "category": "Serviços de Saúde",
        "subcategory": "Clínica da Família",
        "neighborhoodName": ""
      },
      "geometry": {
        "type": "Point",
        "coordinates": [
          -43.487398,
          -22.882392
        ]
      }
    },
    {
      "type": "Feature",
      "properties": {
        "sourceDatasetId": "data-rio__servicos_saude__atual",
        "facilityType": "health_service",
        "name": "SMS CF PADRE JOHN CRIBBIN (PADRE JOAO)",
        "category": "Serviços de Saúde",
        "subcategory": "Clínica da Família",
        "neighborhoodName": ""
      },
      "geometry": {
        "type": "Point",
        "coordinates": [
          -43.41915,
          -22.893502
        ]
      }
    },
    {
      "type": "Feature",
      "properties": {
        "sourceDatasetId": "data-rio__servicos_saude__atual",
        "facilityType": "health_service",
        "name": "SMS CF ARMANDO PALHARES AGUINAGA",
        "category": "Serviços de Saúde",
        "subcategory": "Clínica da Família",
        "neighborhoodName": ""
      },
      "geometry": {
        "type": "Point",
        "coordinates": [
          -43.429973,
          -22.878673
        ]
      }
    },
    {
      "type": "Feature",
      "properties": {
        "sourceDatasetId": "data-rio__servicos_saude__atual",
        "facilityType": "health_service",
        "name": "SMS CF MARIA JOSE DE SOUSA BARBOSA",
        "category": "Serviços de Saúde",
        "subcategory": "Clínica da Família",
        "neighborhoodName": ""
      },
      "geometry": {
        "type": "Point",
        "coordinates": [
          -43.474752,
          -22.864214
        ]
      }
    },
    {
      "type": "Feature",
      "properties": {
        "sourceDatasetId": "data-rio__servicos_saude__atual",
        "facilityType": "health_service",
        "name": "SMS CF CRISTIANI VIEIRA PINHO",
        "category": "Serviços de Saúde",
        "subcategory": "Clínica da Família",
        "neighborhoodName": ""
      },
      "geometry": {
        "type": "Point",
        "coordinates": [
          -43.465417,
          -22.888278
        ]
      }
    },
    {
      "type": "Feature",
      "properties": {
        "sourceDatasetId": "data-rio__servicos_saude__atual",
        "facilityType": "health_service",
        "name": "SMS CF FIORELLO RAYMUNDO",
        "category": "Serviços de Saúde",
        "subcategory": "Clínica da Família",
        "neighborhoodName": ""
      },
      "geometry": {
        "type": "Point",
        "coordinates": [
          -43.457111,
          -22.867924
        ]
      }
    },
    {
      "type": "Feature",
      "properties": {
        "sourceDatasetId": "data-rio__servicos_saude__atual",
        "facilityType": "health_service",
        "name": "SMS CF ROMULO CARLOS TEIXEIRA",
        "category": "Serviços de Saúde",
        "subcategory": "Clínica da Família",
        "neighborhoodName": ""
      },
      "geometry": {
        "type": "Point",
        "coordinates": [
          -43.431586,
          -22.88758
        ]
      }
    },
    {
      "type": "Feature",
      "properties": {
        "sourceDatasetId": "data-rio__servicos_saude__atual",
        "facilityType": "health_service",
        "name": "SMS CF ANTONIO GONCALVES DA SILVA",
        "category": "Serviços de Saúde",
        "subcategory": "Clínica da Família",
        "neighborhoodName": ""
      },
      "geometry": {
        "type": "Point",
        "coordinates": [
          -43.425579,
          -22.866118
        ]
      }
    },
    {
      "type": "Feature",
      "properties": {
        "sourceDatasetId": "data-rio__servicos_saude__atual",
        "facilityType": "health_service",
        "name": "SMS CF AGENOR DE MIRANDA ARAUJO NETO",
        "category": "Serviço de Saúde",
        "subcategory": "Clínica da Família",
        "neighborhoodName": "Campo Grande"
      },
      "geometry": {
        "type": "Point",
        "coordinates": [
          -43.5764016,
          -22.9464169
        ]
      }
    },
    {
      "type": "Feature",
      "properties": {
        "sourceDatasetId": "data-rio__servicos_saude__atual",
        "facilityType": "health_service",
        "name": "SMS CF ALKINDAR SOARES PEREIRA FILHO",
        "category": "Serviço de Saúde",
        "subcategory": "Clínica da Família",
        "neighborhoodName": "Guaratiba"
      },
      "geometry": {
        "type": "Point",
        "coordinates": [
          -43.6482573,
          -22.9756524
        ]
      }
    },
    {
      "type": "Feature",
      "properties": {
        "sourceDatasetId": "data-rio__servicos_saude__atual",
        "facilityType": "health_service",
        "name": "SMS CF ANTONIO GONCALVES VILLA SOBRINHO",
        "category": "Serviço de Saúde",
        "subcategory": "Clínica da Família",
        "neighborhoodName": "Inhoaíba"
      },
      "geometry": {
        "type": "Point",
        "coordinates": [
          -43.5904533,
          -22.8921566
        ]
      }
    },
    {
      "type": "Feature",
      "properties": {
        "sourceDatasetId": "data-rio__servicos_saude__atual",
        "facilityType": "health_service",
        "name": "SMS CF DAVID CAPISTRANO FILHO",
        "category": "Serviço de Saúde",
        "subcategory": "Clínica da Família",
        "neighborhoodName": "Inhoaíba"
      },
      "geometry": {
        "type": "Point",
        "coordinates": [
          -43.5844246,
          -22.9113333
        ]
      }
    },
    {
      "type": "Feature",
      "properties": {
        "sourceDatasetId": "data-rio__servicos_saude__atual",
        "facilityType": "health_service",
        "name": "SMS CF DALMIR DE ABREU SALGADO",
        "category": "Serviço de Saúde",
        "subcategory": "Clínica da Família",
        "neighborhoodName": "Guaratiba"
      },
      "geometry": {
        "type": "Point",
        "coordinates": [
          -43.5908765,
          -22.9419451
        ]
      }
    },
    {
      "type": "Feature",
      "properties": {
        "sourceDatasetId": "data-rio__servicos_saude__atual",
        "facilityType": "health_service",
        "name": "SMS CF DRª MYRTES AMORELLI GONZAGA",
        "category": "Serviço de Saúde",
        "subcategory": "Clínica da Família",
        "neighborhoodName": "Campo Grande"
      },
      "geometry": {
        "type": "Point",
        "coordinates": [
          -43.5283389,
          -22.9169038
        ]
      }
    },
    {
      "type": "Feature",
      "properties": {
        "sourceDatasetId": "data-rio__servicos_saude__atual",
        "facilityType": "health_service",
        "name": "SMS CF EVERTON DE SOUZA SANTOS",
        "category": "Serviço de Saúde",
        "subcategory": "Clínica da Família",
        "neighborhoodName": "Senador Vasconcelos"
      },
      "geometry": {
        "type": "Point",
        "coordinates": [
          -43.5347336,
          -22.8991316
        ]
      }
    },
    {
      "type": "Feature",
      "properties": {
        "sourceDatasetId": "data-rio__servicos_saude__atual",
        "facilityType": "health_service",
        "name": "SMS CF JOSE DE PAULA LOPES PONTES",
        "category": "Serviço de Saúde",
        "subcategory": "Clínica da Família",
        "neighborhoodName": "Guaratiba"
      },
      "geometry": {
        "type": "Point",
        "coordinates": [
          -43.6079717,
          -22.9575525
        ]
      }
    },
    {
      "type": "Feature",
      "properties": {
        "sourceDatasetId": "data-rio__servicos_saude__atual",
        "facilityType": "health_service",
        "name": "SMS CF HANS JURGEN FERNANDO DOHMANN",
        "category": "Serviço de Saúde",
        "subcategory": "Clínica da Família",
        "neighborhoodName": "Guaratiba"
      },
      "geometry": {
        "type": "Point",
        "coordinates": [
          -43.660444,
          -22.9845816
        ]
      }
    },
    {
      "type": "Feature",
      "properties": {
        "sourceDatasetId": "data-rio__servicos_saude__atual",
        "facilityType": "health_service",
        "name": "SMS CF ISABELA SEVERO DA SILVA",
        "category": "Serviço de Saúde",
        "subcategory": "Clínica da Família",
        "neighborhoodName": "Campo Grande"
      },
      "geometry": {
        "type": "Point",
        "coordinates": [
          -43.5376063,
          -22.8588287
        ]
      }
    },
    {
      "type": "Feature",
      "properties": {
        "sourceDatasetId": "data-rio__servicos_saude__atual",
        "facilityType": "health_service",
        "name": "SMS CF LECY RANQUINE",
        "category": "Serviço de Saúde",
        "subcategory": "Clínica da Família",
        "neighborhoodName": "Campo Grande"
      },
      "geometry": {
        "type": "Point",
        "coordinates": [
          -43.5955328,
          -22.890203
        ]
      }
    },
    {
      "type": "Feature",
      "properties": {
        "sourceDatasetId": "data-rio__servicos_saude__atual",
        "facilityType": "health_service",
        "name": "SMS CF MARIA JOSE PAPERA DE AZEVEDO",
        "category": "Serviço de Saúde",
        "subcategory": "Clínica da Família",
        "neighborhoodName": "Campo Grande"
      },
      "geometry": {
        "type": "Point",
        "coordinates": [
          -43.5350286,
          -22.8782081
        ]
      }
    },
    {
      "type": "Feature",
      "properties": {
        "sourceDatasetId": "data-rio__servicos_saude__atual",
        "facilityType": "health_service",
        "name": "SMS CF MEDALHISTA OLIMPICO BRUNO SCHMIDT",
        "category": "Serviço de Saúde",
        "subcategory": "Clínica da Família",
        "neighborhoodName": "Campo Grande"
      },
      "geometry": {
        "type": "Point",
        "coordinates": [
          -43.5782394,
          -22.8725154
        ]
      }
    },
    {
      "type": "Feature",
      "properties": {
        "sourceDatasetId": "data-rio__servicos_saude__atual",
        "facilityType": "health_service",
        "name": "SMS CF MEDALHISTA OLIMPICO ARTHUR ZANETTI",
        "category": "Serviço de Saúde",
        "subcategory": "Clínica da Família",
        "neighborhoodName": "Campo Grande"
      },
      "geometry": {
        "type": "Point",
        "coordinates": [
          -43.5581471,
          -22.8833155
        ]
      }
    },
    {
      "type": "Feature",
      "properties": {
        "sourceDatasetId": "data-rio__servicos_saude__atual",
        "facilityType": "health_service",
        "name": "SMS CF VALDECIR SALUSTIANO CARDOZO",
        "category": "Serviço de Saúde",
        "subcategory": "Clínica da Família",
        "neighborhoodName": "Cosmos"
      },
      "geometry": {
        "type": "Point",
        "coordinates": [
          -43.6105071,
          -22.9150466
        ]
      }
    },
    {
      "type": "Feature",
      "properties": {
        "sourceDatasetId": "data-rio__servicos_saude__atual",
        "facilityType": "health_service",
        "name": "SMS CF SONIA MARIA FERREIRA MACHADO",
        "category": "Serviço de Saúde",
        "subcategory": "Clínica da Família",
        "neighborhoodName": "Santíssimo"
      },
      "geometry": {
        "type": "Point",
        "coordinates": [
          -43.5148393,
          -22.8737826
        ]
      }
    },
    {
      "type": "Feature",
      "properties": {
        "sourceDatasetId": "data-rio__servicos_saude__atual",
        "facilityType": "health_service",
        "name": "SMS CF ROGERIO ROCCO",
        "category": "Serviço de Saúde",
        "subcategory": "Clínica da Família",
        "neighborhoodName": "Cosmos"
      },
      "geometry": {
        "type": "Point",
        "coordinates": [
          -43.6091467,
          -22.8916528
        ]
      }
    },
    {
      "type": "Feature",
      "properties": {
        "sourceDatasetId": "data-rio__servicos_saude__atual",
        "facilityType": "health_service",
        "name": "SMS CMS ADAO PEREIRA NUNES",
        "category": "Serviço de Saúde",
        "subcategory": "Clínica da Família",
        "neighborhoodName": "Inhoaíba"
      },
      "geometry": {
        "type": "Point",
        "coordinates": [
          -43.6013898,
          -22.9240154
        ]
      }
    },
    {
      "type": "Feature",
      "properties": {
        "sourceDatasetId": "data-rio__servicos_saude__atual",
        "facilityType": "health_service",
        "name": "SMS CMS DR OSWALDO VILELLA",
        "category": "Serviço de Saúde",
        "subcategory": "Clínica da Família",
        "neighborhoodName": "Campo Grande"
      },
      "geometry": {
        "type": "Point",
        "coordinates": [
          -43.5583546,
          -22.8750447
        ]
      }
    },
    {
      "type": "Feature",
      "properties": {
        "sourceDatasetId": "data-rio__servicos_saude__atual",
        "facilityType": "health_service",
        "name": "SMS RIO CF VALDECIR SALUSTIANO CARDOZO",
        "category": "Serviço de Saúde",
        "subcategory": "Clínica da Família",
        "neighborhoodName": "Cosmos"
      },
      "geometry": {
        "type": "Point",
        "coordinates": [
          -43.6107029,
          -22.9150812
        ]
      }
    },
    {
      "type": "Feature",
      "properties": {
        "sourceDatasetId": "data-rio__servicos_saude__atual",
        "facilityType": "health_service",
        "name": "SMS HOSPITAL MUNICIPAL DA MULHER MARISKA RIBEIRO",
        "category": "Serviços de Saúde",
        "subcategory": "Hospital",
        "neighborhoodName": ""
      },
      "geometry": {
        "type": "Point",
        "coordinates": [
          -43.47293,
          -22.876198
        ]
      }
    },
    {
      "type": "Feature",
      "properties": {
        "sourceDatasetId": "data-rio__servicos_saude__atual",
        "facilityType": "health_service",
        "name": "SMS RIO HOSPITAL MUNICIPAL ROCHA FARIA",
        "category": "Serviços de Saúde",
        "subcategory": "Hospital",
        "neighborhoodName": "Campo Grande"
      },
      "geometry": {
        "type": "Point",
        "coordinates": [
          -43.5622886,
          -22.9081959
        ]
      }
    },
    {
      "type": "Feature",
      "properties": {
        "sourceDatasetId": "data-rio__servicos_saude__atual",
        "facilityType": "health_service",
        "name": "SMS CMS WALDYR FRANCO",
        "category": "Serviços de Saúde",
        "subcategory": "Centro Municipal de Saúde",
        "neighborhoodName": ""
      },
      "geometry": {
        "type": "Point",
        "coordinates": [
          -43.468245,
          -22.874796
        ]
      }
    },
    {
      "type": "Feature",
      "properties": {
        "sourceDatasetId": "data-rio__servicos_saude__atual",
        "facilityType": "health_service",
        "name": "CLOROFILA FARMACIA LTDA - ME",
        "category": "Serviços de Saúde",
        "subcategory": "Farmácia Popular",
        "neighborhoodName": "Campo Grande"
      },
      "geometry": {
        "type": "Point",
        "coordinates": [
          -43.5668172,
          -22.8835296
        ]
      }
    },
    {
      "type": "Feature",
      "properties": {
        "sourceDatasetId": "data-rio__servicos_saude__atual",
        "facilityType": "health_service",
        "name": "CSB DROGARIAS S/A",
        "category": "Serviços de Saúde",
        "subcategory": "Farmácia Popular",
        "neighborhoodName": "Campo Grande"
      },
      "geometry": {
        "type": "Point",
        "coordinates": [
          -43.5574923,
          -22.8846068
        ]
      }
    },
    {
      "type": "Feature",
      "properties": {
        "sourceDatasetId": "data-rio__servicos_saude__atual",
        "facilityType": "health_service",
        "name": "DROGARIA SANTO AGOSTINHO LTDA",
        "category": "Serviços de Saúde",
        "subcategory": "Farmácia Popular",
        "neighborhoodName": "Campo Grande"
      },
      "geometry": {
        "type": "Point",
        "coordinates": [
          -43.558171,
          -22.902078
        ]
      }
    },
    {
      "type": "Feature",
      "properties": {
        "sourceDatasetId": "data-rio__servicos_saude__atual",
        "facilityType": "health_service",
        "name": "FARMACIA ADRIAN 2005 LTDA - ME",
        "category": "Serviços de Saúde",
        "subcategory": "Farmácia Popular",
        "neighborhoodName": "Campo Grande"
      },
      "geometry": {
        "type": "Point",
        "coordinates": [
          -43.5425322,
          -22.9137093
        ]
      }
    },
    {
      "type": "Feature",
      "properties": {
        "sourceDatasetId": "data-rio__servicos_saude__atual",
        "facilityType": "health_service",
        "name": "OFS RJ LTDA",
        "category": "Serviços de Saúde",
        "subcategory": "Farmácia Popular",
        "neighborhoodName": "Campo Grande"
      },
      "geometry": {
        "type": "Point",
        "coordinates": [
          -43.5442523,
          -22.913538
        ]
      }
    },
    {
      "type": "Feature",
      "properties": {
        "sourceDatasetId": "data-rio__servicos_saude__atual",
        "facilityType": "health_service",
        "name": "A NOSSA DROGARIA DE CAXIAS LTDA",
        "category": "Serviços de Saúde",
        "subcategory": "Farmácia Popular",
        "neighborhoodName": "Campo Grande"
      },
      "geometry": {
        "type": "Point",
        "coordinates": [
          -43.5628641,
          -22.9180653
        ]
      }
    },
    {
      "type": "Feature",
      "properties": {
        "sourceDatasetId": "data-rio__servicos_saude__atual",
        "facilityType": "health_service",
        "name": "CSB DROGARIAS S/A",
        "category": "Serviços de Saúde",
        "subcategory": "Farmácia Popular",
        "neighborhoodName": "Campo Grande"
      },
      "geometry": {
        "type": "Point",
        "coordinates": [
          -43.5627854,
          -22.9180848
        ]
      }
    },
    {
      "type": "Feature",
      "properties": {
        "sourceDatasetId": "data-rio__servicos_saude__atual",
        "facilityType": "health_service",
        "name": "DROGARIA CHEGA MAIS LTDA - EPP",
        "category": "Serviços de Saúde",
        "subcategory": "Farmácia Popular",
        "neighborhoodName": "Campo Grande"
      },
      "geometry": {
        "type": "Point",
        "coordinates": [
          -43.5550868,
          -22.901853
        ]
      }
    },
    {
      "type": "Feature",
      "properties": {
        "sourceDatasetId": "data-rio__servicos_saude__atual",
        "facilityType": "health_service",
        "name": "DROGARIA FENIX DE CAMPO GRANDE LTDA - EPP",
        "category": "Serviços de Saúde",
        "subcategory": "Farmácia Popular",
        "neighborhoodName": "Campo Grande"
      },
      "geometry": {
        "type": "Point",
        "coordinates": [
          -43.5417728,
          -22.9070677
        ]
      }
    },
    {
      "type": "Feature",
      "properties": {
        "sourceDatasetId": "data-rio__servicos_saude__atual",
        "facilityType": "health_service",
        "name": "DROGARIA FLOR DO PRE LTDA - ME",
        "category": "Serviços de Saúde",
        "subcategory": "Farmácia Popular",
        "neighborhoodName": "Campo Grande"
      },
      "geometry": {
        "type": "Point",
        "coordinates": [
          -43.539956,
          -22.9039701
        ]
      }
    },
    {
      "type": "Feature",
      "properties": {
        "sourceDatasetId": "data-rio__servicos_saude__atual",
        "facilityType": "health_service",
        "name": "DROGARIA FUSAO DE PRADOS VERDES LTDA - ME",
        "category": "Serviços de Saúde",
        "subcategory": "Farmácia Popular",
        "neighborhoodName": "Campo Grande"
      },
      "geometry": {
        "type": "Point",
        "coordinates": [
          -43.5632172,
          -22.907747
        ]
      }
    },
    {
      "type": "Feature",
      "properties": {
        "sourceDatasetId": "data-rio__servicos_saude__atual",
        "facilityType": "health_service",
        "name": "DROGARIA GALANTI DE NOVA IGUACU LTDA",
        "category": "Serviços de Saúde",
        "subcategory": "Farmácia Popular",
        "neighborhoodName": "Campo Grande"
      },
      "geometry": {
        "type": "Point",
        "coordinates": [
          -43.5595597,
          -22.9055835
        ]
      }
    },
    {
      "type": "Feature",
      "properties": {
        "sourceDatasetId": "data-rio__servicos_saude__atual",
        "facilityType": "health_service",
        "name": "DROGARIA NOVA BENCAO DE DEUS DE CAMPO GRANDE LTDA - EPP",
        "category": "Serviços de Saúde",
        "subcategory": "Farmácia Popular",
        "neighborhoodName": "Campo Grande"
      },
      "geometry": {
        "type": "Point",
        "coordinates": [
          -43.5793709,
          -22.8858756
        ]
      }
    },
    {
      "type": "Feature",
      "properties": {
        "sourceDatasetId": "data-rio__servicos_saude__atual",
        "facilityType": "health_service",
        "name": "DROGARIA POSITIVA DO BRASIL LTDA - ME",
        "category": "Serviços de Saúde",
        "subcategory": "Farmácia Popular",
        "neighborhoodName": "Campo Grande"
      },
      "geometry": {
        "type": "Point",
        "coordinates": [
          -43.5603157,
          -22.8948411
        ]
      }
    },
    {
      "type": "Feature",
      "properties": {
        "sourceDatasetId": "data-rio__servicos_saude__atual",
        "facilityType": "health_service",
        "name": "PADI Albert Schweitzer",
        "category": "Serviços de Saúde",
        "subcategory": "Hospital",
        "neighborhoodName": ""
      },
      "geometry": {
        "type": "Point",
        "coordinates": [
          -43.4416378,
          -22.8669673
        ]
      }
    },
    {
      "type": "Feature",
      "properties": {
        "sourceDatasetId": "data-rio__servicos_saude__atual",
        "facilityType": "health_service",
        "name": "Hospital Municipal Albert Schweitzer",
        "category": "Serviços de Saúde",
        "subcategory": "Hospital",
        "neighborhoodName": ""
      },
      "geometry": {
        "type": "Point",
        "coordinates": [
          -43.4419619,
          -22.8667671
        ]
      }
    },
    {
      "type": "Feature",
      "properties": {
        "sourceDatasetId": "data-rio__servicos_saude__atual",
        "facilityType": "health_service",
        "name": "Hospital Municipal Da Mulher Mariska Ribeiro",
        "category": "Serviços de Saúde",
        "subcategory": "Hospital",
        "neighborhoodName": ""
      },
      "geometry": {
        "type": "Point",
        "coordinates": [
          -43.4729661,
          -22.876216
        ]
      }
    },
    {
      "type": "Feature",
      "properties": {
        "sourceDatasetId": "data-rio__servicos_saude__atual",
        "facilityType": "health_service",
        "name": "Policlínica Manoel Guilherme Da S Filho",
        "category": "Serviços de Saúde",
        "subcategory": "Hospital",
        "neighborhoodName": ""
      },
      "geometry": {
        "type": "Point",
        "coordinates": [
          -43.4568293,
          -22.8705822
        ]
      }
    },
    {
      "type": "Feature",
      "properties": {
        "sourceDatasetId": "data-rio__servicos_saude__atual",
        "facilityType": "health_service",
        "name": "CAPSi Pequeno Hans",
        "category": "Serviços de Saúde",
        "subcategory": "Centro de Atenção Psicossocial (CAPS)",
        "neighborhoodName": ""
      },
      "geometry": {
        "type": "Point",
        "coordinates": [
          -43.3994247,
          -22.8867308
        ]
      }
    },
    {
      "type": "Feature",
      "properties": {
        "sourceDatasetId": "data-rio__servicos_saude__atual",
        "facilityType": "health_service",
        "name": "Coord De Emergencia Regional Cer Realengo",
        "category": "Serviços de Saúde",
        "subcategory": "Coordenação de Emergência Regional (CER)",
        "neighborhoodName": ""
      },
      "geometry": {
        "type": "Point",
        "coordinates": [
          -43.441765,
          -22.8665815
        ]
      }
    },
    {
      "type": "Feature",
      "properties": {
        "sourceDatasetId": "data-rio__servicos_saude__atual",
        "facilityType": "health_service",
        "name": "Casa De Parto David Capistrano Filho",
        "category": "Serviços de Saúde",
        "subcategory": "Maternidade",
        "neighborhoodName": ""
      },
      "geometry": {
        "type": "Point",
        "coordinates": [
          -43.4264219,
          -22.8808198
        ]
      }
    },
    {
      "type": "Feature",
      "properties": {
        "sourceDatasetId": "data-rio__servicos_saude__atual",
        "facilityType": "health_service",
        "name": "DROGARIA SANTO AGOSTINHO LTDA",
        "category": "Serviços de Saúde",
        "subcategory": "Farmácia Popular",
        "neighborhoodName": "Campo Grande"
      },
      "geometry": {
        "type": "Point",
        "coordinates": [
          -43.5601639,
          -22.9030696
        ]
      }
    },
    {
      "type": "Feature",
      "properties": {
        "sourceDatasetId": "data-rio__servicos_saude__atual",
        "facilityType": "health_service",
        "name": "CAPS Neusa Santos Souza",
        "category": "Serviços de Saúde",
        "subcategory": "Centro de Atenção Psicossocial (CAPS)",
        "neighborhoodName": ""
      },
      "geometry": {
        "type": "Point",
        "coordinates": [
          -43.4919139,
          -22.8807798
        ]
      }
    },
    {
      "type": "Feature",
      "properties": {
        "sourceDatasetId": "data-rio__servicos_saude__atual",
        "facilityType": "health_service",
        "name": "CAPS Lima Barreto",
        "category": "Serviços de Saúde",
        "subcategory": "Centro de Atenção Psicossocial (CAPS)",
        "neighborhoodName": ""
      },
      "geometry": {
        "type": "Point",
        "coordinates": [
          -43.4574378,
          -22.8699221
        ]
      }
    },
    {
      "type": "Feature",
      "properties": {
        "sourceDatasetId": "data-rio__servicos_saude__atual",
        "facilityType": "health_service",
        "name": "SMS CASA DE PARTO DAVID CAPISTRANO FILHO",
        "category": "Serviços de Saúde",
        "subcategory": "Hospital",
        "neighborhoodName": ""
      },
      "geometry": {
        "type": "Point",
        "coordinates": [
          -43.42635,
          -22.880799
        ]
      }
    },
    {
      "type": "Feature",
      "properties": {
        "sourceDatasetId": "data-rio__servicos_saude__atual",
        "facilityType": "health_service",
        "name": "DROGARIA SANTO AGOSTINHO LTDA",
        "category": "Serviços de Saúde",
        "subcategory": "Farmácia Popular",
        "neighborhoodName": "Campo Grande"
      },
      "geometry": {
        "type": "Point",
        "coordinates": [
          -43.5576941,
          -22.9030255
        ]
      }
    },
    {
      "type": "Feature",
      "properties": {
        "sourceDatasetId": "data-rio__servicos_saude__atual",
        "facilityType": "health_service",
        "name": "SMS CMS ALEXANDER FLEMING",
        "category": "Serviços de Saúde",
        "subcategory": "Centro Municipal de Saúde",
        "neighborhoodName": ""
      },
      "geometry": {
        "type": "Point",
        "coordinates": [
          -43.482689,
          -22.8898
        ]
      }
    },
    {
      "type": "Feature",
      "properties": {
        "sourceDatasetId": "data-rio__servicos_saude__atual",
        "facilityType": "health_service",
        "name": "SMS CAPS NEUSA SANTOS SOUZA",
        "category": "Serviços de Saúde",
        "subcategory": "Centro de Atenção Psicossocial (CAPS)",
        "neighborhoodName": ""
      },
      "geometry": {
        "type": "Point",
        "coordinates": [
          -43.491963,
          -22.880714
        ]
      }
    },
    {
      "type": "Feature",
      "properties": {
        "sourceDatasetId": "data-rio__servicos_saude__atual",
        "facilityType": "health_service",
        "name": "SMS CMS BUA BOANERGES BORGES DA FONSECA",
        "category": "Serviços de Saúde",
        "subcategory": "Centro Municipal de Saúde",
        "neighborhoodName": ""
      },
      "geometry": {
        "type": "Point",
        "coordinates": [
          -43.411107,
          -22.876789
        ]
      }
    },
    {
      "type": "Feature",
      "properties": {
        "sourceDatasetId": "data-rio__servicos_saude__atual",
        "facilityType": "health_service",
        "name": "SMS POLICLINICA MANOEL GUILHERME (PAM BANGU)",
        "category": "Serviços de Saúde",
        "subcategory": "Policlinica",
        "neighborhoodName": ""
      },
      "geometry": {
        "type": "Point",
        "coordinates": [
          -43.456889,
          -22.870618
        ]
      }
    },
    {
      "type": "Feature",
      "properties": {
        "sourceDatasetId": "data-rio__servicos_saude__atual",
        "facilityType": "health_service",
        "name": "SMS CF MARIO DIAS ALENCAR",
        "category": "Serviços de Saúde",
        "subcategory": "Clínica da Família",
        "neighborhoodName": ""
      },
      "geometry": {
        "type": "Point",
        "coordinates": [
          -43.48847,
          -22.894179
        ]
      }
    },
    {
      "type": "Feature",
      "properties": {
        "sourceDatasetId": "data-rio__servicos_saude__atual",
        "facilityType": "health_service",
        "name": "SMS CMS HENRIQUE MONAT",
        "category": "Serviços de Saúde",
        "subcategory": "Centro Municipal de Saúde",
        "neighborhoodName": ""
      },
      "geometry": {
        "type": "Point",
        "coordinates": [
          -43.489876,
          -22.853326
        ]
      }
    },
    {
      "type": "Feature",
      "properties": {
        "sourceDatasetId": "data-rio__servicos_saude__atual",
        "facilityType": "health_service",
        "name": "SMS CAPS LIMA BARRETO",
        "category": "Serviços de Saúde",
        "subcategory": "Centro de Atenção Psicossocial (CAPS)",
        "neighborhoodName": ""
      },
      "geometry": {
        "type": "Point",
        "coordinates": [
          -43.456998,
          -22.870698
        ]
      }
    },
    {
      "type": "Feature",
      "properties": {
        "sourceDatasetId": "data-rio__servicos_saude__atual",
        "facilityType": "health_service",
        "name": "SMS CMS MASAO GOTO",
        "category": "Serviços de Saúde",
        "subcategory": "Centro Municipal de Saúde",
        "neighborhoodName": ""
      },
      "geometry": {
        "type": "Point",
        "coordinates": [
          -43.399641,
          -22.886913
        ]
      }
    },
    {
      "type": "Feature",
      "properties": {
        "sourceDatasetId": "data-rio__servicos_saude__atual",
        "facilityType": "health_service",
        "name": "SMS CMS PADRE MIGUEL",
        "category": "Serviços de Saúde",
        "subcategory": "Centro Municipal de Saúde",
        "neighborhoodName": ""
      },
      "geometry": {
        "type": "Point",
        "coordinates": [
          -43.448711,
          -22.872904
        ]
      }
    },
    {
      "type": "Feature",
      "properties": {
        "sourceDatasetId": "data-rio__servicos_saude__atual",
        "facilityType": "health_service",
        "name": "SMS CF FAIM PEDRO",
        "category": "Serviços de Saúde",
        "subcategory": "Clínica da Família",
        "neighborhoodName": ""
      },
      "geometry": {
        "type": "Point",
        "coordinates": [
          -43.432905,
          -22.872862
        ]
      }
    },
    {
      "type": "Feature",
      "properties": {
        "sourceDatasetId": "data-rio__servicos_saude__atual",
        "facilityType": "health_service",
        "name": "DROGARIA SANTO AGOSTINHO LTDA",
        "category": "Serviços de Saúde",
        "subcategory": "Farmácia Popular",
        "neighborhoodName": "Campo Grande"
      },
      "geometry": {
        "type": "Point",
        "coordinates": [
          -43.5608347,
          -22.9033541
        ]
      }
    },
    {
      "type": "Feature",
      "properties": {
        "sourceDatasetId": "data-rio__servicos_saude__atual",
        "facilityType": "health_service",
        "name": "SMS CMS ATHAYDE JOSE DA FONSECA",
        "category": "Serviços de Saúde",
        "subcategory": "Centro Municipal de Saúde",
        "neighborhoodName": ""
      },
      "geometry": {
        "type": "Point",
        "coordinates": [
          -43.465537,
          -22.847361
        ]
      }
    },
    {
      "type": "Feature",
      "properties": {
        "sourceDatasetId": "data-rio__servicos_saude__atual",
        "facilityType": "health_service",
        "name": "SMS CMS DR EITHEL PINHEIRO DE OLIVEIRA LIMA",
        "category": "Serviços de Saúde",
        "subcategory": "Centro Municipal de Saúde",
        "neighborhoodName": ""
      },
      "geometry": {
        "type": "Point",
        "coordinates": [
          -43.484213,
          -22.868188
        ]
      }
    },
    {
      "type": "Feature",
      "properties": {
        "sourceDatasetId": "data-rio__servicos_saude__atual",
        "facilityType": "health_service",
        "name": "DROGARIA SANTO AGOSTINHO LTDA",
        "category": "Serviços de Saúde",
        "subcategory": "Farmácia Popular",
        "neighborhoodName": "Campo Grande"
      },
      "geometry": {
        "type": "Point",
        "coordinates": [
          -43.5588765,
          -22.9012995
        ]
      }
    },
    {
      "type": "Feature",
      "properties": {
        "sourceDatasetId": "data-rio__servicos_saude__atual",
        "facilityType": "health_service",
        "name": "DROGARIA SH LTDA",
        "category": "Serviços de Saúde",
        "subcategory": "Farmácia Popular",
        "neighborhoodName": "Campo Grande"
      },
      "geometry": {
        "type": "Point",
        "coordinates": [
          -43.5588228,
          -22.9013193
        ]
      }
    },
    {
      "type": "Feature",
      "properties": {
        "sourceDatasetId": "data-rio__servicos_saude__atual",
        "facilityType": "health_service",
        "name": "SMS CMS GARFIELD DE ALMEIDA",
        "category": "Serviço de Saúde",
        "subcategory": "Centro Municipal de Saúde",
        "neighborhoodName": "Campo Grande"
      },
      "geometry": {
        "type": "Point",
        "coordinates": [
          -43.5183682,
          -22.9230549
        ]
      }
    },
    {
      "type": "Feature",
      "properties": {
        "sourceDatasetId": "data-rio__servicos_saude__atual",
        "facilityType": "health_service",
        "name": "DROGARIA VAN MAR LTDA - EPP",
        "category": "Serviços de Saúde",
        "subcategory": "Farmácia Popular",
        "neighborhoodName": "Campo Grande"
      },
      "geometry": {
        "type": "Point",
        "coordinates": [
          -43.5592782,
          -22.8997743
        ]
      }
    },
    {
      "type": "Feature",
      "properties": {
        "sourceDatasetId": "data-rio__servicos_saude__atual",
        "facilityType": "health_service",
        "name": "DROGARIA VIP DE CAMPO GRANDE LTDA - ME",
        "category": "Serviços de Saúde",
        "subcategory": "Farmácia Popular",
        "neighborhoodName": "Campo Grande"
      },
      "geometry": {
        "type": "Point",
        "coordinates": [
          -43.5623415,
          -22.9235731
        ]
      }
    },
    {
      "type": "Feature",
      "properties": {
        "sourceDatasetId": "data-rio__servicos_saude__atual",
        "facilityType": "health_service",
        "name": "SMS CF WILSON MELLO SANTOS ( ZICO)",
        "category": "Serviços de Saúde",
        "subcategory": "Clínica da Família",
        "neighborhoodName": ""
      },
      "geometry": {
        "type": "Point",
        "coordinates": [
          -43.487722,
          -22.860048
        ]
      }
    },
    {
      "type": "Feature",
      "properties": {
        "sourceDatasetId": "data-rio__servicos_saude__atual",
        "facilityType": "health_service",
        "name": "SMS CMS SILVIO BARBOSA",
        "category": "Serviços de Saúde",
        "subcategory": "Centro Municipal de Saúde",
        "neighborhoodName": ""
      },
      "geometry": {
        "type": "Point",
        "coordinates": [
          -43.4973,
          -22.877634
        ]
      }
    },
    {
      "type": "Feature",
      "properties": {
        "sourceDatasetId": "data-rio__servicos_saude__atual",
        "facilityType": "health_service",
        "name": "SMS CMS CATIRI",
        "category": "Serviços de Saúde",
        "subcategory": "Centro Municipal de Saúde",
        "neighborhoodName": ""
      },
      "geometry": {
        "type": "Point",
        "coordinates": [
          -43.471538,
          -22.847691
        ]
      }
    },
    {
      "type": "Feature",
      "properties": {
        "sourceDatasetId": "data-rio__servicos_saude__atual",
        "facilityType": "health_service",
        "name": "SMS CAPSI PEQUENO HANS",
        "category": "Serviços de Saúde",
        "subcategory": "Centro de Atenção Psicossocial (CAPS)",
        "neighborhoodName": ""
      },
      "geometry": {
        "type": "Point",
        "coordinates": [
          -43.399257,
          -22.886648
        ]
      }
    },
    {
      "type": "Feature",
      "properties": {
        "sourceDatasetId": "data-rio__servicos_saude__atual",
        "facilityType": "health_service",
        "name": "SMS CMS MANOEL GUILHERME DA SILVEIRA FILHO",
        "category": "Serviços de Saúde",
        "subcategory": "Centro Municipal de Saúde",
        "neighborhoodName": ""
      },
      "geometry": {
        "type": "Point",
        "coordinates": [
          -43.45728,
          -22.870551
        ]
      }
    },
    {
      "type": "Feature",
      "properties": {
        "sourceDatasetId": "data-rio__servicos_saude__atual",
        "facilityType": "health_service",
        "name": "DROGARIAS PACHECO S/A",
        "category": "Serviços de Saúde",
        "subcategory": "Farmácia Popular",
        "neighborhoodName": "Campo Grande"
      },
      "geometry": {
        "type": "Point",
        "coordinates": [
          -43.5600076,
          -22.9018912
        ]
      }
    },
    {
      "type": "Feature",
      "properties": {
        "sourceDatasetId": "data-rio__servicos_saude__atual",
        "facilityType": "health_service",
        "name": "DROGARIAS PACHECO S/A",
        "category": "Serviços de Saúde",
        "subcategory": "Farmácia Popular",
        "neighborhoodName": "Campo Grande"
      },
      "geometry": {
        "type": "Point",
        "coordinates": [
          -43.5594257,
          -22.9051214
        ]
      }
    },
    {
      "type": "Feature",
      "properties": {
        "sourceDatasetId": "data-rio__servicos_saude__atual",
        "facilityType": "health_service",
        "name": "FARMACIA DO PEDREGOSO LTDA - ME",
        "category": "Serviços de Saúde",
        "subcategory": "Farmácia Popular",
        "neighborhoodName": "Campo Grande"
      },
      "geometry": {
        "type": "Point",
        "coordinates": [
          -43.5599569,
          -22.8705964
        ]
      }
    },
    {
      "type": "Feature",
      "properties": {
        "sourceDatasetId": "data-rio__servicos_saude__atual",
        "facilityType": "health_service",
        "name": "FARMACIA ELIZABET EDERLI LTDA - ME",
        "category": "Serviços de Saúde",
        "subcategory": "Farmácia Popular",
        "neighborhoodName": "Campo Grande"
      },
      "geometry": {
        "type": "Point",
        "coordinates": [
          -43.5590723,
          -22.9253071
        ]
      }
    },
    {
      "type": "Feature",
      "properties": {
        "sourceDatasetId": "data-rio__servicos_saude__atual",
        "facilityType": "health_service",
        "name": "FARMACIA IRMAOS ARAUJO DO MATO ALTO LTDA - ME",
        "category": "Serviços de Saúde",
        "subcategory": "Farmácia Popular",
        "neighborhoodName": "Campo Grande"
      },
      "geometry": {
        "type": "Point",
        "coordinates": [
          -43.5754928,
          -22.9413456
        ]
      }
    },
    {
      "type": "Feature",
      "properties": {
        "sourceDatasetId": "data-rio__servicos_saude__atual",
        "facilityType": "health_service",
        "name": "SMS CMS MAIA BITTENCOURT",
        "category": "Serviço de Saúde",
        "subcategory": "Centro Municipal de Saúde",
        "neighborhoodName": "Guaratiba"
      },
      "geometry": {
        "type": "Point",
        "coordinates": [
          -43.5929883,
          -22.9922008
        ]
      }
    },
    {
      "type": "Feature",
      "properties": {
        "sourceDatasetId": "data-rio__servicos_saude__atual",
        "facilityType": "health_service",
        "name": "FARMACIA JM DE VILA NOVA LTDA - ME",
        "category": "Serviços de Saúde",
        "subcategory": "Farmácia Popular",
        "neighborhoodName": "Campo Grande"
      },
      "geometry": {
        "type": "Point",
        "coordinates": [
          -43.5796652,
          -22.8849152
        ]
      }
    },
    {
      "type": "Feature",
      "properties": {
        "sourceDatasetId": "data-rio__servicos_saude__atual",
        "facilityType": "health_service",
        "name": "FARMACIA MAGALI LTDA - ME",
        "category": "Serviços de Saúde",
        "subcategory": "Farmácia Popular",
        "neighborhoodName": "Campo Grande"
      },
      "geometry": {
        "type": "Point",
        "coordinates": [
          -43.5669825,
          -22.8922173
        ]
      }
    },
    {
      "type": "Feature",
      "properties": {
        "sourceDatasetId": "data-rio__servicos_saude__atual",
        "facilityType": "health_service",
        "name": "FARMACIA NOVA IARAQUA LTDA - ME",
        "category": "Serviços de Saúde",
        "subcategory": "Farmácia Popular",
        "neighborhoodName": "Campo Grande"
      },
      "geometry": {
        "type": "Point",
        "coordinates": [
          -43.5966959,
          -22.9453601
        ]
      }
    },
    {
      "type": "Feature",
      "properties": {
        "sourceDatasetId": "data-rio__servicos_saude__atual",
        "facilityType": "health_service",
        "name": "FARMACIA POPULAR DA ZONA OESTE LTDA - ME",
        "category": "Serviços de Saúde",
        "subcategory": "Farmácia Popular",
        "neighborhoodName": "Campo Grande"
      },
      "geometry": {
        "type": "Point",
        "coordinates": [
          -43.5493836,
          -22.9021325
        ]
      }
    },
    {
      "type": "Feature",
      "properties": {
        "sourceDatasetId": "data-rio__servicos_saude__atual",
        "facilityType": "health_service",
        "name": "SMS HOSPITAL MUNICIPAL ALBERT SCHWEITZER",
        "category": "Serviços de Saúde",
        "subcategory": "Hospital",
        "neighborhoodName": ""
      },
      "geometry": {
        "type": "Point",
        "coordinates": [
          -43.441991,
          -22.866037
        ]
      }
    },
    {
      "type": "Feature",
      "properties": {
        "sourceDatasetId": "data-rio__servicos_saude__atual",
        "facilityType": "health_service",
        "name": "FARMACIA SAO CLAUDIO LTDA - ME",
        "category": "Serviços de Saúde",
        "subcategory": "Farmácia Popular",
        "neighborhoodName": "Campo Grande"
      },
      "geometry": {
        "type": "Point",
        "coordinates": [
          -43.5671239,
          -22.8994131
        ]
      }
    },
    {
      "type": "Feature",
      "properties": {
        "sourceDatasetId": "data-rio__servicos_saude__atual",
        "facilityType": "health_service",
        "name": "RAIA DROGASIL S/A",
        "category": "Serviços de Saúde",
        "subcategory": "Farmácia Popular",
        "neighborhoodName": "Campo Grande"
      },
      "geometry": {
        "type": "Point",
        "coordinates": [
          -43.5592124,
          -22.9027267
        ]
      }
    },
    {
      "type": "Feature",
      "properties": {
        "sourceDatasetId": "data-rio__servicos_saude__atual",
        "facilityType": "health_service",
        "name": "VIDA FARMA FARMACIA LTDA - ME",
        "category": "Serviços de Saúde",
        "subcategory": "Farmácia Popular",
        "neighborhoodName": "Campo Grande"
      },
      "geometry": {
        "type": "Point",
        "coordinates": [
          -43.5603629,
          -22.9281904
        ]
      }
    },
    {
      "type": "Feature",
      "properties": {
        "sourceDatasetId": "data-rio__servicos_saude__atual",
        "facilityType": "health_service",
        "name": "FARMACIA CAXANGA LTDA - ME",
        "category": "Serviços de Saúde",
        "subcategory": "Farmácia Popular",
        "neighborhoodName": "Senador Vasconcelos"
      },
      "geometry": {
        "type": "Point",
        "coordinates": [
          -43.521936,
          -22.8889801
        ]
      }
    },
    {
      "type": "Feature",
      "properties": {
        "sourceDatasetId": "data-rio__servicos_saude__atual",
        "facilityType": "health_service",
        "name": "DROGARIA DIAS DO MAGARCA LTDA - ME",
        "category": "Serviços de Saúde",
        "subcategory": "Farmácia Popular",
        "neighborhoodName": "Guaratiba"
      },
      "geometry": {
        "type": "Point",
        "coordinates": [
          -43.5985773,
          -22.9467237
        ]
      }
    },
    {
      "type": "Feature",
      "properties": {
        "sourceDatasetId": "data-rio__servicos_saude__atual",
        "facilityType": "health_service",
        "name": "SMS CMS MANOEL DE ABREU",
        "category": "Serviço de Saúde",
        "subcategory": "Centro Municipal de Saúde",
        "neighborhoodName": "Santíssimo"
      },
      "geometry": {
        "type": "Point",
        "coordinates": [
          -43.5330342,
          -22.8754958
        ]
      }
    },
    {
      "type": "Feature",
      "properties": {
        "sourceDatasetId": "data-rio__servicos_saude__atual",
        "facilityType": "health_service",
        "name": "DROGARIAS PACHECO S/A",
        "category": "Serviços de Saúde",
        "subcategory": "Farmácia Popular",
        "neighborhoodName": "Guaratiba"
      },
      "geometry": {
        "type": "Point",
        "coordinates": [
          -43.6348189,
          -23.0006051
        ]
      }
    },
    {
      "type": "Feature",
      "properties": {
        "sourceDatasetId": "data-rio__servicos_saude__atual",
        "facilityType": "health_service",
        "name": "FARMACIA DIAS DE GUARATIBA LTDA - ME",
        "category": "Serviços de Saúde",
        "subcategory": "Farmácia Popular",
        "neighborhoodName": "Guaratiba"
      },
      "geometry": {
        "type": "Point",
        "coordinates": [
          -43.6079381,
          -22.9936396
        ]
      }
    },
    {
      "type": "Feature",
      "properties": {
        "sourceDatasetId": "data-rio__servicos_saude__atual",
        "facilityType": "health_service",
        "name": "FARMACIA J M MAGARCA LTDA - ME",
        "category": "Serviços de Saúde",
        "subcategory": "Farmácia Popular",
        "neighborhoodName": "Guaratiba"
      },
      "geometry": {
        "type": "Point",
        "coordinates": [
          -43.6165939,
          -22.9637678
        ]
      }
    },
    {
      "type": "Feature",
      "properties": {
        "sourceDatasetId": "data-rio__servicos_saude__atual",
        "facilityType": "health_service",
        "name": "FARMACIA JM DO MARAVILHA LTDA - ME",
        "category": "Serviços de Saúde",
        "subcategory": "Farmácia Popular",
        "neighborhoodName": "Guaratiba"
      },
      "geometry": {
        "type": "Point",
        "coordinates": [
          -43.6055131,
          -22.9595068
        ]
      }
    },
    {
      "type": "Feature",
      "properties": {
        "sourceDatasetId": "data-rio__servicos_saude__atual",
        "facilityType": "health_service",
        "name": "DROGARIA SANTO AGOSTINHO LTDA",
        "category": "Serviços de Saúde",
        "subcategory": "Farmácia Popular",
        "neighborhoodName": "Campo Grande"
      },
      "geometry": {
        "type": "Point",
        "coordinates": [
          -43.5593173,
          -22.90296
        ]
      }
    },
    {
      "type": "Feature",
      "properties": {
        "sourceDatasetId": "data-rio__servicos_saude__atual",
        "facilityType": "health_service",
        "name": "DROGARIAS PACHECO S/A",
        "category": "Serviços de Saúde",
        "subcategory": "Farmácia Popular",
        "neighborhoodName": "Campo Grande"
      },
      "geometry": {
        "type": "Point",
        "coordinates": [
          -43.5584614,
          -22.9031259
        ]
      }
    },
    {
      "type": "Feature",
      "properties": {
        "sourceDatasetId": "data-rio__servicos_saude__atual",
        "facilityType": "health_service",
        "name": "JMW FARMA LTDA",
        "category": "Serviços de Saúde",
        "subcategory": "Farmácia Popular",
        "neighborhoodName": "Campo Grande"
      },
      "geometry": {
        "type": "Point",
        "coordinates": [
          -43.5450083,
          -22.9126399
        ]
      }
    },
    {
      "type": "Feature",
      "properties": {
        "sourceDatasetId": "data-rio__servicos_saude__atual",
        "facilityType": "health_service",
        "name": "DROGARIAS PACHECO S/A",
        "category": "Serviços de Saúde",
        "subcategory": "Farmácia Popular",
        "neighborhoodName": "Campo Grande"
      },
      "geometry": {
        "type": "Point",
        "coordinates": [
          -43.5590153,
          -22.8989921
        ]
      }
    },
    {
      "type": "Feature",
      "properties": {
        "sourceDatasetId": "data-rio__servicos_saude__atual",
        "facilityType": "health_service",
        "name": "Drogaria Cancela Preta de Padre Miguel LTDA - ME",
        "category": "Serviços de Saúde",
        "subcategory": "Farmácia Popular",
        "neighborhoodName": ""
      },
      "geometry": {
        "type": "Point",
        "coordinates": [
          -43.4534525,
          -22.8587836
        ]
      }
    },
    {
      "type": "Feature",
      "properties": {
        "sourceDatasetId": "data-rio__servicos_saude__atual",
        "facilityType": "health_service",
        "name": "Drogaria Bom Preco da Estancia LTDA - ME",
        "category": "Serviços de Saúde",
        "subcategory": "Farmácia Popular",
        "neighborhoodName": ""
      },
      "geometry": {
        "type": "Point",
        "coordinates": [
          -43.448463,
          -22.8772785
        ]
      }
    },
    {
      "type": "Feature",
      "properties": {
        "sourceDatasetId": "data-rio__servicos_saude__atual",
        "facilityType": "health_service",
        "name": "Drogaria Pacheco S/A",
        "category": "Serviços de Saúde",
        "subcategory": "Farmácia Popular",
        "neighborhoodName": ""
      },
      "geometry": {
        "type": "Point",
        "coordinates": [
          -43.4649801,
          -22.8768705
        ]
      }
    },
    {
      "type": "Feature",
      "properties": {
        "sourceDatasetId": "data-rio__servicos_saude__atual",
        "facilityType": "health_service",
        "name": "CSB Drogaria S/A",
        "category": "Serviços de Saúde",
        "subcategory": "Farmácia Popular",
        "neighborhoodName": ""
      },
      "geometry": {
        "type": "Point",
        "coordinates": [
          -43.4671889,
          -22.8790488
        ]
      }
    },
    {
      "type": "Feature",
      "properties": {
        "sourceDatasetId": "data-rio__servicos_saude__atual",
        "facilityType": "health_service",
        "name": "A Nossa Drogaria de Caxias LTDA",
        "category": "Serviços de Saúde",
        "subcategory": "Farmácia Popular",
        "neighborhoodName": ""
      },
      "geometry": {
        "type": "Point",
        "coordinates": [
          -43.4646779,
          -22.879399
        ]
      }
    },
    {
      "type": "Feature",
      "properties": {
        "sourceDatasetId": "data-rio__servicos_saude__atual",
        "facilityType": "health_service",
        "name": "CSB Drogaria S/A",
        "category": "Serviços de Saúde",
        "subcategory": "Farmácia Popular",
        "neighborhoodName": ""
      },
      "geometry": {
        "type": "Point",
        "coordinates": [
          -43.416419,
          -22.8779073
        ]
      }
    },
    {
      "type": "Feature",
      "properties": {
        "sourceDatasetId": "data-rio__servicos_saude__atual",
        "facilityType": "health_service",
        "name": "Drogaria Destaque de Realengo LTDA - EPP",
        "category": "Serviços de Saúde",
        "subcategory": "Farmácia Popular",
        "neighborhoodName": ""
      },
      "geometry": {
        "type": "Point",
        "coordinates": [
          -43.4467584,
          -22.879938
        ]
      }
    },
    {
      "type": "Feature",
      "properties": {
        "sourceDatasetId": "data-rio__servicos_saude__atual",
        "facilityType": "health_service",
        "name": "Drogaria Galanti de Nova Iguaçu LTDA",
        "category": "Serviços de Saúde",
        "subcategory": "Farmácia Popular",
        "neighborhoodName": ""
      },
      "geometry": {
        "type": "Point",
        "coordinates": [
          -43.4634723,
          -22.8776733
        ]
      }
    },
    {
      "type": "Feature",
      "properties": {
        "sourceDatasetId": "data-rio__servicos_saude__atual",
        "facilityType": "health_service",
        "name": "Drogaria Nossa Rede LTDA - ME",
        "category": "Serviços de Saúde",
        "subcategory": "Farmácia Popular",
        "neighborhoodName": ""
      },
      "geometry": {
        "type": "Point",
        "coordinates": [
          -43.4764242,
          -22.886
        ]
      }
    },
    {
      "type": "Feature",
      "properties": {
        "sourceDatasetId": "data-rio__servicos_saude__atual",
        "facilityType": "health_service",
        "name": "Dida Farma Farmacia LTDA - ME",
        "category": "Serviços de Saúde",
        "subcategory": "Farmácia Popular",
        "neighborhoodName": ""
      },
      "geometry": {
        "type": "Point",
        "coordinates": [
          -43.451209,
          -22.8794859
        ]
      }
    },
    {
      "type": "Feature",
      "properties": {
        "sourceDatasetId": "data-rio__servicos_saude__atual",
        "facilityType": "health_service",
        "name": "Droga Flash LTDA - ME",
        "category": "Serviços de Saúde",
        "subcategory": "Farmácia Popular",
        "neighborhoodName": ""
      },
      "geometry": {
        "type": "Point",
        "coordinates": [
          -43.4387212,
          -22.8908537
        ]
      }
    },
    {
      "type": "Feature",
      "properties": {
        "sourceDatasetId": "data-rio__servicos_saude__atual",
        "facilityType": "health_service",
        "name": "Drogaria Ativa da Roque LTDA",
        "category": "Serviços de Saúde",
        "subcategory": "Farmácia Popular",
        "neighborhoodName": ""
      },
      "geometry": {
        "type": "Point",
        "coordinates": [
          -43.4653913,
          -22.8484971
        ]
      }
    },
    {
      "type": "Feature",
      "properties": {
        "sourceDatasetId": "data-rio__servicos_saude__atual",
        "facilityType": "health_service",
        "name": "Drogaria Ativa de Bangu LTDA",
        "category": "Serviços de Saúde",
        "subcategory": "Farmácia Popular",
        "neighborhoodName": ""
      },
      "geometry": {
        "type": "Point",
        "coordinates": [
          -43.4675546,
          -22.8526157
        ]
      }
    },
    {
      "type": "Feature",
      "properties": {
        "sourceDatasetId": "data-rio__servicos_saude__atual",
        "facilityType": "health_service",
        "name": "Drogaria Confianca de Bangu - ME",
        "category": "Serviços de Saúde",
        "subcategory": "Farmácia Popular",
        "neighborhoodName": ""
      },
      "geometry": {
        "type": "Point",
        "coordinates": [
          -43.4755461,
          -22.885985
        ]
      }
    },
    {
      "type": "Feature",
      "properties": {
        "sourceDatasetId": "data-rio__servicos_saude__atual",
        "facilityType": "health_service",
        "name": "Drogaria Pitanga LTDA - ME",
        "category": "Serviços de Saúde",
        "subcategory": "Farmácia Popular",
        "neighborhoodName": ""
      },
      "geometry": {
        "type": "Point",
        "coordinates": [
          -43.4870814,
          -22.875416
        ]
      }
    },
    {
      "type": "Feature",
      "properties": {
        "sourceDatasetId": "data-rio__servicos_saude__atual",
        "facilityType": "health_service",
        "name": "Drogaria Real W M Simonan LTDA - ME",
        "category": "Serviços de Saúde",
        "subcategory": "Farmácia Popular",
        "neighborhoodName": ""
      },
      "geometry": {
        "type": "Point",
        "coordinates": [
          -43.4924941,
          -22.8542868
        ]
      }
    },
    {
      "type": "Feature",
      "properties": {
        "sourceDatasetId": "data-rio__servicos_saude__atual",
        "facilityType": "health_service",
        "name": "Drogaria Regiane de Realengo LTDA - EPP",
        "category": "Serviços de Saúde",
        "subcategory": "Farmácia Popular",
        "neighborhoodName": ""
      },
      "geometry": {
        "type": "Point",
        "coordinates": [
          -43.4262562,
          -22.8833338
        ]
      }
    },
    {
      "type": "Feature",
      "properties": {
        "sourceDatasetId": "data-rio__servicos_saude__atual",
        "facilityType": "health_service",
        "name": "Drogaria Sao Paulo S.A.",
        "category": "Serviços de Saúde",
        "subcategory": "Farmácia Popular",
        "neighborhoodName": ""
      },
      "geometry": {
        "type": "Point",
        "coordinates": [
          -43.4647583,
          -22.8749822
        ]
      }
    },
    {
      "type": "Feature",
      "properties": {
        "sourceDatasetId": "data-rio__servicos_saude__atual",
        "facilityType": "health_service",
        "name": "Drogaria São Paulo S.A.",
        "category": "Serviços de Saúde",
        "subcategory": "Farmácia Popular",
        "neighborhoodName": ""
      },
      "geometry": {
        "type": "Point",
        "coordinates": [
          -43.4642749,
          -22.8799349
        ]
      }
    },
    {
      "type": "Feature",
      "properties": {
        "sourceDatasetId": "data-rio__servicos_saude__atual",
        "facilityType": "health_service",
        "name": "Drogaria Tradição de Senador Camara LTDA - ME",
        "category": "Serviços de Saúde",
        "subcategory": "Farmácia Popular",
        "neighborhoodName": ""
      },
      "geometry": {
        "type": "Point",
        "coordinates": [
          -43.4861295,
          -22.8826066
        ]
      }
    },
    {
      "type": "Feature",
      "properties": {
        "sourceDatasetId": "data-rio__servicos_saude__atual",
        "facilityType": "health_service",
        "name": "Drogaria Valle RJ LTDA - ME",
        "category": "Serviços de Saúde",
        "subcategory": "Farmácia Popular",
        "neighborhoodName": ""
      },
      "geometry": {
        "type": "Point",
        "coordinates": [
          -43.4234323,
          -22.8788388
        ]
      }
    },
    {
      "type": "Feature",
      "properties": {
        "sourceDatasetId": "data-rio__servicos_saude__atual",
        "facilityType": "health_service",
        "name": "Drogaria Lapi LTDA - EPP",
        "category": "Serviços de Saúde",
        "subcategory": "Farmácia Popular",
        "neighborhoodName": ""
      },
      "geometry": {
        "type": "Point",
        "coordinates": [
          -43.4646333,
          -22.8733797
        ]
      }
    },
    {
      "type": "Feature",
      "properties": {
        "sourceDatasetId": "data-rio__servicos_saude__atual",
        "facilityType": "health_service",
        "name": "Federal Descontos Distribuidora de Produtos Farmaceuticos LTDA - ME",
        "category": "Serviços de Saúde",
        "subcategory": "Farmácia Popular",
        "neighborhoodName": ""
      },
      "geometry": {
        "type": "Point",
        "coordinates": [
          -43.4655065,
          -22.8758102
        ]
      }
    },
    {
      "type": "Feature",
      "properties": {
        "sourceDatasetId": "data-rio__servicos_saude__atual",
        "facilityType": "health_service",
        "name": "Farmacia R. A. Simonan LTDA - ME",
        "category": "Serviços de Saúde",
        "subcategory": "Farmácia Popular",
        "neighborhoodName": ""
      },
      "geometry": {
        "type": "Point",
        "coordinates": [
          -43.4918174,
          -22.858985
        ]
      }
    },
    {
      "type": "Feature",
      "properties": {
        "sourceDatasetId": "data-rio__servicos_saude__atual",
        "facilityType": "health_service",
        "name": "Farmacia Rapida de Realengo LTDA - EPP",
        "category": "Serviços de Saúde",
        "subcategory": "Farmácia Popular",
        "neighborhoodName": ""
      },
      "geometry": {
        "type": "Point",
        "coordinates": [
          -43.4395319,
          -22.8687405
        ]
      }
    },
    {
      "type": "Feature",
      "properties": {
        "sourceDatasetId": "data-rio__servicos_saude__atual",
        "facilityType": "health_service",
        "name": "Farmacia Princezinha da Mallet LTDA - ME",
        "category": "Serviços de Saúde",
        "subcategory": "Farmácia Popular",
        "neighborhoodName": ""
      },
      "geometry": {
        "type": "Point",
        "coordinates": [
          -43.4072703,
          -22.8835445
        ]
      }
    },
    {
      "type": "Feature",
      "properties": {
        "sourceDatasetId": "data-rio__servicos_saude__atual",
        "facilityType": "health_service",
        "name": "Farmacia Vieira de Senador Camara LTDA - ME",
        "category": "Serviços de Saúde",
        "subcategory": "Farmácia Popular",
        "neighborhoodName": ""
      },
      "geometry": {
        "type": "Point",
        "coordinates": [
          -43.4882592,
          -22.8756226
        ]
      }
    },
    {
      "type": "Feature",
      "properties": {
        "sourceDatasetId": "data-rio__servicos_saude__atual",
        "facilityType": "health_service",
        "name": "Farma Costa Farmacia LTDA - ME",
        "category": "Serviços de Saúde",
        "subcategory": "Farmácia Popular",
        "neighborhoodName": ""
      },
      "geometry": {
        "type": "Point",
        "coordinates": [
          -43.4628043,
          -22.8535264
        ]
      }
    },
    {
      "type": "Feature",
      "properties": {
        "sourceDatasetId": "data-rio__servicos_saude__atual",
        "facilityType": "health_service",
        "name": "Farmacia Central da Tunisia LTDA - EPP",
        "category": "Serviços de Saúde",
        "subcategory": "Farmácia Popular",
        "neighborhoodName": ""
      },
      "geometry": {
        "type": "Point",
        "coordinates": [
          -43.4922911,
          -22.8567195
        ]
      }
    },
    {
      "type": "Feature",
      "properties": {
        "sourceDatasetId": "data-rio__servicos_saude__atual",
        "facilityType": "health_service",
        "name": "Farmacia Droga Cairo LTDA - ME",
        "category": "Serviços de Saúde",
        "subcategory": "Farmácia Popular",
        "neighborhoodName": ""
      },
      "geometry": {
        "type": "Point",
        "coordinates": [
          -43.480118,
          -22.8753233
        ]
      }
    },
    {
      "type": "Feature",
      "properties": {
        "sourceDatasetId": "data-rio__servicos_saude__atual",
        "facilityType": "health_service",
        "name": "Maternidade do Hospital Municipal Rocha Faria",
        "category": "Serviços de Saúde",
        "subcategory": "Maternidade",
        "neighborhoodName": "Campo Grande"
      },
      "geometry": {
        "type": "Point",
        "coordinates": [
          -43.5625085,
          -22.9081588
        ]
      }
    },
    {
      "type": "Feature",
      "properties": {
        "sourceDatasetId": "data-rio__servicos_saude__atual",
        "facilityType": "health_service",
        "name": "SMS RIO CAPS PEDRO PELLEGRINO",
        "category": "Serviço de Saúde",
        "subcategory": "Centro de Atenção Psicossocial (CAPS)",
        "neighborhoodName": "Campo Grande"
      },
      "geometry": {
        "type": "Point",
        "coordinates": [
          -43.5585849,
          -22.9186374
        ]
      }
    },
    {
      "type": "Feature",
      "properties": {
        "sourceDatasetId": "data-rio__servicos_saude__atual",
        "facilityType": "health_service",
        "name": "SMS RIO CAPS JOAO DE BARRO",
        "category": "Serviços de Saúde",
        "subcategory": "Centro de Atenção Psicossocial (CAPS)",
        "neighborhoodName": "Cosmos"
      },
      "geometry": {
        "type": "Point",
        "coordinates": [
          -43.6079466,
          -22.8855812
        ]
      }
    },
    {
      "type": "Feature",
      "properties": {
        "sourceDatasetId": "data-rio__servicos_saude__atual",
        "facilityType": "health_service",
        "name": "SMS RIO CAPS PROFETA GENTILEZA",
        "category": "Serviços de Saúde",
        "subcategory": "Centro de Atenção Psicossocial (CAPS)",
        "neighborhoodName": "Inhoaíba"
      },
      "geometry": {
        "type": "Point",
        "coordinates": [
          -43.5948761,
          -22.8991784
        ]
      }
    },
    {
      "type": "Feature",
      "properties": {
        "sourceDatasetId": "data-rio__servicos_saude__atual",
        "facilityType": "health_service",
        "name": "Farmacia Farminas LTDA - ME",
        "category": "Serviços de Saúde",
        "subcategory": "Farmácia Popular",
        "neighborhoodName": ""
      },
      "geometry": {
        "type": "Point",
        "coordinates": [
          -43.451771,
          -22.8717839
        ]
      }
    },
    {
      "type": "Feature",
      "properties": {
        "sourceDatasetId": "data-rio__servicos_saude__atual",
        "facilityType": "health_service",
        "name": "Extrafarma Farmacia LTDA",
        "category": "Serviços de Saúde",
        "subcategory": "Farmácia Popular",
        "neighborhoodName": ""
      },
      "geometry": {
        "type": "Point",
        "coordinates": [
          -43.4719019,
          -22.8859519
        ]
      }
    },
    {
      "type": "Feature",
      "properties": {
        "sourceDatasetId": "data-rio__servicos_saude__atual",
        "facilityType": "health_service",
        "name": "SMS CF ANA GONZAGA",
        "category": "Serviço de Saúde",
        "subcategory": "Clínica da Família",
        "neighborhoodName": "Inhoaíba"
      },
      "geometry": {
        "type": "Point",
        "coordinates": [
          -43.5950961,
          -22.912656
        ]
      }
    },
    {
      "type": "Feature",
      "properties": {
        "sourceDatasetId": "data-rio__servicos_saude__atual",
        "facilityType": "health_service",
        "name": "Farmacia Bairro Murundu LTDA - ME",
        "category": "Serviços de Saúde",
        "subcategory": "Farmácia Popular",
        "neighborhoodName": ""
      },
      "geometry": {
        "type": "Point",
        "coordinates": [
          -43.4452149,
          -22.8871754
        ]
      }
    },
    {
      "type": "Feature",
      "properties": {
        "sourceDatasetId": "data-rio__servicos_saude__atual",
        "facilityType": "health_service",
        "name": "Farmacia Central da Cancela Preta LTDA - ME",
        "category": "Serviços de Saúde",
        "subcategory": "Farmácia Popular",
        "neighborhoodName": ""
      },
      "geometry": {
        "type": "Point",
        "coordinates": [
          -43.4547597,
          -22.8567388
        ]
      }
    },
    {
      "type": "Feature",
      "properties": {
        "sourceDatasetId": "data-rio__servicos_saude__atual",
        "facilityType": "health_service",
        "name": "Farmacia Camapua LTDA - EPP",
        "category": "Serviços de Saúde",
        "subcategory": "Farmácia Popular",
        "neighborhoodName": ""
      },
      "geometry": {
        "type": "Point",
        "coordinates": [
          -43.4353713,
          -22.8877375
        ]
      }
    },
    {
      "type": "Feature",
      "properties": {
        "sourceDatasetId": "data-rio__servicos_saude__atual",
        "facilityType": "health_service",
        "name": "A NOSSA DROGARIA DE CAXIAS",
        "category": "Serviço de Saúde",
        "subcategory": "Farmácia Popular",
        "neighborhoodName": "Campo Grande"
      },
      "geometry": {
        "type": "Point",
        "coordinates": [
          -43.5592972,
          -22.9049615
        ]
      }
    },
    {
      "type": "Feature",
      "properties": {
        "sourceDatasetId": "data-rio__servicos_saude__atual",
        "facilityType": "health_service",
        "name": "A NOSSA DROGARIA DE CAXIAS LTDA",
        "category": "Serviços de Saúde",
        "subcategory": "Farmácia Popular",
        "neighborhoodName": "Campo Grande"
      },
      "geometry": {
        "type": "Point",
        "coordinates": [
          -43.5579635,
          -22.9032609
        ]
      }
    },
    {
      "type": "Feature",
      "properties": {
        "sourceDatasetId": "data-rio__servicos_saude__atual",
        "facilityType": "health_service",
        "name": "SMS CMS AGUIAR TORRES",
        "category": "Serviço de Saúde",
        "subcategory": "Centro Municipal de Saúde",
        "neighborhoodName": "Inhoaíba"
      },
      "geometry": {
        "type": "Point",
        "coordinates": [
          -43.5947545,
          -22.8990722
        ]
      }
    },
    {
      "type": "Feature",
      "properties": {
        "sourceDatasetId": "data-rio__servicos_saude__atual",
        "facilityType": "health_service",
        "name": "SMS CMS ALVIMAR DE CARVALHO",
        "category": "Serviço de Saúde",
        "subcategory": "Centro Municipal de Saúde",
        "neighborhoodName": "Pedra de Guaratiba"
      },
      "geometry": {
        "type": "Point",
        "coordinates": [
          -43.6274759,
          -22.9971871
        ]
      }
    },
    {
      "type": "Feature",
      "properties": {
        "sourceDatasetId": "data-rio__servicos_saude__atual",
        "facilityType": "health_service",
        "name": "SMS CMS BELIZARIO PENNA",
        "category": "Serviço de Saúde",
        "subcategory": "Centro Municipal de Saúde",
        "neighborhoodName": "Campo Grande"
      },
      "geometry": {
        "type": "Point",
        "coordinates": [
          -43.5698214,
          -22.8977665
        ]
      }
    },
    {
      "type": "Feature",
      "properties": {
        "sourceDatasetId": "data-rio__servicos_saude__atual",
        "facilityType": "health_service",
        "name": "SMS CMS CARLOS ALBERTO NASCIMENTO",
        "category": "Serviço de Saúde",
        "subcategory": "Centro Municipal de Saúde",
        "neighborhoodName": "Campo Grande"
      },
      "geometry": {
        "type": "Point",
        "coordinates": [
          -43.5581578,
          -22.9185594
        ]
      }
    },
    {
      "type": "Feature",
      "properties": {
        "sourceDatasetId": "data-rio__servicos_saude__atual",
        "facilityType": "health_service",
        "name": "SMS CMS DR MARIO RODRIGUES CID",
        "category": "Serviço de Saúde",
        "subcategory": "Centro Municipal de Saúde",
        "neighborhoodName": "Cosmos"
      },
      "geometry": {
        "type": "Point",
        "coordinates": [
          -43.6057924,
          -22.8913476
        ]
      }
    },
    {
      "type": "Feature",
      "properties": {
        "sourceDatasetId": "data-rio__servicos_saude__atual",
        "facilityType": "health_service",
        "name": "SMS CMS EDGARD MAGALHAES GOMES",
        "category": "Serviço de Saúde",
        "subcategory": "Centro Municipal de Saúde",
        "neighborhoodName": "Inhoaíba"
      },
      "geometry": {
        "type": "Point",
        "coordinates": [
          -43.5963458,
          -22.908452
        ]
      }
    },
    {
      "type": "Feature",
      "properties": {
        "sourceDatasetId": "data-rio__servicos_saude__atual",
        "facilityType": "health_service",
        "name": "SMS CMS MARIO VITOR DE ASSIS PACHECO",
        "category": "Serviço de Saúde",
        "subcategory": "Centro Municipal de Saúde",
        "neighborhoodName": "Inhoaíba"
      },
      "geometry": {
        "type": "Point",
        "coordinates": [
          -43.584157,
          -22.9105021
        ]
      }
    },
    {
      "type": "Feature",
      "properties": {
        "sourceDatasetId": "data-rio__servicos_saude__atual",
        "facilityType": "health_service",
        "name": "SMS CMS MOURAO FILHO",
        "category": "Serviço de Saúde",
        "subcategory": "Centro Municipal de Saúde",
        "neighborhoodName": "Barra de Guaratiba"
      },
      "geometry": {
        "type": "Point",
        "coordinates": [
          -43.5685535,
          -23.066165
        ]
      }
    },
    {
      "type": "Feature",
      "properties": {
        "sourceDatasetId": "data-rio__servicos_saude__atual",
        "facilityType": "health_service",
        "name": "SMS CMS PEDRO NAVA",
        "category": "Serviço de Saúde",
        "subcategory": "Centro Municipal de Saúde",
        "neighborhoodName": "Campo Grande"
      },
      "geometry": {
        "type": "Point",
        "coordinates": [
          -43.5412682,
          -22.8544961
        ]
      }
    },
    {
      "type": "Feature",
      "properties": {
        "sourceDatasetId": "data-rio__servicos_saude__atual",
        "facilityType": "health_service",
        "name": "SMS CMS VILA DO CEU",
        "category": "Serviço de Saúde",
        "subcategory": "Centro Municipal de Saúde",
        "neighborhoodName": "Cosmos"
      },
      "geometry": {
        "type": "Point",
        "coordinates": [
          -43.6174835,
          -22.9129663
        ]
      }
    },
    {
      "type": "Feature",
      "properties": {
        "sourceDatasetId": "data-rio__servicos_saude__atual",
        "facilityType": "health_service",
        "name": "SMS CMS RAUL BARROSO",
        "category": "Serviço de Saúde",
        "subcategory": "Centro Municipal de Saúde",
        "neighborhoodName": "Guaratiba"
      },
      "geometry": {
        "type": "Point",
        "coordinates": [
          -43.5406271,
          -23.0057686
        ]
      }
    },
    {
      "type": "Feature",
      "properties": {
        "sourceDatasetId": "data-rio__servicos_saude__atual",
        "facilityType": "health_service",
        "name": "SMS CMS WOODROW PIMENTEL PANTOJA",
        "category": "Serviço de Saúde",
        "subcategory": "Centro Municipal de Saúde",
        "neighborhoodName": "Guaratiba"
      },
      "geometry": {
        "type": "Point",
        "coordinates": [
          -43.6096946,
          -22.9553558
        ]
      }
    },
    {
      "type": "Feature",
      "properties": {
        "sourceDatasetId": "data-rio__servicos_saude__atual",
        "facilityType": "health_service",
        "name": "SMS RIO CMS VILA DO CEU",
        "category": "Serviços de Saúde",
        "subcategory": "Centro Municipal de Saúde",
        "neighborhoodName": "Cosmos"
      },
      "geometry": {
        "type": "Point",
        "coordinates": [
          -43.6107852,
          -22.9107412
        ]
      }
    },
    {
      "type": "Feature",
      "properties": {
        "sourceDatasetId": "data-rio__servicos_saude__atual",
        "facilityType": "health_service",
        "name": "UPA 24H Vila Kennedy",
        "category": "Serviços de Saúde",
        "subcategory": "UPA",
        "neighborhoodName": "Vila Kennedy"
      },
      "geometry": {
        "type": "Point",
        "coordinates": [
          -43.4923973,
          -22.8549048
        ]
      }
    },
    {
      "type": "Feature",
      "properties": {
        "sourceDatasetId": "data-rio__servicos_saude__atual",
        "facilityType": "health_service",
        "name": "SMS UPA 24H SENADOR CAMARA",
        "category": "Serviços de Saúde",
        "subcategory": "UPA",
        "neighborhoodName": "Senador Camará"
      },
      "geometry": {
        "type": "Point",
        "coordinates": [
          -43.48328,
          -22.882451
        ]
      }
    },
    {
      "type": "Feature",
      "properties": {
        "sourceDatasetId": "data-rio__servicos_saude__atual",
        "facilityType": "health_service",
        "name": "UPA 24H Magalhães Bastos",
        "category": "Serviços de Saúde",
        "subcategory": "UPA",
        "neighborhoodName": "Magalhães Bastos"
      },
      "geometry": {
        "type": "Point",
        "coordinates": [
          -43.4175454,
          -22.8925101
        ]
      }
    },
    {
      "type": "Feature",
      "properties": {
        "sourceDatasetId": "data-rio__servicos_saude__atual",
        "facilityType": "health_service",
        "name": "UPA 24H Senador Camará",
        "category": "Serviços de Saúde",
        "subcategory": "UPA",
        "neighborhoodName": "Senador Camará"
      },
      "geometry": {
        "type": "Point",
        "coordinates": [
          -43.4832585,
          -22.8824366
        ]
      }
    },
    {
      "type": "Feature",
      "properties": {
        "sourceDatasetId": "data-rio__servicos_saude__atual",
        "facilityType": "health_service",
        "name": "SMS UPA 24H MAGALHAES BASTOS",
        "category": "Serviços de Saúde",
        "subcategory": "UPA",
        "neighborhoodName": "Magalhães Bastos"
      },
      "geometry": {
        "type": "Point",
        "coordinates": [
          -43.41767,
          -22.892462
        ]
      }
    },
    {
      "type": "Feature",
      "properties": {
        "sourceDatasetId": "data-rio__servicos_saude__atual",
        "facilityType": "health_service",
        "name": "SMS COORD DE EMERGENCIA REGIONAL CER REALENGO",
        "category": "Serviços de Saúde",
        "subcategory": "Coordenação de Emergência Regional (CER)",
        "neighborhoodName": ""
      },
      "geometry": {
        "type": "Point",
        "coordinates": [
          -43.44208,
          -22.866108
        ]
      }
    },
    {
      "type": "Feature",
      "properties": {
        "sourceDatasetId": "data-rio__servicos_saude__atual",
        "facilityType": "health_service",
        "name": "SMS UPA 24H VILA KENNEDY",
        "category": "Serviços de Saúde",
        "subcategory": "UPA",
        "neighborhoodName": "Vila Kennedy"
      },
      "geometry": {
        "type": "Point",
        "coordinates": [
          -43.492931,
          -22.854998
        ]
      }
    },
    {
      "type": "Feature",
      "properties": {
        "sourceDatasetId": "data-rio__servicos_saude__atual",
        "facilityType": "health_service",
        "name": "DROGARIA WESTFARMA LTDA - EPP",
        "category": "Serviços de Saúde",
        "subcategory": "Farmácia Popular",
        "neighborhoodName": "Campo Grande"
      },
      "geometry": {
        "type": "Point",
        "coordinates": [
          -43.5577341,
          -22.8847799
        ]
      }
    },
    {
      "type": "Feature",
      "properties": {
        "sourceDatasetId": "data-rio__servicos_saude__atual",
        "facilityType": "health_service",
        "name": "DROGARIAS PACHECO S/A",
        "category": "Serviços de Saúde",
        "subcategory": "Farmácia Popular",
        "neighborhoodName": "Campo Grande"
      },
      "geometry": {
        "type": "Point",
        "coordinates": [
          -43.5593525,
          -22.9027618
        ]
      }
    },
    {
      "type": "Feature",
      "properties": {
        "sourceDatasetId": "data-rio__servicos_saude__atual",
        "facilityType": "health_service",
        "name": "DROGARIA CLEAN DE CAMPO GRANDE LTDA - ME",
        "category": "Serviços de Saúde",
        "subcategory": "Farmácia Popular",
        "neighborhoodName": "Cosmos"
      },
      "geometry": {
        "type": "Point",
        "coordinates": [
          -43.6079239,
          -22.8908803
        ]
      }
    },
    {
      "type": "Feature",
      "properties": {
        "sourceDatasetId": "data-rio__servicos_saude__atual",
        "facilityType": "health_service",
        "name": "DROGARIA GUAMIUM DE COSMOS LTDA - ME",
        "category": "Serviços de Saúde",
        "subcategory": "Farmácia Popular",
        "neighborhoodName": "Cosmos"
      },
      "geometry": {
        "type": "Point",
        "coordinates": [
          -43.6214055,
          -22.9188978
        ]
      }
    }
  ],
  "crs": {
    "type": "name",
    "properties": {
      "name": "EPSG:4326"
    }
  }
}
