{"type":"FeatureCollection","features":[{"type":"Feature","id":2101,"geometry":{"type":"Polygon","coordinates":[[[-43.324360132913689,-22.820067946502739],[-43.324274719802361,-22.820024219666223],[-43.324237886269316,-22.819950048080461],[-43.32424856212134,-22.81986127060534],[-43.324280810910572,-22.819837905319297],[-43.324335540952347,-22.819805887655793],[-43.324372447330461,-22.819835559887363],[-43.324453432180007,-22.819887832981319],[-43.324519163628395,-22.819950044483182],[-43.324518583565634,-22.819997445949543],[-43.324502097193886,-22.820038755408426],[-43.324476058223411,-22.820076999977758],[-43.324459897406207,-22.820091646336625],[-43.324360132913689,-22.820067946502739]]]},"properties":{"objectid":2101,"nome":" ","geometriaa":"Não","tipomassad":"Lago/Lagoa","regime":"Permanente","salgada":"Desconhecido","dominialid":"Desconhecida","artificial":"Desconhecido","possuitrec":"Sim","codmun":"330455","municn":"Rio de Janeiro","reggov":"Região Metropolitana","rh":"RH-V","nome_rh":"Baia de Guanabara","area_km":0.00060624000000000008,"area_ha":0.060624379999999999,"id_rh":5,"Shape__Area":5.3326625751276132e-08,"Shape__Length":0.00086816757680253931}},{"type":"Feature","id":2471,"geometry":{"type":"Polygon","coordinates":[[[-43.324770741776206,-22.820287511483642],[-43.324832225726539,-22.820225934003826],[-43.324861424914729,-22.820190685076241],[-43.324912696163892,-22.820184838583614],[-43.324964238108976,-22.8201473206665],[-43.325033571342146,-22.820160107227384],[-43.325122214818236,-22.820197597265476],[-43.325208233173328,-22.820240154983377],[-43.32526331484997,-22.820260097449722],[-43.325295976428038,-22.820279384310322],[-43.325355525936629,-22.820299584882111],[-43.325371856725667,-22.820341512175236],[-43.325443430170026,-22.820411958769078],[-43.325497785194507,-22.820428491006243],[-43.325517913820534,-22.820476783700776],[-43.32553501263061,-22.820520736267166],[-43.325592178036452,-22.820550966977748],[-43.325568562738859,-22.820587623344306],[-43.32555873314891,-22.820672099362081],[-43.325532367724463,-22.820737009729381],[-43.325503242280661,-22.820766333024046],[-43.325470288422927,-22.82077734342386],[-43.325416372267618,-22.820812827973846],[-43.325348676699939,-22.820859525271032],[-43.325302423667779,-22.820892787596218],[-43.325236601387928,-22.820876124957412],[-43.325207486736019,-22.820867446499619],[-43.325134426712282,-22.820799871441068],[-43.325076547244748,-22.820702991973693],[-43.325007530572975,-22.820627609900445],[-43.324914600927968,-22.820546807613262],[-43.324855762783102,-22.820503364063207],[-43.324777808648832,-22.820445237282069],[-43.324708604918044,-22.820402416062851],[-43.324722187378939,-22.82033737259589],[-43.324770741776206,-22.820287511483642]],[[-43.325419084622922,-22.820746207995281],[-43.325424055175858,-22.82073508967682],[-43.325428079642052,-22.820726082067214],[-43.325439417395096,-22.820700716688926],[-43.325441572170689,-22.820655651661198],[-43.325440629681175,-22.820650756651283],[-43.325433238153323,-22.820612327720955],[-43.325403824926468,-22.820570481366829],[-43.325371055429741,-22.820538111169085],[-43.325370328777524,-22.820537394409435],[-43.325369814365331,-22.820537260410461],[-43.325324207945698,-22.820525388460123],[-43.325284657560758,-22.820522453072957],[-43.325237855042872,-22.820505935224908],[-43.325214809915451,-22.820491728634536],[-43.325188713388286,-22.820475640662501],[-43.325169697223657,-22.820455008416122],[-43.325162840792366,-22.820424488123834],[-43.325162573693717,-22.820395337499011],[-43.325137441239796,-22.820359516602601],[-43.325098623802319,-22.820330748189647],[-43.325059503293346,-22.820330290434768],[-43.325056595785163,-22.820330256260501],[-43.325011638676074,-22.820349338075694],[-43.324976572310845,-22.820371675436668],[-43.324965433307966,-22.820378770188263],[-43.324955796172958,-22.820416822302676],[-43.324957700937034,-22.820458511275444],[-43.324966909994771,-22.820498754138395],[-43.324992982240246,-22.820536656965327],[-43.325042328940185,-22.820557894455426],[-43.325080108560023,-22.820567309457946],[-43.325126983023722,-22.820587660216525],[-43.325144094424274,-22.820607929136838],[-43.325152691043748,-22.820666834730844],[-43.325185537882142,-22.820710856544974],[-43.325210851999081,-22.820734276689684],[-43.325249647852843,-22.820755191323208],[-43.325301813028148,-22.82077357976107],[-43.3253720986433,-22.820773844161753],[-43.325419084622922,-22.820746207995281]]]},"properties":{"objectid":2471,"nome":" ","geometriaa":"Não","tipomassad":"Lago/Lagoa","regime":"Permanente","salgada":"Desconhecido","dominialid":"Desconhecida","artificial":"Desconhecido","possuitrec":"Sim","codmun":"330455","municn":"Rio de Janeiro","reggov":"Região Metropolitana","rh":"RH-V","nome_rh":"Baia de Guanabara","area_km":0.0029114100000000001,"area_ha":0.29114050000000002,"id_rh":5,"Shape__Area":2.560949555447534e-07,"Shape__Length":0.0039088595038314243}},{"type":"Feature","id":3502,"geometry":{"type":"Polygon","coordinates":[[[-43.327605172840322,-22.802160435480321],[-43.327688585859448,-22.801909025505758],[-43.327958497586451,-22.802010283772219],[-43.328328732285065,-22.802179071231745],[-43.328661526408212,-22.802374739427275],[-43.329053388902651,-22.802447482889615],[-43.329456310360342,-22.802452067633425],[-43.329510819168831,-22.802447310219776],[-43.32990087042873,-22.802460969123022],[-43.330290264284152,-22.802488529746455],[-43.330680472026017,-22.802481327076212],[-43.330895390209939,-22.802525545841867],[-43.330904771038213,-22.80265923545997],[-43.3294940234303,-22.80261574874239],[-43.328343108847264,-22.802493578540439],[-43.327731211026446,-22.802260478762701],[-43.327612292772983,-22.802166085920735],[-43.327605360798657,-22.802160584767801],[-43.327605172840322,-22.802160435480321]]]},"properties":{"objectid":3502,"nome":"Rio Pavuna","geometriaa":"Não","tipomassad":"Rio","regime":"Permanente","salgada":"Desconhecido","dominialid":"Desconhecida","artificial":"Desconhecido","possuitrec":"Sim","codmun":"330170","municn":"Duque de Caxias","reggov":"Região Metropolitana","rh":"RH-V","nome_rh":"Baia de Guanabara","area_km":0.0073212299999999998,"area_ha":0.73212348000000005,"id_rh":5,"Shape__Area":6.4391185372451164e-07,"Shape__Length":0.0071112155829190149}},{"type":"Feature","id":3503,"geometry":{"type":"Polygon","coordinates":[[[-43.390391584304041,-22.813751698406509],[-43.390409832447688,-22.81373062189504],[-43.390562993287411,-22.813805244041131],[-43.3908776984469,-22.813967371121624],[-43.391315178152801,-22.814176976110875],[-43.391464831636533,-22.814241705714476],[-43.391642901898315,-22.814275924018986],[-43.391771326885127,-22.81429022503816],[-43.391884716106624,-22.814315663261571],[-43.392260711862264,-22.8144767804034],[-43.392924807233953,-22.81476001288863],[-43.392976395943784,-22.81477200354945],[-43.393240839792782,-22.814792732023271],[-43.39336907412337,-22.814806758749263],[-43.393680155015034,-22.814871397521276],[-43.393855214346559,-22.814913260063204],[-43.394394242799926,-22.815062197686604],[-43.395396919432187,-22.815366894291028],[-43.396943772237194,-22.815964250973696],[-43.397249697315544,-22.816086901413659],[-43.39811724181714,-22.816460304423785],[-43.3982342580045,-22.816509075557676],[-43.399210475682764,-22.816812037369893],[-43.399302628313528,-22.816846107286299],[-43.400518464955098,-22.817327848026046],[-43.400555998160655,-22.81733391395321],[-43.400690640160796,-22.817333460694925],[-43.400748444085309,-22.81735562448673],[-43.400777913070101,-22.817384910009842],[-43.400796545224232,-22.817399547375459],[-43.400865063671638,-22.817455145262976],[-43.401458827562749,-22.817799050510029],[-43.402422523080872,-22.818283393887729],[-43.402456952726084,-22.818296654391304],[-43.402505380318921,-22.818304274347049],[-43.402546132198097,-22.818301703185291],[-43.402586834614624,-22.818303375024989],[-43.402625842708346,-22.818316771326177],[-43.403390007442795,-22.818702386230363],[-43.403425795963585,-22.818724419620469],[-43.403483461392511,-22.818766992626813],[-43.403741654953308,-22.818982174312104],[-43.403844395302492,-22.81905256245004],[-43.403958108279937,-22.819125951625598],[-43.404230931112473,-22.81927300247132],[-43.404279186035474,-22.819303830331741],[-43.404481579361288,-22.819450447704217],[-43.405041597991215,-22.819706941546343],[-43.405978203231371,-22.82026947558002],[-43.406698894738099,-22.820608400381559],[-43.406833077184665,-22.820664471312455],[-43.406984519419893,-22.8207192697027],[-43.407151369739779,-22.820806101944239],[-43.407321305633616,-22.820895765251521],[-43.407348141403475,-22.820914763429766],[-43.40735870124297,-22.820922239493942],[-43.407554713878831,-22.821081793614034],[-43.407590453836242,-22.821108159937801],[-43.407660709773829,-22.821140561611795],[-43.407724703731965,-22.821158450925953],[-43.407774822949591,-22.821163196648399],[-43.407810849790785,-22.821164911655494],[-43.40788136563242,-22.821158119975443],[-43.407936267444654,-22.821145392769832],[-43.408002194945198,-22.821122660606466],[-43.408915498751121,-22.820699370403819],[-43.40909317960643,-22.820600445878032],[-43.409327556421488,-22.820468581883752],[-43.40938430094463,-22.820431218650022],[-43.40939844728041,-22.820421154337005],[-43.409423583331602,-22.820412644052471],[-43.409445586144784,-22.820405549300865],[-43.409489444282315,-22.820395690932582],[-43.409541361244692,-22.820371373264447],[-43.409698371182735,-22.820315863510491],[-43.40990681874456,-22.820294010884105],[-43.41056531403791,-22.820192659088168],[-43.410628069629588,-22.820182989577482],[-43.410707938420501,-22.820176290527581],[-43.410786276565318,-22.820175355232681],[-43.410836412870019,-22.820178564913032],[-43.410886416974449,-22.820184753148009],[-43.411013029827366,-22.82021320050298],[-43.411113031740911,-22.820242917700693],[-43.411197315303752,-22.820275456970947],[-43.41132500734313,-22.820328479200164],[-43.411794528994228,-22.820543677972523],[-43.411931151301474,-22.820599587924853],[-43.412055067087579,-22.820633787343588],[-43.412177412657343,-22.820660655489071],[-43.412445284721976,-22.820689696396528],[-43.412547141936962,-22.820702271616717],[-43.412664747180202,-22.820726291609276],[-43.412735343061513,-22.820746231377662],[-43.412966041649383,-22.820821953394617],[-43.413049267609495,-22.820853398189971],[-43.413187443045956,-22.820926663259058],[-43.413281676707868,-22.820958126940187],[-43.413352162871881,-22.820970841555265],[-43.413457109258047,-22.820977485746539],[-43.414027020430524,-22.820954079091674],[-43.414142959230048,-22.82096218737923],[-43.414241712884632,-22.820981955377135],[-43.414346810356903,-22.821017680945374],[-43.414883852207879,-22.82124998032651],[-43.415113236886278,-22.821372106461684],[-43.415221684333119,-22.821438300161599],[-43.415286213387894,-22.821485814043271],[-43.415345982331068,-22.821540686177901],[-43.4154060363594,-22.821612901738188],[-43.415459784341465,-22.821699774449183],[-43.415686666206561,-22.82216452070023],[-43.415734257429904,-22.822261446932401],[-43.415927796030871,-22.822661107448269],[-43.415959501629573,-22.822724821717273],[-43.416368398182897,-22.823255317403106],[-43.416474069422634,-22.82336799346222],[-43.416541820748307,-22.82344019463341],[-43.416912148077074,-22.823818489955425],[-43.416937437012969,-22.823847369884323],[-43.417008278409185,-22.823913731757429],[-43.417028860293556,-22.823936874910984],[-43.417043044400891,-22.823957156421713],[-43.417085835043103,-22.82403967551469],[-43.417131881231228,-22.824143901543938],[-43.41714143562865,-22.824168560954423],[-43.417146363014133,-22.8241975101311],[-43.417151358748072,-22.824254095474235],[-43.417153473054213,-22.824332507363444],[-43.417144781106622,-22.824688161353638],[-43.417148033055184,-22.824718629485258],[-43.417159345627169,-22.824776631260619],[-43.417164240637078,-22.824799890426696],[-43.417463985574329,-22.825645933936759],[-43.41747509669824,-22.825679278999587],[-43.417505263556961,-22.82573286330506],[-43.417544644869338,-22.825773263549369],[-43.417563476672967,-22.825787719251945],[-43.417582358838679,-22.825797751189331],[-43.417645130618155,-22.825820591271338],[-43.417663995696728,-22.825832158351492],[-43.417676608688403,-22.825845108588961],[-43.41768618107227,-22.825868323688269],[-43.417694282165257,-22.825917623623521],[-43.417703914803717,-22.825952399507685],[-43.417715093376728,-22.825979965527036],[-43.417745039901554,-22.826018916064189],[-43.417927908046408,-22.826255364017928],[-43.417930893795592,-22.826258284116577],[-43.418018476971042,-22.826368341349948],[-43.418265063881449,-22.826689050383425],[-43.418386708879382,-22.826844602520431],[-43.418568404308303,-22.827056202206027],[-43.418856679292219,-22.827437200890149],[-43.419013252159743,-22.827639248876277],[-43.419049867157526,-22.827657675085643],[-43.419180192411822,-22.827745126060751],[-43.419212388141084,-22.8277837015806],[-43.419300893121601,-22.827889740643009],[-43.419383021908807,-22.82799974301777],[-43.419467763226578,-22.828111397447064],[-43.419605116682646,-22.828239829628441],[-43.419859952174924,-22.828521874109182],[-43.420164841234339,-22.828890573665031],[-43.420418307059094,-22.82920701361676],[-43.420530703429108,-22.829345493024078],[-43.420584064702723,-22.829432451170682],[-43.420648103626938,-22.829556723987622],[-43.420695011365588,-22.829696541586113],[-43.420780733843685,-22.830001924373299],[-43.420924935637174,-22.830457535310988],[-43.421010229138624,-22.830681994402479],[-43.421013785957314,-22.830694583112461],[-43.421026173219211,-22.830752596579032],[-43.421030193188756,-22.83080104305764],[-43.421043567006905,-22.83087478027084],[-43.421059639690498,-22.830925695388483],[-43.421086050081044,-22.830984299709598],[-43.421111737416652,-22.831038018014056],[-43.421134137730178,-22.831106335912626],[-43.421140612848887,-22.831153091665783],[-43.421148606922543,-22.83118649608388],[-43.421171669137095,-22.831248137415557],[-43.421199370954064,-22.831304586061769],[-43.421219227085537,-22.831331605293297],[-43.421269596314687,-22.831407877695352],[-43.421339719152563,-22.831486330953325],[-43.421416901668579,-22.83162003675924],[-43.421570883589304,-22.83192076735347],[-43.42166270976611,-22.83207737529457],[-43.421715982006845,-22.832163881082153],[-43.421758897654911,-22.832227525204043],[-43.42177592811646,-22.832271495756821],[-43.421798179142506,-22.832310640547536],[-43.421823864679475,-22.83236445058283],[-43.421859939184742,-22.832421524257846],[-43.421901515742256,-22.832457609554936],[-43.421941359306167,-22.832492052690007],[-43.421976108210679,-22.832511903425505],[-43.422031864378937,-22.832535123920728],[-43.422127906577479,-22.832545830349673],[-43.422361804053878,-22.832523853616888],[-43.422729948728033,-22.832460939744479],[-43.423174459333723,-22.832374576949078],[-43.423621747945219,-22.832275236037241],[-43.423723388423525,-22.832256734284741],[-43.423796828860418,-22.832267214983872],[-43.423999822933354,-22.832339757897412],[-43.424060668365037,-22.832369531752388],[-43.42409000784744,-22.832402243692538],[-43.424117748335284,-22.832430153252879],[-43.424134794085376,-22.83246437065813],[-43.424150239941525,-22.832493693952721],[-43.424160501206075,-22.832516463887615],[-43.424177659371367,-22.832541018077404],[-43.424187918837276,-22.832563788012305],[-43.424203422249995,-22.832588235182818],[-43.424224123744182,-22.832609573397029],[-43.424248525049279,-22.832622819511428],[-43.424283369281966,-22.832634453141406],[-43.424314687272897,-22.832647768503598],[-43.42434244214985,-22.832665834084896],[-43.424387973925718,-22.832663124427555],[-43.424417874585117,-22.832647163259903],[-43.424446175350568,-22.832626401511121],[-43.424481337043972,-22.832610492504116],[-43.424528735812373,-22.832597955954796],[-43.424561826367089,-22.832609663329229],[-43.42459640799774,-22.832644053404248],[-43.424611873638923,-22.832671751623948],[-43.424621662759421,-22.832727029352853],[-43.424628265581873,-22.832762767511625],[-43.424620607854642,-22.832818595625561],[-43.424611414984668,-22.832863931349276],[-43.424607477752772,-22.83290119116095],[-43.424608783568374,-22.832940129107559],[-43.424615234405451,-22.832980743390472],[-43.42461834875769,-22.833014822300132],[-43.424623124157733,-22.833057045470191],[-43.424631481557526,-22.833092801615418],[-43.424641685265435,-22.83312053850597],[-43.424655373846292,-22.833141716640792],[-43.42467977515139,-22.833154962755206],[-43.424709359249391,-22.833166544224536],[-43.424732005977148,-22.83317977325186],[-43.424761356251452,-22.833211673104131],[-43.424769582350216,-22.833258807471907],[-43.424774278609959,-22.833299403768358],[-43.424788084102659,-22.833318957727602],[-43.424810619314492,-22.833341939003159],[-43.424827815251376,-22.833363152211568],[-43.424845015684809,-22.833392493492678],[-43.424849977244541,-22.8334185522483],[-43.424851059128962,-22.833476904759266],[-43.424841339256261,-22.833559534468858],[-43.42484413704716,-22.833621155116127],[-43.424843799801408,-22.833650413659534],[-43.424848800031953,-22.833673131433773],[-43.424860940879633,-22.833676502092768],[-43.424875007175729,-22.833673390438488],[-43.424880360839836,-22.833665315425822],[-43.424901567753004,-22.833642856656404],[-43.424933301230737,-22.833628540348737],[-43.424968331623056,-22.833624009564286],[-43.425006683211734,-22.833635768200036],[-43.425022069712604,-22.833661840445462],[-43.425028803836085,-22.833686291213262],[-43.425028448603882,-22.83371708400011],[-43.425026379263898,-22.83374460954996],[-43.42501369702439,-22.833788285125134],[-43.424989898265096,-22.83383275390235],[-43.424992673572888,-22.833862494482435],[-43.425000280038773,-22.833895804471684],[-43.425007929672127,-22.833916833319091],[-43.425021077760391,-22.833934212717605],[-43.425026094178804,-22.833980953182312],[-43.425001233320131,-22.833933597581318],[-43.424978238554729,-22.833868153916047],[-43.424978240353369,-22.833827473083304],[-43.424994158353627,-22.833767336317397],[-43.424997696286532,-22.833710737484452],[-43.424987083387059,-22.833670055752339],[-43.424958784420255,-22.83365767388641],[-43.424916334621003,-22.833662979886512],[-43.424857965922278,-22.833703661618575],[-43.424808441156529,-22.833689512584836],[-43.424811978190114,-22.833571006220829],[-43.424815517022353,-22.833392364889615],[-43.424748304390619,-22.833312771291276],[-43.424725309625217,-22.83321902775981],[-43.424633336858903,-22.833162428027546],[-43.424601499059804,-22.833100523194513],[-43.424592655126787,-22.832976711729771],[-43.424590886160331,-22.832921880064593],[-43.424590886160331,-22.832787455700451],[-43.424590886160331,-22.832684870034612],[-43.424564355260657,-22.83264242023542],[-43.424537824360982,-22.832628270302347],[-43.424486532427416,-22.832628270302347],[-43.424428162829315,-22.832674257135199],[-43.424387481996575,-22.832691944101857],[-43.424295507431616,-22.832674257135192],[-43.424187615765732,-22.832614120369282],[-43.42413455216775,-22.83254160173745],[-43.424092104167137,-22.832451396138957],[-43.424062034435224,-22.832408947239028],[-43.423927610970338,-22.832348809573798],[-43.423764887639322,-22.832288673707264],[-43.423699443074725,-22.832288671908621],[-43.423513726776946,-22.832332891573596],[-43.423223653148966,-22.832393028339499],[-43.422662965423399,-22.832499151938194],[-43.422247311364231,-22.832553983603379],[-43.422089893133943,-22.832569901603577],[-43.421994382434654,-22.832561057670564],[-43.421916556903454,-22.832516838904912],[-43.421794514405171,-22.832401872272516],[-43.421730840605676,-22.832253297975242],[-43.421658321973844,-22.832124179611093],[-43.421437229944104,-22.83170498941767],[-43.421331105446036,-22.831517504153432],[-43.421272736747312,-22.831450291521652],[-43.421194913014688,-22.831347704956539],[-43.421143619282475,-22.831243349424984],[-43.421110013416232,-22.831135457759096],[-43.421067565415683,-22.831025795328109],[-43.421025113817855,-22.830889601997512],[-43.42098797091802,-22.830714495901194],[-43.420920760084876,-22.830532317536385],[-43.420850008620903,-22.830323607372531],[-43.420639528591266,-22.82960726858456],[-43.420604155557214,-22.829511756985966],[-43.420519255958766,-22.829375564554624],[-43.420423744360221,-22.829258827157144],[-43.419928499400619,-22.828650382732967],[-43.419634887839663,-22.828303710271992],[-43.419442094776741,-22.828117992175645],[-43.419367808077766,-22.828018942644121],[-43.419254610411826,-22.827870369246188],[-43.419166172880466,-22.827762474882331],[-43.419102498181644,-22.827716488948809],[-43.41896276871671,-22.827626284249632],[-43.418828344352498,-22.82744233511967],[-43.417857306769186,-22.826200682539525],[-43.417676895572129,-22.825977822442596],[-43.417655671571879,-22.825896459877814],[-43.417636214739389,-22.82584693511205],[-43.417565466872702,-22.82581863524587],[-43.417517710174074,-22.825792104346199],[-43.417480567274261,-22.825739042546843],[-43.417413356441095,-22.825588700182447],[-43.417195799646322,-22.824974947959586],[-43.417117975913754,-22.824725556063669],[-43.41711266901433,-22.824576982665715],[-43.41712328191381,-22.824226773171155],[-43.417082601081063,-22.824088811773358],[-43.417004776449176,-22.823949081409111],[-43.416686403854335,-22.823636015713692],[-43.41635918822584,-22.823298186286372],[-43.416191157995399,-22.823093013156171],[-43.41592054119991,-22.822728653728539],[-43.415756048902445,-22.822390824301259],[-43.415665843303891,-22.822187420137439],[-43.415427064307437,-22.821695711312177],[-43.415280258976679,-22.821522375081702],[-43.415138761444553,-22.821423326449512],[-43.414647050820633,-22.821172165587132],[-43.414341060091722,-22.821046585155951],[-43.414153573928154,-22.820988216457163],[-43.413914794032394,-22.820981142389989],[-43.413688396901875,-22.820997060390201],[-43.413515059772067,-22.82100236549093],[-43.413347030441003,-22.820993522457286],[-43.413189613110028,-22.82095107355735],[-43.412991514946327,-22.820860867958849],[-43.412795184849756,-22.820784812293429],[-43.412630692552277,-22.820735286628352],[-43.412365381756842,-22.820699913594311],[-43.412080615028223,-22.820662768895836],[-43.411887821965308,-22.820599095096338],[-43.411723329667836,-22.820530114397457],[-43.411325364373965,-22.820346165267509],[-43.411106041310632,-22.82026126656838],[-43.410902636247563,-22.820209973735487],[-43.410785900648705,-22.82019405393665],[-43.410658551251004,-22.820197590970242],[-43.410469296120993,-22.820220585735647],[-43.410066023927754,-22.820282491468006],[-43.409740917209433,-22.82034083948237],[-43.409533979609364,-22.820398881727233],[-43.409402751435714,-22.820439259488413],[-43.409253858778406,-22.820527587302479],[-43.408867743851204,-22.820739570998573],[-43.408541852924031,-22.820891355875577],[-43.408499295206177,-22.820911178732107],[-43.408220089885106,-22.82104577936343],[-43.408048968684852,-22.821120180276296],[-43.407903887354394,-22.821170401117275],[-43.407803446571677,-22.821183421501857],[-43.407686264909103,-22.821179701006592],[-43.4075709457424,-22.821127620367559],[-43.407384942560952,-22.820989979128402],[-43.407266437096268,-22.820917967714191],[-43.407030750868337,-22.820784176472735],[-43.406323049169259,-22.820473179218034],[-43.405921446117709,-22.820279724254096],[-43.405705950569029,-22.820145040885127],[-43.405240680912577,-22.819865878731516],[-43.405034982578279,-22.819736091271782],[-43.404626032964927,-22.819554879678194],[-43.404447272023845,-22.819464273881326],[-43.404234225329105,-22.819307551726343],[-43.404055462589383,-22.819209600267051],[-43.403884047310846,-22.81911164790845],[-43.403688144392213,-22.818974513886918],[-43.403440814641776,-22.818768817351256],[-43.403333068666086,-22.818710045756234],[-43.402654751415525,-22.81835497092942],[-43.402559247910851,-22.818325582883574],[-43.402473540721189,-22.818325584682221],[-43.402365792946846,-22.818283955064718],[-43.401976435064284,-22.818078256730423],[-43.400857333998665,-22.817488095523426],[-43.400526746811806,-22.817353412154507],[-43.400054129694183,-22.817164854898383],[-43.399223987996557,-22.816839164520079],[-43.399035429841092,-22.816777944970436],[-43.398638723598083,-22.816662851533678],[-43.398335074703816,-22.816560002366465],[-43.398065706167301,-22.816466945917103],[-43.39737024873785,-22.816168194730711],[-43.396951503708806,-22.815986983137069],[-43.396101771179701,-22.815661292758769],[-43.395614460039155,-22.815470287548028],[-43.395288770560171,-22.815352745257261],[-43.394390442264978,-22.815095274751421],[-43.393792555881646,-22.814921757757215],[-43.39334932321259,-22.814823805398614],[-43.392989349778539,-22.814801765713206],[-43.392866909779968,-22.814765032904262],[-43.392352663044839,-22.814547091199614],[-43.391887391589705,-22.814341391966011],[-43.391733117389315,-22.814319351381293],[-43.391429465797103,-22.814265479292761],[-43.390917668815234,-22.814025497003449],[-43.390391584304041,-22.813751698406509]]]},"properties":{"objectid":3503,"nome":"Rio Pavuna","geometriaa":"Não","tipomassad":"Rio","regime":"Permanente","salgada":"Desconhecido","dominialid":"Desconhecida","artificial":"Desconhecido","possuitrec":"Sim","codmun":"330320","municn":"Nilópolis","reggov":"Região Metropolitana","rh":"RH-V","nome_rh":"Baia de Guanabara","area_km":0.01332555,"area_ha":1.3325547099999999,"id_rh":5,"Shape__Area":1.1721672177328543e-06,"Shape__Length":0.08944777608003536}},{"type":"Feature","id":3504,"geometry":{"type":"Polygon","coordinates":[[[-43.32751346987061,-22.802475371765613],[-43.327605123377623,-22.802160582969158],[-43.327605172840322,-22.802160435480321],[-43.327605360798657,-22.802160584767801],[-43.327612292772983,-22.802166085920735],[-43.327731211026446,-22.802260478762701],[-43.328343108847264,-22.802493578540439],[-43.3294940234303,-22.80261574874239],[-43.330904771038213,-22.80265923545997],[-43.33090500935856,-22.802659243553837],[-43.331721628849948,-22.802684412879973],[-43.333968781933606,-22.80290738359345],[-43.33427532484626,-22.802937798665035],[-43.33515470892258,-22.803005273898879],[-43.335369464329183,-22.803017381471541],[-43.33656486477657,-22.80308476317585],[-43.339448834096281,-22.803179597584929],[-43.341529644977015,-22.803336424061282],[-43.341542654569707,-22.803337404322352],[-43.343622983413802,-22.80345618408024],[-43.345053717554883,-22.803568194641056],[-43.346373869258514,-22.80358189401381],[-43.346917755849638,-22.803665255771541],[-43.348048300788321,-22.803761172065034],[-43.34846669957841,-22.803773466696725],[-43.34852090801337,-22.803708021232744],[-43.348766025431587,-22.803710060895181],[-43.349158923045763,-22.803746822482431],[-43.349555412552149,-22.803752192334393],[-43.349954237597842,-22.803782150550365],[-43.350345719679126,-22.8038070635697],[-43.350736222398609,-22.803832507189036],[-43.351125630643196,-22.803867873927796],[-43.351519568772972,-22.803866890968827],[-43.351914366654569,-22.803899691042478],[-43.352306581683251,-22.80390419844457],[-43.352694529428845,-22.803947853335316],[-43.353084309992767,-22.803952331959117],[-43.353479508072724,-22.803984321743645],[-43.353873886870247,-22.803995258399024],[-43.354265261032872,-22.80402124430957],[-43.354656100998163,-22.804051198028947],[-43.354722059974961,-22.804050162909263],[-43.355120596338338,-22.8040881421786],[-43.355519312566123,-22.804094875402761],[-43.355910023029026,-22.804143789528819],[-43.356305678863855,-22.804202687928278],[-43.356700379618701,-22.804243785147133],[-43.356878710683816,-22.804254144437763],[-43.357091599997204,-22.80426651191458],[-43.357485053392395,-22.804314185875555],[-43.357878385379081,-22.804380192516465],[-43.358267504941296,-22.804431884648327],[-43.358660487091697,-22.804462121654161],[-43.359055609628577,-22.804492559208814],[-43.359445572754851,-22.804547147157653],[-43.359838294101849,-22.804558504695798],[-43.360234922103871,-22.804544611968804],[-43.36062649591593,-22.80451350891585],[-43.361010765434344,-22.804449728097016],[-43.361406040855968,-22.804402224107918],[-43.361477914673912,-22.804396567372212],[-43.361503742303739,-22.804394534005091],[-43.361521387901625,-22.804479586488277],[-43.362627666433518,-22.804352008662857],[-43.365237025068552,-22.804048477579713],[-43.365537072178029,-22.804077462729293],[-43.366287438614279,-22.804421942643085],[-43.367330257385326,-22.804847136710546],[-43.368074883448969,-22.805087922993803],[-43.369414824734243,-22.805202024478394],[-43.369450375834049,-22.805208131774428],[-43.369453340898872,-22.805208639891383],[-43.37005622121751,-22.80531221301279],[-43.370292867022101,-22.805385874682887],[-43.370479270401916,-22.805572367994898],[-43.370707467975137,-22.805769002062345],[-43.371234233273128,-22.806266616735503],[-43.371435306394176,-22.806437282878832],[-43.371496789445132,-22.806488405739842],[-43.371665226169114,-22.806647271878585],[-43.372164781579272,-22.807070914615537],[-43.372314157172468,-22.807186007152982],[-43.372465983418294,-22.807242328994764],[-43.373391628620652,-22.807413745172678],[-43.373954852434402,-22.807484760138063],[-43.374148305599704,-22.807516595239147],[-43.374319721777631,-22.807577813889477],[-43.374564602674127,-22.807702702742027],[-43.375127824689237,-22.808109202602068],[-43.375688599649038,-22.808483869159716],[-43.375906542253006,-22.80866263189937],[-43.376161216766604,-22.808983423670544],[-43.376322838428102,-22.809265036476667],[-43.376379160269884,-22.809622560157464],[-43.376385710931686,-22.809674057136451],[-43.376467317212814,-22.810315569632237],[-43.376530987415038,-22.810496780326574],[-43.376628937075679,-22.810658401088759],[-43.376778313568195,-22.810797982165525],[-43.376952178600042,-22.810878792546653],[-43.37714073675545,-22.810903281085988],[-43.378103112968176,-22.810827368412731],[-43.379170789000568,-22.810685337582708],[-43.379520967918211,-22.810631464594859],[-43.379611572815691,-22.810626566886992],[-43.379709524275029,-22.810670645358432],[-43.379839310835393,-22.810797982165525],[-43.379998482743645,-22.810964500635581],[-43.380155205797955,-22.811037965354213],[-43.380583744444152,-22.811118775735338],[-43.381058811314972,-22.811197136363138],[-43.381186149021453,-22.811251009350986],[-43.381639176206868,-22.81150078705609],[-43.382040779258432,-22.811728525075729],[-43.382278311794543,-22.811811783411471],[-43.382682363699985,-22.811885248130114],[-43.382907652865761,-22.811929326601536],[-43.383066825673325,-22.812012586735854],[-43.383590866924862,-22.812370110416651],[-43.383828400360237,-22.812556219718111],[-43.383977777752136,-22.812742327220995],[-43.384183476086434,-22.81306067103748],[-43.384369583589319,-22.813550430132583],[-43.384450394869702,-22.813712050894765],[-43.384572835767635,-22.813856529679462],[-43.384707519136548,-22.81395448203806],[-43.38486913899942,-22.81401815044164],[-43.385263394589849,-22.814089166306292],[-43.386296787566557,-22.814277722663107],[-43.386710634887777,-22.814436895470671],[-43.387122031556373,-22.814603413041393],[-43.387491801305487,-22.81477237946606],[-43.387619138112598,-22.814809111375688],[-43.387775861166915,-22.814809112275007],[-43.387871363772319,-22.814787072589667],[-43.388108898107021,-22.814637696097094],[-43.38881170209828,-22.814192015473491],[-43.389223099666197,-22.813910403566631],[-43.389338194901661,-22.813854081724852],[-43.389578175392394,-22.813758578220121],[-43.389845095074975,-22.813687563254803],[-43.390018960106829,-22.813650830445788],[-43.390114462712177,-22.813650831345122],[-43.390258940597505,-22.813682664647608],[-43.390391584304041,-22.813751698406509],[-43.390917668815234,-22.814025497003449],[-43.391429465797103,-22.814265479292761],[-43.391733117389315,-22.814319351381293],[-43.391887391589705,-22.814341391966011],[-43.392352663044839,-22.814547091199614],[-43.392866909779968,-22.814765032904262],[-43.392989349778539,-22.814801765713206],[-43.39334932321259,-22.814823805398614],[-43.393792555881646,-22.814921757757215],[-43.394390442264978,-22.815095274751421],[-43.395288770560171,-22.815352745257261],[-43.395614460039155,-22.815470287548028],[-43.396101771179701,-22.815661292758769],[-43.396951503708806,-22.815986983137069],[-43.39737024873785,-22.816168194730711],[-43.398065706167301,-22.816466945917103],[-43.398335074703816,-22.816560002366465],[-43.398638723598083,-22.816662851533678],[-43.399035429841092,-22.816777944970436],[-43.399223987996557,-22.816839164520079],[-43.400054129694183,-22.817164854898383],[-43.400526746811806,-22.817353412154507],[-43.400857333998665,-22.817488095523426],[-43.401976435064284,-22.818078256730423],[-43.402365792946846,-22.818283955064718],[-43.402473540721189,-22.818325584682221],[-43.402559247910851,-22.818325582883574],[-43.402654751415525,-22.81835497092942],[-43.403333068666086,-22.818710045756234],[-43.403440814641776,-22.818768817351256],[-43.403688144392213,-22.818974513886918],[-43.403884047310846,-22.81911164790845],[-43.404055462589383,-22.819209600267051],[-43.404234225329105,-22.819307551726343],[-43.404447272023845,-22.819464273881326],[-43.404626032964927,-22.819554879678194],[-43.405034982578279,-22.819736091271782],[-43.405240680912577,-22.819865878731516],[-43.405705950569029,-22.820145040885127],[-43.405921446117709,-22.820279724254096],[-43.406323049169259,-22.820473179218034],[-43.407030750868337,-22.820784176472735],[-43.407266437096268,-22.820917967714191],[-43.407384942560952,-22.820989979128402],[-43.4075709457424,-22.821127620367559],[-43.407686264909103,-22.821179701006592],[-43.407803446571677,-22.821183421501857],[-43.407903887354394,-22.821170401117275],[-43.408048968684852,-22.821120180276296],[-43.408220089885106,-22.82104577936343],[-43.408499295206177,-22.820911178732107],[-43.408541852924031,-22.820891355875577],[-43.408867743851204,-22.820739570998573],[-43.409253858778406,-22.820527587302479],[-43.409402751435714,-22.820439259488413],[-43.409533979609364,-22.820398881727233],[-43.409740917209433,-22.82034083948237],[-43.410066023927754,-22.820282491468006],[-43.410469296120993,-22.820220585735647],[-43.410658551251004,-22.820197590970242],[-43.410785900648705,-22.82019405393665],[-43.410902636247563,-22.820209973735487],[-43.411106041310632,-22.82026126656838],[-43.411325364373965,-22.820346165267509],[-43.411723329667836,-22.820530114397457],[-43.411887821965308,-22.820599095096338],[-43.412080615028223,-22.820662768895836],[-43.412365381756842,-22.820699913594311],[-43.412630692552277,-22.820735286628352],[-43.412795184849756,-22.820784812293429],[-43.412991514946327,-22.820860867958849],[-43.413189613110028,-22.82095107355735],[-43.413347030441003,-22.820993522457286],[-43.413515059772067,-22.82100236549093],[-43.413688396901875,-22.820997060390201],[-43.413914794032394,-22.820981142389989],[-43.414153573928154,-22.820988216457163],[-43.414341060091722,-22.821046585155951],[-43.414647050820633,-22.821172165587132],[-43.415138761444553,-22.821423326449512],[-43.415280258976679,-22.821522375081702],[-43.415427064307437,-22.821695711312177],[-43.415665843303891,-22.822187420137439],[-43.415756048902445,-22.822390824301259],[-43.41592054119991,-22.822728653728539],[-43.416191157995399,-22.823093013156171],[-43.41635918822584,-22.823298186286372],[-43.416686403854335,-22.823636015713692],[-43.417004776449176,-22.823949081409111],[-43.417082601081063,-22.824088811773358],[-43.41712328191381,-22.824226773171155],[-43.41711266901433,-22.824576982665715],[-43.417117975913754,-22.824725556063669],[-43.417195799646322,-22.824974947959586],[-43.417413356441095,-22.825588700182447],[-43.417480567274261,-22.825739042546843],[-43.417517710174074,-22.825792104346199],[-43.417565466872702,-22.82581863524587],[-43.417636214739389,-22.82584693511205],[-43.417655671571879,-22.825896459877814],[-43.417676895572129,-22.825977822442596],[-43.417857306769186,-22.826200682539525],[-43.418828344352498,-22.82744233511967],[-43.41896276871671,-22.827626284249632],[-43.419102498181644,-22.827716488948809],[-43.419166172880466,-22.827762474882331],[-43.419254610411826,-22.827870369246188],[-43.419367808077766,-22.828018942644121],[-43.419442094776741,-22.828117992175645],[-43.419634887839663,-22.828303710271992],[-43.419928499400619,-22.828650382732967],[-43.420423744360221,-22.829258827157144],[-43.420519255958766,-22.829375564554624],[-43.420604155557214,-22.829511756985966],[-43.420639528591266,-22.82960726858456],[-43.420850008620903,-22.830323607372531],[-43.420920760084876,-22.830532317536385],[-43.42098797091802,-22.830714495901194],[-43.421025113817855,-22.830889601997512],[-43.421067565415683,-22.831025795328109],[-43.421110013416232,-22.831135457759096],[-43.421143619282475,-22.831243349424984],[-43.421194913014688,-22.831347704956539],[-43.421272736747312,-22.831450291521652],[-43.421331105446036,-22.831517504153432],[-43.421437229944104,-22.83170498941767],[-43.421658321973844,-22.832124179611093],[-43.421730840605676,-22.832253297975242],[-43.421794514405171,-22.832401872272516],[-43.421916556903454,-22.832516838904912],[-43.421994382434654,-22.832561057670564],[-43.422089893133943,-22.832569901603577],[-43.422247311364231,-22.832553983603379],[-43.422662965423399,-22.832499151938194],[-43.423223653148966,-22.832393028339499],[-43.423513726776946,-22.832332891573596],[-43.423699443074725,-22.832288671908621],[-43.423764887639322,-22.832288673707264],[-43.423927610970338,-22.832348809573798],[-43.424062034435224,-22.832408947239028],[-43.424092104167137,-22.832451396138957],[-43.42413455216775,-22.83254160173745],[-43.424187615765732,-22.832614120369282],[-43.424295507431616,-22.832674257135192],[-43.424387481996575,-22.832691944101857],[-43.424428162829315,-22.832674257135199],[-43.424486532427416,-22.832628270302347],[-43.424537824360982,-22.832628270302347],[-43.424564355260657,-22.83264242023542],[-43.424590886160331,-22.832684870034612],[-43.424590886160331,-22.832787455700451],[-43.424590886160331,-22.832921880064593],[-43.424592655126787,-22.832976711729771],[-43.424601499059804,-22.833100523194513],[-43.424633336858903,-22.833162428027546],[-43.424725309625217,-22.83321902775981],[-43.424748304390619,-22.833312771291276],[-43.424815517022353,-22.833392364889615],[-43.424811978190114,-22.833571006220829],[-43.424808441156529,-22.833689512584836],[-43.424857965922278,-22.833703661618575],[-43.424916334621003,-22.833662979886512],[-43.424958784420255,-22.83365767388641],[-43.424987083387059,-22.833670055752339],[-43.424997696286532,-22.833710737484452],[-43.424994158353627,-22.833767336317397],[-43.424978240353369,-22.833827473083304],[-43.424978238554729,-22.833868153916047],[-43.425001233320131,-22.833933597581318],[-43.425026094178804,-22.833980953182312],[-43.425006024907987,-22.833972266630656],[-43.424996897688573,-22.833961067373234],[-43.42498123239784,-22.833933817915224],[-43.424969673411567,-22.833905346278573],[-43.424958002010044,-22.833878137290068],[-43.42495295321612,-22.833859663416593],[-43.424957549651083,-22.833832795271164],[-43.424968846934632,-22.833807800413567],[-43.424977562264587,-22.833787115107153],[-43.424979279070335,-22.833756516573875],[-43.424977185448654,-22.83372678228908],[-43.424969848779369,-22.83370386036874],[-43.42496116312708,-22.833688150111911],[-43.424944370985827,-22.833674167452767],[-43.424936698869438,-22.833671923644253],[-43.424918367088878,-22.833681675892535],[-43.424911913553835,-22.833692089142502],[-43.424902429303522,-22.83371195426718],[-43.424874572803162,-22.83372802515213],[-43.424823856435694,-22.833724001585313],[-43.424808601235839,-22.833711929086167],[-43.424796756265152,-22.83369131122889],[-43.424789899833911,-22.833669026028637],[-43.424791550089822,-22.833644207438113],[-43.424793781307869,-22.833611174440012],[-43.424792497975261,-22.83355336242164],[-43.424800118830312,-22.833466918687233],[-43.424800771738091,-22.833427096707041],[-43.424792471894932,-22.833403261974862],[-43.424761003717208,-22.833377663672142],[-43.424739303076258,-22.833366882599417],[-43.424716636563403,-22.833338390278346],[-43.424715507014923,-22.833301080104658],[-43.424721012664456,-22.833271422262218],[-43.424711396213866,-22.833243510003857],[-43.424689893423704,-22.833223971333108],[-43.424644742061098,-22.833210429341769],[-43.424618818203776,-22.833202586354162],[-43.424596917014014,-22.833183765342369],[-43.424574826966591,-22.833156001472158],[-43.424573574210967,-22.8331294372976],[-43.424579123027968,-22.833095986114756],[-43.42457886402326,-22.833042337957412],[-43.424563857036276,-22.832983306458345],[-43.424551655934067,-22.832942905314731],[-43.424559873039584,-22.832872362493447],[-43.424572248610275,-22.832804480766082],[-43.424569558738028,-22.832733467599336],[-43.424563499106057,-22.832684368212959],[-43.424556309026343,-22.832665691991977],[-43.424538836098293,-22.832651611306698],[-43.424505850764263,-22.83264767227617],[-43.424480083389028,-22.832660152168174],[-43.424427861556467,-22.832710662590902],[-43.424400748795392,-22.832721411288002],[-43.424362720063357,-22.832732505324781],[-43.424329067432382,-22.832727385484375],[-43.424307057424642,-22.832718046024937],[-43.424284514118938,-22.83270427650509],[-43.424259717112136,-22.832691568185236],[-43.424220247666199,-22.832683861894637],[-43.424160557863331,-22.83265536507697],[-43.424131418030413,-22.832596734675477],[-43.424113785023053,-22.83253731556859],[-43.424077595404583,-22.832481776136962],[-43.424076260810686,-22.832479234652865],[-43.424070147219417,-22.83246860736423],[-43.424063443672878,-22.832458426139357],[-43.424055958615497,-22.832448508415862],[-43.424047979830277,-22.832439126688278],[-43.424039313963078,-22.832430190125098],[-43.424030155267353,-22.832421700524964],[-43.424020405717044,-22.832413746920814],[-43.424010163338266,-22.832406420144096],[-43.42399942633233,-22.832399631161952],[-43.423988390751504,-22.83239337997443],[-43.423976859644256,-22.83238784824449],[-43.423965029062749,-22.832382944241402],[-43.423788043383354,-22.832319509661573],[-43.423780560124612,-22.832317809043584],[-43.423767628772907,-22.832315424041521],[-43.423754593099886,-22.832313669464181],[-43.423741451306796,-22.832312726075333],[-43.423728201595104,-22.832312505741438],[-43.423715042714939,-22.832313007563151],[-43.423701876640159,-22.832314141608283],[-43.423688895825762,-22.83231608953982],[-43.423676004044239,-22.832318761425618],[-43.423663299321674,-22.832322067333468],[-43.423650878784883,-22.832326098994166],[-43.423638646206427,-22.832330764676971],[-43.423626795839823,-22.832336066180432],[-43.423615326785807,-22.832342094336088],[-43.423220361630285,-22.832424251002305],[-43.422732543272168,-22.832514881080805],[-43.422166738404144,-22.832600402110771],[-43.422155031929037,-22.832601640477225],[-43.422135917738274,-22.832603077593838],[-43.422116716313269,-22.832603790756274],[-43.422097619209637,-22.832603781763009],[-43.422078433073125,-22.83260304971488],[-43.422059353056575,-22.832601596410445],[-43.422040281133945,-22.832599420051125],[-43.422021413357413,-22.832596523334772],[-43.422002550976806,-22.832592995294437],[-43.421983991667794,-22.832588656964862],[-43.421979343971429,-22.832586172138026],[-43.42195755969351,-22.832574125719255],[-43.421936174714574,-22.832561360742108],[-43.421915185437335,-22.832548057071072],[-43.4218946898879,-22.832534126572583],[-43.421874688066282,-22.832519659178857],[-43.421855082845688,-22.832504653091192],[-43.42183606758033,-22.83248911190692],[-43.421817546942115,-22.832472942995842],[-43.421799616259136,-22.832456328021021],[-43.421782179303989,-22.832439177050297],[-43.421765331404799,-22.83242158001584],[-43.42174907436015,-22.832403446086087],[-43.421733406371523,-22.832384958722756],[-43.42171842456554,-22.832365934464196],[-43.421704033614162,-22.832346554973434],[-43.421698197014052,-22.83225284291828],[-43.421692920691619,-22.832228767167766],[-43.421631708336577,-22.832121141701254],[-43.421609361083028,-22.832081995111906],[-43.421463250028864,-22.831825324103342],[-43.421452980670381,-22.83180336625626],[-43.421417581556007,-22.83174693109989],[-43.42140817824469,-22.831700598028107],[-43.421375281044277,-22.831646898609428],[-43.421359169689822,-22.831616122010345],[-43.421341585245841,-22.831586416503839],[-43.421325435220524,-22.831550582117625],[-43.421299071594774,-22.83152169229621],[-43.42129887913984,-22.831521509733804],[-43.42128710521564,-22.831520218307379],[-43.421267018857691,-22.831521464767704],[-43.421258668652513,-22.831510544300144],[-43.421269902983511,-22.831482659021429],[-43.421225870377491,-22.831439866580507],[-43.421176267370697,-22.831364775887646],[-43.421154299631098,-22.831334845550643],[-43.421123267624573,-22.831271500003634],[-43.421098029950031,-22.831204237909212],[-43.421088641927156,-22.831165039159199],[-43.421082531033846,-22.831120455268771],[-43.421062668607128,-22.831060110759438],[-43.421038315865474,-22.831009022072632],[-43.421010289393223,-22.830946971549448],[-43.420992242697714,-22.830889715312082],[-43.42097776810936,-22.830810096532666],[-43.42097383537407,-22.830762463041189],[-43.420962559674251,-22.830709518153697],[-43.420959471402334,-22.830698559914538],[-43.420873704857456,-22.830472830980344],[-43.42085277403617,-22.830406710125562],[-43.420728844760276,-22.830015227144958],[-43.420643214912332,-22.82971020588527],[-43.420597814437485,-22.829575009902754],[-43.420536350272243,-22.829455549358066],[-43.420485568254264,-22.829372952024102],[-43.420375189962954,-22.829236930463978],[-43.420121818566948,-22.828920672175265],[-43.419817891782138,-22.828553066195067],[-43.419565270420776,-22.828273482259419],[-43.419426372828752,-22.828143589578989],[-43.419338849008568,-22.828028295593359],[-43.419257391115593,-22.827919202433247],[-43.419142360631326,-22.827781327370374],[-43.419021123925624,-22.827700016966229],[-43.418922560927349,-22.827646295963817],[-43.418805971018628,-22.827457921270113],[-43.418520288780201,-22.827080199715489],[-43.418338882033645,-22.82686896335602],[-43.418216276559804,-22.826712228610496],[-43.417969784977466,-22.826391700340753],[-43.417884988801056,-22.826285011967787],[-43.417884796346129,-22.826284829405427],[-43.417799230350056,-22.826177319951388],[-43.417658467564081,-22.826006947886412],[-43.417638748129598,-22.825959789236943],[-43.417635646367842,-22.8259247174758],[-43.417633221795654,-22.825898412305957],[-43.417625924696551,-22.825872240235743],[-43.417612540985886,-22.825858560648097],[-43.417601517995536,-22.825851316609025],[-43.417570066005624,-22.825841340429577],[-43.417551264778915,-22.825832754602008],[-43.417519850560552,-22.825811128604762],[-43.417499379292785,-22.825795301436074],[-43.41745672264949,-22.825743218099085],[-43.417423517880934,-22.825691140158085],[-43.417109450340718,-22.824803049745039],[-43.417096591834138,-22.824752345968104],[-43.417091623079841,-22.824710210931563],[-43.417097489357502,-22.824396705467652],[-43.417095194287633,-22.824283431359373],[-43.417088404406229,-22.824205062637628],[-43.417078838317593,-22.824164507709998],[-43.417062905028899,-22.824126869283685],[-43.417035909179731,-22.824060222325485],[-43.417013740891321,-22.824022612677524],[-43.416988391700791,-22.823982081132257],[-43.41696472783979,-22.823947437448378],[-43.416940982140495,-22.823919926287708],[-43.416421095756846,-22.823416144963225],[-43.416335959636683,-22.823322277325364],[-43.416279167449481,-22.823254338940732],[-43.415935008593635,-22.822820760493819],[-43.415889273570997,-22.822757087593637],[-43.415846450553147,-22.822677457123085],[-43.415651104314918,-22.82224887890678],[-43.415635316716362,-22.822215577910722],[-43.415386298039103,-22.821719001954527],[-43.415343568550725,-22.821648134477968],[-43.415312002346916,-22.821606186500482],[-43.415269458118871,-22.821561419148328],[-43.415223810330474,-22.821523937204105],[-43.415068092718165,-22.821417354951155],[-43.41501310457101,-22.821387185394467],[-43.414852830993262,-22.821303858710269],[-43.414311145942513,-22.821068712974917],[-43.414231069408231,-22.821042990565726],[-43.41414796755452,-22.821025996976338],[-43.414068095166328,-22.821016260915879],[-43.414019510192141,-22.821013700546015],[-43.413942816008039,-22.821015556746723],[-43.413527932667819,-22.821036622466352],[-43.413412121572044,-22.821034384953055],[-43.413322764933532,-22.821027535716372],[-43.413261568766252,-22.821011934277511],[-43.413178406658005,-22.820983379003909],[-43.41306695097888,-22.820933139277141],[-43.4129836521737,-22.820882819510697],[-43.412914507798185,-22.820846908682086],[-43.412817193058913,-22.82080385363912],[-43.412771682866783,-22.820788137087053],[-43.41268691277071,-22.820763902156564],[-43.412616428405329,-22.820751188440799],[-43.412412660915436,-22.820730553496446],[-43.412172962811837,-22.820699897406545],[-43.412092962719953,-22.820684378705277],[-43.412036443926638,-22.820668733199682],[-43.411914119940548,-22.820631660446963],[-43.41174924992783,-22.820558488907299],[-43.411306403067954,-22.820353310381179],[-43.411196487927441,-22.820313199718576],[-43.411109555861174,-22.820282168611371],[-43.411008029596758,-22.820249456671281],[-43.410879651374671,-22.820222075012929],[-43.41082478643461,-22.820215025227423],[-43.410770366658987,-22.820211502582957],[-43.410701378765509,-22.820212530508076],[-43.410605844683857,-22.820217628764755],[-43.40990810387575,-22.820325994373334],[-43.409531466004246,-22.820426454941131],[-43.409448413613291,-22.820438902457578],[-43.409424869362113,-22.8204445376095],[-43.409404453852346,-22.820457519323227],[-43.409342983391866,-22.82049917142383],[-43.408940276872158,-22.820730052574049],[-43.408656101897463,-22.820856814714432],[-43.408610265251419,-22.820875771523795],[-43.4085868810796,-22.820890707464343],[-43.408557163881873,-22.8209017403472],[-43.4081017157215,-22.82112556811467],[-43.408016360166755,-22.821164069890077],[-43.407954351911712,-22.821186109575478],[-43.407888596181635,-22.82119857148108],[-43.407813876908783,-22.821207365052025],[-43.407750791265869,-22.821211504631428],[-43.407669875664112,-22.821199962732283],[-43.407589210973192,-22.821166957613169],[-43.407531616590688,-22.821141337726704],[-43.407462723126059,-22.821091753605742],[-43.407399002561817,-22.821039835743985],[-43.407331465274808,-22.820984301708336],[-43.407297540149209,-22.820958414723236],[-43.407274700966582,-22.820940986761297],[-43.407206387564599,-22.820898378681427],[-43.407079706363227,-22.820839867889791],[-43.406999041672293,-22.820806862770667],[-43.406973426282484,-22.820797065556295],[-43.406942762098652,-22.82077887047269],[-43.406897865244161,-22.820767688302347],[-43.406877702443921,-22.820756223744922],[-43.406866825143759,-22.820753224505896],[-43.405940220364755,-22.820318586657606],[-43.405734504943325,-22.82018936846875],[-43.405013099374912,-22.819753166699481],[-43.404989660344427,-22.819741371191558],[-43.404465530959385,-22.819498242174323],[-43.404285019038298,-22.819363405021345],[-43.404239847890551,-22.819335497259573],[-43.404191478753603,-22.819306113710397],[-43.4039295790867,-22.819166395936616],[-43.40369748025438,-22.819010902255556],[-43.40344090817127,-22.818798627179145],[-43.4033941497201,-22.818764833354635],[-43.403358375588432,-22.81874144558547],[-43.402605169992455,-22.818360185198632],[-43.402575479774441,-22.81834977194865],[-43.402539470919741,-22.818346611730984],[-43.402508184405072,-22.818347833010318],[-43.402444008783846,-22.818337255184424],[-43.402406560114507,-22.818323875071037],[-43.400788022349218,-22.817495282905234],[-43.400698931910085,-22.817474339493412],[-43.400592721976409,-22.817434349339994],[-43.400513376590936,-22.817371418380528],[-43.399277265633202,-22.81688215840914],[-43.39918665533974,-22.81684963802466],[-43.39819635877484,-22.81655086975114],[-43.397060455675387,-22.816057994505112],[-43.396216094796841,-22.815726905496607],[-43.395368435205,-22.815411672435012],[-43.393831337346221,-22.814963864914734],[-43.393664070640227,-22.814922080613847],[-43.393353053600435,-22.814860332262846],[-43.392963342284304,-22.81483003230446],[-43.39290186193125,-22.814814149377842],[-43.392584704320541,-22.814678010905791],[-43.392127976424831,-22.814481220356331],[-43.391862206075814,-22.81437422891188],[-43.391624536842755,-22.814338234446303],[-43.391495178359662,-22.814312273716755],[-43.39132209214074,-22.814251823986837],[-43.390867096339321,-22.814032288683496],[-43.390475358850608,-22.813826486027821],[-43.390318061129513,-22.813749035513911],[-43.390183325599885,-22.813691500486698],[-43.390066947031869,-22.813680119566246],[-43.38997866328458,-22.813690336763948],[-43.389881156989702,-22.813714367548361],[-43.389832751879858,-22.813729953698715],[-43.389710269613147,-22.813765382490768],[-43.389652733686596,-22.813787017481211],[-43.389482598143275,-22.813840388647336],[-43.389405551424943,-22.813864355579874],[-43.389349329407935,-22.813873540355917],[-43.389281204863607,-22.813909157106234],[-43.389211923791144,-22.81395198731871],[-43.389123542017728,-22.81401187317373],[-43.388999354636383,-22.814109419038783],[-43.388798014416693,-22.814248268966747],[-43.388545845414342,-22.81441803398944],[-43.388321418698411,-22.814564688234068],[-43.388036464011464,-22.814747215535903],[-43.38793414274636,-22.814799464348109],[-43.387865907585422,-22.814827854146497],[-43.387797509647214,-22.814845224551817],[-43.38773346712572,-22.814848550244701],[-43.387662087035551,-22.814846112182654],[-43.387593943605502,-22.814841810725305],[-43.387509498164668,-22.814815578400534],[-43.387400485044232,-22.81477437596098],[-43.387249963714737,-22.814708913409934],[-43.387081132188371,-22.814634864131992],[-43.386842699430922,-22.814531483465522],[-43.386691591743443,-22.814466193584309],[-43.386622313368946,-22.814475697619656],[-43.38660603743859,-22.814468036295153],[-43.386563813369143,-22.814454245191584],[-43.386494218433313,-22.814431513028214],[-43.386434734575232,-22.814388724184568],[-43.38632774582868,-22.814316295484996],[-43.386320369589271,-22.814313872711381],[-43.386153986916831,-22.814288435387283],[-43.38594510857979,-22.814256426717048],[-43.38566270616883,-22.814205610524862],[-43.385561139434913,-22.814185706729329],[-43.385272674694086,-22.814136725154054],[-43.385104023931433,-22.814105303741123],[-43.384916645686523,-22.81406764103313],[-43.384832565370459,-22.814043579671807],[-43.384726823983613,-22.813997622516627],[-43.384642225658069,-22.813951338008156],[-43.384567694343509,-22.813894138428097],[-43.384485075425744,-22.81380398229231],[-43.384414375223116,-22.813710967211694],[-43.384371051282869,-22.813634305403227],[-43.384343745167605,-22.813554192896053],[-43.3843058171596,-22.813449589151556],[-43.384256641330808,-22.813324009619695],[-43.38420720919521,-22.813203665041449],[-43.384170329796738,-22.813117495600306],[-43.38411753059944,-22.81302655795368],[-43.384042195290988,-22.812905409381482],[-43.383960857907141,-22.812789256543301],[-43.383886726790877,-22.812689885054532],[-43.383797709196813,-22.812588917269085],[-43.383720321635387,-22.812517869928133],[-43.383641603976741,-22.812460446416843],[-43.383569302081526,-22.812412480176217],[-43.383426409700917,-22.81231186942162],[-43.38327173530223,-22.812202558625561],[-43.383125536114505,-22.812093243332903],[-43.382998722712792,-22.81202521591538],[-43.382874836604287,-22.811973294456358],[-43.382757430111212,-22.811941939593201],[-43.382756552372882,-22.811942020532211],[-43.382632221099982,-22.811919626513916],[-43.382492715566229,-22.811895181142098],[-43.382367638755397,-22.811869888608882],[-43.382237504157388,-22.811844003422419],[-43.382162526779041,-22.811824637421442],[-43.382111826599392,-22.811803532131695],[-43.382032599025081,-22.811764706600332],[-43.381901839398267,-22.811692755440706],[-43.381760706990917,-22.811616454260371],[-43.381639935234709,-22.811564924006444],[-43.381564831052003,-22.811531559158524],[-43.381492598404577,-22.811477812975102],[-43.38141898979444,-22.811425136085571],[-43.38133499761193,-22.811377230998797],[-43.381266765148951,-22.811339510734218],[-43.381123048989423,-22.811267608137992],[-43.381053747232556,-22.811246222259726],[-43.380862501003485,-22.811206528882607],[-43.380640444900514,-22.811169052334321],[-43.380314101614374,-22.811119496092257],[-43.38024735842874,-22.811104188731743],[-43.380185286321769,-22.811080979028358],[-43.380123833847733,-22.811054796166328],[-43.380068670332768,-22.811032290632117],[-43.379999846115879,-22.810995195396352],[-43.379938634660164,-22.810956822224004],[-43.379868430883278,-22.810896412963473],[-43.379853505734559,-22.810881631706369],[-43.379842665306626,-22.810851086233072],[-43.379804491783773,-22.810800484978813],[-43.379776197313561,-22.810773332647614],[-43.379720787384308,-22.810720160231604],[-43.379700404250116,-22.810705682945297],[-43.379657642386178,-22.810680684490425],[-43.379630435196304,-22.8106665903153],[-43.379601521093207,-22.81064850404967],[-43.379558260105512,-22.810649237896435],[-43.379531931553281,-22.810651409759153],[-43.379498660234852,-22.810688821556269],[-43.379476239236908,-22.810698347175396],[-43.379135466328592,-22.810740579338702],[-43.37874252105042,-22.810795554895336],[-43.378284917215012,-22.810856646741289],[-43.378090998200889,-22.810878333892397],[-43.377933321865221,-22.810891360572224],[-43.377635073399802,-22.81091270867898],[-43.377446506251147,-22.810926593312054],[-43.377270377625734,-22.810943043710896],[-43.377213241897493,-22.81094733797369],[-43.377135080919125,-22.810950154650307],[-43.376987690129681,-22.81092553391068],[-43.376877280362059,-22.810879344730381],[-43.376757857588927,-22.810820961642502],[-43.376670680007756,-22.810754417207026],[-43.376617407767014,-22.810703931965303],[-43.376562238856138,-22.81063256626431],[-43.376500670369516,-22.810534132768407],[-43.376467611291105,-22.810446735752645],[-43.376443493272461,-22.810369273547575],[-43.37641421674261,-22.810184559094537],[-43.376397106241321,-22.810074838207665],[-43.376375001804774,-22.809942577612293],[-43.37635676894962,-22.809820652025873],[-43.376347294591881,-22.809732322413172],[-43.376341702607363,-22.809711042654925],[-43.37634003616364,-22.809687273573246],[-43.376339260048667,-22.809677309085007],[-43.376328030214324,-22.809533170244077],[-43.37630168007837,-22.809323560758159],[-43.376291563604639,-22.809289409902807],[-43.376193911619623,-22.809120346351381],[-43.376054267590234,-22.808943719501531],[-43.375917976233495,-22.808755476108772],[-43.375846477432852,-22.808673016371074],[-43.375747196775592,-22.808583951112887],[-43.375655489309274,-22.808521695544307],[-43.375416454006029,-22.808363923880453],[-43.37541635777859,-22.808363832149613],[-43.375398960393561,-22.808352366692823],[-43.375192165785684,-22.80821136019058],[-43.375012528005641,-22.808080474658667],[-43.374791501626362,-22.807915750336079],[-43.374690476284336,-22.807842561709336],[-43.374425704182784,-22.807662038996366],[-43.374176760149226,-22.807559795972299],[-43.374039961574852,-22.807529411477638],[-43.373806169319145,-22.807513027628634],[-43.37341064838261,-22.807457514277324],[-43.372802036684512,-22.80735674614143],[-43.372441683736611,-22.807276574278962],[-43.372280086356795,-22.807218299109728],[-43.37201228174127,-22.806981838565466],[-43.371766130102678,-22.806800598193533],[-43.371284914567013,-22.806339941159866],[-43.371011535953521,-22.806081116275031],[-43.370732290162948,-22.805824307670214],[-43.370428082789651,-22.80559406593791],[-43.370346292147524,-22.805533805065597],[-43.370315372556263,-22.805455278962498],[-43.370173571952648,-22.805381276449296],[-43.370152633936819,-22.805370349686445],[-43.37004564429094,-22.805381176624518],[-43.369662408992838,-22.805300854575325],[-43.369268841383814,-22.805270185894891],[-43.368883229177584,-22.805217744627747],[-43.368488352155623,-22.805182545162861],[-43.368095996832665,-22.805172839679329],[-43.367938363664443,-22.805166439204317],[-43.367856965126755,-22.805126985046876],[-43.367792999946857,-22.805095980919322],[-43.367587371759669,-22.804996312654254],[-43.367467133301432,-22.804957586048296],[-43.367213481316981,-22.804875891633657],[-43.366882039774218,-22.804763942226689],[-43.366846743182521,-22.804752019914336],[-43.366793660698761,-22.804735130646328],[-43.366441204697708,-22.804573655574266],[-43.366095261586899,-22.804405202662547],[-43.365775990569375,-22.804254633668936],[-43.36540429986843,-22.804146151148522],[-43.365009835635306,-22.804166490215938],[-43.364613266089236,-22.804208300597157],[-43.364306206066431,-22.804226462405879],[-43.363918727766929,-22.804289858314853],[-43.363522273334119,-22.804322003682088],[-43.363131478334942,-22.804377686105891],[-43.362739935999123,-22.804414305600268],[-43.36235320593557,-22.804463976955532],[-43.361958237182755,-22.804510220994448],[-43.361569816393796,-22.804546508638996],[-43.361492402752042,-22.804559554204584],[-43.361184949725548,-22.804611368644295],[-43.360795495615484,-22.804660646995824],[-43.36040435977327,-22.804695910312571],[-43.36001209887916,-22.804719239625776],[-43.359623358830838,-22.804749557570606],[-43.359228453929859,-22.804717135212144],[-43.358836434054069,-22.804679775575757],[-43.358445803630786,-22.804623914186866],[-43.358049706228826,-22.804601682046531],[-43.35765753796489,-22.804544178495618],[-43.357270223342027,-22.804488168718578],[-43.356881149645233,-22.804432591515457],[-43.35685849842082,-22.804430537463904],[-43.356485704251718,-22.804396725652946],[-43.356084965448709,-22.804355475549336],[-43.355694798176273,-22.804309908699892],[-43.355303867379462,-22.804271286415297],[-43.354913886266729,-22.804242788698311],[-43.354676205342457,-22.804218389191867],[-43.354286001197863,-22.804200363180758],[-43.353892106235612,-22.80416532019796],[-43.353495410784433,-22.804120041131558],[-43.353095571303463,-22.80410949927851],[-43.352705249347657,-22.804085146536849],[-43.352310324661623,-22.804062821766355],[-43.351915407170168,-22.804056120018508],[-43.351525144569621,-22.804043053768503],[-43.351128235079841,-22.80402386763193],[-43.35074023157631,-22.803984993537195],[-43.350349417691348,-22.803953043322839],[-43.349955502943999,-22.803919796286149],[-43.349563448893946,-22.803877626176057],[-43.34917142542082,-22.803881424013071],[-43.348779517960281,-22.803859483253117],[-43.348382866575889,-22.80385122028218],[-43.347993931374731,-22.8038252442642],[-43.347595787115779,-22.80380350765034],[-43.347205275403041,-22.803786996097578],[-43.346817135202514,-22.803743504883414],[-43.346427616341316,-22.803693226485784],[-43.346037075850234,-22.803695316510243],[-43.345643410215075,-22.803722297070916],[-43.345243580626629,-22.803703065968314],[-43.344855620290495,-22.803644851952917],[-43.344467553834427,-22.803611470917254],[-43.344074702985047,-22.803595199483414],[-43.343684861267214,-22.803603973269329],[-43.343296496236178,-22.8035551436795],[-43.342906834382802,-22.803549106530625],[-43.342508575010591,-22.803504867979829],[-43.342108519692317,-22.803504411124266],[-43.34170788610993,-22.803479382092402],[-43.341307503438429,-22.803465823913196],[-43.340919242728773,-22.803416448434916],[-43.340523909750516,-22.803396076991927],[-43.340130036371988,-22.803384029673797],[-43.339745384641674,-22.803310214219618],[-43.339348726962044,-22.803302831684917],[-43.338959004854075,-22.803301841531326],[-43.338564780739944,-22.803294572311245],[-43.3381718057841,-22.803288759992885],[-43.337766627028088,-22.803285258032822],[-43.337366590595536,-22.803251193512331],[-43.336969539012898,-22.80322023075361],[-43.336578741315748,-22.803227621382188],[-43.33617006059967,-22.803223718324546],[-43.335778749389647,-22.803193261884143],[-43.335385339161967,-22.803151134042196],[-43.335383838193479,-22.803150997345266],[-43.334992146570194,-22.803115149469146],[-43.334602668178498,-22.803102320640175],[-43.334216781679004,-22.803050334429948],[-43.333822318345192,-22.803014874161722],[-43.333426932306971,-22.802999180992021],[-43.333034875558958,-22.802974039544907],[-43.332640533633594,-22.802952576324916],[-43.332251591237814,-22.802903804291713],[-43.331856587411437,-22.802848736104878],[-43.331466894981077,-22.802853507907635],[-43.331077784412116,-22.802826587601505],[-43.330683191575929,-22.802841781647508],[-43.330288532189911,-22.802846498591656],[-43.329898419776157,-22.802837806644067],[-43.329508683279023,-22.80280635915075],[-43.329329646246038,-22.802774408936411],[-43.328935944638033,-22.802732532904681],[-43.328544306974095,-22.802697180555032],[-43.328153270057271,-22.802652620946297],[-43.327772840643945,-22.802552902319206],[-43.32773548370551,-22.802554222523973],[-43.32751346987061,-22.802475371765613]]]},"properties":{"objectid":3504,"nome":"Rio Pavuna","geometriaa":"Não","tipomassad":"Rio","regime":"Permanente","salgada":"Desconhecido","dominialid":"Desconhecida","artificial":"Desconhecido","possuitrec":"Sim","codmun":"330455","municn":"Rio de Janeiro","reggov":"Região Metropolitana","rh":"RH-V","nome_rh":"Baia de Guanabara","area_km":0.091874650000000002,"area_ha":9.1874647800000009,"id_rh":5,"Shape__Area":8.0807792487337066e-06,"Shape__Length":0.22525526908237875}},{"type":"Feature","id":3505,"geometry":{"type":"MultiPolygon","coordinates":[[[[-43.330895390209939,-22.802525545841867],[-43.331061551649157,-22.802559732670119],[-43.331447886011006,-22.802510764584696],[-43.331849182393739,-22.802544856984145],[-43.332249523696419,-22.80262544793068],[-43.332639912202069,-22.802611469768085],[-43.333031194633804,-22.802644009038389],[-43.333422465374383,-22.802685669232822],[-43.333803820190049,-22.802781771686018],[-43.334015974757335,-22.802784866253166],[-43.334196794246573,-22.802787503964755],[-43.334588048799276,-22.802822478599087],[-43.334985299132136,-22.802821027992664],[-43.335366321198649,-22.802912518722351],[-43.335761468017203,-22.802955928098193],[-43.336152148802512,-22.802925959989647],[-43.33655338493066,-22.80290910489585],[-43.33694729787937,-22.802917821125128],[-43.337348975574635,-22.802968972764468],[-43.337742054851844,-22.802966117417004],[-43.338130970267969,-22.802993382163447],[-43.338522053949539,-22.803002425745952],[-43.3389158346979,-22.803022062442796],[-43.339309778223587,-22.803036372455221],[-43.339532587958445,-22.803001305190669],[-43.339629665276732,-22.802851859450371],[-43.339745488063727,-22.803036394938275],[-43.340134070730642,-22.803066993471539],[-43.340521274736943,-22.803131080059881],[-43.340915366650734,-22.803125158024223],[-43.341304561755976,-22.803193779893611],[-43.341552965297012,-22.803209104341256],[-43.341714835171388,-22.80321909041329],[-43.342113780726258,-22.803254758424949],[-43.342502972234279,-22.803283550220275],[-43.342902284712522,-22.803288876005418],[-43.343292532923954,-22.803310903999609],[-43.343683578833975,-22.803323275972957],[-43.344077987309156,-22.803339565393241],[-43.344468898320891,-22.803363132127405],[-43.344858908211904,-22.803372601089233],[-43.345236228668909,-22.803489135240003],[-43.345625939085721,-22.803499231029257],[-43.346015741233373,-22.803509868210419],[-43.346407440950543,-22.803484310377208],[-43.346797548867642,-22.803526106369304],[-43.347182027928113,-22.803622661181461],[-43.347579520178606,-22.803641864405105],[-43.347973125559179,-22.803684506659234],[-43.348367659040093,-22.803706745994138],[-43.34852090801337,-22.803708021232744],[-43.34846669957841,-22.803773466696725],[-43.348048300788321,-22.803761172065034],[-43.346917755849638,-22.803665255771541],[-43.346373869258514,-22.80358189401381],[-43.345053717554883,-22.803568194641056],[-43.343622983413802,-22.80345618408024],[-43.341542654569707,-22.803337404322352],[-43.341529644977015,-22.803336424061282],[-43.339448834096281,-22.803179597584929],[-43.33656486477657,-22.80308476317585],[-43.335369464329183,-22.803017381471541],[-43.33515470892258,-22.803005273898879],[-43.33427532484626,-22.802937798665035],[-43.333968781933606,-22.80290738359345],[-43.331721628849948,-22.802684412879973],[-43.33090500935856,-22.802659243553837],[-43.330904771038213,-22.80265923545997],[-43.330895390209939,-22.802525545841867]]],[[[-43.361503742303739,-22.804394534005091],[-43.361798781088737,-22.804371311711218],[-43.362186827759778,-22.804309191040861],[-43.362575435607759,-22.804273536519059],[-43.362966459034737,-22.80422318617569],[-43.363359094046814,-22.804184681702267],[-43.363750559040966,-22.804154382643215],[-43.364138074212626,-22.804095954589219],[-43.364527909635228,-22.804055250374052],[-43.364915506645218,-22.804014431945053],[-43.365308826940691,-22.8039836976141],[-43.365699790113126,-22.80404451156954],[-43.366053851403997,-22.80420194059165],[-43.366403658901618,-22.804372961067873],[-43.36674694361642,-22.804543825062044],[-43.366835773252205,-22.80458546547138],[-43.366934037675605,-22.804624246036699],[-43.367199450993724,-22.80472899277337],[-43.367575521393064,-22.804846364192912],[-43.367593372036367,-22.804852761070631],[-43.367920522913664,-22.804970001189158],[-43.367938968908163,-22.804976612105492],[-43.368032764600287,-22.805003023395351],[-43.368140325315665,-22.805033311662527],[-43.368247946285571,-22.805034863892416],[-43.368309298934882,-22.805003522519112],[-43.368702942086998,-22.805044126909443],[-43.369091301722051,-22.805094792015577],[-43.369486917986762,-22.805133338757138],[-43.369873076980809,-22.805229947528598],[-43.370235542436205,-22.805318384160628],[-43.370250910950681,-22.805322134333569],[-43.370335232285015,-22.805358037068306],[-43.370598115810253,-22.805630845511647],[-43.37087975469683,-22.805883072070639],[-43.371148730229599,-22.806151695968534],[-43.371230775379843,-22.806222551753866],[-43.3714328647348,-22.806384021429938],[-43.371472014921437,-22.806417565242949],[-43.371855375225259,-22.806758341748584],[-43.372131145136116,-22.806972034156544],[-43.372238556564021,-22.807089723036803],[-43.372326909559092,-22.807147160037889],[-43.372425261216726,-22.807191243005978],[-43.372623436722115,-22.807245466729366],[-43.373052058105884,-22.80732723848579],[-43.373655841343862,-22.807416215610342],[-43.373859839060231,-22.80744782857894],[-43.374057438100181,-22.807460500925874],[-43.374171690670892,-22.80747801342406],[-43.374302581598727,-22.80752179421993],[-43.374462344361575,-22.807595311099213],[-43.3748793536991,-22.807867788592048],[-43.375305188983191,-22.808193004128331],[-43.375414710220582,-22.80826456408284],[-43.375568592316533,-22.808349489761621],[-43.375786688704586,-22.808498468753786],[-43.375908645767247,-22.808597517385984],[-43.376012876293089,-22.808704605057915],[-43.376160118694429,-22.80889765532697],[-43.376294066417927,-22.809094724666291],[-43.376358655727245,-22.809217662889271],[-43.376392609631125,-22.809319971563912],[-43.376416590952772,-22.809515829516357],[-43.376432729286932,-22.809724071133395],[-43.376464363839204,-22.809963738660052],[-43.376490562889039,-22.810162218136295],[-43.376518994955525,-22.810335995034581],[-43.376540241438875,-22.810425620570363],[-43.376574645903077,-22.810489910405479],[-43.376609307573347,-22.810557184191133],[-43.376637718056145,-22.810601274353772],[-43.376686967629325,-22.810654156288713],[-43.376751940949191,-22.810711985394228],[-43.376847528090821,-22.810784124512171],[-43.376929789977673,-22.810821538107916],[-43.377032454783823,-22.810855456938214],[-43.377140028089677,-22.81086142933589],[-43.377229319077685,-22.810864776612554],[-43.377371202418942,-22.810852765267331],[-43.377535529241179,-22.8108374597054],[-43.377708301596734,-22.810824588608281],[-43.377935538694032,-22.810811096079654],[-43.378141386315811,-22.810785736097277],[-43.378631132820431,-22.81072506333539],[-43.379084699599098,-22.810667543596661],[-43.37930235262138,-22.810640585519032],[-43.379484556167199,-22.810612906185106],[-43.379538222310998,-22.810597286759794],[-43.379586154377428,-22.8105970511374],[-43.37965071670709,-22.810599062021499],[-43.379713535251305,-22.810616770571929],[-43.379761853126922,-22.810649772993042],[-43.379790200657112,-22.810682663898209],[-43.379833905909891,-22.810731773177228],[-43.379859709258078,-22.810760767319945],[-43.379878896293917,-22.810785798150441],[-43.379917914280213,-22.81082268024694],[-43.379947749289109,-22.810853418175103],[-43.380006228604429,-22.810900252169297],[-43.380067432865587,-22.810955693574794],[-43.380164487700831,-22.811002648078155],[-43.380178274307809,-22.811006672544295],[-43.380235904663152,-22.811018275597341],[-43.380358382433258,-22.811040834191544],[-43.38053258561024,-22.811071774467226],[-43.3807888537225,-22.811115831354918],[-43.381002517352158,-22.811154578645294],[-43.381142406896458,-22.811187518113837],[-43.381245596906645,-22.811234805366375],[-43.381379993391874,-22.811320521549245],[-43.381592996019833,-22.81143160041244],[-43.381810878369208,-22.811550314519803],[-43.381831501622408,-22.811560999365032],[-43.381944666013403,-22.811621573201418],[-43.38209978467723,-22.811709666292465],[-43.382210446254987,-22.81175124914521],[-43.38233313806375,-22.811780491500873],[-43.382457533188472,-22.811805777738847],[-43.382614229263133,-22.811834551547719],[-43.382752070151803,-22.81185961115651],[-43.382870413738488,-22.811885828192803],[-43.382980638245719,-22.811923252580446],[-43.38308473657122,-22.811976147105877],[-43.383201373244674,-22.812048044306195],[-43.383307129020693,-22.812125609933311],[-43.383423700942906,-22.812211234385323],[-43.383542263064896,-22.812293266045774],[-43.383649056658498,-22.812365513981682],[-43.383748124176464,-22.8124320853968],[-43.383819768667252,-22.812477967008945],[-43.383874371005277,-22.812548151000755],[-43.383953559908718,-22.812639898037229],[-43.384025250264983,-22.812723260694291],[-43.384077330004629,-22.812800823623451],[-43.38412776398502,-22.812877558277041],[-43.38418520008679,-22.812971793737642],[-43.384235481182372,-22.813053221953009],[-43.384262752224117,-22.813119787072885],[-43.384303371902945,-22.813219180145381],[-43.384347727365594,-22.813324030304106],[-43.38434789823679,-22.813326018705144],[-43.384382654335923,-22.813410451555466],[-43.384419912348953,-22.813505836349631],[-43.384446922587301,-22.813577907119061],[-43.384466125810938,-22.813626509180377],[-43.384503905430783,-22.813685956166292],[-43.384556728010466,-22.813750070633592],[-43.384611394200363,-22.813814926142285],[-43.384675959227991,-22.813866516650744],[-43.384751569729019,-22.813914877693772],[-43.384822383246274,-22.81394873896749],[-43.384916029650924,-22.813979401352629],[-43.385002904160558,-22.813997892313235],[-43.385094042356059,-22.81401832311148],[-43.385205508827028,-22.814041397916512],[-43.385297971723901,-22.814056785316712],[-43.385408623409155,-22.814074704308467],[-43.385576569103243,-22.814108104229984],[-43.385579094399588,-22.814108762533678],[-43.385732383842303,-22.814137499470334],[-43.385918124421785,-22.814165480077165],[-43.386074032690317,-22.814195237744386],[-43.386201908191367,-22.814214775515818],[-43.386347270110321,-22.814238463658491],[-43.386465434731917,-22.814238757736788],[-43.386536697910167,-22.814239631877847],[-43.386591424354606,-22.814258928630963],[-43.386633556693141,-22.814273784531885],[-43.386654292361584,-22.814299823502363],[-43.386722925022866,-22.814386584697477],[-43.386847842653708,-22.814442125927695],[-43.387028392346338,-22.814522164690501],[-43.387204419348336,-22.814597368697918],[-43.387422588581501,-22.814700725082695],[-43.387545621233301,-22.814751100607136],[-43.387591996573292,-22.814767283008017],[-43.387647493736715,-22.814778231354616],[-43.387707284263627,-22.814780371741076],[-43.387760220157936,-22.814777204328866],[-43.387812976187774,-22.814772770671162],[-43.387876260580867,-22.814751103305106],[-43.38800982879048,-22.814676051283048],[-43.388172946923824,-22.814573482704397],[-43.388325989952364,-22.814474332448793],[-43.388512512042666,-22.814353124521379],[-43.388717413577638,-22.814218103007402],[-43.388914630405736,-22.814090409169395],[-43.389119111957314,-22.813957822120116],[-43.389296984368229,-22.813843118089764],[-43.389390854704061,-22.813796834480677],[-43.389527504890339,-22.813749537335628],[-43.389728480884571,-22.813691330514814],[-43.389943033044396,-22.813638498042621],[-43.390074488746563,-22.813618693172483],[-43.390158278581566,-22.813626042432247],[-43.390236852348714,-22.813646343728117],[-43.390409832447688,-22.81373062189504],[-43.390391584304041,-22.813751698406509],[-43.390258940597505,-22.813682664647608],[-43.390114462712177,-22.813650831345122],[-43.390018960106829,-22.813650830445788],[-43.389845095074975,-22.813687563254803],[-43.389578175392394,-22.813758578220121],[-43.389338194901661,-22.813854081724852],[-43.389223099666197,-22.813910403566631],[-43.38881170209828,-22.814192015473491],[-43.388108898107021,-22.814637696097094],[-43.387871363772319,-22.814787072589667],[-43.387775861166915,-22.814809112275007],[-43.387619138112598,-22.814809111375688],[-43.387491801305487,-22.81477237946606],[-43.387122031556373,-22.814603413041393],[-43.386710634887777,-22.814436895470671],[-43.386296787566557,-22.814277722663107],[-43.385263394589849,-22.814089166306292],[-43.38486913899942,-22.81401815044164],[-43.384707519136548,-22.81395448203806],[-43.384572835767635,-22.813856529679462],[-43.384450394869702,-22.813712050894765],[-43.384369583589319,-22.813550430132583],[-43.384183476086434,-22.81306067103748],[-43.383977777752136,-22.812742327220995],[-43.383828400360237,-22.812556219718111],[-43.383590866924862,-22.812370110416651],[-43.383066825673325,-22.812012586735854],[-43.382907652865761,-22.811929326601536],[-43.382682363699985,-22.811885248130114],[-43.382278311794543,-22.811811783411471],[-43.382040779258432,-22.811728525075729],[-43.381639176206868,-22.81150078705609],[-43.381186149021453,-22.811251009350986],[-43.381058811314972,-22.811197136363138],[-43.380583744444152,-22.811118775735338],[-43.380155205797955,-22.811037965354213],[-43.379998482743645,-22.810964500635581],[-43.379839310835393,-22.810797982165525],[-43.379709524275029,-22.810670645358432],[-43.379611572815691,-22.810626566886992],[-43.379520967918211,-22.810631464594859],[-43.379170789000568,-22.810685337582708],[-43.378103112968176,-22.810827368412731],[-43.37714073675545,-22.810903281085988],[-43.376952178600042,-22.810878792546653],[-43.376778313568195,-22.810797982165525],[-43.376628937075679,-22.810658401088759],[-43.376530987415038,-22.810496780326574],[-43.376467317212814,-22.810315569632237],[-43.376385710931686,-22.809674057136451],[-43.376379160269884,-22.809622560157464],[-43.376322838428102,-22.809265036476667],[-43.376161216766604,-22.808983423670544],[-43.375906542253006,-22.80866263189937],[-43.375688599649038,-22.808483869159716],[-43.375127824689237,-22.808109202602068],[-43.374564602674127,-22.807702702742027],[-43.374319721777631,-22.807577813889477],[-43.374148305599704,-22.807516595239147],[-43.373954852434402,-22.807484760138063],[-43.373391628620652,-22.807413745172678],[-43.372465983418294,-22.807242328994764],[-43.372314157172468,-22.807186007152982],[-43.372164781579272,-22.807070914615537],[-43.371665226169114,-22.806647271878585],[-43.371496789445132,-22.806488405739842],[-43.371435306394176,-22.806437282878832],[-43.371234233273128,-22.806266616735503],[-43.370707467975137,-22.805769002062345],[-43.370479270401916,-22.805572367994898],[-43.370292867022101,-22.805385874682887],[-43.37005622121751,-22.80531221301279],[-43.369453340898872,-22.805208639891383],[-43.369450375834049,-22.805208131774428],[-43.369414824734243,-22.805202024478394],[-43.368074883448969,-22.805087922993803],[-43.367330257385326,-22.804847136710546],[-43.366287438614279,-22.804421942643085],[-43.365537072178029,-22.804077462729293],[-43.365237025068552,-22.804048477579713],[-43.362627666433518,-22.804352008662857],[-43.361521387901625,-22.804479586488277],[-43.361503742303739,-22.804394534005091]]]]},"properties":{"objectid":3505,"nome":"Rio Pavuna","geometriaa":"Não","tipomassad":"Rio","regime":"Permanente","salgada":"Desconhecido","dominialid":"Desconhecida","artificial":"Desconhecido","possuitrec":"Sim","codmun":"330510","municn":"São João de Meriti","reggov":"Região Metropolitana","rh":"RH-V","nome_rh":"Baia de Guanabara","area_km":0.045208590000000007,"area_ha":4.5208588700000005,"id_rh":5,"Shape__Area":3.9762336625692981e-06,"Shape__Length":0.10299360931875143}},{"type":"Feature","id":4758,"geometry":{"type":"Polygon","coordinates":[[[-43.329434973944778,-22.755768533616639],[-43.329454282389122,-22.755768323175239],[-43.329748596320542,-22.75584455330916],[-43.330136886707862,-22.755903975114013],[-43.330217768135356,-22.755921813166832],[-43.330521169716064,-22.755988731720283],[-43.330898615178853,-22.756107371183887],[-43.331289240206161,-22.756191197891177],[-43.331673328960846,-22.756268000893172],[-43.332050636827319,-22.75635800954019],[-43.332404565917841,-22.75651297621852],[-43.33279304336412,-22.756549273755642],[-43.3331779496026,-22.756639087249713],[-43.333560203740319,-22.756722911259036],[-43.333726351689677,-22.756776858890593],[-43.333931204661276,-22.756843374547767],[-43.334308952296162,-22.756937625296803],[-43.334685422893813,-22.757048750924742],[-43.335057359109726,-22.75718059963059],[-43.33543435311276,-22.75728089112588],[-43.335826670664176,-22.757354068061417],[-43.33621364804128,-22.757426195488154],[-43.336588632958922,-22.757531612219779],[-43.336975344136704,-22.757577454261746],[-43.33736376222771,-22.757651309286111],[-43.337420338577658,-22.75769940143185],[-43.337525965750622,-22.757661396981497],[-43.337845593798988,-22.757719307925342],[-43.33790937371851,-22.757730864213652],[-43.338305668072003,-22.7577976640566],[-43.338695589829513,-22.757859882753024],[-43.338790768678898,-22.757875288139676],[-43.339083169752371,-22.757922616760968],[-43.339462900392448,-22.758014529272746],[-43.339853785323839,-22.75810195057019],[-43.340238637602909,-22.758197075460281],[-43.340640802730718,-22.758229522100379],[-43.341033016860138,-22.758303770128482],[-43.34142286217525,-22.758364625452739],[-43.341798419960973,-22.758463623722857],[-43.342178844877651,-22.758546596074169],[-43.342562766358469,-22.758654619940394],[-43.342958111927203,-22.758679405255986],[-43.343361279799126,-22.758741929721918],[-43.343753993951566,-22.758783121369564],[-43.344143052359875,-22.758869069577489],[-43.344527217556902,-22.758940875946283],[-43.344904492148487,-22.759035097917046],[-43.345285345142429,-22.759115267980857],[-43.345660991061777,-22.759215432671677],[-43.346047854224985,-22.759289793115045],[-43.34643110211357,-22.759365289402187],[-43.346814055923801,-22.759440871124916],[-43.347038128306849,-22.759467714089332],[-43.34720106297857,-22.759487234773641],[-43.347586557373631,-22.759586592772614],[-43.347972095835424,-22.759674120190081],[-43.348353626018934,-22.759754922477256],[-43.348748057876435,-22.759775167115883],[-43.349125534815471,-22.759869201128296],[-43.349515447579734,-22.759917034269311],[-43.349883352134889,-22.76005422674675],[-43.350268561444857,-22.760120792765949],[-43.350440679093929,-22.760134381522075],[-43.3506620849871,-22.760151861644697],[-43.351047590174005,-22.760210120626123],[-43.351427602301897,-22.760296047250375],[-43.351815852219659,-22.760328504682292],[-43.352200542620835,-22.760422244616478],[-43.352593642582406,-22.760488796246499],[-43.352985774873503,-22.760530502306409],[-43.353365259099292,-22.760620031614767],[-43.353743818822061,-22.760713614167539],[-43.354141394709472,-22.760756276206752],[-43.354524671376339,-22.760878896069777],[-43.354908272698481,-22.760950040537484],[-43.355152661665898,-22.760969086379767],[-43.355239687261644,-22.760947405523908],[-43.355514881606382,-22.761020592352011],[-43.355793685829838,-22.761085146587803],[-43.356034853425619,-22.761113097516972],[-43.356294396868805,-22.761151443709721],[-43.3564746192082,-22.761170096548266],[-43.356835982094765,-22.761260695150511],[-43.35721997282338,-22.76132398134224],[-43.357603811566555,-22.761391781231286],[-43.357994351158254,-22.761453146471069],[-43.358216502589407,-22.761556669230455],[-43.35844290781381,-22.761565139045505],[-43.358770794336579,-22.761629740945359],[-43.359154803051581,-22.761699796334092],[-43.359545564775885,-22.76175077440428],[-43.35993940128224,-22.761821651773339],[-43.360327283377337,-22.761909985882703],[-43.360718826612406,-22.761977134662558],[-43.361109376996012,-22.762078680712076],[-43.361483807931279,-22.762184485051463],[-43.361854911374955,-22.762300009263569],[-43.362242804261889,-22.762346887324536],[-43.362630611713264,-22.762392679004435],[-43.363023901431802,-22.762419922167211],[-43.363412357294351,-22.76245226358661],[-43.363802036234858,-22.762529139433784],[-43.364185951420382,-22.762615708173918],[-43.364580597316603,-22.762676286506956],[-43.36479023288279,-22.762719345147193],[-43.365176800169081,-22.762787787152181],[-43.365563405226858,-22.76285306714086],[-43.365943973135757,-22.762934721086001],[-43.366281973434184,-22.763009810879598],[-43.366323245121514,-22.76301898036715],[-43.366710237787125,-22.763092660023769],[-43.367090081741765,-22.763202572466259],[-43.36747935958465,-22.763223442133626],[-43.367878324025291,-22.76324874455943],[-43.36822866572021,-22.763407571127992],[-43.368610402747777,-22.763481284059495],[-43.368985052218243,-22.763586080258925],[-43.369351956727314,-22.763719786964099],[-43.369708555905,-22.763868559112215],[-43.369776176828964,-22.763857148514102],[-43.37016472981832,-22.76389832397394],[-43.370263913348822,-22.763923597621446],[-43.370543180723075,-22.763994757377649],[-43.370798019812639,-22.764143391929508],[-43.370286001597542,-22.764013159305375],[-43.370227333424566,-22.764003473606923],[-43.369519191957011,-22.76388657433143],[-43.368473807420173,-22.763565599098641],[-43.366250894662933,-22.763118698994298],[-43.365341976850623,-22.762935958553182],[-43.363725964381615,-22.762666570231588],[-43.362182655804816,-22.762535819597911],[-43.360040744084927,-22.762031153340608],[-43.356381628409281,-22.761288658670203],[-43.354551260731967,-22.760986327282712],[-43.354023895586181,-22.760873629639857],[-43.350716070390206,-22.76030609447626],[-43.350404973310731,-22.760252190911476],[-43.34936676086722,-22.7600057622817],[-43.346843969173733,-22.759581258893594],[-43.344305784684074,-22.759064621760505],[-43.342450979728824,-22.7587389151944],[-43.34060518777909,-22.758351989078637],[-43.338743726042026,-22.75806190735679],[-43.338708733421193,-22.758056452968535],[-43.33862486084854,-22.758041220251727],[-43.335889687059307,-22.757544422162983],[-43.334811914338275,-22.757180757012012],[-43.333939342626415,-22.756926487193297],[-43.333700003352362,-22.756832601568988],[-43.333697062569286,-22.756831449537401],[-43.333346864765872,-22.756736428069367],[-43.332332487054494,-22.75659559063967],[-43.329935775815272,-22.756003591218445],[-43.329449873013118,-22.755902412991663],[-43.329449873013118,-22.755902363528904],[-43.329434973944778,-22.755768533616639]]]},"properties":{"objectid":4758,"nome":"Canal de Sarapuí","geometriaa":"Não","tipomassad":"Desconhecido","regime":"Permanente","salgada":"Desconhecido","dominialid":"Desconhecida","artificial":"Desconhecido","possuitrec":"Sim","codmun":"330045","municn":"Belford Roxo","reggov":"Região Metropolitana","rh":"RH-V","nome_rh":"Baia de Guanabara","area_km":0.064501200000000009,"area_ha":6.4501196900000002,"id_rh":5,"Shape__Area":5.671241682322375e-06,"Shape__Length":0.08473125653789515}},{"type":"Feature","id":4759,"geometry":{"type":"Polygon","coordinates":[[[-43.254216732016459,-22.740584525881189],[-43.254876344267757,-22.739824602349579],[-43.254944938258177,-22.739745576223417],[-43.25495555025833,-22.739768630344091],[-43.255014527798096,-22.739808738308675],[-43.25509731129177,-22.739829691613011],[-43.255207694079672,-22.739862324412794],[-43.255339233418795,-22.739908011771355],[-43.255466789660495,-22.739937580580936],[-43.255604022607436,-22.739956599443584],[-43.255679946971838,-22.739973322336979],[-43.255919655867331,-22.740064892207027],[-43.256316437653368,-22.740207937472395],[-43.256528565240956,-22.74029423821456],[-43.256817223336043,-22.740403138919735],[-43.256933946344418,-22.740427260535654],[-43.257017253243532,-22.740422298975979],[-43.257116681389626,-22.740443612908436],[-43.257211942976653,-22.740478699058759],[-43.25724011783705,-22.740460312419515],[-43.257283153094932,-22.740414183493819],[-43.257385967188497,-22.740322016473936],[-43.257423234194789,-22.740354481999795],[-43.257394508949282,-22.740469944158608],[-43.257406347624737,-22.740503758667536],[-43.257439963383483,-22.740524805501398],[-43.257633626090858,-22.740562318022612],[-43.257830030831144,-22.74060636321914],[-43.258043231309955,-22.740654203554676],[-43.258365890073662,-22.74072310421391],[-43.258640640153317,-22.740784980268671],[-43.258874959411742,-22.740833591323188],[-43.259194670197758,-22.740904716005868],[-43.259789677851245,-22.741056234683491],[-43.259982970037925,-22.741107827889973],[-43.260242178033991,-22.741159327566905],[-43.260374721016426,-22.741179735882113],[-43.260993775642127,-22.741316158539881],[-43.261467391906478,-22.741412615325956],[-43.261715280135938,-22.74147392300916],[-43.261968290004468,-22.74152291357764],[-43.262231389366995,-22.741574813452882],[-43.262607609053816,-22.741666323068337],[-43.263035562241271,-22.741778354313627],[-43.263277680420515,-22.741826411385777],[-43.263576213071644,-22.74190199310851],[-43.26420919369923,-22.742000173894887],[-43.265098152857377,-22.74216705838904],[-43.265392296816913,-22.742212517319835],[-43.265618437640676,-22.742246038649728],[-43.26584692299695,-22.742263510678459],[-43.266552990627872,-22.74241864732867],[-43.26752894480483,-22.742582126989575],[-43.267836406824586,-22.742637118734017],[-43.268365358374467,-22.742770458515825],[-43.269082722389612,-22.742902768573892],[-43.26994658686538,-22.74304542263414],[-43.27035131685966,-22.743115911496069],[-43.27121350230118,-22.74330721618108],[-43.271534045859426,-22.743413907252016],[-43.27165614861223,-22.743428684911834],[-43.271711492890972,-22.743448700223293],[-43.271851224154545,-22.743494101597456],[-43.272175517885728,-22.74356588368456],[-43.272335790564171,-22.743572674465298],[-43.272435978637361,-22.74359588326935],[-43.272511033357375,-22.743612498244168],[-43.27259984500671,-22.743618967966963],[-43.272720775942965,-22.743626416152171],[-43.272869835874133,-22.743657740438341],[-43.272971892738553,-22.743671757271745],[-43.273360890892263,-22.743754802468132],[-43.27348956409201,-22.743827988396916],[-43.273762589271939,-22.743865526998459],[-43.27388475407804,-22.74387551756702],[-43.274050932604325,-22.743892755771988],[-43.274130124205726,-22.743921065530703],[-43.274200222761976,-22.743991179375385],[-43.274341659140134,-22.744009414029172],[-43.274483143182408,-22.744039390231599],[-43.274570207449017,-22.744068868209652],[-43.274969551403558,-22.744134591564105],[-43.275203454275868,-22.744139736585513],[-43.275327209982663,-22.744116057436045],[-43.275426944797573,-22.744136640219729],[-43.275606293895244,-22.744151942184324],[-43.275737595813268,-22.744170879208642],[-43.275866697989613,-22.744147890738535],[-43.275990499561772,-22.744167107451975],[-43.276093249803523,-22.74419576075174],[-43.276254127725679,-22.744239850914312],[-43.276377679286327,-22.744255723948474],[-43.276583022388479,-22.744302280951441],[-43.276660752591567,-22.744322943774765],[-43.276738482794599,-22.744343603900127],[-43.276812003271239,-22.744358395049861],[-43.27720066507851,-22.744398711657148],[-43.277603990331784,-22.74440342230605],[-43.277934789758604,-22.744508133969138],[-43.278053173814783,-22.744485750742736],[-43.278208871642001,-22.744523732710036],[-43.278432279426056,-22.744535171187117],[-43.278789839979027,-22.744516809728907],[-43.278930451678896,-22.744523201210708],[-43.279029597437841,-22.744567707759472],[-43.279212570803395,-22.744604628526702],[-43.279321152249281,-22.74459532234221],[-43.279500208167967,-22.744610796976641],[-43.279733039048381,-22.744631638765036],[-43.280159451697209,-22.744643183362147],[-43.28026586487767,-22.744628254616206],[-43.280403334346261,-22.744629102676868],[-43.280577322585259,-22.744637116535614],[-43.280743436360346,-22.744667622438772],[-43.280959206202283,-22.744690354602138],[-43.281100958242519,-22.744706871550807],[-43.281267400270167,-22.74474225717535],[-43.281360889293467,-22.744701811065685],[-43.281441173571181,-22.74473627038849],[-43.281623479639734,-22.744741031399421],[-43.281789571831155,-22.744726562206999],[-43.28195563704287,-22.74472979437046],[-43.28204457639594,-22.744788547979049],[-43.282258403702265,-22.744795273109329],[-43.282454641168613,-22.744814993443118],[-43.282648350640727,-22.744826649556156],[-43.28279346434681,-22.744823513620187],[-43.282872673035286,-22.744874033935446],[-43.283010862860927,-22.744871727174417],[-43.283186262136155,-22.744922830250339],[-43.283409742765286,-22.744936249933904],[-43.283581129265606,-22.74494224661332],[-43.283665286024011,-22.744916238219783],[-43.283734588680197,-22.744980289734531],[-43.283823000131228,-22.744972299258148],[-43.28383780387145,-22.744964150501051],[-43.283888511245657,-22.74499693528627],[-43.283975099770934,-22.745041303339384],[-43.284076792409905,-22.745053504441604],[-43.284182666896406,-22.745050397283919],[-43.28426017406764,-22.745096926407982],[-43.284316127187424,-22.745130670769797],[-43.284580775182526,-22.745161236927444],[-43.284710643581207,-22.745232802277915],[-43.284809637354783,-22.745297533680152],[-43.285071880562725,-22.745310102605092],[-43.285140574377856,-22.745313910334605],[-43.285182954929319,-22.745374149623249],[-43.285231106430274,-22.745369970473671],[-43.285322464959677,-22.74539885759712],[-43.285338542139868,-22.745460349641331],[-43.285443671987764,-22.745493537322815],[-43.285623128104753,-22.745555157070758],[-43.285694841843338,-22.745589974323799],[-43.286100615051225,-22.745703241237514],[-43.286240991128693,-22.74576778288278],[-43.286409114888613,-22.745832441439941],[-43.286636708117442,-22.745867665186523],[-43.286771746718614,-22.745930794896164],[-43.286958017898087,-22.745961330476941],[-43.287166930409391,-22.746011163710154],[-43.287232911869303,-22.746076261136427],[-43.287345009664364,-22.746073940885555],[-43.287371099896234,-22.746064800176292],[-43.287467055759919,-22.746031179021621],[-43.287558836071298,-22.74604977340422],[-43.287665817623292,-22.746012629605072],[-43.28781681739207,-22.746013977688801],[-43.287990688719162,-22.746047177960829],[-43.288113351749644,-22.746087776955243],[-43.288157902365192,-22.746102208376126],[-43.288259397153361,-22.746135083992865],[-43.288405441657687,-22.746182391030416],[-43.288635746342493,-22.746211139658289],[-43.288849273275218,-22.746195364650262],[-43.289020151658576,-22.746179675077837],[-43.289427781067104,-22.74614421570887],[-43.289569865856492,-22.746157748707063],[-43.289664606736096,-22.746188745639994],[-43.289766666298476,-22.746226413743916],[-43.289924148380628,-22.746238845971863],[-43.290096667127393,-22.746247827501136],[-43.290289131937755,-22.746265873297332],[-43.290486238149242,-22.746278639173749],[-43.290660762384164,-22.746283035059911],[-43.290715951979514,-22.746284438901636],[-43.291139128867599,-22.746298449439806],[-43.291379578804431,-22.74632567641472],[-43.29159848098498,-22.746355291089692],[-43.291735426148882,-22.746374997933696],[-43.291875685314494,-22.746394470054621],[-43.291982353902362,-22.746413763210523],[-43.292460681714942,-22.746495007964153],[-43.292735390425833,-22.746523502083861],[-43.292827970234498,-22.746548333264862],[-43.292948993800906,-22.746540776261742],[-43.293095627361197,-22.746556612423618],[-43.293514641287572,-22.74661581749189],[-43.293766535996724,-22.74666239967587],[-43.293943695245218,-22.746689939614903],[-43.294075417146644,-22.746651971137453],[-43.294156635819945,-22.746635138526713],[-43.294258420189813,-22.746687158911129],[-43.294562487268877,-22.746711629464023],[-43.294727647762613,-22.746733080093477],[-43.294935472094267,-22.746761037317928],[-43.295159000387457,-22.746786813686416],[-43.295330242996215,-22.746781055327354],[-43.295505888685682,-22.746812822079967],[-43.295636681587439,-22.746834086549768],[-43.295764307076979,-22.746867417223431],[-43.295902199226987,-22.746881532082906],[-43.296169181862126,-22.746881399882572],[-43.296333845030802,-22.746880266736817],[-43.296474788580497,-22.74687599046047],[-43.296643246888202,-22.746882844193809],[-43.29677193897367,-22.746885120377893],[-43.297064924606445,-22.746853113506294],[-43.297096535776404,-22.746847942404489],[-43.297481942037855,-22.746759484188715],[-43.297632511930772,-22.746748355078413],[-43.297886925640967,-22.746756846477201],[-43.298023436432352,-22.746756766437507],[-43.298190613206096,-22.746749155475019],[-43.298347522420109,-22.746768708534951],[-43.298434134327685,-22.74674091228918],[-43.298571197302806,-22.746711847999279],[-43.298862200829774,-22.746753420060156],[-43.299057917588698,-22.746776365362852],[-43.299174440048269,-22.746747082537695],[-43.299355273926601,-22.746753071123241],[-43.299473711942142,-22.746734193454131],[-43.299574778652989,-22.74671061502875],[-43.299644993221762,-22.746725451144528],[-43.299738723263374,-22.746751826461487],[-43.299877708988959,-22.746740572345413],[-43.300055658741542,-22.746688551061649],[-43.300189247635558,-22.746688438646409],[-43.300295650923438,-22.746682164975823],[-43.300440427383705,-22.746659322195857],[-43.300535330141258,-22.746653919968328],[-43.300632490197131,-22.746654953289365],[-43.300675849210961,-22.74668395192873],[-43.301366223672176,-22.74668082048936],[-43.301460897102579,-22.74669401893971],[-43.301610172871058,-22.746708792102943],[-43.301888559809072,-22.746755010061584],[-43.301987701970738,-22.746792639494629],[-43.302057876070023,-22.746850099878092],[-43.30221173928021,-22.746856160409379],[-43.302299493326814,-22.746877774715418],[-43.302400854115994,-22.74690919522908],[-43.302542205957934,-22.746919187596291],[-43.302646393316245,-22.746942510614243],[-43.302885996091725,-22.746999242546906],[-43.30303565856866,-22.74703794936778],[-43.30313403990391,-22.747066268119671],[-43.303271976120698,-22.747100606034046],[-43.303376974667508,-22.747144980382416],[-43.303505714417042,-22.747182923678839],[-43.30416390034361,-22.747421285389919],[-43.304281218703181,-22.747469402716654],[-43.304461846636798,-22.747555397689318],[-43.304637167671046,-22.747645400041037],[-43.30471438975718,-22.747660489765664],[-43.304765063856507,-22.747657053456102],[-43.304783016123174,-22.747677744158448],[-43.304864325627989,-22.747771896881414],[-43.305078792352276,-22.747948470671229],[-43.305166194763956,-22.747982812182862],[-43.305218414797885,-22.748027708138096],[-43.305309998157782,-22.748094154547431],[-43.305385069065558,-22.748157355303565],[-43.305525815663763,-22.748256021723904],[-43.305625429070176,-22.748342420492147],[-43.306245514318903,-22.748568269036266],[-43.306308670108933,-22.748585969492765],[-43.306356035602448,-22.748599244385463],[-43.306363068300868,-22.748602359637019],[-43.306430194597681,-22.748632097519145],[-43.306474665173539,-22.748651797168542],[-43.306505351840372,-22.748674246944763],[-43.306558714912626,-22.748713286514779],[-43.306614212076113,-22.748768873610473],[-43.30669672397454,-22.748805149563868],[-43.306837939119475,-22.748952858713277],[-43.306956800715682,-22.749033951481533],[-43.3070184123697,-22.749083281094396],[-43.307073759346395,-22.749127397337372],[-43.307134818816735,-22.749158208110661],[-43.307113230591021,-22.749211262715452],[-43.307130624378715,-22.749253711615328],[-43.307149139621004,-22.749339340563946],[-43.30746822178088,-22.749655373122764],[-43.307613284225567,-22.74975173637938],[-43.307905738359011,-22.749881900654987],[-43.307952690164427,-22.749911929018133],[-43.307997740802989,-22.749925813651188],[-43.308032142569239,-22.750014820453412],[-43.308296370580933,-22.750215307216454],[-43.308628736626758,-22.750409651609949],[-43.308954125732214,-22.750617197151747],[-43.309005261183756,-22.750615932704907],[-43.309079495722017,-22.750597031653477],[-43.30919412960526,-22.750681691132936],[-43.309315317747576,-22.750692727613092],[-43.309399516774135,-22.750734438169584],[-43.309509098266176,-22.750762961966895],[-43.309611238767559,-22.750857965448532],[-43.309694481814745,-22.750834914025884],[-43.309733739920027,-22.750849328359624],[-43.310100085950069,-22.750972956362627],[-43.310202804715573,-22.750989395070313],[-43.310354279326418,-22.751039765198772],[-43.310459178048518,-22.751029405908142],[-43.310688067200424,-22.751103081068116],[-43.31079382297645,-22.751149716312135],[-43.311113122772269,-22.75122723877185],[-43.311488390976365,-22.751330275897267],[-43.311875003228693,-22.751397670192102],[-43.312024509223583,-22.751433929058358],[-43.312400847620893,-22.751529120498287],[-43.312787585778324,-22.751610150313983],[-43.313165474606876,-22.75172982939387],[-43.313553820752134,-22.751822705079572],[-43.313936586604079,-22.751902246517261],[-43.314324893179162,-22.751990514076734],[-43.314706629307352,-22.752066700143864],[-43.315078970218167,-22.752186497034973],[-43.315452679897142,-22.752305945888441],[-43.315713575021334,-22.752350692556199],[-43.31600157841001,-22.752439975450258],[-43.316102618141201,-22.7524902592438],[-43.316359682153518,-22.752490170210926],[-43.316734858626717,-22.752617128403518],[-43.317118895220744,-22.752720516264542],[-43.317507101971046,-22.752801370712433],[-43.317887856938917,-22.752894427161813],[-43.317941285661682,-22.752944480728932],[-43.318046082760425,-22.752966354939044],[-43.318428491581528,-22.75305960834001],[-43.318816088591511,-22.753110922756633],[-43.319208595000532,-22.753190823023797],[-43.319596379968857,-22.753250716073431],[-43.319981553305922,-22.753348962510316],[-43.319992982789813,-22.753362558461021],[-43.320061214353423,-22.753443723175018],[-43.320166856814872,-22.753452240654113],[-43.320321059968826,-22.753375563557174],[-43.320667665879967,-22.753482523525367],[-43.321048894790522,-22.753561037937306],[-43.32105831788693,-22.753682333098947],[-43.32111900144065,-22.753672766110995],[-43.3211773377638,-22.753687919687493],[-43.321542770981978,-22.75381611714581],[-43.321912511952746,-22.753958358417218],[-43.321970841980658,-22.753997985244553],[-43.322056969153664,-22.753962044738284],[-43.322378445308857,-22.754125722250034],[-43.322428655358067,-22.754168424758689],[-43.322570115118594,-22.75423412023417],[-43.32273146158758,-22.754274107689639],[-43.323108773950651,-22.75437072815231],[-43.32329190110022,-22.754285681964348],[-43.323487920930688,-22.754356918162951],[-43.323856800350939,-22.754474401098435],[-43.323941430152786,-22.754473392059076],[-43.323941625305622,-22.754473394757095],[-43.323943368191742,-22.754474226629945],[-43.324171099016894,-22.754627975626303],[-43.32434776094027,-22.75460996130635],[-43.324607502234301,-22.754789875178275],[-43.3246685644026,-22.754717365539697],[-43.324670604964354,-22.754717656920022],[-43.32479880961727,-22.754704733662258],[-43.324931065715987,-22.754758771226012],[-43.324940854836477,-22.754826426324236],[-43.324997609252136,-22.75484363844884],[-43.325227589281724,-22.754893012128527],[-43.325611344387937,-22.754956640961936],[-43.325986055012315,-22.755067316928805],[-43.326052094028796,-22.755001812109629],[-43.326116419836808,-22.755012961904342],[-43.326187842195054,-22.755025090161478],[-43.326173047448037,-22.755120483049541],[-43.326390947783921,-22.755042481251209],[-43.326447159009035,-22.755088316098618],[-43.326803388565395,-22.755237358043338],[-43.326871649806662,-22.755277177325556],[-43.326950235265024,-22.755332819279861],[-43.327089121165898,-22.755346376559753],[-43.327269464913741,-22.755281887075139],[-43.327450838385339,-22.755332826474479],[-43.327834207682436,-22.755444310032576],[-43.328216503188969,-22.755548106185845],[-43.328612678831909,-22.755607614325616],[-43.328985087191882,-22.755731805304233],[-43.329281028896276,-22.755770213550214],[-43.329434973944778,-22.755768533616639],[-43.329449873013118,-22.755902363528904],[-43.329449873013118,-22.755902412991663],[-43.329449634692764,-22.755902363528904],[-43.32945084428092,-22.756129344319461],[-43.329347358393761,-22.756089069980266],[-43.329270205555417,-22.75610758971915],[-43.329121454991032,-22.756048414328536],[-43.328748837089059,-22.755925395166539],[-43.328367744875379,-22.755826580358097],[-43.327980534573904,-22.755742420901665],[-43.327641352566268,-22.755648559559031],[-43.327511867278758,-22.755662736471802],[-43.327474084061627,-22.755654844021507],[-43.327137133271947,-22.755569674626461],[-43.326758208424451,-22.755477019274707],[-43.326380373555253,-22.755374802330984],[-43.325994416009394,-22.755308081628336],[-43.325922113214858,-22.755272282315655],[-43.32582229206502,-22.755185441080965],[-43.325796583145689,-22.755185623643332],[-43.3255000865596,-22.755136907368058],[-43.325111895097734,-22.755077747265926],[-43.32473105019767,-22.754983080130778],[-43.324350904970174,-22.754886974979616],[-43.323967890905294,-22.75481061714197],[-43.323579263272279,-22.754723452151318],[-43.323201685609206,-22.754624571692307],[-43.322821852446395,-22.754543005880741],[-43.322434636748994,-22.754459917516886],[-43.322061329066969,-22.75434644915504],[-43.321804986310951,-22.754191582301413],[-43.321777767429921,-22.754155985336187],[-43.321768562868776,-22.754152186599878],[-43.321428271997043,-22.7539744913554],[-43.321234676738811,-22.754007677238242],[-43.320967188684676,-22.753928282390071],[-43.320861341177817,-22.753888696931554],[-43.320847012279671,-22.753881952915499],[-43.320667493210124,-22.753855050595813],[-43.32033419996322,-22.753742269315996],[-43.320305117686928,-22.753819178438064],[-43.32011868193149,-22.753776668384273],[-43.319914785838591,-22.753728555554133],[-43.319599110310556,-22.753656327403306],[-43.319413954290432,-22.753604617284978],[-43.319404752427261,-22.753560901240302],[-43.319337177368709,-22.753536890240998],[-43.319242896042681,-22.753506998574849],[-43.319069329585773,-22.75347907192738],[-43.318966833852187,-22.75346796799808],[-43.318949102818749,-22.753421000904233],[-43.318925518997389,-22.753422649361507],[-43.318637932894141,-22.753338703943797],[-43.3184760486306,-22.753279110368361],[-43.318484554418546,-22.753348016423573],[-43.318261010836864,-22.753282355122302],[-43.318221331848861,-22.75321465595735],[-43.318220850711555,-22.753214199101745],[-43.317842294586114,-22.753124327151703],[-43.317755226722227,-22.753141653490239],[-43.317674901075691,-22.753149025233043],[-43.317633909077536,-22.753132969636589],[-43.3175399020447,-22.753088720293963],[-43.31745544311412,-22.753099661445987],[-43.317352627221851,-22.753098939290364],[-43.317202149059824,-22.753054275360256],[-43.317199809023862,-22.753006837920992],[-43.317065414337264,-22.752976703437849],[-43.317034732167023,-22.753009343432186],[-43.316939350970131,-22.753005719164349],[-43.31684787013296,-22.752961948261067],[-43.316801370686569,-22.752926506878541],[-43.316760489305011,-22.752917407538092],[-43.316707670322607,-22.752960650539332],[-43.31665744318633,-22.752959217919305],[-43.316647842923494,-22.752892378506235],[-43.316563848043018,-22.752849588763276],[-43.316339942933894,-22.752829527586393],[-43.316266622106816,-22.752829476324997],[-43.316263291917267,-22.752767489653696],[-43.315978321042564,-22.752669117311694],[-43.315604079864272,-22.752569080324562],[-43.315525982737768,-22.752609166705422],[-43.315493561278686,-22.752577126558865],[-43.315395506397408,-22.752545476718112],[-43.315311159882015,-22.752563100732278],[-43.315178160943276,-22.752498661609689],[-43.31505596915752,-22.752497823441544],[-43.314836835851168,-22.752422179665629],[-43.314803714719517,-22.752447205999538],[-43.314665734435955,-22.752415858330931],[-43.314626323445964,-22.752358276538974],[-43.314496230216719,-22.752318882636075],[-43.314354803731078,-22.752346108711706],[-43.314243191569915,-22.752308354272873],[-43.313870008893666,-22.752185838731233],[-43.313699378723243,-22.75221239301327],[-43.313684519225035,-22.752209346110185],[-43.313316150619755,-22.752091214763531],[-43.313186098759338,-22.752096161934091],[-43.312975972163258,-22.752032622133584],[-43.312592480558408,-22.751940789661479],[-43.312509179055262,-22.751897283158883],[-43.312283878198286,-22.751872144409734],[-43.31226846561708,-22.751866382453386],[-43.311891711732976,-22.751757369332889],[-43.311584007795602,-22.75167897902741],[-43.311212502354977,-22.751562886443828],[-43.310826667116885,-22.751511482994324],[-43.310450506785344,-22.751401841247752],[-43.310069608825245,-22.751305424031852],[-43.309700776169791,-22.751186014748569],[-43.309612868339052,-22.751089536378817],[-43.309397387179558,-22.751002455025077],[-43.309047583279209,-22.750840258696787],[-43.30889591711275,-22.750853011083411],[-43.30870937074075,-22.750646033013791],[-43.308697964639244,-22.75063922964253],[-43.308373497338891,-22.750436028725549],[-43.308288259595372,-22.750439098111684],[-43.308257599908195,-22.750359030570593],[-43.307975157927103,-22.750206485766491],[-43.307911779105211,-22.750261083607921],[-43.307792599149025,-22.750197688598259],[-43.307533890276716,-22.750012157560821],[-43.307430262296634,-22.74993872341917],[-43.307237200336431,-22.749810424337447],[-43.307170680182651,-22.749740633349393],[-43.307136083263515,-22.74965618790856],[-43.307095680321261,-22.749592542887402],[-43.307007850731615,-22.749545283513839],[-43.306938757617445,-22.749557826358444],[-43.306870204995839,-22.749589790961913],[-43.30687001074228,-22.749589789163284],[-43.30688016408817,-22.749540227525301],[-43.306829162635609,-22.749467438197527],[-43.306740084786952,-22.749403006269571],[-43.306681002026494,-22.74935388440008],[-43.306615555663257,-22.749299726327141],[-43.306556159039417,-22.749244550221647],[-43.306491561636172,-22.749192569407402],[-43.306444613428027,-22.749178163167539],[-43.306435110292,-22.749143384585356],[-43.306318180439568,-22.749095093689451],[-43.306252747566134,-22.749054071114312],[-43.306183588801446,-22.749010712100535],[-43.306121716344023,-22.748971922542022],[-43.306071687058598,-22.748940556887028],[-43.30603391733132,-22.748916877737546],[-43.305918376931466,-22.748842772701622],[-43.305558833373368,-22.748563153692459],[-43.305406975651294,-22.748457415003564],[-43.305224627314594,-22.748329227437779],[-43.304968503993173,-22.748143271021014],[-43.30482582834918,-22.748066890700297],[-43.304701708416985,-22.747985920239877],[-43.304380689117401,-22.747804061134374],[-43.303834660341181,-22.747519026407804],[-43.303733385886915,-22.747472615094971],[-43.303555312927244,-22.747408500627653],[-43.30351082886154,-22.747415253636895],[-43.303318652733537,-22.747365618254541],[-43.303247878786465,-22.747309416022617],[-43.303200987235641,-22.747290495186054],[-43.303137133571738,-22.747265162183393],[-43.303038574170735,-22.74724343456273],[-43.302947784012936,-22.747215377513552],[-43.302873312952897,-22.747198329964814],[-43.302712577123607,-22.747181088162559],[-43.302613928689766,-22.747174351341123],[-43.302510706303906,-22.747183278011729],[-43.302443036816548,-22.747143726727465],[-43.302374419443765,-22.747149499475707],[-43.302306828197459,-22.74712728622114],[-43.302256455370987,-22.74709062715657],[-43.302192620592848,-22.747095277550887],[-43.302106693069334,-22.747099329896052],[-43.302024630831909,-22.747097736297402],[-43.30199159423654,-22.747092236943047],[-43.301877663623145,-22.747029975978471],[-43.301460713640886,-22.746952934656129],[-43.301342334081312,-22.746935690155841],[-43.301263373605707,-22.746927355239166],[-43.301175901946181,-22.746914503927091],[-43.300905845428304,-22.746958411527377],[-43.300752608146247,-22.7469567810565],[-43.300636811439581,-22.746982641961271],[-43.300559438267328,-22.746987688057231],[-43.300477108931318,-22.747015621000003],[-43.300431425170018,-22.747017121968494],[-43.300350147141444,-22.747007316660245],[-43.300271576971561,-22.746991127064746],[-43.300193763131524,-22.747000324431319],[-43.300146438107504,-22.746977062567282],[-43.30007410563536,-22.746983968461272],[-43.29997153525801,-22.746979535702906],[-43.29990973204837,-22.746938148003043],[-43.299822103906884,-22.74694579403905],[-43.299745526634645,-22.746941638271885],[-43.29961803064748,-22.746929263600524],[-43.299517313772867,-22.746971720594324],[-43.299391519303072,-22.746963516978603],[-43.299310344696551,-22.746945312901737],[-43.29917928919275,-22.746984557517187],[-43.299065224580318,-22.747027684505895],[-43.29896579193764,-22.747021477385154],[-43.298862967052173,-22.746966828282385],[-43.298725523663848,-22.746987129578262],[-43.298599406337409,-22.746981451258875],[-43.298502659969643,-22.747002004364905],[-43.298423684205545,-22.747002878505892],[-43.298356387936842,-22.746956917753437],[-43.298186614820281,-22.746977594965923],[-43.29801015164707,-22.746995944732923],[-43.297609610694849,-22.747024999130296],[-43.297571545090591,-22.747024593536029],[-43.297358877010424,-22.74701817237661],[-43.297152032040515,-22.747028881503581],[-43.296991536330204,-22.747023828212996],[-43.296840975430541,-22.747034143436849],[-43.296702004094065,-22.747075648947934],[-43.29657814676392,-22.747099614081829],[-43.296384305091465,-22.747066841887143],[-43.296139246129208,-22.747042011605458],[-43.2957478440876,-22.747032868198175],[-43.295687954635298,-22.747025727581153],[-43.295574158020884,-22.747007896722952],[-43.295470452699135,-22.747016451973593],[-43.295319002369915,-22.747012217066075],[-43.295195325803547,-22.746990216051529],[-43.295120868233369,-22.746932978699867],[-43.294705645848751,-22.746897569692976],[-43.294544582666219,-22.746867582698652],[-43.294347372133416,-22.746839558025052],[-43.29423212041592,-22.746876257559109],[-43.294129020337891,-22.746843908945152],[-43.294027110962297,-22.746848961336362],[-43.293926450744998,-22.746863238073846],[-43.293830129756543,-22.746818139771218],[-43.293726767975841,-22.746799063352004],[-43.293599458148378,-22.746771784216374],[-43.293188480563799,-22.746708239919197],[-43.292984784120392,-22.74670082500894],[-43.292810687962749,-22.746693275200361],[-43.29270197881317,-22.746689223754583],[-43.292665701061139,-22.746701659579802],[-43.292571925154107,-22.746647736229942],[-43.292514933317413,-22.746618950729907],[-43.292425762838548,-22.746617455157324],[-43.292332309788151,-22.746584577741952],[-43.292220327106293,-22.746561975980292],[-43.292098349359208,-22.746560130571492],[-43.292091863448604,-22.746580561369687],[-43.291976760119269,-22.746581768259897],[-43.291867762287275,-22.74657753245306],[-43.291792482736753,-22.746523806054718],[-43.2916149862425,-22.746523533560108],[-43.291479194009469,-22.74648938810067],[-43.291347383974475,-22.746479580094459],[-43.29115370058269,-22.746465496711213],[-43.290989343183526,-22.746473581616399],[-43.290862668277384,-22.746489204638991],[-43.290749357296882,-22.746510749697233],[-43.290682474716341,-22.746549137258754],[-43.290659300985851,-22.746603977917125],[-43.290674939296878,-22.746716670164069],[-43.290710437336713,-22.747080002565944],[-43.29078598578451,-22.747456314882918],[-43.290856194057994,-22.747792384336933],[-43.290937140236728,-22.748008908710041],[-43.291007641689198,-22.748102229560093],[-43.291042047952025,-22.748208980885604],[-43.291065474391992,-22.748400054444826],[-43.291149686908398,-22.748588798759911],[-43.291193075599836,-22.748717050177579],[-43.291201441992825,-22.74888204339744],[-43.291207768723439,-22.749007460151976],[-43.291241691151015,-22.749254999444481],[-43.291352177360977,-22.7493824333784],[-43.29143956988014,-22.749691412554444],[-43.291521491823289,-22.749868661735192],[-43.291618756200535,-22.74999999962607],[-43.291744705353722,-22.750154981592949],[-43.291962844009902,-22.750457952398371],[-43.291833468439677,-22.750346029971112],[-43.291552881759969,-22.750092783580932],[-43.291499608619915,-22.749999999626063],[-43.291482902813584,-22.749957293520072],[-43.291367854342866,-22.749797344597582],[-43.291252804972828,-22.749637395675105],[-43.291044729730395,-22.749308431764515],[-43.290856865851531,-22.748943740487061],[-43.290773958251457,-22.748564006249705],[-43.290716043710347,-22.748194565652529],[-43.290621685042602,-22.747819676063077],[-43.290552403070819,-22.747432683397491],[-43.290535750324523,-22.747198153697685],[-43.290503935907786,-22.746836125312818],[-43.290519549937187,-22.746684573360266],[-43.290469478383613,-22.746592735492243],[-43.290366801886307,-22.746518576497028],[-43.290232347844437,-22.746525625383189],[-43.290078504419334,-22.746518107950191],[-43.28989385831477,-22.746489852150837],[-43.289757871828215,-22.746526145191357],[-43.289648080794166,-22.746530839652408],[-43.289577668374591,-22.746508682155827],[-43.289486717238105,-22.746525137051325],[-43.289371434943632,-22.746509453774149],[-43.289270865557853,-22.746524180172692],[-43.28918908121102,-22.746547417755046],[-43.289058641742827,-22.746505651440554],[-43.288799794374889,-22.746548484350981],[-43.28863347735296,-22.746518345371229],[-43.28851502764627,-22.746506780989037],[-43.288359540260451,-22.746498432582495],[-43.288243334362271,-22.746447516565535],[-43.28800992701639,-22.746441222210542],[-43.28768064114854,-22.746417011561743],[-43.28758457736626,-22.746414085167782],[-43.287404037566148,-22.74631416419323],[-43.287297424736266,-22.746306067596844],[-43.28718568756932,-22.746216907909869],[-43.287074802060374,-22.746161082493884],[-43.286772341170497,-22.746156483360906],[-43.28667777116209,-22.746111849108473],[-43.286597728802008,-22.746151359023902],[-43.286495275336556,-22.746090836448861],[-43.286157846107585,-22.74597812351751],[-43.285911705260844,-22.745876503723565],[-43.285786012414405,-22.745813472939311],[-43.285648490785086,-22.745738666432224],[-43.285520924650825,-22.74568527907828],[-43.285394402629436,-22.745727811615126],[-43.285279263327197,-22.745716460372279],[-43.284919555193198,-22.74554778532795],[-43.284881280046925,-22.745533015761996],[-43.284731909849654,-22.745525992056834],[-43.2846227636295,-22.745533670468411],[-43.28442811616452,-22.745441180591946],[-43.284208211239843,-22.745367384023481],[-43.283959723162582,-22.745282443056212],[-43.283744286069805,-22.745225130161526],[-43.283596136252584,-22.745190666342108],[-43.283484932383601,-22.745215028077034],[-43.283073431393632,-22.745147569930324],[-43.283026459803182,-22.745135235728455],[-43.282969113633555,-22.745096056763515],[-43.28285114776213,-22.745108335207398],[-43.282732815866666,-22.745134336406448],[-43.282608659961568,-22.745119905884888],[-43.282328351172332,-22.745072640216097],[-43.282207190009672,-22.745044516617085],[-43.282119155374573,-22.745038060384093],[-43.282022176082428,-22.745053814707699],[-43.281940371950505,-22.74505519246911],[-43.281830737398479,-22.745039653982801],[-43.281739370775206,-22.745058178218287],[-43.281679691764225,-22.744987637195649],[-43.281491607551516,-22.745024446446948],[-43.28135467857544,-22.745011503404083],[-43.281262096068758,-22.744971674229294],[-43.281120562563778,-22.744984330388476],[-43.280925035561836,-22.74495450167483],[-43.280694783937008,-22.74493757373596],[-43.280549249348269,-22.744888775622421],[-43.280425319173055,-22.744832985279967],[-43.280346815553003,-22.744889576019023],[-43.280178969683561,-22.744896347914043],[-43.280020761848562,-22.74489545758523],[-43.279889751310861,-22.744907593036935],[-43.279786271718933,-22.744851480737161],[-43.27971177367931,-22.744875873948381],[-43.279627043153425,-22.744877761625325],[-43.279452869654115,-22.744861074704769],[-43.279330142771748,-22.744825886931089],[-43.278955430348731,-22.744822211401864],[-43.278787778732863,-22.744797917116095],[-43.278636349088117,-22.744792312541101],[-43.278537543272876,-22.744806238542985],[-43.278448469021491,-22.744773941190363],[-43.278332719978948,-22.744780189679933],[-43.278203535064968,-22.744786473243085],[-43.278089289688864,-22.744734939391879],[-43.277950202339866,-22.744754482559244],[-43.277657287753527,-22.744710956271543],[-43.277606325871147,-22.744690899591255],[-43.277381310099251,-22.744667973174376],[-43.277239854835329,-22.744643328153014],[-43.277069182396765,-22.744634895210201],[-43.276961413038634,-22.744649265477161],[-43.276854935107053,-22.744669429176774],[-43.276461326129144,-22.744635290012582],[-43.27637843381757,-22.74459917593714],[-43.2759722909883,-22.744586303041391],[-43.275741732694712,-22.744570539724577],[-43.2756384248733,-22.744563102331263],[-43.275578453582625,-22.744616911467229],[-43.275450524122284,-22.744585276015638],[-43.275140856964867,-22.744550143999898],[-43.275038955683158,-22.744523667059525],[-43.274911429119015,-22.744514252056998],[-43.274769248102189,-22.744485443174593],[-43.274604041743025,-22.744468126728627],[-43.274209521751914,-22.744429095252485],[-43.274188257282105,-22.744426292964988],[-43.273808555420374,-22.744376267276834],[-43.273401505175229,-22.74429618894391],[-43.27301145571397,-22.744211417049211],[-43.272610277142462,-22.744136819184813],[-43.272249443057198,-22.744074938633453],[-43.27107099033384,-22.743862154540764],[-43.269736253425208,-22.743596644095838],[-43.269531350091597,-22.743561823245525],[-43.26896499843582,-22.743483349303084],[-43.268209123652014,-22.743354864960992],[-43.267955352957081,-22.743311746066205],[-43.267495063746082,-22.743215272193051],[-43.267270640627437,-22.743184300441076],[-43.266746906044766,-22.743069706128015],[-43.266727760377705,-22.743066970390345],[-43.266030411674024,-22.742961236198056],[-43.265597391706137,-22.742879864640013],[-43.2648996742804,-22.742741881658478],[-43.263930839136776,-22.742570064382949],[-43.262755035816156,-22.742334852097756],[-43.261827608157489,-22.742130509941084],[-43.260537608923414,-22.741895033255158],[-43.259651977256844,-22.741735295673379],[-43.258009594866792,-22.741402941318722],[-43.257794948278097,-22.741369263506741],[-43.25687585283822,-22.741161733253374],[-43.256704787395911,-22.741131058277766],[-43.255487168298032,-22.740763668134804],[-43.255357293604106,-22.740740123883626],[-43.255130614985774,-22.740680484442823],[-43.254672247625983,-22.74059519363928],[-43.254463807258787,-22.740586774186315],[-43.254308199363777,-22.740581010431328],[-43.254216732016459,-22.740584525881189]]]},"properties":{"objectid":4759,"nome":"Canal de Sarapuí","geometriaa":"Não","tipomassad":"Desconhecido","regime":"Permanente","salgada":"Desconhecido","dominialid":"Desconhecida","artificial":"Desconhecido","possuitrec":"Sim","codmun":"330170","municn":"Duque de Caxias","reggov":"Região Metropolitana","rh":"RH-V","nome_rh":"Baia de Guanabara","area_km":0.33111109999999999,"area_ha":33.111110449999998,"id_rh":5,"Shape__Area":2.9109885567415868e-05,"Shape__Length":0.16755781729429634}},{"type":"Feature","id":4760,"geometry":{"type":"Polygon","coordinates":[[[-43.32945084428092,-22.756129344319461],[-43.329449634692764,-22.755902363528904],[-43.329449873013118,-22.755902412991663],[-43.329935775815272,-22.756003591218445],[-43.332332487054494,-22.75659559063967],[-43.333346864765872,-22.756736428069367],[-43.333697062569286,-22.756831449537401],[-43.333700003352362,-22.756832601568988],[-43.333939342626415,-22.756926487193297],[-43.334811914338275,-22.757180757012012],[-43.335889687059307,-22.757544422162983],[-43.33862486084854,-22.758041220251727],[-43.338708733421193,-22.758056452968535],[-43.338743726042026,-22.75806190735679],[-43.34060518777909,-22.758351989078637],[-43.342450979728824,-22.7587389151944],[-43.344305784684074,-22.759064621760505],[-43.346843969173733,-22.759581258893594],[-43.34936676086722,-22.7600057622817],[-43.350404973310731,-22.760252190911476],[-43.350716070390206,-22.76030609447626],[-43.354023895586181,-22.760873629639857],[-43.354551260731967,-22.760986327282712],[-43.356381628409281,-22.761288658670203],[-43.360040744084927,-22.762031153340608],[-43.362182655804816,-22.762535819597911],[-43.363725964381615,-22.762666570231588],[-43.365341976850623,-22.762935958553182],[-43.366250894662933,-22.763118698994298],[-43.368473807420173,-22.763565599098641],[-43.369519191957011,-22.76388657433143],[-43.370227333424566,-22.764003473606923],[-43.370286001597542,-22.764013159305375],[-43.370798019812639,-22.764143391929508],[-43.370709025600945,-22.764166868731476],[-43.37055392402425,-22.764131689051688],[-43.370355860934126,-22.764122351390885],[-43.36996735201155,-22.764069255417279],[-43.369575870829642,-22.763995808685138],[-43.369206404152123,-22.763880949971337],[-43.368826627646627,-22.763789558167055],[-43.368453055563918,-22.763684321299884],[-43.368065961274965,-22.763618862346117],[-43.367672167936064,-22.763600837234332],[-43.367380606829443,-22.763518924284448],[-43.367003316949429,-22.763423489128247],[-43.36662330662017,-22.763343829879336],[-43.366232989160999,-22.76329576291462],[-43.366154397407399,-22.763271659285152],[-43.365784649242073,-22.763156339219186],[-43.365395605222886,-22.763107652621589],[-43.365018940371669,-22.763008968214859],[-43.364886179753285,-22.76301961888581],[-43.364563326736004,-22.762948849435389],[-43.364314557170985,-22.762912885546733],[-43.364239890058748,-22.762878163621878],[-43.36412287836805,-22.76285845048265],[-43.363733015965806,-22.762804964203237],[-43.363627520093878,-22.762766855431533],[-43.363433593885134,-22.762778414417795],[-43.363307246332226,-22.762757611300255],[-43.362919739254437,-22.762694574220728],[-43.362528476607793,-22.762693361035286],[-43.362135234553314,-22.762686617019291],[-43.361895586811784,-22.762596285515684],[-43.361520942737165,-22.762491834655954],[-43.361139247078484,-22.762415305947158],[-43.360759875267888,-22.762323628158455],[-43.360376201100678,-22.76224969759101],[-43.360372119977235,-22.762248932267919],[-43.360213565903223,-22.762234208567396],[-43.360012822833369,-22.762188707368455],[-43.359761530669964,-22.762127694662905],[-43.359563556612727,-22.762078788630713],[-43.359392235762925,-22.762064835649184],[-43.35939213863616,-22.762064834749861],[-43.359108255041804,-22.762001318331723],[-43.358726673597012,-22.761923521578804],[-43.358342149570433,-22.761847679052661],[-43.358223605434944,-22.76180970338066],[-43.358131924948282,-22.761846059373678],[-43.357919252371453,-22.761812985006763],[-43.357730734685553,-22.761746925305882],[-43.357581313226888,-22.761677113633429],[-43.357442435419948,-22.761678212604977],[-43.357310830430379,-22.761657532694525],[-43.357170948980013,-22.761669278739767],[-43.357088464061235,-22.76162896303174],[-43.35670974066187,-22.761532315589424],[-43.356555114826556,-22.76146606163497],[-43.356493877290454,-22.761473016991665],[-43.3563975446109,-22.761515645755992],[-43.356362304676509,-22.7615146502065],[-43.356322358589864,-22.761475676286977],[-43.356261414232733,-22.761441904046201],[-43.356166723715205,-22.761428737072105],[-43.35605588227304,-22.761446923162513],[-43.356022852872222,-22.761415877666145],[-43.355922173769159,-22.761398584602556],[-43.35580443902353,-22.761350048191744],[-43.355753088634003,-22.761376973893796],[-43.35555989807073,-22.761319172667257],[-43.355516488694889,-22.761276640130415],[-43.355342459087119,-22.761228878935189],[-43.3552359074111,-22.761230490520301],[-43.35517606472348,-22.761242879580784],[-43.354786295850772,-22.761190546232296],[-43.354436686203996,-22.761029439882314],[-43.354101214799122,-22.760964299288521],[-43.353700622585563,-22.760937681154601],[-43.353309559588411,-22.760920371903211],[-43.352921058759762,-22.760835536156637],[-43.352532900572783,-22.760787189502786],[-43.352147355815703,-22.760732093436918],[-43.352057618763979,-22.760679509177603],[-43.351995901889261,-22.760685826015642],[-43.351871174015344,-22.760692666259132],[-43.351667721288202,-22.760646314301511],[-43.351412117774885,-22.760604299774204],[-43.351245720713337,-22.760561760042748],[-43.351206393360258,-22.760471494189666],[-43.351137379386444,-22.760452900706394],[-43.351091565223442,-22.76048105488238],[-43.351012617338306,-22.760511307176643],[-43.350838280162407,-22.760497495388648],[-43.35053767367458,-22.760440474773677],[-43.350367003933968,-22.760388859084152],[-43.350296956639106,-22.760342889338432],[-43.350296572628615,-22.760342433382203],[-43.350284591860316,-22.760285955957698],[-43.350112582129839,-22.760297273026293],[-43.349974941790038,-22.760300908086009],[-43.349897986802546,-22.760294965365951],[-43.349854736606687,-22.760223172487013],[-43.349749086950681,-22.760190201542155],[-43.34966069438542,-22.760179895311499],[-43.349491315171925,-22.760126305610104],[-43.349414928555973,-22.760153963360295],[-43.349276557966675,-22.760177910507739],[-43.349090870447185,-22.760201095929435],[-43.349054716801618,-22.760195123531712],[-43.348733585086784,-22.760128404627753],[-43.348632379880314,-22.760090329130986],[-43.348417442810614,-22.760043583270356],[-43.348169762324574,-22.760031267054941],[-43.348161710694285,-22.760028655423678],[-43.347792020085528,-22.759910766893988],[-43.347408062631871,-22.759845472516112],[-43.347250476228396,-22.75981548372317],[-43.346968429948959,-22.759713492509242],[-43.34684686409139,-22.759740862476391],[-43.346581222345435,-22.759724203434804],[-43.346198922342296,-22.759642666401515],[-43.345809607627181,-22.759577673296572],[-43.345424592570794,-22.759495294497867],[-43.345055122295953,-22.759375595632836],[-43.344967738769981,-22.759426979297238],[-43.344874632857909,-22.759403798372198],[-43.344496699063313,-22.759315710677125],[-43.344449493649108,-22.759297610022251],[-43.344096139225314,-22.759133644727509],[-43.343915577841528,-22.759143602021197],[-43.343836149718413,-22.759116678117781],[-43.343795759366685,-22.759090701200481],[-43.343684741657398,-22.759058934447864],[-43.343528326171217,-22.759061194444136],[-43.343347059718894,-22.759016597063926],[-43.343004871277678,-22.758960393932636],[-43.342854884145481,-22.758954412541698],[-43.342785237948249,-22.758956128448183],[-43.342712545747247,-22.758919791340876],[-43.342464420996123,-22.758863842717755],[-43.342333612805874,-22.758858239042134],[-43.34207868018683,-22.758809714322474],[-43.341922097426732,-22.758793638041549],[-43.341682848084872,-22.758760719257406],[-43.341616663378204,-22.758766172746295],[-43.341455315110572,-22.758709135943505],[-43.341351533346483,-22.758650891351195],[-43.341265303650736,-22.758630849060026],[-43.340892038236859,-22.758527539439978],[-43.340822534132535,-22.758573959746069],[-43.340740616685991,-22.758575817745413],[-43.340684347004867,-22.758534412059095],[-43.340571780663034,-22.75854227303309],[-43.340510069184234,-22.758532149364793],[-43.340302763761429,-22.758474813987068],[-43.340254375738709,-22.758506281265472],[-43.340221881434559,-22.758503866585809],[-43.339840698389423,-22.758427383742365],[-43.339801336862081,-22.758380735008551],[-43.339784495258129,-22.758372342535171],[-43.339408929378465,-22.758274242687801],[-43.339350002200725,-22.758259270774339],[-43.338959128061227,-22.758235245385908],[-43.338645142359326,-22.7582307146014],[-43.338628431157076,-22.758219522538546],[-43.33827179061052,-22.758070410446724],[-43.337926546272968,-22.758009650450649],[-43.337817229181674,-22.757990449924964],[-43.337751677597737,-22.758023995536604],[-43.337688318560936,-22.757989108136456],[-43.337574726991932,-22.758025404774262],[-43.337371871414639,-22.757978859462451],[-43.337321648774939,-22.757976800914236],[-43.337234956827672,-22.757922704894529],[-43.337141259161683,-22.757884249883858],[-43.336757364660514,-22.757806739115356],[-43.336364754829447,-22.757749455898278],[-43.335975011137748,-22.757696716955575],[-43.335584839368721,-22.757639186424949],[-43.335197368263827,-22.757559647685234],[-43.335168440670884,-22.757399496415282],[-43.335059475214507,-22.757407662259464],[-43.334841321269835,-22.757241564672135],[-43.334584437121975,-22.757274196572538],[-43.334465261662388,-22.75726500550126],[-43.334125068816768,-22.757117230701283],[-43.334082163061289,-22.757066028699903],[-43.333970359344505,-22.757059353032375],[-43.33375160105544,-22.756959263884582],[-43.333439551593919,-22.75679543528679],[-43.333404298169675,-22.756867948522654],[-43.333174169751999,-22.756814159171764],[-43.332920000657396,-22.75687978000348],[-43.332647315421127,-22.756818411166414],[-43.332269349250964,-22.756710336038847],[-43.332130341042273,-22.756690550953806],[-43.33211753919295,-22.756630180364205],[-43.331974484035072,-22.756590936648092],[-43.331585222379999,-22.756507035297094],[-43.331450226046968,-22.75653380091984],[-43.331223675132385,-22.75643416952699],[-43.331088693188512,-22.756459851466619],[-43.330822602680826,-22.756376694754302],[-43.330438039084122,-22.756314874457544],[-43.330058901996615,-22.756215270943652],[-43.329991024765889,-22.756151705062805],[-43.329778622885037,-22.756113901161271],[-43.329734676613896,-22.756188431576518],[-43.329731097312163,-22.756194502899639],[-43.329545479040519,-22.756116158459591],[-43.329495446157807,-22.756146702134252],[-43.32945084428092,-22.756129344319461]]]},"properties":{"objectid":4760,"nome":"Canal de Sarapuí","geometriaa":"Não","tipomassad":"Desconhecido","regime":"Permanente","salgada":"Desconhecido","dominialid":"Desconhecida","artificial":"Desconhecido","possuitrec":"Sim","codmun":"330510","municn":"São João de Meriti","reggov":"Região Metropolitana","rh":"RH-V","nome_rh":"Baia de Guanabara","area_km":0.070017710000000011,"area_ha":7.0017712699999999,"id_rh":5,"Shape__Area":6.1562823085786518e-06,"Shape__Length":0.085632996191476379}},{"type":"Feature","id":5314,"geometry":{"type":"Polygon","coordinates":[[[-43.273030001533243,-22.802246258682516],[-43.273069206578498,-22.80226548438921],[-43.273250091718239,-22.802354184522621],[-43.273650934842635,-22.802430230295467],[-43.274038388860447,-22.802525185213732],[-43.274442615234364,-22.802587900335968],[-43.274856557883709,-22.8026602013318],[-43.275240119635662,-22.802747255705885],[-43.275403239567709,-22.802750102959486],[-43.275801941406378,-22.802764260087105],[-43.276199975048712,-22.802792767696658],[-43.276591368097051,-22.802783993910818],[-43.276984158691839,-22.802787878982045],[-43.277378783903657,-22.802808671307751],[-43.277768548279766,-22.802805476915822],[-43.278169602744875,-22.802810712768757],[-43.278560883377963,-22.802818641191909],[-43.278955378188016,-22.802834279502989],[-43.279345190228241,-22.802827289072717],[-43.279738918815951,-22.802826391549349],[-43.280134673576185,-22.802842582044114],[-43.280531897828716,-22.802842623412939],[-43.280926653442179,-22.802860878751133],[-43.281318530325784,-22.802860135911168],[-43.281710433289732,-22.802872850526246],[-43.282101995410642,-22.802873909927612],[-43.282494043165457,-22.80288283030298],[-43.282884800393106,-22.80290148943676],[-43.283279499349305,-22.802908719986036],[-43.283674576920077,-22.802909091406054],[-43.284065318859241,-22.802905622720935],[-43.284456047308595,-22.802872259671656],[-43.284843545393187,-22.802832268618907],[-43.285036018297497,-22.802801331041174],[-43.285228492101112,-22.802770394362785],[-43.285615434404633,-22.802712513995935],[-43.28600312314552,-22.802649404071332],[-43.28639322476738,-22.802619280380068],[-43.286772058783356,-22.802532051537558],[-43.287163035445587,-22.802478635405315],[-43.287552208067837,-22.802444797514028],[-43.287941478716164,-22.802379710879535],[-43.28801677715245,-22.802372864340818],[-43.288546379811464,-22.802324707443891],[-43.28893116464144,-22.802267789351589],[-43.289199106853175,-22.802105852028067],[-43.289204510879358,-22.802098953328624],[-43.289213558958458,-22.802087404234928],[-43.289348024691492,-22.802238499331878],[-43.289353613078681,-22.802244779297759],[-43.289746821858216,-22.80227771606835],[-43.290138544058436,-22.802265933150903],[-43.29019583177211,-22.802272689757416],[-43.290585192352637,-22.802301879952413],[-43.290604562850149,-22.802302900682918],[-43.290996882200261,-22.802274505488676],[-43.291391099119835,-22.802218857239062],[-43.291775812004005,-22.802151997141575],[-43.292168266252361,-22.802136154684419],[-43.292553177886759,-22.802061076582032],[-43.292940119290961,-22.801987374442408],[-43.293323736800915,-22.80192230669369],[-43.293709652978009,-22.801844798623144],[-43.294083143222338,-22.801740334273621],[-43.294154375823666,-22.801721237169986],[-43.294459218118284,-22.801639510379736],[-43.294838271568835,-22.801549735556467],[-43.295225807424963,-22.801506377442013],[-43.295615780443761,-22.801447059958484],[-43.296009169987094,-22.801395003601147],[-43.296396604219808,-22.801312628399721],[-43.296777645172085,-22.801235241737626],[-43.297176925274755,-22.801195075317089],[-43.297569821989555,-22.801143370594737],[-43.297970186674654,-22.801117753406228],[-43.298367065587513,-22.801074848550059],[-43.298752411594421,-22.801011410372951],[-43.299147135731623,-22.800985098008486],[-43.299539689804703,-22.800960928728507],[-43.2999282329015,-22.800914680192989],[-43.300320822048199,-22.80083271238443],[-43.300716560620685,-22.800787261547505],[-43.30111024064496,-22.800727247089419],[-43.301496491369846,-22.800653696935175],[-43.301886886170728,-22.800575675351769],[-43.302222325200034,-22.80063289111969],[-43.302292251086385,-22.800625959145354],[-43.302298853908837,-22.800541139586596],[-43.302681156609999,-22.800455804716265],[-43.302897166570851,-22.800419452320529],[-43.303289065038207,-22.800369438323585],[-43.303362494683249,-22.800370581361864],[-43.303359785025918,-22.800408481490891],[-43.303394158913193,-22.800425103660267],[-43.303441641318557,-22.800405650425052],[-43.303468574215223,-22.800370263901204],[-43.303486543569022,-22.800358534943097],[-43.303543869953501,-22.800409447362775],[-43.303617339168738,-22.80044680430122],[-43.303723622846803,-22.800461391304808],[-43.3039449289152,-22.80045354022333],[-43.304017301856902,-22.800429837691482],[-43.3041015071787,-22.800386752071589],[-43.30413891627785,-22.800339105989579],[-43.304211604881516,-22.800337449438388],[-43.304249698364742,-22.800336581592621],[-43.304221039669137,-22.800424870735824],[-43.304251711946847,-22.800480826553567],[-43.304329134581792,-22.800529242455198],[-43.304476735812614,-22.800566123652359],[-43.304561721745927,-22.800585811610585],[-43.304674203551549,-22.800619067640479],[-43.304934371124205,-22.800706092336966],[-43.305095791337578,-22.800640878898108],[-43.305160622564586,-22.800614687042827],[-43.305187743419481,-22.800603731501681],[-43.305292667322654,-22.800561343755657],[-43.305514048934072,-22.800460744692273],[-43.305822169257567,-22.800230208881676],[-43.306166937853781,-22.800060659696346],[-43.306501991073901,-22.799873306632463],[-43.306876121635575,-22.799755362344769],[-43.307256393667501,-22.799660602579404],[-43.307430783903442,-22.799642044169651],[-43.307617395925938,-22.79966705431579],[-43.307756896963106,-22.79961055620689],[-43.307951882573207,-22.799612084155047],[-43.308249997938951,-22.799576144548077],[-43.30830986580753,-22.79958698407674],[-43.308402364677249,-22.799629327755937],[-43.308651999390122,-22.799622764503656],[-43.308785436298699,-22.799607653195302],[-43.308813386328602,-22.799710720897707],[-43.308966604724901,-22.799750186746369],[-43.309102922162026,-22.799706929355956],[-43.309206387364775,-22.799721031624962],[-43.309339916903525,-22.799714229153015],[-43.30950361420031,-22.799693929655774],[-43.309767788252714,-22.799685171158362],[-43.309963001391282,-22.799676313735542],[-43.3102912746225,-22.799651164194554],[-43.31045020011652,-22.799646946374114],[-43.310682779186784,-22.79964077342763],[-43.311077723657888,-22.799651460071498],[-43.31127195383749,-22.799635366703487],[-43.311318089957751,-22.799740884159149],[-43.311400350045972,-22.799784291736362],[-43.311425136260937,-22.799788527543196],[-43.311549106006339,-22.799790743472698],[-43.311626121248366,-22.79972229157514],[-43.311647638427651,-22.799667702726971],[-43.31166498814855,-22.799548135162951],[-43.311741132846855,-22.799534492447535],[-43.311730557718938,-22.799618007090004],[-43.311724704931066,-22.799674027658948],[-43.311711024444094,-22.799740891353714],[-43.311790011000078,-22.799781193571871],[-43.311906619794563,-22.799835348047537],[-43.312031917838624,-22.799824664101632],[-43.312087891642754,-22.799851175216222],[-43.31210645275047,-22.799870516935439],[-43.31222896109756,-22.799912363289632],[-43.31251909228218,-22.799915705170328],[-43.312673999605295,-22.799889259706244],[-43.312836144672239,-22.79982884235185],[-43.313070334428289,-22.799850556482653],[-43.313460740920334,-22.799913478448932],[-43.313811093407146,-22.80008109499121],[-43.313928475618532,-22.800104101447765],[-43.314057222562667,-22.80015350750304],[-43.314112469714587,-22.80023916253198],[-43.314164083605469,-22.80023221347053],[-43.314202998169719,-22.800228198896917],[-43.314353844154482,-22.800246953358869],[-43.31441232257049,-22.800212440976015],[-43.314460883263052,-22.800271565105298],[-43.314538718686777,-22.800278800151165],[-43.314635460557952,-22.800229791596241],[-43.31480547019617,-22.800187337300446],[-43.314991206279046,-22.800267959723232],[-43.315142212343119,-22.800305408392507],[-43.315312390154588,-22.800360128541755],[-43.315432988341627,-22.800327716975193],[-43.315589975796627,-22.800338135621097],[-43.315736069763716,-22.800363159257031],[-43.315805338245639,-22.800409678488528],[-43.315904704338486,-22.800408741394975],[-43.315946012898053,-22.80043970235501],[-43.315922785208272,-22.800467181140121],[-43.315961590954544,-22.800511662507876],[-43.316032775891756,-22.800529031114543],[-43.316155870596845,-22.800483641431548],[-43.316312295975536,-22.800452692162661],[-43.316530879796126,-22.800515778704852],[-43.316761118830478,-22.800534104190213],[-43.317135885212792,-22.800633606980004],[-43.317514163447754,-22.800748680631738],[-43.317890082760989,-22.800857495901379],[-43.318264084719601,-22.800979747042334],[-43.318633454270355,-22.801098607739167],[-43.318897878334326,-22.801109432878661],[-43.319208309016119,-22.801127104556887],[-43.319283438379848,-22.80113137993385],[-43.319631246684594,-22.801213345044459],[-43.320011964780235,-22.801312363099726],[-43.320029673330623,-22.801313994469918],[-43.320420137379308,-22.801341228639441],[-43.320822039005805,-22.801325232398199],[-43.32122277960746,-22.801300733966333],[-43.321613823718849,-22.801256717548089],[-43.322004121392979,-22.801178283175883],[-43.322388785713777,-22.80110629064745],[-43.322776855767188,-22.801026657478879],[-43.323172311053213,-22.800988191676318],[-43.323574290021334,-22.80095792049628],[-43.323965119194781,-22.800971241254388],[-43.324351898721034,-22.800909381387498],[-43.324739491234425,-22.800844819057776],[-43.325130760176307,-22.800830054887744],[-43.32552547082372,-22.800868428959461],[-43.32589750866299,-22.800976734313455],[-43.326250494364722,-22.801129722483331],[-43.326612756573354,-22.80128073034604],[-43.326909913261773,-22.801514861646169],[-43.327209449556335,-22.801629817486727],[-43.327273294227041,-22.801654319515862],[-43.327587514651952,-22.801871108289657],[-43.327688585859448,-22.801909025505758],[-43.327605172840322,-22.802160435480321],[-43.327053184256961,-22.801722281282856],[-43.325940921636118,-22.801276671705686],[-43.325048854420977,-22.801105385929475],[-43.322943994769446,-22.801264605501775],[-43.32069031620501,-22.801622986236449],[-43.31951814614542,-22.801519974292024],[-43.319155598851694,-22.801436033370855],[-43.317114937304382,-22.800963541259083],[-43.315877677013084,-22.800725839650404],[-43.315010259315898,-22.800559191677969],[-43.312836306550196,-22.800108743748204],[-43.311642971845572,-22.800011915542107],[-43.310477898336217,-22.799889470147573],[-43.310417267842524,-22.799889004298766],[-43.31041703042149,-22.799889002500127],[-43.308235748181119,-22.799872172587378],[-43.308235520652651,-22.799872169889362],[-43.307623892628442,-22.799937695392977],[-43.307025422585063,-22.80000180896095],[-43.305733851336072,-22.800506214414916],[-43.305269343405378,-22.800786245313603],[-43.304514120630017,-22.800849459559576],[-43.304128786314322,-22.800817637048969],[-43.304001964818724,-22.801096556385637],[-43.303464065014452,-22.801071101075085],[-43.303458349822847,-22.801066229447539],[-43.303260427026949,-22.801111176664119],[-43.302723556047169,-22.801204796089113],[-43.302464386721958,-22.801186351893254],[-43.302209949629344,-22.801241152981447],[-43.301838015212127,-22.801221506392039],[-43.301385911630412,-22.801300340962591],[-43.300996024946464,-22.801364152358349],[-43.300476261769973,-22.8014422629747],[-43.299279054584588,-22.801581112003351],[-43.29850537142562,-22.801672191742902],[-43.298228767843227,-22.801695380761814],[-43.297787743909119,-22.801790006528211],[-43.296764671552239,-22.801982977656877],[-43.296250217973068,-22.802087271135271],[-43.295972964180805,-22.802162730550183],[-43.295879387923321,-22.802216134991259],[-43.29587639497953,-22.802217843703119],[-43.295529692840951,-22.802214150187499],[-43.29551883082928,-22.80220998632641],[-43.295504685392814,-22.802203875433094],[-43.295504368831416,-22.802190144584106],[-43.29550923506303,-22.802182700895546],[-43.295492476196728,-22.802167440299723],[-43.295473435750353,-22.802163262948824],[-43.295426981270055,-22.802146962736774],[-43.295374417695086,-22.80213619515391],[-43.2953581498586,-22.802144059725187],[-43.29530710793653,-22.802159769082692],[-43.295266321883105,-22.802165383550207],[-43.295209944283386,-22.802179410276178],[-43.295117213388558,-22.802195035097423],[-43.295070266079783,-22.802194803971627],[-43.295038127907162,-22.802186423189511],[-43.295019913937779,-22.802178552322946],[-43.294976944330415,-22.802179627912128],[-43.294948478988999,-22.802189256953259],[-43.294871404391699,-22.802207036550143],[-43.294837893853583,-22.802207129180285],[-43.294735452978671,-22.802204679427042],[-43.294699945046318,-22.802201047964584],[-43.294675413339519,-22.802207648988411],[-43.294636403447157,-22.802211476503068],[-43.294610249363416,-22.802207584237216],[-43.294534628070487,-22.80220244011511],[-43.294481504217913,-22.802205394388036],[-43.294458942925765,-22.802210210257584],[-43.294415557831599,-22.80222121526149],[-43.294370930773702,-22.802237987617644],[-43.294301579554151,-22.802261267468136],[-43.294244174928622,-22.802271669926231],[-43.294211421619714,-22.802273668219836],[-43.29415285956668,-22.802283065235851],[-43.294119911104872,-22.802293008140424],[-43.294081188995563,-22.802304966425677],[-43.294055982797261,-22.802303161486318],[-43.294038644767511,-22.802295299613004],[-43.294003594590102,-22.802293931744181],[-43.29399199333568,-22.802302656966649],[-43.29391086279594,-22.802364372042717],[-43.293886093668164,-22.802390116035635],[-43.293859914403413,-22.802403924226354],[-43.293811910391241,-22.802402506894772],[-43.29380441274332,-22.802394389614015],[-43.293808740281008,-22.802375471475411],[-43.29380253405958,-22.802357614536881],[-43.293766698773993,-22.802356688235161],[-43.293739616589903,-22.802364797422083],[-43.293701203847377,-22.802375404026261],[-43.293665713901476,-22.802393718719735],[-43.293577399577195,-22.802422303670966],[-43.29355291193724,-22.802425382949682],[-43.293517675600128,-22.80243114670467],[-43.293495597243918,-22.802428562053102],[-43.293486595030238,-22.802424041161174],[-43.293466735301479,-22.802415339321072],[-43.293443664093729,-22.802414189088179],[-43.2934131150231,-22.802419009454326],[-43.293346977081235,-22.8024267004565],[-43.293314418925149,-22.802428700548692],[-43.293247592102603,-22.802429158303621],[-43.293211913299039,-22.802431394917527],[-43.29311350138687,-22.802426007079152],[-43.29308738687331,-22.802418954595701],[-43.293044390286241,-22.80242219665163],[-43.293021857772374,-22.802432521768047],[-43.292928944315236,-22.802478396185641],[-43.292868249969615,-22.80249481510824],[-43.292838888004155,-22.802498203753686],[-43.2928255249779,-22.802499684937082],[-43.2927563500254,-22.802516645251583],[-43.292725407951082,-22.802545212216344],[-43.292702495923322,-22.802554720748358],[-43.292678627916246,-22.802555006732767],[-43.292645243283239,-22.802537310772852],[-43.292607996062031,-22.80253248591012],[-43.292564917636696,-22.802557852187725],[-43.292531765928118,-22.802576191162899],[-43.292509228917652,-22.802579111261561],[-43.292486949113311,-22.802576976271059],[-43.292442596348621,-22.802571804269942],[-43.292342717642214,-22.80256685170345],[-43.292327493918606,-22.802576983465617],[-43.292283104281694,-22.802598182284861],[-43.2922607210553,-22.802596496955363],[-43.292159633660049,-22.802594781948205],[-43.292129837322022,-22.80259401122921],[-43.291958397761732,-22.802594252247516],[-43.291895239273735,-22.802597368398473],[-43.291871694123245,-22.802602986463253],[-43.291824391582281,-22.802615574273911],[-43.291772214715827,-22.802620704006884],[-43.291724265562273,-22.802622719387575],[-43.291624412936187,-22.802631402341973],[-43.291584417386836,-22.802636121084699],[-43.291243945751376,-22.802685664736217],[-43.291233534300034,-22.802684829266031],[-43.291214348163521,-22.802684533389105],[-43.291189096999119,-22.802686340127106],[-43.291162068774327,-22.802690024649529],[-43.291153380424014,-22.802691646127155],[-43.291125053578241,-22.802697935086211],[-43.291094001786632,-22.802704014503277],[-43.291063035430618,-22.802711178502665],[-43.291030655340364,-22.802714443041701],[-43.290996927166361,-22.802716430543413],[-43.290964076730639,-22.802718335307542],[-43.290933947643452,-22.802720812040455],[-43.290906458965765,-22.802722414632306],[-43.290879261668465,-22.802724018123527],[-43.290852943008815,-22.802725542474395],[-43.29082691662876,-22.802727070422538],[-43.290799413561956,-22.80272975489887],[-43.290774033794492,-22.802734088731793],[-43.290751738701658,-22.802733217288754],[-43.290728499320664,-22.802729988722625],[-43.290704586347488,-22.802733886384335],[-43.290684669062102,-22.802745322163467],[-43.290662332600448,-22.802755558247004],[-43.290637879134692,-22.802763695312894],[-43.290609170976325,-22.802769347551948],[-43.290578502295944,-22.802776061890331],[-43.290549997384346,-22.802780995571101],[-43.29052725802643,-22.80278445346433],[-43.290511040551962,-22.802788253100029],[-43.290496903209373,-22.802789366460686],[-43.290484461988228,-22.80278724675863],[-43.290468686980212,-22.802786806090829],[-43.290452306728469,-22.802788075034204],[-43.290081028816303,-22.802855256189687],[-43.290056791187858,-22.802899528914697],[-43.290035508731648,-22.802905351125627],[-43.2900030171254,-22.802894415369568],[-43.289968609963239,-22.802906146126318],[-43.289937522198791,-22.802913374876944],[-43.289901596980989,-22.802916015286439],[-43.28985383758441,-22.802951804706606],[-43.289814575881849,-22.802960457983328],[-43.289788570186268,-22.802952615895109],[-43.289763912574415,-22.802967477191903],[-43.289745516941935,-22.803003581374767],[-43.289741118357817,-22.802999408520481],[-43.289721330574828,-22.802980633374101],[-43.28971700393646,-22.802935210416205],[-43.289703627420351,-22.802913610499285],[-43.289669455880585,-22.802912069960666],[-43.289638937386947,-22.802914542196973],[-43.28961397400559,-22.802908856682983],[-43.289592662771035,-22.802907182145326],[-43.289570979217217,-22.80289638308621],[-43.28951424009,-22.802972361409974],[-43.289460768199774,-22.802943048907153],[-43.289436714932322,-22.802909514986723],[-43.289387891637773,-22.802899915623197],[-43.289343849139186,-22.802899443479149],[-43.289301643955582,-22.802882352762946],[-43.289267785379877,-22.802850225382212],[-43.289242100742221,-22.802816673475277],[-43.289219395558518,-22.802805841141225],[-43.289131138790879,-22.802818507192931],[-43.289063730106932,-22.802860135011837],[-43.288988070143198,-22.802909237096184],[-43.288919076853801,-22.802927389012396],[-43.288867132911712,-22.80292609039136],[-43.288809000734666,-22.80300865624908],[-43.288794875083276,-22.803094720469581],[-43.288679585594259,-22.803051131229338],[-43.288633628439072,-22.803073326497394],[-43.288600663789509,-22.803100198240156],[-43.288587236011999,-22.803130305743611],[-43.288561305859439,-22.803116413915976],[-43.288566747657171,-22.803072607939114],[-43.288537346121529,-22.803051986484565],[-43.288505308672939,-22.803028084303218],[-43.288461321932346,-22.8030230741801],[-43.28837835227904,-22.803050201330286],[-43.288337882786948,-22.803054424546662],[-43.288289453395464,-22.803059478736561],[-43.288241068070704,-22.803023735181807],[-43.288216863717196,-22.803002298941529],[-43.288176139716946,-22.802997323892004],[-43.288143363924981,-22.803009072635199],[-43.288093028870101,-22.803082719016871],[-43.288115771825289,-22.80312826787986],[-43.288175371695893,-22.803189410087789],[-43.288191269011747,-22.803222857673358],[-43.288158455448233,-22.803237629937275],[-43.2881097067974,-22.803221981733667],[-43.288089867753065,-22.803242944031251],[-43.288055801433984,-22.803227452309674],[-43.288045824355201,-22.803242470987819],[-43.28805037762271,-22.803269745626846],[-43.288061569685574,-22.803288016253539],[-43.288051574620347,-22.803304547591384],[-43.288017224115499,-22.803311741268438],[-43.287985966379154,-22.803332581258186],[-43.287948372019635,-22.803338227202008],[-43.287914230157476,-22.803328785219836],[-43.287890729973071,-22.803286669069113],[-43.287905292694973,-22.803260624702663],[-43.287936588202854,-22.803236760292823],[-43.287922767421662,-22.80322253211876],[-43.287868283794126,-22.803219388088856],[-43.287805024582092,-22.803189970365406],[-43.287808931237073,-22.803138584902356],[-43.287790960084628,-22.803106966537836],[-43.28775424256412,-22.80307598309475],[-43.287687250266288,-22.803084339595177],[-43.287657546558414,-22.803111246411454],[-43.287626439908138,-22.803119986922422],[-43.287583802150607,-22.803137680184374],[-43.287583480193348,-22.803163389103709],[-43.287606109833973,-22.803180271177165],[-43.287648502975919,-22.803182238893793],[-43.287659618596422,-22.803206559259884],[-43.287636460154367,-22.803232023563627],[-43.287606984874344,-22.803240782061046],[-43.28759296894026,-22.803231633257852],[-43.287550798830175,-22.803167576347164],[-43.287523919892863,-22.803155332976825],[-43.287472707998965,-22.803150098922529],[-43.287428342643814,-22.803175336597075],[-43.287385930616104,-22.803174880640825],[-43.287372579280998,-22.803198938404876],[-43.287357708990953,-22.80321390312373],[-43.287321822444028,-22.803213518213866],[-43.287295457019582,-22.803234410364329],[-43.287326129297298,-22.803260452932143],[-43.287371727622997,-22.80326699370136],[-43.287420721788749,-22.803262982725084],[-43.287457824219082,-22.803296656939725],[-43.287478462760696,-22.803342255265427],[-43.287447223910135,-22.803361583494855],[-43.287391328346985,-22.803395771222426],[-43.287360220797432,-22.803404512632717],[-43.287308191419754,-22.803390340216595],[-43.287302427664763,-22.803459855112816],[-43.287253547712965,-22.803454793728356],[-43.287196757324352,-22.803429982332393],[-43.287204057121414,-22.803368045123765],[-43.287229224648854,-22.803312351008749],[-43.287211659990021,-22.803281912554787],[-43.287136642142237,-22.803279593203239],[-43.287108627361135,-22.803301980026969],[-43.287073212958326,-22.803263786718961],[-43.287043878871771,-22.80324809714654],[-43.287024314120686,-22.803260235296204],[-43.287040286080249,-22.803287633142368],[-43.287046243189479,-22.803333073187336],[-43.287039454207331,-22.803354176678514],[-43.28706202629138,-22.803375594033017],[-43.28705831029265,-22.803411856496552],[-43.287062843775118,-22.803440642895911],[-43.287088641727344,-22.803465121542725],[-43.287054328993982,-22.803469289900359],[-43.286986084839839,-22.803454553609367],[-43.286941905644312,-22.803457494392433],[-43.286891356550768,-22.803455438542251],[-43.286881267056692,-22.803479531379825],[-43.286872826919307,-22.80350212864489],[-43.286796158815548,-22.803501303966577],[-43.286778044670889,-22.803514723650153],[-43.28679236727379,-22.803543615270197],[-43.286754810685864,-22.803546235894657],[-43.286726027883788,-22.80353764377185],[-43.286662345990351,-22.803518629405804],[-43.286595177425397,-22.80352637076999],[-43.286533303169278,-22.803516630212862],[-43.286495596394559,-22.803531350316124],[-43.286482281032313,-22.80355238276082],[-43.28642824166991,-22.803568440155967],[-43.286431335337731,-22.803582086468676],[-43.286406601283488,-22.803602996605612],[-43.286396417360663,-22.803634650043655],[-43.286321767335544,-22.803640067559627],[-43.28627382807457,-22.803652995314053],[-43.286250726289893,-22.803673922538046],[-43.286224456193565,-22.803687253188734],[-43.286100589870216,-22.803695961324131],[-43.286080434264534,-22.803723518350289],[-43.286039482735809,-22.803736691619577],[-43.285987415586646,-22.803725543623504],[-43.285941798375184,-22.803720515513934],[-43.285883130202187,-22.803715347110142],[-43.285838972590398,-22.803723947326898],[-43.285739278244996,-22.803738000133194],[-43.285689963021241,-22.803767720928132],[-43.285650358677003,-22.803803596683217],[-43.28562094005423,-22.803807818100886],[-43.285590022261601,-22.803801435612336],[-43.285570807346737,-22.803772490032941],[-43.285551742618736,-22.803754485605623],[-43.285524566005783,-22.803754553954089],[-43.285516994613481,-22.803770398209902],[-43.285477447825826,-22.803801736885244],[-43.285399395665486,-22.803795588220392],[-43.285363620634485,-22.803771774172606],[-43.28527821741568,-22.803786041017524],[-43.285192332160307,-22.803822685692975],[-43.285131779907601,-22.803827633762857],[-43.28504661860643,-22.803845320729515],[-43.28500920680932,-22.803802750421191],[-43.284968407266035,-22.803803823312368],[-43.284922078690848,-22.803835278000232],[-43.284809626562883,-22.803877099173345],[-43.284722736764763,-22.803879833112372],[-43.284602119691954,-22.803870972092277],[-43.284487858128038,-22.80387579335774],[-43.284410772738859,-22.803908239098512],[-43.284363202199934,-22.803928903720518],[-43.284314170262633,-22.803935938217521],[-43.284265157211109,-22.803941460054883],[-43.284235870788677,-22.803935095552788],[-43.284195278988818,-22.803919533684109],[-43.284143269396218,-22.803903847708956],[-43.284087901735177,-22.803895689059399],[-43.284043801679957,-22.803899751297074],[-43.284040580308442,-22.8039159265034],[-43.283999511867883,-22.80391893833291],[-43.283965654191491,-22.803886810052798],[-43.283926541776339,-22.803883364750046],[-43.283905360044237,-22.803907791236156],[-43.283864912135861,-22.803934098204639],[-43.28383627502393,-22.803926256116416],[-43.283806854602524,-22.803930477534085],[-43.283734014013419,-22.803957083077464],[-43.28369003806467,-22.803952907525218],[-43.283664994643686,-22.803924412506195],[-43.283631022753362,-22.803901358385517],[-43.283609911168355,-22.803893568458012],[-43.283518749590492,-22.803956481431033],[-43.283476475159091,-22.803956478733067],[-43.283433522638859,-22.803956105514423],[-43.28338939560399,-22.803956261996447],[-43.283354736631679,-22.803946784041429],[-43.283304433952367,-22.803925067212667],[-43.283266745164049,-22.803938274656208],[-43.283217160143693,-22.803957749475146],[-43.283173037605479,-22.803957454497489],[-43.283128826933705,-22.803956527296453],[-43.283085306941246,-22.803954793403573],[-43.283042815773229,-22.803956503014774],[-43.282995835189524,-22.803958887117506],[-43.282960186962953,-22.80392589728687],[-43.282916275765388,-22.803914836525042],[-43.282880237233037,-22.803926548396078],[-43.282860491718225,-22.803939948294541],[-43.282809885068048,-22.803942428624733],[-43.282764323614515,-22.803932862536154],[-43.282720300001699,-22.803930875034428],[-43.28268270564223,-22.803936520078928],[-43.28264520571156,-22.803934604522958],[-43.282604406168275,-22.803935677414131],[-43.282567040236579,-22.803923174139744],[-43.282489773184352,-22.803930255401539],[-43.282421878866501,-22.803920097559057],[-43.282314159870452,-22.803923474513329],[-43.282241171792521,-22.803889410892161],[-43.282202021605883,-22.803888990009451],[-43.282147945371264,-22.803908070026001],[-43.282095593137001,-22.80391960652917],[-43.282040056403389,-22.803925058219409],[-43.281999293732319,-22.803923106690593],[-43.281955231448649,-22.803924144508237],[-43.281908150140914,-22.803938046228424],[-43.281868604252566,-22.803937891545036],[-43.28182906915611,-22.803936922975193],[-43.281792367823421,-22.803935172894505],[-43.281752848015401,-22.803933031608722],[-43.281709902689727,-22.803932026166642],[-43.281668994328527,-22.803931856194751],[-43.281665585897947,-22.803931820221919],[-43.281634903727706,-22.8039316691358],[-43.281603017365228,-22.803909758952777],[-43.281567167690525,-22.803906348723611],[-43.28153116692971,-22.803915035275221],[-43.281496854196348,-22.803919203632912],[-43.281451292742872,-22.803909636644999],[-43.281410587628386,-22.80390314713712],[-43.281374719967225,-22.803901248668289],[-43.281332174839861,-22.803911377732437],[-43.281304330030707,-22.803920152417664],[-43.281258750590723,-22.803912098089416],[-43.281214630750469,-22.803917672087483],[-43.281170682680738,-22.80390963664501],[-43.281131685378853,-22.803897115384121],[-43.281090770722358,-22.803907261535464],[-43.281043389940344,-22.80391280135926],[-43.280989559220643,-22.803912220397233],[-43.280943903338368,-22.803910214909063],[-43.280912218424021,-22.8039176460071],[-43.280875186140804,-22.803911196069393],[-43.28083647122606,-22.803906986342888],[-43.280793477336999,-22.80390995410567],[-43.280755545731722,-22.803920833204462],[-43.280727542641841,-22.803924595068548],[-43.280691842254612,-22.803928544890979],[-43.280656268671748,-22.803922380937696],[-43.280631638039551,-22.803913536105366],[-43.280610464401313,-22.80390870224937],[-43.280578530374783,-22.803907454889707],[-43.280533003095506,-22.803892170012201],[-43.28049218376713,-22.803894755563071],[-43.280452996708334,-22.80389735820107],[-43.280412253822362,-22.803893893113241],[-43.280387803953886,-22.803892116952216],[-43.280327599738825,-22.803879367263551],[-43.280241771140702,-22.803885783027049],[-43.280080897715152,-22.803897808761452],[-43.280014213884733,-22.803891111510143],[-43.279944109033288,-22.803887330760283],[-43.279890259427816,-22.803888261558598],[-43.279852816154403,-22.803881807124284],[-43.27982510444491,-22.803879994990375],[-43.279800516980174,-22.803885604961287],[-43.279766831074255,-22.803884247884294],[-43.279730680126647,-22.803885303688379],[-43.27969538083704,-22.803888263357223],[-43.279658281104673,-22.803887321767025],[-43.279621333357738,-22.803867208429477],[-43.279593639634648,-22.803863884535236],[-43.279565909039377,-22.80386358506097],[-43.279537878969847,-22.803880061540209],[-43.279496969709271,-22.803879891568311],[-43.279455687230033,-22.803878452653063],[-43.279417421976355,-22.803877136045561],[-43.279375733902896,-22.80387695708048],[-43.279334427141976,-22.80387750476762],[-43.279290155316289,-22.803866658943708],[-43.279241313135969,-22.803858569541926],[-43.279201178191727,-22.803870919931558],[-43.279178851622589,-22.803854229413727],[-43.27916333741797,-22.803832014360516],[-43.279120886719454,-22.803834580126352],[-43.279062851669153,-22.80386996754952],[-43.279023273405237,-22.803864663348122],[-43.278990529089526,-22.803858168444318],[-43.278949326649979,-22.803857993975836],[-43.278906664610751,-22.803857805118174],[-43.278869252813642,-22.803858394174124],[-43.278830930902636,-22.803853917348977],[-43.278788190622386,-22.803824938494696],[-43.278749042234374,-22.803824516712652],[-43.278705828910738,-22.803840909554939],[-43.278664085079349,-22.803834186223284],[-43.278595670054017,-22.803840178406059],[-43.278550131083591,-22.803836345495533],[-43.278502726019894,-22.803821856518024],[-43.278458977599598,-22.803834728514449],[-43.278415623981743,-22.803835344550055],[-43.278378596195118,-22.803836389562314],[-43.278339785052935,-22.803839762019997],[-43.278301875031389,-22.803849016043827],[-43.278267512835328,-22.803854965958458],[-43.278222543135712,-22.80386017033516],[-43.278182112314539,-22.803868403628485],[-43.278151177434779,-22.803865179558947],[-43.278117088632598,-22.803864811736261],[-43.278087713177285,-22.803861604753816],[-43.27805577195619,-22.803860896987363],[-43.278024254315767,-22.803857577589721],[-43.278013636020376,-22.803857552408711],[-43.27798164893386,-22.803860548050405],[-43.277955999369738,-22.803863071548101],[-43.277914393134608,-22.803864156130487],[-43.277881761234198,-22.803848632033286],[-43.277850684261516,-22.80383348655073],[-43.277821825017107,-22.803827846002882],[-43.277785658780999,-22.803830074522921],[-43.277746428554735,-22.803835791513155],[-43.277710617550831,-22.803840732388483],[-43.277680330182989,-22.803848081648255],[-43.277644610909938,-22.803853474882533],[-43.277609264855585,-22.80385246134659],[-43.277569300782488,-22.803846791121085],[-43.277526324879886,-22.803840637959624],[-43.277484208729106,-22.803835757338891],[-43.277440782266183,-22.803834384973463],[-43.277394418617405,-22.803834155646364],[-43.277349726808325,-22.803832768891759],[-43.27730755669824,-22.803832133071065],[-43.277265883913287,-22.803830779591397],[-43.277222057252004,-22.803830215716456],[-43.277180272951114,-22.803829944121215],[-43.277146668883525,-22.803829852390372],[-43.277112651127823,-22.803831651933766],[-43.277077722358854,-22.803836151241949],[-43.277044899802149,-22.803843563454272],[-43.277019652235026,-22.803852862444199],[-43.276995761744899,-22.80386262818234],[-43.276976556722616,-22.803871632194664],[-43.276971462063216,-22.80387401539808],[-43.276956962293866,-22.803880632609658],[-43.276936691574917,-22.803896849184802],[-43.276932031288084,-22.803926690488922],[-43.27693958919059,-22.8039531422483],[-43.276948338694758,-22.803977709927942],[-43.276955393876221,-22.804005329906587],[-43.276962486829177,-22.804037736976561],[-43.276969595070625,-22.804068970431207],[-43.276976205987012,-22.804100920645556],[-43.276984546299673,-22.804134876348009],[-43.276988892723125,-22.804153256692004],[-43.27699324004589,-22.804171635237356],[-43.276961535346459,-22.804230375356088],[-43.276932229138936,-22.804205293264243],[-43.27691751982757,-22.804166572054203],[-43.276905339409772,-22.804128240250684],[-43.276892354098713,-22.804091886056252],[-43.276880676401959,-22.804052296101123],[-43.276869005899812,-22.804012073023308],[-43.276856386612849,-22.803977619096415],[-43.27683511584781,-22.803918508457002],[-43.276827539059582,-22.80388591612671],[-43.276814910779372,-22.80385986096837],[-43.276803549644001,-22.803841586744397],[-43.276793773114036,-22.803828926987993],[-43.276784019067122,-22.803822229736671],[-43.276775088799184,-22.803819785379336],[-43.276774700292094,-22.803819690051228],[-43.276750058867997,-22.803819424751218],[-43.276727369872106,-22.803818908540389],[-43.276692597585168,-22.803818713387496],[-43.276653090367688,-22.803815576552196],[-43.276616073372963,-22.803815718645062],[-43.276580584326382,-22.803810638374838],[-43.27653747172684,-22.803807463768006],[-43.276494743137789,-22.80381260069554],[-43.276452056816822,-22.803814306709448],[-43.27640722471353,-22.803808493491768],[-43.276362040975293,-22.803799786255684],[-43.276308862264045,-22.803799302420423],[-43.276257330211479,-22.803799556928592],[-43.276203655973802,-22.803799788953647],[-43.276148032905269,-22.803800091125876],[-43.276090851311608,-22.803800376210962],[-43.276032792879001,-22.803800651403478],[-43.275970351150647,-22.803800969763522],[-43.275913070631589,-22.803801253049972],[-43.275855550892857,-22.803805236147294],[-43.27580309523654,-22.803809274103283],[-43.275762510631239,-22.803814254548797],[-43.275718094914048,-22.803814134938918],[-43.27567659839616,-22.80380646102396],[-43.275628147420939,-22.803801873582184],[-43.275576565006361,-22.803798425581466],[-43.275526236246669,-22.803795983922097],[-43.275476270813101,-22.803795534261088],[-43.275429054607059,-22.80379348830343],[-43.275413779622113,-22.803792059280681],[-43.275363687384129,-22.803786369270089],[-43.275308835034586,-22.803779544315095],[-43.275255634739615,-22.803773008941782],[-43.275198737331728,-22.803766252335265],[-43.275145152126917,-22.80375935093786],[-43.275093510357124,-22.8037529225839],[-43.275038255111262,-22.803747175915991],[-43.274985053916957,-22.803740731374198],[-43.274928936221329,-22.803733892030095],[-43.274875277272088,-22.803725183894695],[-43.274823649891403,-22.803717581026142],[-43.274765656209922,-22.803712709398614],[-43.274710358695984,-22.803710304611457],[-43.274660813245816,-22.803707600350037],[-43.274614004432635,-22.803704114577783],[-43.274576474824357,-22.803690792920349],[-43.274532561828153,-22.80368164951307],[-43.274482080183766,-22.803675955005879],[-43.274438161791636,-22.803667171327454],[-43.274398117678849,-22.803652469210643],[-43.274353737035206,-22.803641874297629],[-43.274304184390473,-22.803631944882916],[-43.274255311633226,-22.803622114393644],[-43.274204079054876,-22.803614155393518],[-43.274154098332879,-22.803607292666978],[-43.274103633775553,-22.80360006301709],[-43.274088425340437,-22.803597592579433],[-43.274052405693851,-22.80359174248952],[-43.273999219788038,-22.803584122533781],[-43.273948766022613,-22.803576170728263],[-43.273931371335614,-22.80357291158521],[-43.273876561254156,-22.803562745648776],[-43.273823572299875,-22.803550661458416],[-43.273821683723604,-22.803550230683186],[-43.273768039163542,-22.803540437965406],[-43.273713131955333,-22.803530271129656],[-43.27366476641572,-22.803518909994292],[-43.273616696753031,-22.803507190928713],[-43.273566607213006,-22.80349355450852],[-43.273514539164523,-22.803482244634438],[-43.273458472730226,-22.80347134125395],[-43.273404456750136,-22.80346000889687],[-43.273349536951457,-22.803450926643503],[-43.273296768331079,-22.803441142918984],[-43.27324507709853,-22.803430920325304],[-43.273189785879822,-22.803420297533311],[-43.27314102104117,-22.803409743989061],[-43.273093016129678,-22.803400645547924],[-43.273050648168741,-22.803392600212941],[-43.273006253135982,-22.803383088083653],[-43.272961078390942,-22.803373658691964],[-43.272914623910651,-22.803365208662008],[-43.272868640675085,-22.803358027575484],[-43.272825093702977,-22.8033507826371],[-43.272783583695293,-22.803344191505804],[-43.272744474877477,-22.803340336112175],[-43.272730698163059,-22.803340122073571],[-43.272769809678834,-22.803051463079171],[-43.272974090681608,-22.802419282848206],[-43.273030001533243,-22.802246258682516]]]},"properties":{"objectid":5314,"nome":"Rio São João de Meriti","geometriaa":"Não","tipomassad":"Rio","regime":"Permanente","salgada":"Desconhecido","dominialid":"Desconhecida","artificial":"Desconhecido","possuitrec":"Sim","codmun":"330170","municn":"Duque de Caxias","reggov":"Região Metropolitana","rh":"RH-V","nome_rh":"Baia de Guanabara","area_km":0.36095851000000001,"area_ha":36.095851029999999,"id_rh":5,"Shape__Area":3.1746725868308755e-05,"Shape__Length":0.11835490839053031}},{"type":"Feature","id":5315,"geometry":{"type":"Polygon","coordinates":[[[-43.304001964818724,-22.801096556385637],[-43.304128786314322,-22.800817637048969],[-43.304514120630017,-22.800849459559576],[-43.305269343405378,-22.800786245313603],[-43.305733851336072,-22.800506214414916],[-43.307025422585063,-22.80000180896095],[-43.307623892628442,-22.799937695392977],[-43.308235520652651,-22.799872169889362],[-43.308235748181119,-22.799872172587378],[-43.31041703042149,-22.799889002500127],[-43.310417267842524,-22.799889004298766],[-43.310477898336217,-22.799889470147573],[-43.311642971845572,-22.800011915542107],[-43.312836306550196,-22.800108743748204],[-43.315010259315898,-22.800559191677969],[-43.315877677013084,-22.800725839650404],[-43.317114937304382,-22.800963541259083],[-43.319155598851694,-22.801436033370855],[-43.31951814614542,-22.801519974292024],[-43.32069031620501,-22.801622986236449],[-43.322943994769446,-22.801264605501775],[-43.325048854420977,-22.801105385929475],[-43.325940921636118,-22.801276671705686],[-43.327053184256961,-22.801722281282856],[-43.327605172840322,-22.802160435480321],[-43.327605123377623,-22.802160582969158],[-43.32751346987061,-22.802475371765613],[-43.327513291804841,-22.80246953336686],[-43.327495210035806,-22.802438999584776],[-43.32732450971821,-22.802150746184594],[-43.327006199176651,-22.801925877002237],[-43.326653559713918,-22.801760250659683],[-43.326283821441109,-22.801631018980959],[-43.325923467593839,-22.8014830112566],[-43.325536180849952,-22.801442730622167],[-43.325280503592239,-22.801329776672492],[-43.325067977604988,-22.801424084078857],[-43.324957943753986,-22.801365311584501],[-43.324569352093818,-22.801392023247892],[-43.3241737915871,-22.801422994999815],[-43.323784351866209,-22.801471281399131],[-43.323389222134779,-22.801483020249801],[-43.322993119336843,-22.801502605685346],[-43.322787741161228,-22.801474345389352],[-43.322626446852894,-22.801552843613464],[-43.322490634834821,-22.801594761913346],[-43.322110333125238,-22.801716109235699],[-43.3217443081532,-22.801840677030253],[-43.321604279214,-22.801853110157516],[-43.32143906296227,-22.801854170458213],[-43.321221077190842,-22.801932701957217],[-43.321163659075467,-22.802023850944558],[-43.321068407380956,-22.801951233387324],[-43.320911312906681,-22.802012885510894],[-43.320838902193486,-22.802047704562526],[-43.320830827180828,-22.801919740927911],[-43.320747138969175,-22.801912989717298],[-43.320664577608063,-22.801941470347202],[-43.320557554687298,-22.801986851936284],[-43.320397379135613,-22.801997898308944],[-43.320232825684222,-22.802032288384037],[-43.320202272117058,-22.801982025274846],[-43.320144057202356,-22.801955312712131],[-43.319872152577659,-22.801950641633404],[-43.319485424312745,-22.80188091000063],[-43.319103387810969,-22.80178594069325],[-43.318724008805816,-22.801664989072595],[-43.318337811140964,-22.801607722942709],[-43.317943131969855,-22.801582698407451],[-43.317566394273577,-22.801484800907467],[-43.317324242819446,-22.801381460710505],[-43.316951870432376,-22.8012137083706],[-43.316588946322661,-22.801212585117344],[-43.316423359550299,-22.801188350186866],[-43.316210183353171,-22.801168759355388],[-43.315921182616357,-22.801126370710051],[-43.315628223963252,-22.801065024356035],[-43.315559745985354,-22.801041271462168],[-43.315523881921479,-22.801034842208825],[-43.315428683286996,-22.801021644657805],[-43.315413562086128,-22.801015614703488],[-43.315339770014248,-22.800988374238738],[-43.315267029249867,-22.800954913163366],[-43.315153102233744,-22.800927971273499],[-43.315074274857807,-22.800922081613415],[-43.314962098821695,-22.800927035978596],[-43.314881607699931,-22.800921850487679],[-43.314767324552292,-22.800892195343184],[-43.314689395599032,-22.800868703252664],[-43.314571390157425,-22.80084081527605],[-43.314451002411715,-22.80082446020533],[-43.314351392602582,-22.800805525878964],[-43.314258410796924,-22.800786300172263],[-43.314178354047677,-22.80076161198344],[-43.314075566034433,-22.800739843893339],[-43.313994386031993,-22.800727336122307],[-43.313901403327009,-22.800692396561498],[-43.313832757175874,-22.80069583107241],[-43.313777177274801,-22.800685559015967],[-43.313707751411471,-22.800668685036456],[-43.313551532876829,-22.800631524150177],[-43.313505430930775,-22.800582726935954],[-43.313438291144109,-22.800569102206914],[-43.313381508849432,-22.800584534573268],[-43.313329052293795,-22.80060334749113],[-43.313297840422877,-22.800593332640823],[-43.313246258008292,-22.800541139586596],[-43.313196733242535,-22.800489151577736],[-43.313113324720064,-22.800483573083071],[-43.313023539104904,-22.800501139540604],[-43.312837925329859,-22.800462577510601],[-43.312816400956024,-22.800378698642668],[-43.312748998567315,-22.800357072645419],[-43.312669805167275,-22.800377147312151],[-43.312624505416458,-22.800392352149988],[-43.312556974424702,-22.800381181670858],[-43.312500977238187,-22.800349219765348],[-43.312421912441216,-22.800358838014592],[-43.312129169625337,-22.800319141939518],[-43.311649654707715,-22.800334977202084],[-43.311413168083114,-22.800306331996264],[-43.311205387818298,-22.800236164192277],[-43.31101426479637,-22.800187086389567],[-43.310861451094972,-22.800232521038669],[-43.310669812761539,-22.800225262610436],[-43.310535008883456,-22.800182007917975],[-43.310427624435192,-22.800201783110442],[-43.310275905208755,-22.800158349452918],[-43.310162817260107,-22.800183291250526],[-43.31002192317311,-22.800176570616912],[-43.309915117888238,-22.800149295977889],[-43.309745388838508,-22.800194551661914],[-43.30935032026094,-22.800221730972758],[-43.309173572901955,-22.800208736668502],[-43.309017918242205,-22.800197293694804],[-43.308724984770102,-22.800173273702256],[-43.308527643835589,-22.800171179181262],[-43.308256940705121,-22.800173535404976],[-43.308070361058185,-22.80021338076758],[-43.307940679718463,-22.8002120039055],[-43.307878530269818,-22.800221801119871],[-43.307798432151799,-22.800315058118112],[-43.307791760980876,-22.800398638411092],[-43.307750937155902,-22.800507997770527],[-43.30765183636305,-22.80031350229094],[-43.307590395580178,-22.800265795954388],[-43.307477759091171,-22.800254144337952],[-43.30739850004062,-22.800279443166417],[-43.30725183860136,-22.800283114198997],[-43.307076793659007,-22.800302168135214],[-43.306975369017948,-22.800295862988342],[-43.306913089167601,-22.800316113922207],[-43.306890018859178,-22.800357694976313],[-43.306788336112668,-22.800372299966295],[-43.306618283306989,-22.800443688150331],[-43.306431056148199,-22.800535806606849],[-43.306311940043884,-22.8005920511069],[-43.306181807244513,-22.800627266759598],[-43.30609626283217,-22.80070478022607],[-43.306027763270549,-22.800772018038863],[-43.305937356223858,-22.800786742638714],[-43.305677283080065,-22.800841487968913],[-43.305654083269189,-22.800893523641832],[-43.305557972722177,-22.800913415746148],[-43.305420757761624,-22.8009018531626],[-43.305181252112959,-22.800909766297316],[-43.305116535099899,-22.800911903985817],[-43.305000959626447,-22.800915723406554],[-43.304835949319511,-22.800938621045134],[-43.304745580943681,-22.800986981188881],[-43.30458849816057,-22.801053126325378],[-43.304445459190447,-22.801117544763542],[-43.304009333863576,-22.801096905322535],[-43.304001964818724,-22.801096556385637]]]},"properties":{"objectid":5315,"nome":"Rio São João de Meriti","geometriaa":"Não","tipomassad":"Rio","regime":"Permanente","salgada":"Desconhecido","dominialid":"Desconhecida","artificial":"Desconhecido","possuitrec":"Sim","codmun":"330455","municn":"Rio de Janeiro","reggov":"Região Metropolitana","rh":"RH-V","nome_rh":"Baia de Guanabara","area_km":0.082787530000000012,"area_ha":8.2787527800000014,"id_rh":5,"Shape__Area":7.2811903725052916e-06,"Shape__Length":0.04998873976154538}}]}