{
  "type": "FeatureCollection",
  "features": [
    {
      "type": "Feature",
      "properties": {
        "CLASSE": "Média",
        "referenceYear": 2015,
        "overlayColor": "#e4bd59"
      },
      "geometry": {
        "type": "MultiPolygon",
        "coordinates": [
          [
            [
              [
                -43.387297484790906,
                -22.814441542043483
              ],
              [
                -43.387734031000555,
                -22.814262891719004
              ],
              [
                -43.38774975809267,
                -22.81425100915776
              ],
              [
                -43.38766872575014,
                -22.81408722815897
              ],
              [
                -43.38733505793812,
                -22.81400255829445
              ],
              [
                -43.38684054461305,
                -22.814142208895134
              ],
              [
                -43.38675991387693,
                -22.81427981344349
              ],
              [
                -43.387297484790906,
                -22.814441542043483
              ]
            ]
          ],
          [
            [
              [
                -43.38451959031829,
                -22.81365047566912
              ],
              [
                -43.38441652533437,
                -22.813545064599616
              ],
              [
                -43.38439602310657,
                -22.813539541802783
              ],
              [
                -43.3844291145505,
                -22.813605688376256
              ],
              [
                -43.38451959031829,
                -22.81365047566912
              ]
            ]
          ]
        ]
      }
    },
    {
      "type": "Feature",
      "properties": {
        "CLASSE": "Média",
        "referenceYear": 2015,
        "overlayColor": "#e4bd59"
      },
      "geometry": {
        "type": "Polygon",
        "coordinates": [
          [
            [
              -43.386373440877506,
              -22.81125614767747
            ],
            [
              -43.385201456023594,
              -22.811202483644962
            ],
            [
              -43.38454939829994,
              -22.811113799215157
            ],
            [
              -43.38420621997944,
              -22.81107782599908
            ],
            [
              -43.3842654568837,
              -22.81113841547182
            ],
            [
              -43.38446290404352,
              -22.811237850177896
            ],
            [
              -43.38494158120929,
              -22.81132761127539
            ],
            [
              -43.38518646604413,
              -22.81143780053185
            ],
            [
              -43.385289922450745,
              -22.811721336346007
            ],
            [
              -43.38534021779064,
              -22.81205930633818
            ],
            [
              -43.385391669319084,
              -22.81262176001079
            ],
            [
              -43.385604513968815,
              -22.81276073937576
            ],
            [
              -43.38571922854371,
              -22.81264845000979
            ],
            [
              -43.385999925167134,
              -22.812529093874247
            ],
            [
              -43.386122393562204,
              -22.811660828126058
            ],
            [
              -43.38638841672734,
              -22.811505361188583
            ],
            [
              -43.38649310082715,
              -22.811281618262388
            ],
            [
              -43.386373440877506,
              -22.81125614767747
            ]
          ]
        ]
      }
    },
    {
      "type": "Feature",
      "properties": {
        "CLASSE": "Média",
        "referenceYear": 2015,
        "overlayColor": "#e4bd59"
      },
      "geometry": {
        "type": "Polygon",
        "coordinates": [
          [
            [
              -43.38736655472932,
              -22.81156139329162
            ],
            [
              -43.387269149689764,
              -22.811560407622775
            ],
            [
              -43.38726861806501,
              -22.81160555795057
            ],
            [
              -43.387366023136636,
              -22.811606543621583
            ],
            [
              -43.38736655472932,
              -22.81156139329162
            ]
          ]
        ]
      }
    },
    {
      "type": "Feature",
      "properties": {
        "CLASSE": "Média",
        "referenceYear": 2015,
        "overlayColor": "#e4bd59"
      },
      "geometry": {
        "type": "Polygon",
        "coordinates": [
          [
            [
              -43.38410934808818,
              -22.811031688158636
            ],
            [
              -43.384060645834445,
              -22.811031194347333
            ],
            [
              -43.38406011316605,
              -22.811076344606512
            ],
            [
              -43.38410881543583,
              -22.8110768384189
            ],
            [
              -43.38410934808818,
              -22.811031688158636
            ]
          ]
        ]
      }
    },
    {
      "type": "Feature",
      "properties": {
        "CLASSE": "Média",
        "referenceYear": 2015,
        "overlayColor": "#e4bd59"
      },
      "geometry": {
        "type": "Polygon",
        "coordinates": [
          [
            [
              -43.383963774030114,
              -22.810985056422826
            ],
            [
              -43.38391507179646,
              -22.810984562567995
            ],
            [
              -43.38391453908131,
              -22.81102971282419
            ],
            [
              -43.383963241331,
              -22.811030206680105
            ],
            [
              -43.383963774030114,
              -22.810985056422826
            ]
          ]
        ]
      }
    },
    {
      "type": "Feature",
      "properties": {
        "CLASSE": "Média",
        "referenceYear": 2015,
        "overlayColor": "#e4bd59"
      },
      "geometry": {
        "type": "Polygon",
        "coordinates": [
          [
            [
              -43.383818200079055,
              -22.810938424559435
            ],
            [
              -43.38376949786549,
              -22.810937930661083
            ],
            [
              -43.38376896510359,
              -22.81098308091429
            ],
            [
              -43.38381766733318,
              -22.81098357481373
            ],
            [
              -43.383818200079055,
              -22.810938424559435
            ]
          ]
        ]
      }
    },
    {
      "type": "Feature",
      "properties": {
        "CLASSE": "Média",
        "referenceYear": 2015,
        "overlayColor": "#e4bd59"
      },
      "geometry": {
        "type": "Polygon",
        "coordinates": [
          [
            [
              -43.38362339123286,
              -22.810936448876816
            ],
            [
              -43.38372079565326,
              -22.810937436747864
            ],
            [
              -43.38372132842986,
              -22.810892286495474
            ],
            [
              -43.38362392404152,
              -22.81089129862661
            ],
            [
              -43.38362339123286,
              -22.810936448876816
            ]
          ]
        ]
      }
    },
    {
      "type": "Feature",
      "properties": {
        "CLASSE": "Média",
        "referenceYear": 2015,
        "overlayColor": "#e4bd59"
      },
      "geometry": {
        "type": "Polygon",
        "coordinates": [
          [
            [
              -43.38360166947077,
              -22.810866813876622
            ],
            [
              -43.383264176048456,
              -22.810636923268707
            ],
            [
              -43.38295662345764,
              -22.810230527613772
            ],
            [
              -43.38278678223772,
              -22.809753126593456
            ],
            [
              -43.38284751144834,
              -22.809136986748616
            ],
            [
              -43.38309095494034,
              -22.808742679999742
            ],
            [
              -43.383114314617295,
              -22.808673502281444
            ],
            [
              -43.38276487034133,
              -22.8089464911696
            ],
            [
              -43.382738745833414,
              -22.80921155962301
            ],
            [
              -43.38275894770748,
              -22.80948164017131
            ],
            [
              -43.382634667973285,
              -22.809953890430055
            ],
            [
              -43.38257936936712,
              -22.810314932668312
            ],
            [
              -43.38217988368072,
              -22.810574767208124
            ],
            [
              -43.38225515926012,
              -22.810898307015464
            ],
            [
              -43.382481479903205,
              -22.81085881098113
            ],
            [
              -43.3827449484065,
              -22.810726017887866
            ],
            [
              -43.38326128714509,
              -22.810818205580556
            ],
            [
              -43.38345190268753,
              -22.810868657236348
            ],
            [
              -43.38362392404152,
              -22.81089129862661
            ],
            [
              -43.38360166947077,
              -22.810866813876622
            ]
          ]
        ]
      }
    },
    {
      "type": "Feature",
      "properties": {
        "CLASSE": "Média",
        "referenceYear": 2015,
        "overlayColor": "#e4bd59"
      },
      "geometry": {
        "type": "Polygon",
        "coordinates": [
          [
            [
              -43.38132194851082,
              -22.809714377363075
            ],
            [
              -43.380972502246,
              -22.809801139141555
            ],
            [
              -43.38045887782847,
              -22.80968327967683
            ],
            [
              -43.379877144547436,
              -22.809276478953823
            ],
            [
              -43.379698277828254,
              -22.809225833938317
            ],
            [
              -43.379915882994766,
              -22.80947513405705
            ],
            [
              -43.38018102617993,
              -22.80979750668753
            ],
            [
              -43.380669816307574,
              -22.81015669615437
            ],
            [
              -43.38096269866075,
              -22.810217825015464
            ],
            [
              -43.38125538640682,
              -22.810010928068028
            ],
            [
              -43.38144619804593,
              -22.809695150524252
            ],
            [
              -43.38132194851082,
              -22.809714377363075
            ]
          ]
        ]
      }
    },
    {
      "type": "Feature",
      "properties": {
        "CLASSE": "Média",
        "referenceYear": 2015,
        "overlayColor": "#e4bd59"
      },
      "geometry": {
        "type": "Polygon",
        "coordinates": [
          [
            [
              -43.38149489976171,
              -22.809695645106967
            ],
            [
              -43.381495433239515,
              -22.809650494897312
            ],
            [
              -43.38144673153977,
              -22.809650000315685
            ],
            [
              -43.38144619804593,
              -22.809695150524252
            ],
            [
              -43.38149489976171,
              -22.809695645106967
            ]
          ]
        ]
      }
    },
    {
      "type": "Feature",
      "properties": {
        "CLASSE": "Baixa",
        "referenceYear": 2015,
        "overlayColor": "#5d8aa8"
      },
      "geometry": {
        "type": "Polygon",
        "coordinates": [
          [
            [
              -43.390661807850535,
              -22.812600947358703
            ],
            [
              -43.3903999944922,
              -22.81256204853072
            ],
            [
              -43.39018015902267,
              -22.81253811000609
            ],
            [
              -43.39043262739365,
              -22.8128532707115
            ],
            [
              -43.390661807850535,
              -22.812600947358703
            ]
          ]
        ]
      }
    },
    {
      "type": "Feature",
      "properties": {
        "CLASSE": "Média",
        "referenceYear": 2015,
        "overlayColor": "#e4bd59"
      },
      "geometry": {
        "type": "Polygon",
        "coordinates": [
          [
            [
              -43.388094435923506,
              -22.811794535640445
            ],
            [
              -43.38794832806506,
              -22.811793057767765
            ],
            [
              -43.38794779665809,
              -22.81183820810938
            ],
            [
              -43.38809390456465,
              -22.811839685985312
            ],
            [
              -43.388094435923506,
              -22.811794535640445
            ]
          ]
        ]
      }
    },
    {
      "type": "Feature",
      "properties": {
        "CLASSE": "Média",
        "referenceYear": 2015,
        "overlayColor": "#e4bd59"
      },
      "geometry": {
        "type": "Polygon",
        "coordinates": [
          [
            [
              -43.38794885947067,
              -22.81174790742588
            ],
            [
              -43.38780275167245,
              -22.81174642942262
            ],
            [
              -43.387802220218745,
              -22.811791579761252
            ],
            [
              -43.38794832806506,
              -22.811793057767765
            ],
            [
              -43.38794885947067,
              -22.81174790742588
            ]
          ]
        ]
      }
    },
    {
      "type": "Feature",
      "properties": {
        "CLASSE": "Média",
        "referenceYear": 2015,
        "overlayColor": "#e4bd59"
      },
      "geometry": {
        "type": "Polygon",
        "coordinates": [
          [
            [
              -43.38780328312486,
              -22.811701279083707
            ],
            [
              -43.38765717538687,
              -22.811699800949867
            ],
            [
              -43.387656643886366,
              -22.811744951285526
            ],
            [
              -43.38780275167245,
              -22.81174642942262
            ],
            [
              -43.38780328312486,
              -22.811701279083707
            ]
          ]
        ]
      }
    },
    {
      "type": "Feature",
      "properties": {
        "CLASSE": "Média",
        "referenceYear": 2015,
        "overlayColor": "#e4bd59"
      },
      "geometry": {
        "type": "Polygon",
        "coordinates": [
          [
            [
              -43.38765770688602,
              -22.81165465061395
            ],
            [
              -43.38751159920825,
              -22.811653172349526
            ],
            [
              -43.38751106766099,
              -22.811698322682197
            ],
            [
              -43.38765717538687,
              -22.811699800949867
            ],
            [
              -43.38765770688602,
              -22.81165465061395
            ]
          ]
        ]
      }
    },
    {
      "type": "Feature",
      "properties": {
        "CLASSE": "Média",
        "referenceYear": 2015,
        "overlayColor": "#e4bd59"
      },
      "geometry": {
        "type": "Polygon",
        "coordinates": [
          [
            [
              -43.38751213075417,
              -22.81160802201659
            ],
            [
              -43.38741472567447,
              -22.81160703643479
            ],
            [
              -43.38741419409647,
              -22.81165218676556
            ],
            [
              -43.38751159920825,
              -22.811653172349526
            ],
            [
              -43.38751213075417,
              -22.81160802201659
            ]
          ]
        ]
      }
    },
    {
      "type": "Feature",
      "properties": {
        "CLASSE": "Média",
        "referenceYear": 2015,
        "overlayColor": "#e4bd59"
      },
      "geometry": {
        "type": "MultiPolygon",
        "coordinates": [
          [
            [
              [
                -43.39011977967263,
                -22.813197708000907
              ],
              [
                -43.39043262739365,
                -22.8128532707115
              ],
              [
                -43.39018015902267,
                -22.81253811000609
              ],
              [
                -43.39015701045811,
                -22.81251443839241
              ],
              [
                -43.38964601940207,
                -22.81239724620116
              ],
              [
                -43.389822943003374,
                -22.812671792892573
              ],
              [
                -43.38990978036628,
                -22.812828030938075
              ],
              [
                -43.390032802770094,
                -22.81313061346261
              ],
              [
                -43.39011977967263,
                -22.813197708000907
              ]
            ]
          ],
          [
            [
              [
                -43.390911161010685,
                -22.80580357308614
              ],
              [
                -43.390349950193325,
                -22.80623650553151
              ],
              [
                -43.390043233317456,
                -22.806363285868184
              ],
              [
                -43.38978916141785,
                -22.806552289725982
              ],
              [
                -43.38924755684018,
                -22.806815216477133
              ],
              [
                -43.388791676198984,
                -22.807070171821614
              ],
              [
                -43.38848484191083,
                -22.807168753017987
              ],
              [
                -43.38826139089147,
                -22.807109249724867
              ],
              [
                -43.38789444823387,
                -22.806823861164844
              ],
              [
                -43.38767723311208,
                -22.806749112847616
              ],
              [
                -43.38605375042336,
                -22.80682697367593
              ],
              [
                -43.38538389668411,
                -22.806953187264543
              ],
              [
                -43.384854274118,
                -22.807172078506056
              ],
              [
                -43.38449365897406,
                -22.807349046648657
              ],
              [
                -43.38422662898206,
                -22.807399113426072
              ],
              [
                -43.38378143677977,
                -22.80744972696545
              ],
              [
                -43.38355462953608,
                -22.80763351220441
              ],
              [
                -43.38333201432101,
                -22.808179714919138
              ],
              [
                -43.38315798522057,
                -22.80846903055046
              ],
              [
                -43.383114314617295,
                -22.808673502281444
              ],
              [
                -43.38316982543227,
                -22.80862852390044
              ],
              [
                -43.3836020783992,
                -22.808173739251462
              ],
              [
                -43.38375141512449,
                -22.80774219578782
              ],
              [
                -43.38444713467473,
                -22.807481357721787
              ],
              [
                -43.385306587873416,
                -22.807244819250762
              ],
              [
                -43.38571304782347,
                -22.807209706219215
              ],
              [
                -43.38573674701964,
                -22.807186508487458
              ],
              [
                -43.3860578085988,
                -22.807133045042235
              ],
              [
                -43.38663966411631,
                -22.80716032839613
              ],
              [
                -43.387578998191756,
                -22.807260696274174
              ],
              [
                -43.38790843025695,
                -22.807371499401807
              ],
              [
                -43.388344473133785,
                -22.807591087813375
              ],
              [
                -43.38886439513756,
                -22.80766971121382
              ],
              [
                -43.389156215916984,
                -22.807530308755013
              ],
              [
                -43.38957115911174,
                -22.807124087018483
              ],
              [
                -43.389943081976696,
                -22.806926401752627
              ],
              [
                -43.39039212243068,
                -22.806631994892015
              ],
              [
                -43.3906658682851,
                -22.80651558015459
              ],
              [
                -43.39090912859454,
                -22.806380848878366
              ],
              [
                -43.39146728415323,
                -22.806143488903217
              ],
              [
                -43.39184963869167,
                -22.806063115247287
              ],
              [
                -43.39198211537101,
                -22.806257929391496
              ],
              [
                -43.39239197613093,
                -22.806690183944827
              ],
              [
                -43.39279197600528,
                -22.806763583076773
              ],
              [
                -43.39379661492025,
                -22.807060972049488
              ],
              [
                -43.39408185786023,
                -22.807159118847146
              ],
              [
                -43.39438130631705,
                -22.807342417208464
              ],
              [
                -43.39443000750755,
                -22.807342907791792
              ],
              [
                -43.39442947835165,
                -22.807388058302745
              ],
              [
                -43.394591383225354,
                -22.807417128792125
              ],
              [
                -43.395030218186655,
                -22.807712283097366
              ],
              [
                -43.3950485350198,
                -22.80777098806721
              ],
              [
                -43.3955494283654,
                -22.807219453879892
              ],
              [
                -43.395419778156565,
                -22.80726012124338
              ],
              [
                -43.39472673790695,
                -22.807118397498964
              ],
              [
                -43.39374533693616,
                -22.806934419163643
              ],
              [
                -43.39327481338228,
                -22.80672272182831
              ],
              [
                -43.39303435274389,
                -22.806575305224776
              ],
              [
                -43.39291956381085,
                -22.806260758130442
              ],
              [
                -43.39324850065886,
                -22.805938722948763
              ],
              [
                -43.39362187459287,
                -22.805760341453663
              ],
              [
                -43.39427978599625,
                -22.805694066132283
              ],
              [
                -43.39508209684436,
                -22.805600958966075
              ],
              [
                -43.39564313461835,
                -22.805689620378867
              ],
              [
                -43.39595759403776,
                -22.80583109701317
              ],
              [
                -43.39632100462043,
                -22.80607414261858
              ],
              [
                -43.39646024720018,
                -22.806216534081077
              ],
              [
                -43.39678205563231,
                -22.80586217974095
              ],
              [
                -43.396668356314535,
                -22.805801856383848
              ],
              [
                -43.39594291976696,
                -22.8054939394615
              ],
              [
                -43.39591324698283,
                -22.80546129531933
              ],
              [
                -43.39542336974252,
                -22.80543431054667
              ],
              [
                -43.39503928167239,
                -22.805226718707846
              ],
              [
                -43.394758219038316,
                -22.805192480087854
              ],
              [
                -43.39392856999582,
                -22.80525335612801
              ],
              [
                -43.39362678943551,
                -22.805227814469646
              ],
              [
                -43.39329580205792,
                -22.805249112565075
              ],
              [
                -43.39287152003395,
                -22.80540976002022
              ],
              [
                -43.39241304464796,
                -22.80556578950718
              ],
              [
                -43.391933317240365,
                -22.805681672965914
              ],
              [
                -43.39170104857775,
                -22.80566201032431
              ],
              [
                -43.39136078544667,
                -22.8054814703585
              ],
              [
                -43.39126025477992,
                -22.80543866242045
              ],
              [
                -43.391087113155926,
                -22.805346796235362
              ],
              [
                -43.39068794364385,
                -22.805033830978758
              ],
              [
                -43.39066048896874,
                -22.804821323764592
              ],
              [
                -43.39058218101676,
                -22.80471368501452
              ],
              [
                -43.39046780973442,
                -22.80463875519027
              ],
              [
                -43.39039941089946,
                -22.804920508731236
              ],
              [
                -43.39037375439035,
                -22.805257683354704
              ],
              [
                -43.390733619526806,
                -22.80556237567676
              ],
              [
                -43.390911161010685,
                -22.80580357308614
              ]
            ]
          ]
        ]
      }
    },
    {
      "type": "Feature",
      "properties": {
        "CLASSE": "Baixa",
        "referenceYear": 2015,
        "overlayColor": "#5d8aa8"
      },
      "geometry": {
        "type": "Polygon",
        "coordinates": [
          [
            [
              -43.395030218186655,
              -22.807712283097366
            ],
            [
              -43.394591383225354,
              -22.807417128792125
            ],
            [
              -43.39442947835165,
              -22.807388058302745
            ],
            [
              -43.39472936043715,
              -22.80773029333595
            ],
            [
              -43.39479957572749,
              -22.808045115048778
            ],
            [
              -43.3950485350198,
              -22.80777098806721
            ],
            [
              -43.395030218186655,
              -22.807712283097366
            ]
          ]
        ]
      }
    },
    {
      "type": "Feature",
      "properties": {
        "CLASSE": "Baixa",
        "referenceYear": 2015,
        "overlayColor": "#5d8aa8"
      },
      "geometry": {
        "type": "Polygon",
        "coordinates": [
          [
            [
              -43.39443000750755,
              -22.807342907791792
            ],
            [
              -43.39438130631705,
              -22.807342417208464
            ],
            [
              -43.39438077714509,
              -22.80738756771834
            ],
            [
              -43.39442947835165,
              -22.807388058302745
            ],
            [
              -43.39443000750755,
              -22.807342907791792
            ]
          ]
        ]
      }
    },
    {
      "type": "Feature",
      "properties": {
        "CLASSE": "Baixa",
        "referenceYear": 2015,
        "overlayColor": "#5d8aa8"
      },
      "geometry": {
        "type": "Polygon",
        "coordinates": [
          [
            [
              -43.3862594695574,
              -22.807240848913718
            ],
            [
              -43.38740258734133,
              -22.80744988636687
            ],
            [
              -43.38801148211299,
              -22.807628802680362
            ],
            [
              -43.38874609719996,
              -22.808076636936534
            ],
            [
              -43.389086757751635,
              -22.808258983564393
            ],
            [
              -43.38941212555525,
              -22.808519574668228
            ],
            [
              -43.389694633315095,
              -22.807868078518073
            ],
            [
              -43.39004080662295,
              -22.807356528565766
            ],
            [
              -43.39049322845485,
              -22.806892330879034
            ],
            [
              -43.39092795889972,
              -22.80666125622865
            ],
            [
              -43.39190909003459,
              -22.80661843913723
            ],
            [
              -43.39239197613093,
              -22.806690183944827
            ],
            [
              -43.39198211537101,
              -22.806257929391496
            ],
            [
              -43.39184963869167,
              -22.806063115247287
            ],
            [
              -43.39146728415323,
              -22.806143488903217
            ],
            [
              -43.39090912859454,
              -22.806380848878366
            ],
            [
              -43.3906658682851,
              -22.80651558015459
            ],
            [
              -43.39039212243068,
              -22.806631994892015
            ],
            [
              -43.389943081976696,
              -22.806926401752627
            ],
            [
              -43.38957115911174,
              -22.807124087018483
            ],
            [
              -43.389156215916984,
              -22.807530308755013
            ],
            [
              -43.38886439513756,
              -22.80766971121382
            ],
            [
              -43.388344473133785,
              -22.807591087813375
            ],
            [
              -43.38790843025695,
              -22.807371499401807
            ],
            [
              -43.387578998191756,
              -22.807260696274174
            ],
            [
              -43.38663966411631,
              -22.80716032839613
            ],
            [
              -43.3860578085988,
              -22.807133045042235
            ],
            [
              -43.38573674701964,
              -22.807186508487458
            ],
            [
              -43.38571304782347,
              -22.807209706219215
            ],
            [
              -43.3862594695574,
              -22.807240848913718
            ]
          ]
        ]
      }
    },
    {
      "type": "Feature",
      "properties": {
        "CLASSE": "Baixa",
        "referenceYear": 2015,
        "overlayColor": "#5d8aa8"
      },
      "geometry": {
        "type": "Polygon",
        "coordinates": [
          [
            [
              -43.38611666552244,
              -22.805241499565504
            ],
            [
              -43.386678465674564,
              -22.805136149361292
            ],
            [
              -43.387272567210246,
              -22.805175013767585
            ],
            [
              -43.38774194644056,
              -22.80537224715099
            ],
            [
              -43.38804360327501,
              -22.80557217087194
            ],
            [
              -43.388584400596166,
              -22.805655911776174
            ],
            [
              -43.389052509347714,
              -22.80547051727446
            ],
            [
              -43.38949407580061,
              -22.805121246161885
            ],
            [
              -43.38956213582397,
              -22.804914769528192
            ],
            [
              -43.389491153725196,
              -22.80485466967387
            ],
            [
              -43.38935240394915,
              -22.80507226667177
            ],
            [
              -43.38890827765391,
              -22.805405366340526
            ],
            [
              -43.38830533241379,
              -22.805444156786777
            ],
            [
              -43.38794969054881,
              -22.805314904927485
            ],
            [
              -43.387655011519946,
              -22.805196323161663
            ],
            [
              -43.38706856024753,
              -22.804989901314173
            ],
            [
              -43.38652822236284,
              -22.80503155652344
            ],
            [
              -43.38561264860105,
              -22.805242734776662
            ],
            [
              -43.38558982287777,
              -22.805266762670257
            ],
            [
              -43.38611666552244,
              -22.805241499565504
            ]
          ]
        ]
      }
    },
    {
      "type": "Feature",
      "properties": {
        "CLASSE": "Baixa",
        "referenceYear": 2015,
        "overlayColor": "#5d8aa8"
      },
      "geometry": {
        "type": "Polygon",
        "coordinates": [
          [
            [
              -43.39068794364385,
              -22.805033830978758
            ],
            [
              -43.391087113155926,
              -22.805346796235362
            ],
            [
              -43.39126025477992,
              -22.80543866242045
            ],
            [
              -43.39136078544667,
              -22.8054814703585
            ],
            [
              -43.39170104857775,
              -22.80566201032431
            ],
            [
              -43.391933317240365,
              -22.805681672965914
            ],
            [
              -43.39241304464796,
              -22.80556578950718
            ],
            [
              -43.39287152003395,
              -22.80540976002022
            ],
            [
              -43.39329580205792,
              -22.805249112565075
            ],
            [
              -43.39362678943551,
              -22.805227814469646
            ],
            [
              -43.39392856999582,
              -22.80525335612801
            ],
            [
              -43.394758219038316,
              -22.805192480087854
            ],
            [
              -43.39503928167239,
              -22.805226718707846
            ],
            [
              -43.394911258390195,
              -22.805085888548238
            ],
            [
              -43.39448242287554,
              -22.804793811531418
            ],
            [
              -43.394265687514185,
              -22.804632893923156
            ],
            [
              -43.39419790946743,
              -22.80444381556534
            ],
            [
              -43.394419403176045,
              -22.804091579795124
            ],
            [
              -43.39349124360441,
              -22.803891280843185
            ],
            [
              -43.39320455006855,
              -22.80385355980702
            ],
            [
              -43.393157008046266,
              -22.80399439102867
            ],
            [
              -43.39307502873498,
              -22.80415986734138
            ],
            [
              -43.39279344676667,
              -22.80460148719704
            ],
            [
              -43.39228439813822,
              -22.80517072910098
            ],
            [
              -43.39188084446817,
              -22.80530352592005
            ],
            [
              -43.39150287506743,
              -22.805327846518868
            ],
            [
              -43.39116349847701,
              -22.80522936947559
            ],
            [
              -43.390807205621,
              -22.804968028900593
            ],
            [
              -43.39071232166851,
              -22.804863645935352
            ],
            [
              -43.39066048896874,
              -22.804821323764592
            ],
            [
              -43.39068794364385,
              -22.805033830978758
            ]
          ]
        ]
      }
    },
    {
      "type": "Feature",
      "properties": {
        "CLASSE": "Baixa",
        "referenceYear": 2015,
        "overlayColor": "#5d8aa8"
      },
      "geometry": {
        "type": "Polygon",
        "coordinates": [
          [
            [
              -43.39594291976696,
              -22.8054939394615
            ],
            [
              -43.396668356314535,
              -22.805801856383848
            ],
            [
              -43.39678205563231,
              -22.80586217974095
            ],
            [
              -43.39817539918799,
              -22.80432789104193
            ],
            [
              -43.3978333012804,
              -22.80418417033271
            ],
            [
              -43.39773237421599,
              -22.80376127998278
            ],
            [
              -43.397651882339765,
              -22.803842999519617
            ],
            [
              -43.39767376299456,
              -22.804259296541474
            ],
            [
              -43.39759425080422,
              -22.80458690286925
            ],
            [
              -43.397425676693636,
              -22.804867217619393
            ],
            [
              -43.397169835992706,
              -22.80507456621096
            ],
            [
              -43.39661208099843,
              -22.805129464239723
            ],
            [
              -43.39623842461605,
              -22.80531287178991
            ],
            [
              -43.39593650611069,
              -22.80543768363804
            ],
            [
              -43.39591324698283,
              -22.80546129531933
            ],
            [
              -43.39594291976696,
              -22.8054939394615
            ]
          ]
        ]
      }
    },
    {
      "type": "Feature",
      "properties": {
        "CLASSE": "Média",
        "referenceYear": 2015,
        "overlayColor": "#e4bd59"
      },
      "geometry": {
        "type": "Polygon",
        "coordinates": [
          [
            [
              -43.390468870513246,
              -22.804548454313053
            ],
            [
              -43.39042017041076,
              -22.8045479625766
            ],
            [
              -43.390419109599875,
              -22.804638263451643
            ],
            [
              -43.39046780973442,
              -22.80463875519027
            ],
            [
              -43.390468870513246,
              -22.804548454313053
            ]
          ]
        ]
      }
    },
    {
      "type": "Feature",
      "properties": {
        "CLASSE": "Baixa",
        "referenceYear": 2015,
        "overlayColor": "#5d8aa8"
      },
      "geometry": {
        "type": "Polygon",
        "coordinates": [
          [
            [
              -43.389207976267166,
              -22.80408416021328
            ],
            [
              -43.38915927635994,
              -22.80408366810116
            ],
            [
              -43.38915821474232,
              -22.804173968925323
            ],
            [
              -43.3892069146816,
              -22.804174461039604
            ],
            [
              -43.389207976267166,
              -22.80408416021328
            ]
          ]
        ]
      }
    },
    {
      "type": "Feature",
      "properties": {
        "CLASSE": "Baixa",
        "referenceYear": 2015,
        "overlayColor": "#5d8aa8"
      },
      "geometry": {
        "type": "Polygon",
        "coordinates": [
          [
            [
              -43.38911668068675,
              -22.80392251352479
            ],
            [
              -43.38901583090735,
              -22.803856439626784
            ],
            [
              -43.38905842644472,
              -22.804017594223406
            ],
            [
              -43.38915927635994,
              -22.80408366810116
            ],
            [
              -43.38911668068675,
              -22.80392251352479
            ]
          ]
        ]
      }
    },
    {
      "type": "Feature",
      "properties": {
        "CLASSE": "Baixa",
        "referenceYear": 2015,
        "overlayColor": "#5d8aa8"
      },
      "geometry": {
        "type": "Polygon",
        "coordinates": [
          [
            [
              -43.389016361755516,
              -22.80381128921621
            ],
            [
              -43.38896766194983,
              -22.803810797051124
            ],
            [
              -43.388967131085636,
              -22.803855947460615
            ],
            [
              -43.38901583090735,
              -22.803856439626784
            ],
            [
              -43.389016361755516,
              -22.80381128921621
            ]
          ]
        ]
      }
    },
    {
      "type": "Feature",
      "properties": {
        "CLASSE": "Baixa",
        "referenceYear": 2015,
        "overlayColor": "#5d8aa8"
      },
      "geometry": {
        "type": "Polygon",
        "coordinates": [
          [
            [
              -43.38896819281268,
              -22.803765646641377
            ],
            [
              -43.388919493024396,
              -22.803765154462507
            ],
            [
              -43.38891896214553,
              -22.80381030487118
            ],
            [
              -43.38896766194983,
              -22.803810797051124
            ],
            [
              -43.38896819281268,
              -22.803765646641377
            ]
          ]
        ]
      }
    },
    {
      "type": "Feature",
      "properties": {
        "CLASSE": "Baixa",
        "referenceYear": 2015,
        "overlayColor": "#5d8aa8"
      },
      "geometry": {
        "type": "Polygon",
        "coordinates": [
          [
            [
              -43.38892002390195,
              -22.80372000405356
            ],
            [
              -43.38887132413102,
              -22.80371951186091
            ],
            [
              -43.38887079323748,
              -22.803764662268776
            ],
            [
              -43.388919493024396,
              -22.803765154462507
            ],
            [
              -43.38892002390195,
              -22.80372000405356
            ]
          ]
        ]
      }
    },
    {
      "type": "Feature",
      "properties": {
        "CLASSE": "Baixa",
        "referenceYear": 2015,
        "overlayColor": "#5d8aa8"
      },
      "geometry": {
        "type": "Polygon",
        "coordinates": [
          [
            [
              -43.38885227779591,
              -22.803647451566956
            ],
            [
              -43.38877604828232,
              -22.803537925805546
            ],
            [
              -43.38870687215056,
              -22.803590027766827
            ],
            [
              -43.38887132413102,
              -22.80371951186091
            ],
            [
              -43.38885227779591,
              -22.803647451566956
            ]
          ]
        ]
      }
    },
    {
      "type": "Feature",
      "properties": {
        "CLASSE": "Média",
        "referenceYear": 2015,
        "overlayColor": "#e4bd59"
      },
      "geometry": {
        "type": "Polygon",
        "coordinates": [
          [
            [
              -43.37661079071163,
              -22.81044642386073
            ],
            [
              -43.37652826863734,
              -22.810399865180504
            ],
            [
              -43.37654351026336,
              -22.810472959902093
            ],
            [
              -43.376676765248995,
              -22.810488871539608
            ],
            [
              -43.37661079071163,
              -22.81044642386073
            ]
          ]
        ]
      }
    },
    {
      "type": "Feature",
      "properties": {
        "CLASSE": "Baixa",
        "referenceYear": 2015,
        "overlayColor": "#5d8aa8"
      },
      "geometry": {
        "type": "Polygon",
        "coordinates": [
          [
            [
              -43.3737073871228,
              -22.807429233795325
            ],
            [
              -43.37387500913269,
              -22.807405461341816
            ],
            [
              -43.37385275989386,
              -22.80738097538365
            ],
            [
              -43.373119119271,
              -22.80733169572913
            ],
            [
              -43.37303813702715,
              -22.807323476739747
            ],
            [
              -43.37321939999998,
              -22.807351399999952
            ],
            [
              -43.373292299999946,
              -22.80736259999997
            ],
            [
              -43.37337359999998,
              -22.807376899999944
            ],
            [
              -43.37368294928495,
              -22.80743141046303
            ],
            [
              -43.3737073871228,
              -22.807429233795325
            ]
          ]
        ]
      }
    },
    {
      "type": "Feature",
      "properties": {
        "CLASSE": "Média",
        "referenceYear": 2015,
        "overlayColor": "#e4bd59"
      },
      "geometry": {
        "type": "Polygon",
        "coordinates": [
          [
            [
              -43.372421497813555,
              -22.806758448681613
            ],
            [
              -43.372372797361294,
              -22.806757951387468
            ],
            [
              -43.372372260953085,
              -22.80680310140878
            ],
            [
              -43.372420961421355,
              -22.806803598704022
            ],
            [
              -43.372421497813555,
              -22.806758448681613
            ]
          ]
        ]
      }
    },
    {
      "type": "Feature",
      "properties": {
        "CLASSE": "Baixa",
        "referenceYear": 2015,
        "overlayColor": "#5d8aa8"
      },
      "geometry": {
        "type": "Polygon",
        "coordinates": [
          [
            [
              -43.37749985937032,
              -22.807051170945364
            ],
            [
              -43.37769785582712,
              -22.806693077145216
            ],
            [
              -43.377813748756665,
              -22.806572471076297
            ],
            [
              -43.3778802337781,
              -22.806452850389217
            ],
            [
              -43.377751150061165,
              -22.806429151815838
            ],
            [
              -43.377624383076444,
              -22.80629467135609
            ],
            [
              -43.37743167511459,
              -22.806210286530742
            ],
            [
              -43.37716990438473,
              -22.80601790976721
            ],
            [
              -43.37657673864162,
              -22.806070529950343
            ],
            [
              -43.3764421330234,
              -22.80633474005503
            ],
            [
              -43.37630066677805,
              -22.806449357448223
            ],
            [
              -43.376557815506295,
              -22.806722160472468
            ],
            [
              -43.377129191898156,
              -22.807203203925617
            ],
            [
              -43.37747940073168,
              -22.807397037852073
            ],
            [
              -43.37749985937032,
              -22.807051170945364
            ]
          ]
        ]
      }
    },
    {
      "type": "Feature",
      "properties": {
        "CLASSE": "Média",
        "referenceYear": 2015,
        "overlayColor": "#e4bd59"
      },
      "geometry": {
        "type": "Polygon",
        "coordinates": [
          [
            [
              -43.37227968793411,
              -22.806395756591822
            ],
            [
              -43.3722309876142,
              -22.806395259261823
            ],
            [
              -43.37222991472197,
              -22.80648555930193
            ],
            [
              -43.37227861507396,
              -22.80648605663411
            ],
            [
              -43.37227968793411,
              -22.806395756591822
            ]
          ]
        ]
      }
    },
    {
      "type": "Feature",
      "properties": {
        "CLASSE": "Baixa",
        "referenceYear": 2015,
        "overlayColor": "#5d8aa8"
      },
      "geometry": {
        "type": "Polygon",
        "coordinates": [
          [
            [
              -43.37222260445122,
              -22.805342866367212
            ],
            [
              -43.3723846287422,
              -22.804988320413667
            ],
            [
              -43.37267758089756,
              -22.804742173354924
            ],
            [
              -43.37324116665513,
              -22.804583052020554
            ],
            [
              -43.37361442800282,
              -22.80473862681577
            ],
            [
              -43.37359467657629,
              -22.80457788393617
            ],
            [
              -43.373526797003734,
              -22.80422275461529
            ],
            [
              -43.37344941329031,
              -22.803592962594056
            ],
            [
              -43.37322556763073,
              -22.803564826429028
            ],
            [
              -43.372761658603146,
              -22.803622599340425
            ],
            [
              -43.372613648158676,
              -22.80379013495836
            ],
            [
              -43.3724396880228,
              -22.80391640060543
            ],
            [
              -43.372334325277805,
              -22.804073302962824
            ],
            [
              -43.372171468152395,
              -22.804162750267636
            ],
            [
              -43.37207279784752,
              -22.804373337417946
            ],
            [
              -43.37189538856259,
              -22.804440521065736
            ],
            [
              -43.371821864364264,
              -22.804669350989585
            ],
            [
              -43.37159564222132,
              -22.804755019515188
            ],
            [
              -43.37163802451466,
              -22.804833835182716
            ],
            [
              -43.37185257072476,
              -22.804996749863328
            ],
            [
              -43.37204584521508,
              -22.8056509595864
            ],
            [
              -43.37216192021427,
              -22.805832607181554
            ],
            [
              -43.37218872472728,
              -22.80585296166695
            ],
            [
              -43.37222260445122,
              -22.805342866367212
            ]
          ]
        ]
      }
    },
    {
      "type": "Feature",
      "properties": {
        "CLASSE": "Baixa",
        "referenceYear": 2015,
        "overlayColor": "#5d8aa8"
      },
      "geometry": {
        "type": "Polygon",
        "coordinates": [
          [
            [
              -43.36356280798964,
              -22.801725855703793
            ],
            [
              -43.36397648902623,
              -22.801865071678016
            ],
            [
              -43.36444843776148,
              -22.802243207029665
            ],
            [
              -43.365000344315256,
              -22.802531536180375
            ],
            [
              -43.365751247448614,
              -22.802760448883078
            ],
            [
              -43.366722119081956,
              -22.80273472987727
            ],
            [
              -43.367146544371096,
              -22.80275468813834
            ],
            [
              -43.36733996500958,
              -22.80285212290413
            ],
            [
              -43.36779865737011,
              -22.803405382614244
            ],
            [
              -43.367926319882606,
              -22.803280434142547
            ],
            [
              -43.36828917705651,
              -22.80317800142566
            ],
            [
              -43.36839684284475,
              -22.803126583762467
            ],
            [
              -43.36874064562462,
              -22.80304151112374
            ],
            [
              -43.369281053004784,
              -22.80282941527261
            ],
            [
              -43.369550048258986,
              -22.802772911189102
            ],
            [
              -43.36989141178443,
              -22.80284277944318
            ],
            [
              -43.37028467666755,
              -22.803128818182227
            ],
            [
              -43.37042750825066,
              -22.803274933530385
            ],
            [
              -43.370701028751355,
              -22.80347891160174
            ],
            [
              -43.37093043126675,
              -22.8035821669523
            ],
            [
              -43.371188248375056,
              -22.803651840190547
            ],
            [
              -43.37176226708757,
              -22.80354660153121
            ],
            [
              -43.37199735870798,
              -22.80343432790841
            ],
            [
              -43.37221740814569,
              -22.803388101214594
            ],
            [
              -43.37230864513953,
              -22.8028161883556
            ],
            [
              -43.372511248408465,
              -22.802052729664418
            ],
            [
              -43.37215466722992,
              -22.801499202519775
            ],
            [
              -43.372186405299445,
              -22.800918474427174
            ],
            [
              -43.37228839525251,
              -22.800639377308457
            ],
            [
              -43.372565203872036,
              -22.8007325143061
            ],
            [
              -43.37277554967838,
              -22.800796629000423
            ],
            [
              -43.37294168907833,
              -22.800717279518302
            ],
            [
              -43.373011549659225,
              -22.800058017115006
            ],
            [
              -43.37308319135616,
              -22.799935761084374
            ],
            [
              -43.37324564201745,
              -22.800101950966155
            ],
            [
              -43.37343135953603,
              -22.80021584175938
            ],
            [
              -43.374668023155195,
              -22.80067690638025
            ],
            [
              -43.3751829945708,
              -22.80096090531914
            ],
            [
              -43.375262492809654,
              -22.8011216286584
            ],
            [
              -43.37520655071335,
              -22.80191006282805
            ],
            [
              -43.375622210534836,
              -22.801847425209093
            ],
            [
              -43.37638311421565,
              -22.801559383137146
            ],
            [
              -43.37693952203193,
              -22.80149787772123
            ],
            [
              -43.37747462868621,
              -22.801455826440055
            ],
            [
              -43.37784307249595,
              -22.80114622061458
            ],
            [
              -43.377957653336374,
              -22.8009506850131
            ],
            [
              -43.37806668273744,
              -22.80067210725247
            ],
            [
              -43.37807727872695,
              -22.80047808777371
            ],
            [
              -43.37786592457002,
              -22.800261883704508
            ],
            [
              -43.377399719455404,
              -22.800027061977634
            ],
            [
              -43.37682151590599,
              -22.799880285458453
            ],
            [
              -43.37651904406592,
              -22.799866082133054
            ],
            [
              -43.3760831999006,
              -22.800074258260818
            ],
            [
              -43.3752533552731,
              -22.800304705784576
            ],
            [
              -43.374707610675934,
              -22.800319190811667
            ],
            [
              -43.37448464436953,
              -22.800218839859156
            ],
            [
              -43.37419094358218,
              -22.79996091345075
            ],
            [
              -43.37385454172523,
              -22.79949680989359
            ],
            [
              -43.37370603783902,
              -22.799089694375535
            ],
            [
              -43.373589001647986,
              -22.798485300071853
            ],
            [
              -43.37347681368936,
              -22.7982584660059
            ],
            [
              -43.373381273519016,
              -22.798253980077874
            ],
            [
              -43.37315424366271,
              -22.798386645320164
            ],
            [
              -43.372790332248,
              -22.799225673544235
            ],
            [
              -43.37205900359026,
              -22.799949945673077
            ],
            [
              -43.37195907593775,
              -22.800407778629076
            ],
            [
              -43.371566725902255,
              -22.80066847592135
            ],
            [
              -43.37129508786355,
              -22.800896726206634
            ],
            [
              -43.37111728692339,
              -22.801070747157667
            ],
            [
              -43.37062933042001,
              -22.80144458302917
            ],
            [
              -43.370381385759295,
              -22.801562996204336
            ],
            [
              -43.37007446452797,
              -22.80161926290483
            ],
            [
              -43.3687293039107,
              -22.801556049270523
            ],
            [
              -43.36839343307264,
              -22.80166134462328
            ],
            [
              -43.367740060171386,
              -22.801311492443677
            ],
            [
              -43.36744645456784,
              -22.800783013752223
            ],
            [
              -43.367276422175735,
              -22.800192338906612
            ],
            [
              -43.36693332454207,
              -22.799917440145226
            ],
            [
              -43.36666028194095,
              -22.800240112848346
            ],
            [
              -43.36643257533665,
              -22.80082177986288
            ],
            [
              -43.36629575106781,
              -22.801492401106064
            ],
            [
              -43.36610113573844,
              -22.801765148065066
            ],
            [
              -43.3657710471741,
              -22.801886923191546
            ],
            [
              -43.36539652431565,
              -22.8018166401705
            ],
            [
              -43.365125938790236,
              -22.801650678732873
            ],
            [
              -43.36472501703509,
              -22.801388797264533
            ],
            [
              -43.364296846460796,
              -22.80128007103434
            ],
            [
              -43.36374276516908,
              -22.80131782068354
            ],
            [
              -43.363475441511255,
              -22.801484354304566
            ],
            [
              -43.36310537270089,
              -22.80167252043854
            ],
            [
              -43.36308167091593,
              -22.801695714652517
            ],
            [
              -43.36356280798964,
              -22.801725855703793
            ]
          ]
        ]
      }
    },
    {
      "type": "Feature",
      "properties": {
        "CLASSE": "Média",
        "referenceYear": 2015,
        "overlayColor": "#e4bd59"
      },
      "geometry": {
        "type": "MultiPolygon",
        "coordinates": [
          [
            [
              [
                -43.372667369996265,
                -22.807168571319938
              ],
              [
                -43.37244767453763,
                -22.806868699822093
              ],
              [
                -43.37242042502784,
                -22.80684874872617
              ],
              [
                -43.372394954672124,
                -22.807198538307972
              ],
              [
                -43.37257679999993,
                -22.807248299999966
              ],
              [
                -43.37260999999995,
                -22.807257399999973
              ],
              [
                -43.37261209999997,
                -22.80725769999998
              ],
              [
                -43.37281959999996,
                -22.807289699999952
              ],
              [
                -43.37283638776946,
                -22.807292295066546
              ],
              [
                -43.372667369996265,
                -22.807168571319938
              ]
            ]
          ],
          [
            [
              [
                -43.36468688150191,
                -22.79404879752961
              ],
              [
                -43.36439102155657,
                -22.79429738674919
              ],
              [
                -43.36375391432174,
                -22.7943422843035
              ],
              [
                -43.363753375400506,
                -22.79438743420061
              ],
              [
                -43.363607287865435,
                -22.794385935098234
              ],
              [
                -43.36329436518741,
                -22.794454590769394
              ],
              [
                -43.363265338831056,
                -22.794472736444174
              ],
              [
                -43.36331946124811,
                -22.794528115670374
              ],
              [
                -43.36353384041745,
                -22.794636126883915
              ],
              [
                -43.363799192700434,
                -22.79462909891794
              ],
              [
                -43.36413931465891,
                -22.79464509559077
              ],
              [
                -43.364635849056945,
                -22.794522240943095
              ],
              [
                -43.36471777267033,
                -22.794453402160382
              ],
              [
                -43.36499333589211,
                -22.793927189251413
              ],
              [
                -43.36527413695471,
                -22.793919749407365
              ],
              [
                -43.36617583495776,
                -22.794038169619576
              ],
              [
                -43.366570535978475,
                -22.793763905103155
              ],
              [
                -43.366799473857675,
                -22.793757838491842
              ],
              [
                -43.36703663695422,
                -22.79414676780411
              ],
              [
                -43.36713137060831,
                -22.7945910134648
              ],
              [
                -43.36715177662181,
                -22.79525309303143
              ],
              [
                -43.36703353189669,
                -22.795478899740253
              ],
              [
                -43.36692891503276,
                -22.79556680532751
              ],
              [
                -43.366538035722435,
                -22.795975451523347
              ],
              [
                -43.36618866343417,
                -22.796825465611402
              ],
              [
                -43.36590386041962,
                -22.79691475411401
              ],
              [
                -43.36561535451052,
                -22.796833419964237
              ],
              [
                -43.36516613761322,
                -22.796472625814946
              ],
              [
                -43.365217503142595,
                -22.796222432834035
              ],
              [
                -43.36541243517125,
                -22.796058648190463
              ],
              [
                -43.36544896462603,
                -22.795390863160588
              ],
              [
                -43.36520134142473,
                -22.79517337321651
              ],
              [
                -43.36497663091374,
                -22.79494345647865
              ],
              [
                -43.36441947263437,
                -22.795081311698794
              ],
              [
                -43.36435226744337,
                -22.795137783211167
              ],
              [
                -43.36429986529351,
                -22.795422449186237
              ],
              [
                -43.36403718416631,
                -22.795586105128425
              ],
              [
                -43.363694381925896,
                -22.79553646761568
              ],
              [
                -43.36329730619713,
                -22.795435632308948
              ],
              [
                -43.36226000445027,
                -22.79548262750299
              ],
              [
                -43.36147040051151,
                -22.79561401107379
              ],
              [
                -43.36113260268203,
                -22.795738619396303
              ],
              [
                -43.36064336022967,
                -22.795795496881254
              ],
              [
                -43.3603999986373,
                -22.795911709377318
              ],
              [
                -43.3599228995261,
                -22.795991088713084
              ],
              [
                -43.35953465048302,
                -22.796317276750354
              ],
              [
                -43.35944431291609,
                -22.79648975882874
              ],
              [
                -43.35928320926613,
                -22.79676462802856
              ],
              [
                -43.359600384252815,
                -22.797459426429544
              ],
              [
                -43.359529445547786,
                -22.797990490026613
              ],
              [
                -43.359298143113534,
                -22.79821685220067
              ],
              [
                -43.35876166445223,
                -22.798513863631623
              ],
              [
                -43.358467106478614,
                -22.798554266723176
              ],
              [
                -43.35817405303692,
                -22.79877874558369
              ],
              [
                -43.357876037384145,
                -22.798952858086835
              ],
              [
                -43.35758535730827,
                -22.79913392468886
              ],
              [
                -43.35695011041318,
                -22.799343542703852
              ],
              [
                -43.35692591261094,
                -22.799785431542002
              ],
              [
                -43.35702693570156,
                -22.80041860812972
              ],
              [
                -43.357126823861776,
                -22.80066448037254
              ],
              [
                -43.3571919056515,
                -22.800781644178258
              ],
              [
                -43.35689565906625,
                -22.800865258249
              ],
              [
                -43.356830867422495,
                -22.800975797470546
              ],
              [
                -43.35677819855953,
                -22.80139073059342
              ],
              [
                -43.35658618576051,
                -22.80155203680873
              ],
              [
                -43.35642819645588,
                -22.801773428370097
              ],
              [
                -43.35609145315712,
                -22.801868468831255
              ],
              [
                -43.35643634718221,
                -22.802100612514234
              ],
              [
                -43.35685589856698,
                -22.80204121186304
              ],
              [
                -43.357352329029645,
                -22.801846419838512
              ],
              [
                -43.35758914217298,
                -22.80184016165908
              ],
              [
                -43.3578569531519,
                -22.801921821058087
              ],
              [
                -43.35801403597914,
                -22.80220459582881
              ],
              [
                -43.35813075041506,
                -22.802682359392772
              ],
              [
                -43.35814139227434,
                -22.802711543775064
              ],
              [
                -43.35828499999997,
                -22.802738999999967
              ],
              [
                -43.35852929999993,
                -22.802785699999955
              ],
              [
                -43.35861649999998,
                -22.802802399999962
              ],
              [
                -43.35861859999994,
                -22.802802799999938
              ],
              [
                -43.35863059999997,
                -22.80280519999997
              ],
              [
                -43.3586530326806,
                -22.802809699969355
              ],
              [
                -43.358906205423544,
                -22.80247657861148
              ],
              [
                -43.35896548332576,
                -22.801873192460384
              ],
              [
                -43.35916080524753,
                -22.801631969487943
              ],
              [
                -43.359359054300164,
                -22.801500263680637
              ],
              [
                -43.35967264542131,
                -22.80128239379219
              ],
              [
                -43.35997276586803,
                -22.801274457269763
              ],
              [
                -43.3601948879952,
                -22.80137445561734
              ],
              [
                -43.36036404886074,
                -22.801547534440484
              ],
              [
                -43.36077028315763,
                -22.801873035950674
              ],
              [
                -43.36105623970671,
                -22.801969274321472
              ],
              [
                -43.36178382095254,
                -22.802026565879874
              ],
              [
                -43.36195448652676,
                -22.802176463561523
              ],
              [
                -43.36184277724371,
                -22.802734581729467
              ],
              [
                -43.362034617505294,
                -22.803044945546343
              ],
              [
                -43.36250843865719,
                -22.803283659934557
              ],
              [
                -43.36296901226456,
                -22.803424076935414
              ],
              [
                -43.363353918460604,
                -22.803639220956004
              ],
              [
                -43.363562219202464,
                -22.80389691835352
              ],
              [
                -43.36357231043448,
                -22.804224553997315
              ],
              [
                -43.36366889999994,
                -22.804212699999937
              ],
              [
                -43.36379699999998,
                -22.804196999999927
              ],
              [
                -43.363877799999955,
                -22.804187099999968
              ],
              [
                -43.36396619999994,
                -22.80417619999997
              ],
              [
                -43.36420589968359,
                -22.804146819921534
              ],
              [
                -43.36419872474465,
                -22.80407697870721
              ],
              [
                -43.36415084537396,
                -22.803852430238653
              ],
              [
                -43.364108333840825,
                -22.80348903111835
              ],
              [
                -43.36393560781927,
                -22.803275339064314
              ],
              [
                -43.3640587506804,
                -22.8030402040445
              ],
              [
                -43.36443779243044,
                -22.80295226682106
              ],
              [
                -43.36486817830607,
                -22.80308006556506
              ],
              [
                -43.36547769518984,
                -22.803347398638007
              ],
              [
                -43.36605496163305,
                -22.80346556023136
              ],
              [
                -43.36670569492114,
                -22.803536522449658
              ],
              [
                -43.3669108062797,
                -22.803716660388613
              ],
              [
                -43.36738211263842,
                -22.804198833706415
              ],
              [
                -43.367650115595936,
                -22.804211428524148
              ],
              [
                -43.36804649098366,
                -22.804072981657516
              ],
              [
                -43.36840045886863,
                -22.803852459405952
              ],
              [
                -43.36898904035787,
                -22.80354394334347
              ],
              [
                -43.36957881327728,
                -22.803528313827268
              ],
              [
                -43.369852672297334,
                -22.803696269409677
              ],
              [
                -43.37010529572067,
                -22.803918125647744
              ],
              [
                -43.37036462251077,
                -22.804220295835158
              ],
              [
                -43.3704477466103,
                -22.804528216104078
              ],
              [
                -43.370376545347746,
                -22.804728995641288
              ],
              [
                -43.37022358036571,
                -22.8048183766142
              ],
              [
                -43.3701298243765,
                -22.8049974059981
              ],
              [
                -43.36970579337765,
                -22.805145519064197
              ],
              [
                -43.36965895584725,
                -22.805225437711236
              ],
              [
                -43.36989790155478,
                -22.805267227937964
              ],
              [
                -43.36991333603145,
                -22.80526959121864
              ],
              [
                -43.36991581647236,
                -22.80527036113847
              ],
              [
                -43.36992289999995,
                -22.80527159999997
              ],
              [
                -43.369986799999936,
                -22.805282799999933
              ],
              [
                -43.37020519999993,
                -22.805354799999975
              ],
              [
                -43.37024199999996,
                -22.80536699999993
              ],
              [
                -43.37025388395839,
                -22.805375295621726
              ],
              [
                -43.37033422234633,
                -22.805400232134946
              ],
              [
                -43.370382764613616,
                -22.805465503856528
              ],
              [
                -43.37041259999995,
                -22.80548639999995
              ],
              [
                -43.37043339999997,
                -22.805505499999985
              ],
              [
                -43.37058163405532,
                -22.805641141065035
              ],
              [
                -43.370799750336666,
                -22.805398185388988
              ],
              [
                -43.37081885262221,
                -22.80504874534479
              ],
              [
                -43.37080648068463,
                -22.8046476820729
              ],
              [
                -43.370912018108,
                -22.804597282770118
              ],
              [
                -43.371124334948654,
                -22.804507019318542
              ],
              [
                -43.37152514108699,
                -22.804240716138292
              ],
              [
                -43.37206562026181,
                -22.80385553020178
              ],
              [
                -43.37223947115598,
                -22.80370945320152
              ],
              [
                -43.37246707590511,
                -22.803486683081484
              ],
              [
                -43.372579153390184,
                -22.803483709745493
              ],
              [
                -43.37258461492138,
                -22.80366061175608
              ],
              [
                -43.372531667370694,
                -22.803712436611374
              ],
              [
                -43.3723344992139,
                -22.803753859248918
              ],
              [
                -43.372278267742644,
                -22.803962493127433
              ],
              [
                -43.37203959982369,
                -22.804063954355296
              ],
              [
                -43.37197026500557,
                -22.804259484188282
              ],
              [
                -43.37175857063779,
                -22.80434947405422
              ],
              [
                -43.371688518325726,
                -22.80448326036821
              ],
              [
                -43.3714527794226,
                -22.80468132886621
              ],
              [
                -43.3713956360879,
                -22.80479045879121
              ],
              [
                -43.37115267759085,
                -22.804994593559023
              ],
              [
                -43.37121751569361,
                -22.805568050596946
              ],
              [
                -43.37139453797976,
                -22.805749147378855
              ],
              [
                -43.371676969562344,
                -22.805959763496286
              ],
              [
                -43.37196461264914,
                -22.806190198932086
              ],
              [
                -43.3722309876142,
                -22.806395259261823
              ],
              [
                -43.37220775477184,
                -22.806148347962324
              ],
              [
                -43.37218872472728,
                -22.80585296166695
              ],
              [
                -43.37216192021427,
                -22.805832607181554
              ],
              [
                -43.37204584521508,
                -22.8056509595864
              ],
              [
                -43.37185257072476,
                -22.804996749863328
              ],
              [
                -43.37163802451466,
                -22.804833835182716
              ],
              [
                -43.37159564222132,
                -22.804755019515188
              ],
              [
                -43.371821864364264,
                -22.804669350989585
              ],
              [
                -43.37189538856259,
                -22.804440521065736
              ],
              [
                -43.37207279784752,
                -22.804373337417946
              ],
              [
                -43.372171468152395,
                -22.804162750267636
              ],
              [
                -43.372334325277805,
                -22.804073302962824
              ],
              [
                -43.3724396880228,
                -22.80391640060543
              ],
              [
                -43.372613648158676,
                -22.80379013495836
              ],
              [
                -43.372761658603146,
                -22.803622599340425
              ],
              [
                -43.37322556763073,
                -22.803564826429028
              ],
              [
                -43.37344941329031,
                -22.803592962594056
              ],
              [
                -43.373526797003734,
                -22.80422275461529
              ],
              [
                -43.37359467657629,
                -22.80457788393617
              ],
              [
                -43.37361442800282,
                -22.80473862681577
              ],
              [
                -43.373735866395286,
                -22.804807147098057
              ],
              [
                -43.37422543323679,
                -22.8050996878531
              ],
              [
                -43.374982444824504,
                -22.805306004311305
              ],
              [
                -43.375226478440446,
                -22.805528206324613
              ],
              [
                -43.37546954761801,
                -22.805977724843565
              ],
              [
                -43.375566328151116,
                -22.80644168787573
              ],
              [
                -43.375470577413616,
                -22.806888684608026
              ],
              [
                -43.37539909933534,
                -22.80702154307794
              ],
              [
                -43.374231512116346,
                -22.807521452202288
              ],
              [
                -43.37394828510569,
                -22.807428334667488
              ],
              [
                -43.37387500913269,
                -22.807405461341816
              ],
              [
                -43.3737073871228,
                -22.807429233795325
              ],
              [
                -43.37368294928495,
                -22.80743141046303
              ],
              [
                -43.37368969999994,
                -22.807432599999974
              ],
              [
                -43.37370059999995,
                -22.80743419999993
              ],
              [
                -43.37383879999993,
                -22.80745469999994
              ],
              [
                -43.37396099999995,
                -22.807472699999952
              ],
              [
                -43.374129299999936,
                -22.807494799999965
              ],
              [
                -43.37421989999996,
                -22.80751889999993
              ],
              [
                -43.374284399999965,
                -22.807535999999963
              ],
              [
                -43.37438295508719,
                -22.807582162101898
              ],
              [
                -43.374817115014466,
                -22.807570639552882
              ],
              [
                -43.37518745395581,
                -22.807664649145103
              ],
              [
                -43.37572073972124,
                -22.807478360949105
              ],
              [
                -43.37584265561261,
                -22.80696627310516
              ],
              [
                -43.3756616565148,
                -22.806640545633947
              ],
              [
                -43.37559845921575,
                -22.80602589191989
              ],
              [
                -43.37537349261384,
                -22.80544008821193
              ],
              [
                -43.375115681636515,
                -22.805252599314137
              ],
              [
                -43.37430717861372,
                -22.80488871166892
              ],
              [
                -43.37365498122612,
                -22.804315972054937
              ],
              [
                -43.37359460688549,
                -22.803502854133377
              ],
              [
                -43.37258361340661,
                -22.80343958092073
              ],
              [
                -43.372682918843296,
                -22.802506550044736
              ],
              [
                -43.37275043095774,
                -22.80201374196656
              ],
              [
                -43.372689702949295,
                -22.801729020377376
              ],
              [
                -43.37302386988642,
                -22.801612282760885
              ],
              [
                -43.373781205406566,
                -22.800970904481673
              ],
              [
                -43.37406079122383,
                -22.80088324111346
              ],
              [
                -43.37448416508338,
                -22.801033641550866
              ],
              [
                -43.37463961341222,
                -22.801248094811605
              ],
              [
                -43.37470923896154,
                -22.8019253719001
              ],
              [
                -43.374845837919466,
                -22.802565744337386
              ],
              [
                -43.37482669294355,
                -22.80291620478564
              ],
              [
                -43.374960614164344,
                -22.803113207357985
              ],
              [
                -43.37548331775197,
                -22.803417304677392
              ],
              [
                -43.37592118516617,
                -22.80356461376449
              ],
              [
                -43.37665739818634,
                -22.8034704905312
              ],
              [
                -43.37686620695661,
                -22.80365385097245
              ],
              [
                -43.37691405371072,
                -22.804298003671327
              ],
              [
                -43.37705906413109,
                -22.804591172402056
              ],
              [
                -43.37744219610778,
                -22.805185860164418
              ],
              [
                -43.377574436933756,
                -22.805423843089038
              ],
              [
                -43.377580631155084,
                -22.805624262006017
              ],
              [
                -43.377230379593236,
                -22.80588265081946
              ],
              [
                -43.376499163182444,
                -22.805929334246336
              ],
              [
                -43.376300794177276,
                -22.806234428849532
              ],
              [
                -43.37610400932416,
                -22.806399778646917
              ],
              [
                -43.37617053145641,
                -22.807067195378217
              ],
              [
                -43.3762666294974,
                -22.807359739704097
              ],
              [
                -43.37657803611506,
                -22.807499888777457
              ],
              [
                -43.376683259353065,
                -22.80765466136457
              ],
              [
                -43.3771392266393,
                -22.808055055230287
              ],
              [
                -43.377227075225974,
                -22.808295860681095
              ],
              [
                -43.377334453223085,
                -22.80862270569789
              ],
              [
                -43.37749845007811,
                -22.80886392797593
              ],
              [
                -43.37773629544169,
                -22.80881025737467
              ],
              [
                -43.37784908115525,
                -22.80829345014165
              ],
              [
                -43.378047624997414,
                -22.808231198979694
              ],
              [
                -43.378199757153666,
                -22.808262325283156
              ],
              [
                -43.377541649087185,
                -22.807586512433105
              ],
              [
                -43.37747940073168,
                -22.807397037852073
              ],
              [
                -43.377129191898156,
                -22.807203203925617
              ],
              [
                -43.376557815506295,
                -22.806722160472468
              ],
              [
                -43.37630066677805,
                -22.806449357448223
              ],
              [
                -43.3764421330234,
                -22.80633474005503
              ],
              [
                -43.37657673864162,
                -22.806070529950343
              ],
              [
                -43.37716990438473,
                -22.80601790976721
              ],
              [
                -43.37743167511459,
                -22.806210286530742
              ],
              [
                -43.377624383076444,
                -22.80629467135609
              ],
              [
                -43.377751150061165,
                -22.806429151815838
              ],
              [
                -43.3778802337781,
                -22.806452850389217
              ],
              [
                -43.37802740428506,
                -22.80636403686057
              ],
              [
                -43.378027938818576,
                -22.806318886709736
              ],
              [
                -43.378076639251816,
                -22.806319382267475
              ],
              [
                -43.378100438916434,
                -22.80625062325521
              ],
              [
                -43.37830061739391,
                -22.806029417622156
              ],
              [
                -43.378549527813476,
                -22.805740163736864
              ],
              [
                -43.378829003287436,
                -22.805513717125844
              ],
              [
                -43.3792145625907,
                -22.80543467446458
              ],
              [
                -43.379806115758456,
                -22.805473397460975
              ],
              [
                -43.3798640094531,
                -22.805392549233094
              ],
              [
                -43.379596665814034,
                -22.805231070492866
              ],
              [
                -43.379529373611206,
                -22.805091110653013
              ],
              [
                -43.379343828963705,
                -22.80500986022543
              ],
              [
                -43.379094275278966,
                -22.804815753192727
              ],
              [
                -43.378665594077454,
                -22.804587864458387
              ],
              [
                -43.377768703683394,
                -22.804287824351146
              ],
              [
                -43.37765821048309,
                -22.804058011458405
              ],
              [
                -43.37756826418409,
                -22.803481323582492
              ],
              [
                -43.37738302792415,
                -22.803196587339528
              ],
              [
                -43.376772226023,
                -22.803211265554758
              ],
              [
                -43.376347104931234,
                -22.80327826896186
              ],
              [
                -43.37590581862444,
                -22.803240866161417
              ],
              [
                -43.37544482011237,
                -22.80305530953744
              ],
              [
                -43.37514984567325,
                -22.802665487834428
              ],
              [
                -43.375083646517986,
                -22.80215933203645
              ],
              [
                -43.37520655071335,
                -22.80191006282805
              ],
              [
                -43.375262492809654,
                -22.8011216286584
              ],
              [
                -43.3751829945708,
                -22.80096090531914
              ],
              [
                -43.374668023155195,
                -22.80067690638025
              ],
              [
                -43.37343135953603,
                -22.80021584175938
              ],
              [
                -43.37324564201745,
                -22.800101950966155
              ],
              [
                -43.37308319135616,
                -22.799935761084374
              ],
              [
                -43.373011549659225,
                -22.800058017115006
              ],
              [
                -43.37294168907833,
                -22.800717279518302
              ],
              [
                -43.37277554967838,
                -22.800796629000423
              ],
              [
                -43.372565203872036,
                -22.8007325143061
              ],
              [
                -43.37228839525251,
                -22.800639377308457
              ],
              [
                -43.372186405299445,
                -22.800918474427174
              ],
              [
                -43.37215466722992,
                -22.801499202519775
              ],
              [
                -43.372511248408465,
                -22.802052729664418
              ],
              [
                -43.37230864513953,
                -22.8028161883556
              ],
              [
                -43.37221740814569,
                -22.803388101214594
              ],
              [
                -43.37199735870798,
                -22.80343432790841
              ],
              [
                -43.37176226708757,
                -22.80354660153121
              ],
              [
                -43.371188248375056,
                -22.803651840190547
              ],
              [
                -43.37093043126675,
                -22.8035821669523
              ],
              [
                -43.370701028751355,
                -22.80347891160174
              ],
              [
                -43.37042750825066,
                -22.803274933530385
              ],
              [
                -43.37028467666755,
                -22.803128818182227
              ],
              [
                -43.36989141178443,
                -22.80284277944318
              ],
              [
                -43.369550048258986,
                -22.802772911189102
              ],
              [
                -43.369281053004784,
                -22.80282941527261
              ],
              [
                -43.36874064562462,
                -22.80304151112374
              ],
              [
                -43.36839684284475,
                -22.803126583762467
              ],
              [
                -43.36828917705651,
                -22.80317800142566
              ],
              [
                -43.367926319882606,
                -22.803280434142547
              ],
              [
                -43.36779865737011,
                -22.803405382614244
              ],
              [
                -43.36733996500958,
                -22.80285212290413
              ],
              [
                -43.367146544371096,
                -22.80275468813834
              ],
              [
                -43.366722119081956,
                -22.80273472987727
              ],
              [
                -43.365751247448614,
                -22.802760448883078
              ],
              [
                -43.365000344315256,
                -22.802531536180375
              ],
              [
                -43.36444843776148,
                -22.802243207029665
              ],
              [
                -43.36397648902623,
                -22.801865071678016
              ],
              [
                -43.36356280798964,
                -22.801725855703793
              ],
              [
                -43.36308167091593,
                -22.801695714652517
              ],
              [
                -43.362957862134415,
                -22.801715339825662
              ],
              [
                -43.362443511355885,
                -22.801840193119112
              ],
              [
                -43.36206984985713,
                -22.801864168617442
              ],
              [
                -43.36158816306206,
                -22.801777578718017
              ],
              [
                -43.360919524945174,
                -22.80153443916236
              ],
              [
                -43.36060849688006,
                -22.801322491279997
              ],
              [
                -43.360480685959445,
                -22.80115138135913
              ],
              [
                -43.36030153006163,
                -22.800879527296168
              ],
              [
                -43.36002315561695,
                -22.80085590526462
              ],
              [
                -43.35980165395072,
                -22.800915257620694
              ],
              [
                -43.35921814592191,
                -22.80111823440777
              ],
              [
                -43.35880162205504,
                -22.801200156592802
              ],
              [
                -43.35877923059772,
                -22.801224592829342
              ],
              [
                -43.35862759859275,
                -22.801309164162806
              ],
              [
                -43.358435599115666,
                -22.801434302311012
              ],
              [
                -43.358025974840835,
                -22.801391322622287
              ],
              [
                -43.35725050516941,
                -22.801181667274136
              ],
              [
                -43.357076730828545,
                -22.801045656419557
              ],
              [
                -43.35734284313278,
                -22.80100451110095
              ],
              [
                -43.35741523216003,
                -22.800728829623964
              ],
              [
                -43.35732212793352,
                -22.80025125378037
              ],
              [
                -43.35716555066564,
                -22.799908737773073
              ],
              [
                -43.35719304088612,
                -22.799748601788703
              ],
              [
                -43.35740723515141,
                -22.799695671008372
              ],
              [
                -43.35750423051469,
                -22.799408584784516
              ],
              [
                -43.35780060294556,
                -22.799383636212404
              ],
              [
                -43.357898538881855,
                -22.799339489645757
              ],
              [
                -43.357899079861696,
                -22.799294339909324
              ],
              [
                -43.357947777309235,
                -22.79929484146961
              ],
              [
                -43.358045713138836,
                -22.799250694805533
              ],
              [
                -43.35842462183846,
                -22.798879887973357
              ],
              [
                -43.358818488862354,
                -22.798782453591546
              ],
              [
                -43.35901271816112,
                -22.798689704896677
              ],
              [
                -43.359333369208635,
                -22.798599199508505
              ],
              [
                -43.35964906549262,
                -22.79842441718328
              ],
              [
                -43.35981929624007,
                -22.79809939306678
              ],
              [
                -43.35989168919682,
                -22.79753564631417
              ],
              [
                -43.35972415536038,
                -22.79647093663148
              ],
              [
                -43.35995252042255,
                -22.796279076889384
              ],
              [
                -43.36052858253483,
                -22.796034215700924
              ],
              [
                -43.36086549936102,
                -22.7961031967147
              ],
              [
                -43.361167713825076,
                -22.796095196229743
              ],
              [
                -43.361879816255666,
                -22.795806457020298
              ],
              [
                -43.36259403052531,
                -22.79570847804611
              ],
              [
                -43.36283675639133,
                -22.795618939803887
              ],
              [
                -43.36310221552374,
                -22.79557822953295
              ],
              [
                -43.36346817023377,
                -22.795762607563514
              ],
              [
                -43.36381242296599,
                -22.7958909847993
              ],
              [
                -43.365026174437595,
                -22.79595749247536
              ],
              [
                -43.365070684143376,
                -22.7961534919776
              ],
              [
                -43.36488398816867,
                -22.79647205327496
              ],
              [
                -43.364942767048284,
                -22.79674771722966
              ],
              [
                -43.36499146376333,
                -22.796748216586415
              ],
              [
                -43.364990925186355,
                -22.796793366497898
              ],
              [
                -43.36503962191879,
                -22.796793865840893
              ],
              [
                -43.36503908335647,
                -22.796839015753214
              ],
              [
                -43.36547304676003,
                -22.797204708549394
              ],
              [
                -43.365521743650326,
                -22.79720520775368
              ],
              [
                -43.365521205235964,
                -22.79725035767455
              ],
              [
                -43.36610130591977,
                -22.79751066098996
              ],
              [
                -43.36642124956094,
                -22.797452010418816
              ],
              [
                -43.366685236180764,
                -22.7966550410228
              ],
              [
                -43.36679540601558,
                -22.79637361163019
              ],
              [
                -43.36713405924854,
                -22.796010269001727
              ],
              [
                -43.36761147904114,
                -22.795693049712913
              ],
              [
                -43.36794065442406,
                -22.79546431391624
              ],
              [
                -43.36818955588022,
                -22.795156858268278
              ],
              [
                -43.368249574443226,
                -22.79504224657998
              ],
              [
                -43.36833237088451,
                -22.7949009631602
              ],
              [
                -43.36786179362859,
                -22.79455000105019
              ],
              [
                -43.36765312564219,
                -22.794336512934265
              ],
              [
                -43.367462899235285,
                -22.793951846314382
              ],
              [
                -43.36731887823959,
                -22.793513291815717
              ],
              [
                -43.3672391237903,
                -22.79283162063882
              ],
              [
                -43.367152647272974,
                -22.792675954176733
              ],
              [
                -43.36680730743512,
                -22.792685106724793
              ],
              [
                -43.366581848527,
                -22.792905780281323
              ],
              [
                -43.36617738421492,
                -22.79335199544573
              ],
              [
                -43.36582445190622,
                -22.793475274051257
              ],
              [
                -43.36529687708148,
                -22.793521873691482
              ],
              [
                -43.365016406069046,
                -22.79358694642348
              ],
              [
                -43.36468688150191,
                -22.79404879752961
              ]
            ],
            [
              [
                -43.36521865297577,
                -22.7954311384839
              ],
              [
                -43.365260885109564,
                -22.795471170667312
              ],
              [
                -43.36520132844401,
                -22.795486016111557
              ],
              [
                -43.36521865297577,
                -22.7954311384839
              ]
            ]
          ]
        ]
      }
    },
    {
      "type": "Feature",
      "properties": {
        "CLASSE": "Baixa",
        "referenceYear": 2015,
        "overlayColor": "#5d8aa8"
      },
      "geometry": {
        "type": "Polygon",
        "coordinates": [
          [
            [
              -43.365521743650326,
              -22.79720520775368
            ],
            [
              -43.36547304676003,
              -22.797204708549394
            ],
            [
              -43.365472508329646,
              -22.79724985846919
            ],
            [
              -43.365521205235964,
              -22.79725035767455
            ],
            [
              -43.365521743650326,
              -22.79720520775368
            ]
          ]
        ]
      }
    },
    {
      "type": "Feature",
      "properties": {
        "CLASSE": "Baixa",
        "referenceYear": 2015,
        "overlayColor": "#5d8aa8"
      },
      "geometry": {
        "type": "Polygon",
        "coordinates": [
          [
            [
              -43.36520132844401,
              -22.795486016111557
            ],
            [
              -43.365260885109564,
              -22.795471170667312
            ],
            [
              -43.36521865297577,
              -22.7954311384839
            ],
            [
              -43.36520132844401,
              -22.795486016111557
            ]
          ]
        ]
      }
    },
    {
      "type": "Feature",
      "properties": {
        "CLASSE": "Média",
        "referenceYear": 2015,
        "overlayColor": "#e4bd59"
      },
      "geometry": {
        "type": "Polygon",
        "coordinates": [
          [
            [
              -43.37964957632284,
              -22.809225338816372
            ],
            [
              -43.379698277828254,
              -22.809225833938317
            ],
            [
              -43.379698811885845,
              -22.80918068376621
            ],
            [
              -43.37965011039647,
              -22.809180188645378
            ],
            [
              -43.37964957632284,
              -22.809225338816372
            ]
          ]
        ]
      }
    },
    {
      "type": "Feature",
      "properties": {
        "CLASSE": "Média",
        "referenceYear": 2015,
        "overlayColor": "#e4bd59"
      },
      "geometry": {
        "type": "Polygon",
        "coordinates": [
          [
            [
              -43.37955377562911,
              -22.809088898020594
            ],
            [
              -43.37950507417587,
              -22.809088402857306
            ],
            [
              -43.37950454005684,
              -22.80913355302558
            ],
            [
              -43.37955324152612,
              -22.80913404818993
            ],
            [
              -43.37955377562911,
              -22.809088898020594
            ]
          ]
        ]
      }
    },
    {
      "type": "Feature",
      "properties": {
        "CLASSE": "Baixa",
        "referenceYear": 2015,
        "overlayColor": "#5d8aa8"
      },
      "geometry": {
        "type": "Polygon",
        "coordinates": [
          [
            [
              -43.38167834173317,
              -22.806536613216466
            ],
            [
              -43.38172704233197,
              -22.806537107663637
            ],
            [
              -43.38172757565106,
              -22.8064919574309
            ],
            [
              -43.38167887506829,
              -22.806491462984837
            ],
            [
              -43.38167834173317,
              -22.806536613216466
            ]
          ]
        ]
      }
    },
    {
      "type": "Feature",
      "properties": {
        "CLASSE": "Baixa",
        "referenceYear": 2015,
        "overlayColor": "#5d8aa8"
      },
      "geometry": {
        "type": "Polygon",
        "coordinates": [
          [
            [
              -43.38167940840207,
              -22.806446312752943
            ],
            [
              -43.381630707836685,
              -22.80644581829308
            ],
            [
              -43.38163017448689,
              -22.80649096852389
            ],
            [
              -43.38167887506829,
              -22.806491462984837
            ],
            [
              -43.38167940840207,
              -22.806446312752943
            ]
          ]
        ]
      }
    },
    {
      "type": "Feature",
      "properties": {
        "CLASSE": "Baixa",
        "referenceYear": 2015,
        "overlayColor": "#5d8aa8"
      },
      "geometry": {
        "type": "Polygon",
        "coordinates": [
          [
            [
              -43.37807610473433,
              -22.806364532419398
            ],
            [
              -43.378076639251816,
              -22.806319382267475
            ],
            [
              -43.378027938818576,
              -22.806318886709736
            ],
            [
              -43.37802740428506,
              -22.80636403686057
            ],
            [
              -43.37807610473433,
              -22.806364532419398
            ]
          ]
        ]
      }
    },
    {
      "type": "Feature",
      "properties": {
        "CLASSE": "Média",
        "referenceYear": 2015,
        "overlayColor": "#e4bd59"
      },
      "geometry": {
        "type": "Polygon",
        "coordinates": [
          [
            [
              -43.38885227779591,
              -22.803647451566956
            ],
            [
              -43.38887132413102,
              -22.80371951186091
            ],
            [
              -43.38892002390195,
              -22.80372000405356
            ],
            [
              -43.388919493024396,
              -22.803765154462507
            ],
            [
              -43.38896819281268,
              -22.803765646641377
            ],
            [
              -43.38896766194983,
              -22.803810797051124
            ],
            [
              -43.389016361755516,
              -22.80381128921621
            ],
            [
              -43.38901583090735,
              -22.803856439626784
            ],
            [
              -43.38911668068675,
              -22.80392251352479
            ],
            [
              -43.38915927635994,
              -22.80408366810116
            ],
            [
              -43.389207976267166,
              -22.80408416021328
            ],
            [
              -43.3892069146816,
              -22.804174461039604
            ],
            [
              -43.38922239155027,
              -22.804249759465122
            ],
            [
              -43.3894762073815,
              -22.804734220851937
            ],
            [
              -43.389491153725196,
              -22.80485466967387
            ],
            [
              -43.38956213582397,
              -22.804914769528192
            ],
            [
              -43.38949407580061,
              -22.805121246161885
            ],
            [
              -43.389052509347714,
              -22.80547051727446
            ],
            [
              -43.388584400596166,
              -22.805655911776174
            ],
            [
              -43.38804360327501,
              -22.80557217087194
            ],
            [
              -43.38774194644056,
              -22.80537224715099
            ],
            [
              -43.387272567210246,
              -22.805175013767585
            ],
            [
              -43.386678465674564,
              -22.805136149361292
            ],
            [
              -43.38611666552244,
              -22.805241499565504
            ],
            [
              -43.38558982287777,
              -22.805266762670257
            ],
            [
              -43.38502418874146,
              -22.805243818438754
            ],
            [
              -43.38484161525053,
              -22.805186086204003
            ],
            [
              -43.384714283358434,
              -22.805167581438287
            ],
            [
              -43.38462570171612,
              -22.8053487673011
            ],
            [
              -43.384498754576306,
              -22.805715633079316
            ],
            [
              -43.38398843066945,
              -22.80537739285547
            ],
            [
              -43.38325631869919,
              -22.805086334887214
            ],
            [
              -43.38271923213722,
              -22.805142854338918
            ],
            [
              -43.38202946411679,
              -22.805401458194844
            ],
            [
              -43.38153426814755,
              -22.805727023061785
            ],
            [
              -43.381369448068135,
              -22.806001029307613
            ],
            [
              -43.38141917308682,
              -22.806170200938396
            ],
            [
              -43.381630707836685,
              -22.80644581829308
            ],
            [
              -43.38167940840207,
              -22.806446312752943
            ],
            [
              -43.38167887506829,
              -22.806491462984837
            ],
            [
              -43.38172757565106,
              -22.8064919574309
            ],
            [
              -43.38172704233197,
              -22.806537107663637
            ],
            [
              -43.382469826289245,
              -22.806890722936625
            ],
            [
              -43.38255068829725,
              -22.806906712990898
            ],
            [
              -43.3825762224535,
              -22.806885254167728
            ],
            [
              -43.382638818396295,
              -22.806708700782146
            ],
            [
              -43.38262865402376,
              -22.80638011115457
            ],
            [
              -43.38243732788188,
              -22.806116198489335
            ],
            [
              -43.382323376617904,
              -22.805948602231872
            ],
            [
              -43.38242677956461,
              -22.805861710511653
            ],
            [
              -43.38272306949963,
              -22.805778038175774
            ],
            [
              -43.3830416434778,
              -22.805903149672222
            ],
            [
              -43.38334926538351,
              -22.80621779008331
            ],
            [
              -43.38351875813833,
              -22.806733661976853
            ],
            [
              -43.38360276765731,
              -22.806803636513344
            ],
            [
              -43.383714267049186,
              -22.806389789150142
            ],
            [
              -43.383983263708295,
              -22.80627541056285
            ],
            [
              -43.38414133282152,
              -22.806176917577755
            ],
            [
              -43.384388267310776,
              -22.806045673374467
            ],
            [
              -43.384479819011325,
              -22.805956052885403
            ],
            [
              -43.38492849845673,
              -22.805829343888778
            ],
            [
              -43.38531676957418,
              -22.805784147513165
            ],
            [
              -43.38683632938613,
              -22.805469414574336
            ],
            [
              -43.387255472208544,
              -22.805489062362902
            ],
            [
              -43.387667380786134,
              -22.805650816945242
            ],
            [
              -43.38799237734521,
              -22.80590154005675
            ],
            [
              -43.38864190149463,
              -22.80597227469129
            ],
            [
              -43.38886953817559,
              -22.805863532891735
            ],
            [
              -43.38916884358306,
              -22.805736255471775
            ],
            [
              -43.38977628158859,
              -22.8054460691033
            ],
            [
              -43.38990030538066,
              -22.805188381727405
            ],
            [
              -43.389761352575526,
              -22.804938378793395
            ],
            [
              -43.389712038055315,
              -22.804788307615606
            ],
            [
              -43.389520138702444,
              -22.80438168673566
            ],
            [
              -43.38947702862935,
              -22.804063440926033
            ],
            [
              -43.38941966271088,
              -22.80385105029976
            ],
            [
              -43.38915142764087,
              -22.803519328982862
            ],
            [
              -43.389021139328456,
              -22.80340493550901
            ],
            [
              -43.38890300384878,
              -22.803475609412562
            ],
            [
              -43.38877604828232,
              -22.803537925805546
            ],
            [
              -43.38885227779591,
              -22.803647451566956
            ]
          ]
        ]
      }
    },
    {
      "type": "Feature",
      "properties": {
        "CLASSE": "Baixa",
        "referenceYear": 2015,
        "overlayColor": "#5d8aa8"
      },
      "geometry": {
        "type": "Polygon",
        "coordinates": [
          [
            [
              -43.37857662952942,
              -22.806124835293684
            ],
            [
              -43.380754865120345,
              -22.806067906051414
            ],
            [
              -43.38108253960165,
              -22.806149314211513
            ],
            [
              -43.3815574308575,
              -22.80642294845421
            ],
            [
              -43.381630707836685,
              -22.80644581829308
            ],
            [
              -43.38141917308682,
              -22.806170200938396
            ],
            [
              -43.381369448068135,
              -22.806001029307613
            ],
            [
              -43.38153426814755,
              -22.805727023061785
            ],
            [
              -43.38202946411679,
              -22.805401458194844
            ],
            [
              -43.38271923213722,
              -22.805142854338918
            ],
            [
              -43.38325631869919,
              -22.805086334887214
            ],
            [
              -43.38398843066945,
              -22.80537739285547
            ],
            [
              -43.384498754576306,
              -22.805715633079316
            ],
            [
              -43.38462570171612,
              -22.8053487673011
            ],
            [
              -43.384714283358434,
              -22.805167581438287
            ],
            [
              -43.38459390327716,
              -22.805008768580446
            ],
            [
              -43.38441054951424,
              -22.804743208126233
            ],
            [
              -43.38416199186289,
              -22.80446252261726
            ],
            [
              -43.38374838732537,
              -22.803737067668937
            ],
            [
              -43.38340035944577,
              -22.80372695159744
            ],
            [
              -43.383161216258834,
              -22.80393535013304
            ],
            [
              -43.38294812887901,
              -22.80422004191645
            ],
            [
              -43.38287666711824,
              -22.804479447190985
            ],
            [
              -43.3825556637616,
              -22.804628662426747
            ],
            [
              -43.38218884796089,
              -22.804789075772675
            ],
            [
              -43.38191594230843,
              -22.804935547659852
            ],
            [
              -43.38172050661029,
              -22.805069934651762
            ],
            [
              -43.381475508597795,
              -22.805111698856596
            ],
            [
              -43.38109439133723,
              -22.80519813992922
            ],
            [
              -43.380445492907356,
              -22.805119515360964
            ],
            [
              -43.380128860763264,
              -22.804973103061528
            ],
            [
              -43.37905331487238,
              -22.804004255379084
            ],
            [
              -43.37876508211655,
              -22.803719944979118
            ],
            [
              -43.37842070388897,
              -22.803472110209878
            ],
            [
              -43.377925224699474,
              -22.803279887375663
            ],
            [
              -43.377456302387166,
              -22.803219458966936
            ],
            [
              -43.37738302792415,
              -22.803196587339528
            ],
            [
              -43.37756826418409,
              -22.803481323582492
            ],
            [
              -43.37765821048309,
              -22.804058011458405
            ],
            [
              -43.377768703683394,
              -22.804287824351146
            ],
            [
              -43.378665594077454,
              -22.804587864458387
            ],
            [
              -43.379094275278966,
              -22.804815753192727
            ],
            [
              -43.379343828963705,
              -22.80500986022543
            ],
            [
              -43.379529373611206,
              -22.805091110653013
            ],
            [
              -43.379596665814034,
              -22.805231070492866
            ],
            [
              -43.3798640094531,
              -22.805392549233094
            ],
            [
              -43.379806115758456,
              -22.805473397460975
            ],
            [
              -43.3792145625907,
              -22.80543467446458
            ],
            [
              -43.378829003287436,
              -22.805513717125844
            ],
            [
              -43.378549527813476,
              -22.805740163736864
            ],
            [
              -43.37830061739391,
              -22.806029417622156
            ],
            [
              -43.378100438916434,
              -22.80625062325521
            ],
            [
              -43.378076639251816,
              -22.806319382267475
            ],
            [
              -43.37857662952942,
              -22.806124835293684
            ]
          ]
        ]
      }
    },
    {
      "type": "Feature",
      "properties": {
        "CLASSE": "Média",
        "referenceYear": 2015,
        "overlayColor": "#e4bd59"
      },
      "geometry": {
        "type": "Polygon",
        "coordinates": [
          [
            [
              -43.38139628807789,
              -22.793303136085264
            ],
            [
              -43.38129889630036,
              -22.7933021475157
            ],
            [
              -43.38129836318338,
              -22.79334729781343
            ],
            [
              -43.38139575499293,
              -22.793348286385168
            ],
            [
              -43.38139628807789,
              -22.793303136085264
            ]
          ]
        ]
      }
    },
    {
      "type": "Feature",
      "properties": {
        "CLASSE": "Média",
        "referenceYear": 2015,
        "overlayColor": "#e4bd59"
      },
      "geometry": {
        "type": "Polygon",
        "coordinates": [
          [
            [
              -43.38123113410171,
              -22.793221902493766
            ],
            [
              -43.380804805897554,
              -22.79298014296226
            ],
            [
              -43.38011470499302,
              -22.79276833521901
            ],
            [
              -43.37999051032165,
              -22.792746992769057
            ],
            [
              -43.380012313817346,
              -22.792771881222336
            ],
            [
              -43.38025874697101,
              -22.792905673318273
            ],
            [
              -43.38045023101445,
              -22.79303642652462
            ],
            [
              -43.38101148735935,
              -22.793265081941765
            ],
            [
              -43.38129889630036,
              -22.7933021475157
            ],
            [
              -43.38123113410171,
              -22.793221902493766
            ]
          ]
        ]
      }
    },
    {
      "type": "Feature",
      "properties": {
        "CLASSE": "Média",
        "referenceYear": 2015,
        "overlayColor": "#e4bd59"
      },
      "geometry": {
        "type": "Polygon",
        "coordinates": [
          [
            [
              -43.37999104385361,
              -22.792701842497202
            ],
            [
              -43.37984495693171,
              -22.792700358370492
            ],
            [
              -43.37984442335169,
              -22.79274550863908
            ],
            [
              -43.37999051032165,
              -22.792746992769057
            ],
            [
              -43.37999104385361,
              -22.792701842497202
            ]
          ]
        ]
      }
    },
    {
      "type": "Feature",
      "properties": {
        "CLASSE": "Média",
        "referenceYear": 2015,
        "overlayColor": "#e4bd59"
      },
      "geometry": {
        "type": "Polygon",
        "coordinates": [
          [
            [
              -43.39006491565859,
              -22.803351472806472
            ],
            [
              -43.39012014880387,
              -22.803480045521965
            ],
            [
              -43.39021483815333,
              -22.803944747133283
            ],
            [
              -43.39027937456616,
              -22.804094982919207
            ],
            [
              -43.3903066534202,
              -22.804075177503282
            ],
            [
              -43.3904302478462,
              -22.80369010421037
            ],
            [
              -43.39040165598367,
              -22.803671371752774
            ],
            [
              -43.39031025943661,
              -22.803320331594975
            ],
            [
              -43.390289983072634,
              -22.803191974121372
            ],
            [
              -43.39004648500512,
              -22.803189515155335
            ],
            [
              -43.39006491565859,
              -22.803351472806472
            ]
          ]
        ]
      }
    },
    {
      "type": "Feature",
      "properties": {
        "CLASSE": "Baixa",
        "referenceYear": 2015,
        "overlayColor": "#5d8aa8"
      },
      "geometry": {
        "type": "Polygon",
        "coordinates": [
          [
            [
              -43.39040754155317,
              -22.803227788684378
            ],
            [
              -43.390289983072634,
              -22.803191974121372
            ],
            [
              -43.39031025943661,
              -22.803320331594975
            ],
            [
              -43.39040165598367,
              -22.803671371752774
            ],
            [
              -43.3904302478462,
              -22.80369010421037
            ],
            [
              -43.39040754155317,
              -22.803227788684378
            ]
          ]
        ]
      }
    },
    {
      "type": "Feature",
      "properties": {
        "CLASSE": "Alta",
        "referenceYear": 2015,
        "overlayColor": "#b63d35"
      },
      "geometry": {
        "type": "Polygon",
        "coordinates": [
          [
            [
              -43.3947851632185,
              -22.80197293749842
            ],
            [
              -43.39478569211744,
              -22.801927786948934
            ],
            [
              -43.3947079440891,
              -22.801864308410185
            ],
            [
              -43.3945388532176,
              -22.801678300018285
            ],
            [
              -43.39414716733911,
              -22.801371206596748
            ],
            [
              -43.3938626560933,
              -22.80122025549186
            ],
            [
              -43.393709630921535,
              -22.80138834588452
            ],
            [
              -43.3938009806146,
              -22.80188303723179
            ],
            [
              -43.39398842139923,
              -22.802487038697514
            ],
            [
              -43.39407579121406,
              -22.80316316212105
            ],
            [
              -43.39421210599263,
              -22.803313116371424
            ],
            [
              -43.39454982218474,
              -22.80319817115457
            ],
            [
              -43.39472164418141,
              -22.80306391573271
            ],
            [
              -43.3948914837183,
              -22.802846869080806
            ],
            [
              -43.39493747609968,
              -22.802379799088886
            ],
            [
              -43.394855060099,
              -22.802088212190053
            ],
            [
              -43.394833862510644,
              -22.801973427849404
            ],
            [
              -43.3947851632185,
              -22.80197293749842
            ]
          ]
        ]
      }
    },
    {
      "type": "Feature",
      "properties": {
        "CLASSE": "Média",
        "referenceYear": 2015,
        "overlayColor": "#e4bd59"
      },
      "geometry": {
        "type": "Polygon",
        "coordinates": [
          [
            [
              -43.394834391393545,
              -22.801928277298845
            ],
            [
              -43.39478569211744,
              -22.801927786948934
            ],
            [
              -43.3947851632185,
              -22.80197293749842
            ],
            [
              -43.394833862510644,
              -22.801973427849404
            ],
            [
              -43.394834391393545,
              -22.801928277298845
            ]
          ]
        ]
      }
    },
    {
      "type": "Feature",
      "properties": {
        "CLASSE": "Média",
        "referenceYear": 2015,
        "overlayColor": "#e4bd59"
      },
      "geometry": {
        "type": "Polygon",
        "coordinates": [
          [
            [
              -43.39349124360441,
              -22.803891280843185
            ],
            [
              -43.394419403176045,
              -22.804091579795124
            ],
            [
              -43.39469478584987,
              -22.80386012374465
            ],
            [
              -43.39552488794405,
              -22.803037804636087
            ],
            [
              -43.39553844405833,
              -22.80278896636056
            ],
            [
              -43.395450315990374,
              -22.80261085685413
            ],
            [
              -43.39485888516992,
              -22.801995397831714
            ],
            [
              -43.394833862510644,
              -22.801973427849404
            ],
            [
              -43.394855060099,
              -22.802088212190053
            ],
            [
              -43.39493747609968,
              -22.802379799088886
            ],
            [
              -43.3948914837183,
              -22.802846869080806
            ],
            [
              -43.39472164418141,
              -22.80306391573271
            ],
            [
              -43.39454982218474,
              -22.80319817115457
            ],
            [
              -43.39421210599263,
              -22.803313116371424
            ],
            [
              -43.39407579121406,
              -22.80316316212105
            ],
            [
              -43.39398842139923,
              -22.802487038697514
            ],
            [
              -43.3938009806146,
              -22.80188303723179
            ],
            [
              -43.393709630921535,
              -22.80138834588452
            ],
            [
              -43.3938626560933,
              -22.80122025549186
            ],
            [
              -43.39414716733911,
              -22.801371206596748
            ],
            [
              -43.3945388532176,
              -22.801678300018285
            ],
            [
              -43.3947079440891,
              -22.801864308410185
            ],
            [
              -43.39478569211744,
              -22.801927786948934
            ],
            [
              -43.394753103953796,
              -22.801823339022302
            ],
            [
              -43.39444993030576,
              -22.80136191972735
            ],
            [
              -43.39429829738533,
              -22.800875920547245
            ],
            [
              -43.39442346203264,
              -22.799814364344776
            ],
            [
              -43.394352166393226,
              -22.799283483663505
            ],
            [
              -43.39433255643254,
              -22.79903324759959
            ],
            [
              -43.394307025538275,
              -22.799054708516774
            ],
            [
              -43.39425698785914,
              -22.799326859665342
            ],
            [
              -43.394029456539954,
              -22.799781776672393
            ],
            [
              -43.39380840172392,
              -22.80004311523537
            ],
            [
              -43.3936614944459,
              -22.80026913427727
            ],
            [
              -43.39338631226918,
              -22.80030979747978
            ],
            [
              -43.39325116326288,
              -22.80003664041917
            ],
            [
              -43.39309321871582,
              -22.799752466151077
            ],
            [
              -43.39286270239661,
              -22.7991360240502
            ],
            [
              -43.39261033880403,
              -22.798224569499588
            ],
            [
              -43.39224491239561,
              -22.797424566579092
            ],
            [
              -43.39210929405621,
              -22.796870006677104
            ],
            [
              -43.39219586465497,
              -22.796506149042884
            ],
            [
              -43.3921929529788,
              -22.796412258105875
            ],
            [
              -43.391814430884374,
              -22.795644616688232
            ],
            [
              -43.39176982420931,
              -22.795453593849057
            ],
            [
              -43.39191788048518,
              -22.795200859304924
            ],
            [
              -43.39252661873182,
              -22.79479624512631
            ],
            [
              -43.392630780808084,
              -22.794635980823713
            ],
            [
              -43.39201183561865,
              -22.7948153305514
            ],
            [
              -43.39159207202824,
              -22.79499894701062
            ],
            [
              -43.39148530833386,
              -22.795092007255388
            ],
            [
              -43.39133445402833,
              -22.795356410006534
            ],
            [
              -43.391326726729325,
              -22.795585269808775
            ],
            [
              -43.39145742291826,
              -22.79597301482283
            ],
            [
              -43.392050266981514,
              -22.79715685007361
            ],
            [
              -43.392393756275666,
              -22.79821056774801
            ],
            [
              -43.39260000304246,
              -22.799144879711505
            ],
            [
              -43.39281751757528,
              -22.800474710889432
            ],
            [
              -43.39294793895181,
              -22.801055654332536
            ],
            [
              -43.39304490914061,
              -22.80134331522877
            ],
            [
              -43.39337874003422,
              -22.802055359957002
            ],
            [
              -43.39348451303284,
              -22.802781504752268
            ],
            [
              -43.39335972063501,
              -22.803476943607688
            ],
            [
              -43.39327993517612,
              -22.80369672619864
            ],
            [
              -43.39320455006855,
              -22.80385355980702
            ],
            [
              -43.39349124360441,
              -22.803891280843185
            ]
          ]
        ]
      }
    },
    {
      "type": "Feature",
      "properties": {
        "CLASSE": "Média",
        "referenceYear": 2015,
        "overlayColor": "#e4bd59"
      },
      "geometry": {
        "type": "MultiPolygon",
        "coordinates": [
          [
            [
              [
                -43.40218015231838,
                -22.799917760098126
              ],
              [
                -43.40316579883725,
                -22.798832280270204
              ],
              [
                -43.403164990282626,
                -22.798828963382483
              ],
              [
                -43.40295946929174,
                -22.79840167649816
              ],
              [
                -43.40272203827765,
                -22.798149876121485
              ],
              [
                -43.402333783882874,
                -22.797882645867556
              ],
              [
                -43.40204373987944,
                -22.797665727782913
              ],
              [
                -43.40206680653638,
                -22.79773414497352
              ],
              [
                -43.40216028927499,
                -22.79799658650256
              ],
              [
                -43.40221982295512,
                -22.798739837396543
              ],
              [
                -43.40218015231838,
                -22.799917760098126
              ]
            ]
          ],
          [
            [
              [
                -43.39577880334026,
                -22.794103685028873
              ],
              [
                -43.395506573441274,
                -22.794265281278694
              ],
              [
                -43.39489433618202,
                -22.794772123423563
              ],
              [
                -43.39460186874134,
                -22.79494572931639
              ],
              [
                -43.39448415207051,
                -22.795206637995147
              ],
              [
                -43.39452307609487,
                -22.795242070930836
              ],
              [
                -43.394596526140745,
                -22.79512906077047
              ],
              [
                -43.39471096886307,
                -22.794978390516977
              ],
              [
                -43.395328704165074,
                -22.7945677758025
              ],
              [
                -43.395921105523485,
                -22.794130588420934
              ],
              [
                -43.39623816825684,
                -22.794018401682358
              ],
              [
                -43.39668113401187,
                -22.79416737495826
              ],
              [
                -43.39719897950038,
                -22.79450549571506
              ],
              [
                -43.39748555358612,
                -22.794876105915662
              ],
              [
                -43.397837105305975,
                -22.795586616998698
              ],
              [
                -43.39809713387338,
                -22.796793904642833
              ],
              [
                -43.39832835930949,
                -22.797300053744625
              ],
              [
                -43.39849465708794,
                -22.7974460501417
              ],
              [
                -43.39865386223142,
                -22.797608864532435
              ],
              [
                -43.398707977783076,
                -22.79800817724232
              ],
              [
                -43.399004659045644,
                -22.79863673087731
              ],
              [
                -43.399128903115226,
                -22.799039415558234
              ],
              [
                -43.398928090032456,
                -22.799552740313167
              ],
              [
                -43.398877533692584,
                -22.799870044062956
              ],
              [
                -43.39881068554962,
                -22.800204497974384
              ],
              [
                -43.39853223089463,
                -22.800916280673928
              ],
              [
                -43.39818663731272,
                -22.801506246532277
              ],
              [
                -43.39776527976489,
                -22.801958493960534
              ],
              [
                -43.397778310040934,
                -22.802378180305798
              ],
              [
                -43.397997495770234,
                -22.802649212945347
              ],
              [
                -43.39816225245137,
                -22.802570495174013
              ],
              [
                -43.3983617785849,
                -22.802485627667775
              ],
              [
                -43.39862813051493,
                -22.80235836437812
              ],
              [
                -43.39941659894663,
                -22.801716857275355
              ],
              [
                -43.399869636396936,
                -22.801486370340907
              ],
              [
                -43.40037008228149,
                -22.801402982327435
              ],
              [
                -43.40076922481773,
                -22.801471553738793
              ],
              [
                -43.40130350880195,
                -22.80088317572568
              ],
              [
                -43.40106543668067,
                -22.800740969234
              ],
              [
                -43.400577265857955,
                -22.80061974294503
              ],
              [
                -43.399987679136316,
                -22.800693588517564
              ],
              [
                -43.39964529479952,
                -22.800734403930157
              ],
              [
                -43.39917871019601,
                -22.800792845310774
              ],
              [
                -43.399051961566144,
                -22.800677464495532
              ],
              [
                -43.399250926360594,
                -22.799896977817404
              ],
              [
                -43.3993260234741,
                -22.79887980448063
              ],
              [
                -43.39943368025739,
                -22.797918460164578
              ],
              [
                -43.39934235932641,
                -22.797481037556015
              ],
              [
                -43.39929046768524,
                -22.79692728983298
              ],
              [
                -43.39861772274443,
                -22.79645435667588
              ],
              [
                -43.39838148267075,
                -22.796159109576244
              ],
              [
                -43.398245520226745,
                -22.795755810592787
              ],
              [
                -43.39779013129241,
                -22.795203465920583
              ],
              [
                -43.39761879727234,
                -22.794934992307798
              ],
              [
                -43.397121809120186,
                -22.79403821142285
              ],
              [
                -43.39664560410567,
                -22.79384146716422
              ],
              [
                -43.39611315249375,
                -22.793898422566993
              ],
              [
                -43.39577880334026,
                -22.794103685028873
              ]
            ]
          ]
        ]
      }
    },
    {
      "type": "Feature",
      "properties": {
        "CLASSE": "Média",
        "referenceYear": 2015,
        "overlayColor": "#e4bd59"
      },
      "geometry": {
        "type": "Polygon",
        "coordinates": [
          [
            [
              -43.40204426627668,
              -22.797620577048356
            ],
            [
              -43.40199556835871,
              -22.79762008898735
            ],
            [
              -43.40199504194544,
              -22.79766523972086
            ],
            [
              -43.40204373987944,
              -22.797665727782913
            ],
            [
              -43.40204426627668,
              -22.797620577048356
            ]
          ]
        ]
      }
    },
    {
      "type": "Feature",
      "properties": {
        "CLASSE": "Média",
        "referenceYear": 2015,
        "overlayColor": "#e4bd59"
      },
      "geometry": {
        "type": "Polygon",
        "coordinates": [
          [
            [
              -43.39428973386104,
              -22.797111078330452
            ],
            [
              -43.394390445385376,
              -22.79621203936982
            ],
            [
              -43.39442145151272,
              -22.79560229492456
            ],
            [
              -43.39424134102512,
              -22.795753687194292
            ],
            [
              -43.39404895253563,
              -22.796405479337437
            ],
            [
              -43.39402943941286,
              -22.79676354783678
            ],
            [
              -43.39413709610419,
              -22.797058558832646
            ],
            [
              -43.39418099025473,
              -22.798300479140078
            ],
            [
              -43.39424309488441,
              -22.798355008359195
            ],
            [
              -43.39428973386104,
              -22.797111078330452
            ]
          ]
        ]
      }
    },
    {
      "type": "Feature",
      "properties": {
        "CLASSE": "Média",
        "referenceYear": 2015,
        "overlayColor": "#e4bd59"
      },
      "geometry": {
        "type": "Polygon",
        "coordinates": [
          [
            [
              -43.39307116765602,
              -22.794459795814195
            ],
            [
              -43.39307169692538,
              -22.794414645260257
            ],
            [
              -43.39302300036046,
              -22.79441415452469
            ],
            [
              -43.393022471075064,
              -22.79445930507755
            ],
            [
              -43.39307116765602,
              -22.794459795814195
            ]
          ]
        ]
      }
    },
    {
      "type": "Feature",
      "properties": {
        "CLASSE": "Média",
        "referenceYear": 2015,
        "overlayColor": "#e4bd59"
      },
      "geometry": {
        "type": "Polygon",
        "coordinates": [
          [
            [
              -43.39316909005925,
              -22.79441562668682
            ],
            [
              -43.393169619295236,
              -22.794370476130467
            ],
            [
              -43.39307222619341,
              -22.794369494706064
            ],
            [
              -43.39307169692538,
              -22.794414645260257
            ],
            [
              -43.39316909005925,
              -22.79441562668682
            ]
          ]
        ]
      }
    },
    {
      "type": "Feature",
      "properties": {
        "CLASSE": "Média",
        "referenceYear": 2015,
        "overlayColor": "#e4bd59"
      },
      "geometry": {
        "type": "Polygon",
        "coordinates": [
          [
            [
              -43.39328619821879,
              -22.79434398511055
            ],
            [
              -43.39331729651374,
              -22.79423649647527
            ],
            [
              -43.39321975059113,
              -22.79428102227689
            ],
            [
              -43.393169619295236,
              -22.794370476130467
            ],
            [
              -43.39328619821879,
              -22.79434398511055
            ]
          ]
        ]
      }
    },
    {
      "type": "Feature",
      "properties": {
        "CLASSE": "Média",
        "referenceYear": 2015,
        "overlayColor": "#e4bd59"
      },
      "geometry": {
        "type": "Polygon",
        "coordinates": [
          [
            [
              -43.39827236445323,
              -22.792532819333193
            ],
            [
              -43.3978184882359,
              -22.792475546757704
            ],
            [
              -43.39785903890561,
              -22.792531285657613
            ],
            [
              -43.39826136322997,
              -22.792627204555583
            ],
            [
              -43.39830439321443,
              -22.79257073977291
            ],
            [
              -43.39827236445323,
              -22.792532819333193
            ]
          ]
        ]
      }
    },
    {
      "type": "Feature",
      "properties": {
        "CLASSE": "Média",
        "referenceYear": 2015,
        "overlayColor": "#e4bd59"
      },
      "geometry": {
        "type": "Polygon",
        "coordinates": [
          [
            [
              -43.3977210962575,
              -22.792474568248718
            ],
            [
              -43.3978184882359,
              -22.792475546757704
            ],
            [
              -43.39781901589096,
              -22.79243039608724
            ],
            [
              -43.3977216239446,
              -22.792429417580433
            ],
            [
              -43.3977210962575,
              -22.792474568248718
            ]
          ]
        ]
      }
    },
    {
      "type": "Feature",
      "properties": {
        "CLASSE": "Média",
        "referenceYear": 2015,
        "overlayColor": "#e4bd59"
      },
      "geometry": {
        "type": "Polygon",
        "coordinates": [
          [
            [
              -43.39511212740641,
              -22.790687252049754
            ],
            [
              -43.395063432116245,
              -22.790686762012783
            ],
            [
              -43.395062903598934,
              -22.790731912631998
            ],
            [
              -43.39511159890512,
              -22.790732402670063
            ],
            [
              -43.39511212740641,
              -22.790687252049754
            ]
          ]
        ]
      }
    },
    {
      "type": "Feature",
      "properties": {
        "CLASSE": "Média",
        "referenceYear": 2015,
        "overlayColor": "#e4bd59"
      },
      "geometry": {
        "type": "Polygon",
        "coordinates": [
          [
            [
              -43.40806984012006,
              -22.790410716212
            ],
            [
              -43.408189703429265,
              -22.790379398761864
            ],
            [
              -43.408134561581825,
              -22.790214076966617
            ],
            [
              -43.40806984012006,
              -22.790410716212
            ]
          ]
        ]
      }
    },
    {
      "type": "Feature",
      "properties": {
        "CLASSE": "Média",
        "referenceYear": 2015,
        "overlayColor": "#e4bd59"
      },
      "geometry": {
        "type": "Polygon",
        "coordinates": [
          [
            [
              -43.39193340916015,
              -22.785921847075315
            ],
            [
              -43.39218725767537,
              -22.785592563506867
            ],
            [
              -43.392424023539164,
              -22.785400655932026
            ],
            [
              -43.39242153775149,
              -22.785353314173513
            ],
            [
              -43.3924741485199,
              -22.78526582285474
            ],
            [
              -43.3926458814229,
              -22.78492858908916
            ],
            [
              -43.39314523967761,
              -22.78496123905298
            ],
            [
              -43.3937017130346,
              -22.784782397245937
            ],
            [
              -43.394254689902304,
              -22.78474188551454
            ],
            [
              -43.39495964807984,
              -22.78494319739116
            ],
            [
              -43.39527205932782,
              -22.78512665581859
            ],
            [
              -43.39542157686004,
              -22.785285252226604
            ],
            [
              -43.395539297860154,
              -22.78607735766824
            ],
            [
              -43.39593369242517,
              -22.78687410329521
            ],
            [
              -43.39612591208036,
              -22.78747430330966
            ],
            [
              -43.39640971767079,
              -22.787859874758787
            ],
            [
              -43.39679851102501,
              -22.78792585066392
            ],
            [
              -43.39761100109798,
              -22.787711611727058
            ],
            [
              -43.39830619086994,
              -22.78766361566712
            ],
            [
              -43.39866318770855,
              -22.787738095533747
            ],
            [
              -43.399031440776206,
              -22.788008676942933
            ],
            [
              -43.3992377914756,
              -22.78831683278808
            ],
            [
              -43.39929343408816,
              -22.789082350761632
            ],
            [
              -43.39935393027674,
              -22.789479999536617
            ],
            [
              -43.39959271608659,
              -22.79011871970128
            ],
            [
              -43.39972902087503,
              -22.79035741283028
            ],
            [
              -43.400046819691426,
              -22.79103601505442
            ],
            [
              -43.40009454088528,
              -22.79137931459714
            ],
            [
              -43.39994864886325,
              -22.792095446701207
            ],
            [
              -43.39971921396987,
              -22.792359163667623
            ],
            [
              -43.400029395022045,
              -22.792449159405738
            ],
            [
              -43.40013089832127,
              -22.792810290287935
            ],
            [
              -43.40032629365475,
              -22.79296982243595
            ],
            [
              -43.40060247909721,
              -22.79327363643303
            ],
            [
              -43.40069908568823,
              -22.793480354023732
            ],
            [
              -43.40080274673384,
              -22.79356498625825
            ],
            [
              -43.40084647797583,
              -22.793680745724892
            ],
            [
              -43.40070589190402,
              -22.794024174063367
            ],
            [
              -43.40064884512933,
              -22.794233142987945
            ],
            [
              -43.40071654747097,
              -22.794536657191234
            ],
            [
              -43.40074164141084,
              -22.794514782862787
            ],
            [
              -43.401012645531914,
              -22.793530445917906
            ],
            [
              -43.401257670987405,
              -22.792776065224945
            ],
            [
              -43.4015870344592,
              -22.79199474776271
            ],
            [
              -43.40206615349497,
              -22.7911548192772
            ],
            [
              -43.40267999930128,
              -22.79042132602214
            ],
            [
              -43.402739575424754,
              -22.79015376725864
            ],
            [
              -43.40279483230929,
              -22.79000920058356
            ],
            [
              -43.40305972933202,
              -22.789778264857084
            ],
            [
              -43.40345350448612,
              -22.789693421983063
            ],
            [
              -43.404226115984955,
              -22.78991866920179
            ],
            [
              -43.404843937220406,
              -22.790050911444048
            ],
            [
              -43.40519226012003,
              -22.79018598816252
            ],
            [
              -43.40573850610312,
              -22.790537341359794
            ],
            [
              -43.406035463292355,
              -22.790917268296752
            ],
            [
              -43.406076900154375,
              -22.792135951916375
            ],
            [
              -43.40596212792545,
              -22.79243625146464
            ],
            [
              -43.40558109523265,
              -22.792891565989517
            ],
            [
              -43.4054207031191,
              -22.793087724098942
            ],
            [
              -43.40502784941341,
              -22.79371434331222
            ],
            [
              -43.40480893588671,
              -22.794213120299432
            ],
            [
              -43.404732914724065,
              -22.794715255745125
            ],
            [
              -43.404890915917974,
              -22.79493647607871
            ],
            [
              -43.4053716833906,
              -22.795324571045107
            ],
            [
              -43.405753612056415,
              -22.79556223479471
            ],
            [
              -43.406050784629635,
              -22.795654941670715
            ],
            [
              -43.40766910179141,
              -22.793872538854597
            ],
            [
              -43.4076067446551,
              -22.793860988573975
            ],
            [
              -43.407197089271165,
              -22.79395398401741
            ],
            [
              -43.40668760041759,
              -22.794190930223127
            ],
            [
              -43.40641951028257,
              -22.794308230258792
            ],
            [
              -43.40604407072834,
              -22.794386345330686
            ],
            [
              -43.40575604913088,
              -22.79429170967643
            ],
            [
              -43.40546403891659,
              -22.79391812096646
            ],
            [
              -43.405478446279155,
              -22.793489976772754
            ],
            [
              -43.40601909305782,
              -22.79276736107301
            ],
            [
              -43.40619555083953,
              -22.792393207930928
            ],
            [
              -43.406313742030164,
              -22.791476659614407
            ],
            [
              -43.406591441076756,
              -22.791311788539623
            ],
            [
              -43.40686813556281,
              -22.791190720803748
            ],
            [
              -43.40686612849685,
              -22.790997635194287
            ],
            [
              -43.40676380178316,
              -22.790808480844987
            ],
            [
              -43.40657547792271,
              -22.79054480743042
            ],
            [
              -43.405932996286396,
              -22.790093181467906
            ],
            [
              -43.40525491566063,
              -22.789538995071112
            ],
            [
              -43.40494937278793,
              -22.789071573735903
            ],
            [
              -43.40439421490137,
              -22.789141132923636
            ],
            [
              -43.404142587023316,
              -22.789078647917844
            ],
            [
              -43.403777868901315,
              -22.78889979231991
            ],
            [
              -43.403427802365314,
              -22.788767702167625
            ],
            [
              -43.402744600298206,
              -22.788853298701564
            ],
            [
              -43.402236323550795,
              -22.788838586097178
            ],
            [
              -43.40174455969777,
              -22.788250519097797
            ],
            [
              -43.401645472830445,
              -22.78894038837047
            ],
            [
              -43.40188244247804,
              -22.789156107717456
            ],
            [
              -43.401868964528795,
              -22.789556327467498
            ],
            [
              -43.40191987829225,
              -22.789699273223473
            ],
            [
              -43.40205902328958,
              -22.789825937974193
            ],
            [
              -43.40146542644764,
              -22.790481350143796
            ],
            [
              -43.401241642165864,
              -22.790590318559097
            ],
            [
              -43.40057469551842,
              -22.790331659838095
            ],
            [
              -43.400402124717516,
              -22.790220652264182
            ],
            [
              -43.400183098448075,
              -22.790084343258965
            ],
            [
              -43.39994672769175,
              -22.78993229348286
            ],
            [
              -43.399690410601934,
              -22.789521884442923
            ],
            [
              -43.39955325300656,
              -22.788058273378528
            ],
            [
              -43.399502337251576,
              -22.78776218951011
            ],
            [
              -43.399307930680585,
              -22.787402777318352
            ],
            [
              -43.39883220298844,
              -22.787106695877544
            ],
            [
              -43.39831572837541,
              -22.787039696451032
            ],
            [
              -43.39757441472154,
              -22.787309875615673
            ],
            [
              -43.39708271978201,
              -22.787295627648387
            ],
            [
              -43.39624091155631,
              -22.78655271120107
            ],
            [
              -43.395932851591134,
              -22.78594730320176
            ],
            [
              -43.3957746190173,
              -22.785404653219153
            ],
            [
              -43.395883940765124,
              -22.78511865499535
            ],
            [
              -43.395882603483486,
              -22.784989027567796
            ],
            [
              -43.395344142746225,
              -22.78442440963435
            ],
            [
              -43.39471614836669,
              -22.784200819296906
            ],
            [
              -43.39394684731848,
              -22.784105784405718
            ],
            [
              -43.39350363097082,
              -22.78404871018604
            ],
            [
              -43.392989560683944,
              -22.78390513460421
            ],
            [
              -43.392109294037084,
              -22.78356367471577
            ],
            [
              -43.39182565840314,
              -22.78414260044124
            ],
            [
              -43.39160468965416,
              -22.784472333618517
            ],
            [
              -43.3913946097429,
              -22.78491768706267
            ],
            [
              -43.39140139051562,
              -22.78557750466682
            ],
            [
              -43.391747138500925,
              -22.78589230061302
            ],
            [
              -43.391876862924256,
              -22.786207258010556
            ],
            [
              -43.39190143772616,
              -22.786229631726233
            ],
            [
              -43.39193340916015,
              -22.785921847075315
            ]
          ]
        ]
      }
    },
    {
      "type": "Feature",
      "properties": {
        "CLASSE": "Média",
        "referenceYear": 2015,
        "overlayColor": "#e4bd59"
      },
      "geometry": {
        "type": "Polygon",
        "coordinates": [
          [
            [
              -43.393244757191276,
              -22.78795909441656
            ],
            [
              -43.39319606291443,
              -22.787958603864993
            ],
            [
              -43.393195533852825,
              -22.788003754458195
            ],
            [
              -43.39324422814568,
              -22.788004245010843
            ],
            [
              -43.393244757191276,
              -22.78795909441656
            ]
          ]
        ]
      }
    },
    {
      "type": "Feature",
      "properties": {
        "CLASSE": "Média",
        "referenceYear": 2015,
        "overlayColor": "#e4bd59"
      },
      "geometry": {
        "type": "Polygon",
        "coordinates": [
          [
            [
              -43.39319659197469,
              -22.787913453271525
            ],
            [
              -43.39314789771521,
              -22.787912962706184
            ],
            [
              -43.39314736863893,
              -22.787958113298572
            ],
            [
              -43.39319606291443,
              -22.787958603864993
            ],
            [
              -43.39319659197469,
              -22.787913453271525
            ]
          ]
        ]
      }
    },
    {
      "type": "Feature",
      "properties": {
        "CLASSE": "Média",
        "referenceYear": 2015,
        "overlayColor": "#e4bd59"
      },
      "geometry": {
        "type": "Polygon",
        "coordinates": [
          [
            [
              -43.39314842679015,
              -22.78786781211353
            ],
            [
              -43.393099732548016,
              -22.78786732153441
            ],
            [
              -43.393099203457055,
              -22.787912472125992
            ],
            [
              -43.39314789771521,
              -22.787912962706184
            ],
            [
              -43.39314842679015,
              -22.78786781211353
            ]
          ]
        ]
      }
    },
    {
      "type": "Feature",
      "properties": {
        "CLASSE": "Média",
        "referenceYear": 2015,
        "overlayColor": "#e4bd59"
      },
      "geometry": {
        "type": "Polygon",
        "coordinates": [
          [
            [
              -43.393078718907795,
              -22.787787816862686
            ],
            [
              -43.3929261596029,
              -22.787578097851274
            ],
            [
              -43.39281180057155,
              -22.78750317305737
            ],
            [
              -43.392832814021986,
              -22.787582677755616
            ],
            [
              -43.39298537318273,
              -22.787792396848324
            ],
            [
              -43.393099732548016,
              -22.78786732153441
            ],
            [
              -43.393078718907795,
              -22.787787816862686
            ]
          ]
        ]
      }
    },
    {
      "type": "Feature",
      "properties": {
        "CLASSE": "Baixa",
        "referenceYear": 2015,
        "overlayColor": "#5d8aa8"
      },
      "geometry": {
        "type": "Polygon",
        "coordinates": [
          [
            [
              -43.36747047721695,
              -22.790964054406537
            ],
            [
              -43.36747441100318,
              -22.79135313093886
            ],
            [
              -43.36739372657803,
              -22.79157528780884
            ],
            [
              -43.36723393174833,
              -22.791726128817015
            ],
            [
              -43.3667557210425,
              -22.792061480107844
            ],
            [
              -43.3654983108058,
              -22.79298495031841
            ],
            [
              -43.36444879201049,
              -22.793888587253715
            ],
            [
              -43.363778049654115,
              -22.794319502249923
            ],
            [
              -43.36375391432174,
              -22.7943422843035
            ],
            [
              -43.36439102155657,
              -22.79429738674919
            ],
            [
              -43.36468688150191,
              -22.79404879752961
            ],
            [
              -43.365016406069046,
              -22.79358694642348
            ],
            [
              -43.36529687708148,
              -22.793521873691482
            ],
            [
              -43.36582445190622,
              -22.793475274051257
            ],
            [
              -43.36617738421492,
              -22.79335199544573
            ],
            [
              -43.366581848527,
              -22.792905780281323
            ],
            [
              -43.36680730743512,
              -22.792685106724793
            ],
            [
              -43.367152647272974,
              -22.792675954176733
            ],
            [
              -43.3672391237903,
              -22.79283162063882
            ],
            [
              -43.36731887823959,
              -22.793513291815717
            ],
            [
              -43.367462899235285,
              -22.793951846314382
            ],
            [
              -43.36765312564219,
              -22.794336512934265
            ],
            [
              -43.36786179362859,
              -22.79455000105019
            ],
            [
              -43.36833237088451,
              -22.7949009631602
            ],
            [
              -43.368249574443226,
              -22.79504224657998
            ],
            [
              -43.36818955588022,
              -22.795156858268278
            ],
            [
              -43.36794065442406,
              -22.79546431391624
            ],
            [
              -43.36761147904114,
              -22.795693049712913
            ],
            [
              -43.36713405924854,
              -22.796010269001727
            ],
            [
              -43.36679540601558,
              -22.79637361163019
            ],
            [
              -43.366685236180764,
              -22.7966550410228
            ],
            [
              -43.36642124956094,
              -22.797452010418816
            ],
            [
              -43.36610130591977,
              -22.79751066098996
            ],
            [
              -43.365521205235964,
              -22.79725035767455
            ],
            [
              -43.36554944398564,
              -22.797334183613152
            ],
            [
              -43.36619731353834,
              -22.798272832697926
            ],
            [
              -43.36688001307821,
              -22.798220108488255
            ],
            [
              -43.36676036287873,
              -22.79752335545019
            ],
            [
              -43.366829925577086,
              -22.796618924781
            ],
            [
              -43.36715812738907,
              -22.79616578701586
            ],
            [
              -43.36764744411017,
              -22.795897471948177
            ],
            [
              -43.36797103662431,
              -22.795824099384355
            ],
            [
              -43.36893154514687,
              -22.795935224247142
            ],
            [
              -43.36994308533365,
              -22.795740163661684
            ],
            [
              -43.37001546207617,
              -22.795677094912445
            ],
            [
              -43.370260928167724,
              -22.795118202616404
            ],
            [
              -43.37060984324075,
              -22.795270442073516
            ],
            [
              -43.37062111337543,
              -22.794322291032714
            ],
            [
              -43.370595579949814,
              -22.794343747999925
            ],
            [
              -43.37048445561469,
              -22.794346691454216
            ],
            [
              -43.370263477465905,
              -22.794452234243963
            ],
            [
              -43.37020786664054,
              -22.79433978577069
            ],
            [
              -43.36903782542659,
              -22.7942843871194
            ],
            [
              -43.36851636756403,
              -22.794215916660708
            ],
            [
              -43.36784739425897,
              -22.79399080088742
            ],
            [
              -43.36773157833272,
              -22.793709256699664
            ],
            [
              -43.367838019458645,
              -22.793262236324548
            ],
            [
              -43.36796559288573,
              -22.79304454445104
            ],
            [
              -43.36832697520238,
              -22.792786983317452
            ],
            [
              -43.36852368376749,
              -22.79247118753826
            ],
            [
              -43.36872025586439,
              -22.792387616861504
            ],
            [
              -43.36898854895632,
              -22.792363913811563
            ],
            [
              -43.36889408824995,
              -22.792211104521037
            ],
            [
              -43.36826188264283,
              -22.79123763539715
            ],
            [
              -43.367547119434974,
              -22.79074032646153
            ],
            [
              -43.367400423992734,
              -22.79076722062198
            ],
            [
              -43.36747047721695,
              -22.790964054406537
            ]
          ]
        ]
      }
    },
    {
      "type": "Feature",
      "properties": {
        "CLASSE": "Média",
        "referenceYear": 2015,
        "overlayColor": "#e4bd59"
      },
      "geometry": {
        "type": "Polygon",
        "coordinates": [
          [
            [
              -43.37585726797746,
              -22.792208238661686
            ],
            [
              -43.37580857261073,
              -22.792207742715824
            ],
            [
              -43.375808037714584,
              -22.792252892896684
            ],
            [
              -43.375856733097315,
              -22.792253388843633
            ],
            [
              -43.37585726797746,
              -22.792208238661686
            ]
          ]
        ]
      }
    },
    {
      "type": "Feature",
      "properties": {
        "CLASSE": "Média",
        "referenceYear": 2015,
        "overlayColor": "#e4bd59"
      },
      "geometry": {
        "type": "Polygon",
        "coordinates": [
          [
            [
              -43.366968625337684,
              -22.790220933708287
            ],
            [
              -43.3670173197843,
              -22.790221432311704
            ],
            [
              -43.36701785752138,
              -22.790176282317272
            ],
            [
              -43.366969163090786,
              -22.790175783714954
            ],
            [
              -43.366968625337684,
              -22.790220933708287
            ]
          ]
        ]
      }
    },
    {
      "type": "Feature",
      "properties": {
        "CLASSE": "Média",
        "referenceYear": 2015,
        "overlayColor": "#e4bd59"
      },
      "geometry": {
        "type": "Polygon",
        "coordinates": [
          [
            [
              -43.3669210064293,
              -22.79013013510526
            ],
            [
              -43.36687231201744,
              -22.79012963647432
            ],
            [
              -43.36687177423367,
              -22.79017478646571
            ],
            [
              -43.36692046866155,
              -22.790175285097764
            ],
            [
              -43.3669210064293,
              -22.79013013510526
            ]
          ]
        ]
      }
    },
    {
      "type": "Feature",
      "properties": {
        "CLASSE": "Média",
        "referenceYear": 2015,
        "overlayColor": "#e4bd59"
      },
      "geometry": {
        "type": "Polygon",
        "coordinates": [
          [
            [
              -43.366824155405375,
              -22.790083987837942
            ],
            [
              -43.36677546101226,
              -22.790083489178386
            ],
            [
              -43.366774923197816,
              -22.79012863916785
            ],
            [
              -43.36682361760695,
              -22.7901291378285
            ],
            [
              -43.366824155405375,
              -22.790083987837942
            ]
          ]
        ]
      }
    },
    {
      "type": "Feature",
      "properties": {
        "CLASSE": "Média",
        "referenceYear": 2015,
        "overlayColor": "#e4bd59"
      },
      "geometry": {
        "type": "Polygon",
        "coordinates": [
          [
            [
              -43.36767238528031,
              -22.78837676222942
            ],
            [
              -43.367574997666395,
              -22.788375765483767
            ],
            [
              -43.36757446015999,
              -22.788420915500957
            ],
            [
              -43.367671847805944,
              -22.7884219122488
            ],
            [
              -43.36767238528031,
              -22.78837676222942
            ]
          ]
        ]
      }
    },
    {
      "type": "Feature",
      "properties": {
        "CLASSE": "Média",
        "referenceYear": 2015,
        "overlayColor": "#e4bd59"
      },
      "geometry": {
        "type": "Polygon",
        "coordinates": [
          [
            [
              -43.36699067209735,
              -22.788369783762292
            ],
            [
              -43.36747761005793,
              -22.788374768678715
            ],
            [
              -43.3674519590843,
              -22.78834324397211
            ],
            [
              -43.367028547975465,
              -22.78828079209344
            ],
            [
              -43.36699120979456,
              -22.788324633757995
            ],
            [
              -43.36699067209735,
              -22.788369783762292
            ]
          ]
        ]
      }
    },
    {
      "type": "Feature",
      "properties": {
        "CLASSE": "Média",
        "referenceYear": 2015,
        "overlayColor": "#e4bd59"
      },
      "geometry": {
        "type": "Polygon",
        "coordinates": [
          [
            [
              -43.36572624837444,
              -22.788221366100633
            ],
            [
              -43.36562886096565,
              -22.7882203681734
            ],
            [
              -43.3656283228227,
              -22.78826551814752
            ],
            [
              -43.36572571026353,
              -22.788266516076956
            ],
            [
              -43.36572624837444,
              -22.788221366100633
            ]
          ]
        ]
      }
    },
    {
      "type": "Feature",
      "properties": {
        "CLASSE": "Média",
        "referenceYear": 2015,
        "overlayColor": "#e4bd59"
      },
      "geometry": {
        "type": "Polygon",
        "coordinates": [
          [
            [
              -43.365763319703674,
              -22.78117920906902
            ],
            [
              -43.365944161030576,
              -22.781002189486475
            ],
            [
              -43.366255530668525,
              -22.780808175780248
            ],
            [
              -43.366747951549264,
              -22.780626485385834
            ],
            [
              -43.367420428060484,
              -22.78060866029865
            ],
            [
              -43.367768971055575,
              -22.780714923627567
            ],
            [
              -43.368242839241255,
              -22.780979812577684
            ],
            [
              -43.368747373087665,
              -22.78142297369161
            ],
            [
              -43.36899260701572,
              -22.78186443056926
            ],
            [
              -43.36924228707215,
              -22.78253254278974
            ],
            [
              -43.36946530280438,
              -22.782909560823743
            ],
            [
              -43.36985188349516,
              -22.7833181921857
            ],
            [
              -43.370306881453864,
              -22.783941062632916
            ],
            [
              -43.37080018512457,
              -22.784228109158875
            ],
            [
              -43.371125492361344,
              -22.78429469437294
            ],
            [
              -43.37223993923246,
              -22.784229887024477
            ],
            [
              -43.3725620205006,
              -22.78395922172698
            ],
            [
              -43.37289913667612,
              -22.78351548663349
            ],
            [
              -43.37314114592205,
              -22.78314320509361
            ],
            [
              -43.3733608343938,
              -22.783006307398555
            ],
            [
              -43.37384597441959,
              -22.783089744074786
            ],
            [
              -43.37437988331998,
              -22.78314268139254
            ],
            [
              -43.37456277293732,
              -22.783303309180504
            ],
            [
              -43.37471672369052,
              -22.78358040612557
            ],
            [
              -43.37465037469031,
              -22.784012421263043
            ],
            [
              -43.374085242478905,
              -22.784252719467148
            ],
            [
              -43.37394199117962,
              -22.78449720646796
            ],
            [
              -43.37382298275516,
              -22.785185291956818
            ],
            [
              -43.373876133056044,
              -22.785550862977136
            ],
            [
              -43.37444396683239,
              -22.78604957876459
            ],
            [
              -43.374383884921855,
              -22.786549465308276
            ],
            [
              -43.37399312148699,
              -22.78710837593145
            ],
            [
              -43.37361775507081,
              -22.787726149675567
            ],
            [
              -43.373315761313286,
              -22.78787040172031
            ],
            [
              -43.37283655258427,
              -22.787971087952762
            ],
            [
              -43.37259212391471,
              -22.788075017345594
            ],
            [
              -43.372273730009184,
              -22.78828659910313
            ],
            [
              -43.37180219139965,
              -22.788614295869074
            ],
            [
              -43.37146179789317,
              -22.788739895922312
            ],
            [
              -43.37092597172933,
              -22.788838145977344
            ],
            [
              -43.37041808924237,
              -22.788789521748026
            ],
            [
              -43.369261014856505,
              -22.788462554489474
            ],
            [
              -43.36879219128574,
              -22.788400993389406
            ],
            [
              -43.36812074723644,
              -22.78847519195651
            ],
            [
              -43.36776923545733,
              -22.788422908937232
            ],
            [
              -43.3678372183628,
              -22.788489981950388
            ],
            [
              -43.36808390921747,
              -22.788539469788876
            ],
            [
              -43.36912496044762,
              -22.7886026519837
            ],
            [
              -43.36979407076208,
              -22.789262803866343
            ],
            [
              -43.37033645505388,
              -22.789332726129178
            ],
            [
              -43.37079007564017,
              -22.78927872786406
            ],
            [
              -43.371304085374234,
              -22.78892528808194
            ],
            [
              -43.37177417598554,
              -22.788719721997357
            ],
            [
              -43.37231381955406,
              -22.788337364551595
            ],
            [
              -43.37261620724237,
              -22.788268786683407
            ],
            [
              -43.37295856434083,
              -22.78822802793683
            ],
            [
              -43.37325139037398,
              -22.788161616791207
            ],
            [
              -43.373487705796336,
              -22.788277563614837
            ],
            [
              -43.37386772671218,
              -22.788288631988106
            ],
            [
              -43.373934583918015,
              -22.788057359147945
            ],
            [
              -43.374079618870624,
              -22.787530932542037
            ],
            [
              -43.37427432678618,
              -22.787168987820593
            ],
            [
              -43.374430940353285,
              -22.787021130043996
            ],
            [
              -43.37492367668128,
              -22.78659172369965
            ],
            [
              -43.375011638073175,
              -22.785681889095166
            ],
            [
              -43.37489349330701,
              -22.785449615523827
            ],
            [
              -43.37446587140776,
              -22.78506018952899
            ],
            [
              -43.374370548690905,
              -22.78479238251968
            ],
            [
              -43.37455464116602,
              -22.784285405867422
            ],
            [
              -43.37476141438073,
              -22.783955718999085
            ],
            [
              -43.37503438558153,
              -22.783527192270654
            ],
            [
              -43.37508199547677,
              -22.78212122872997
            ],
            [
              -43.37494728531923,
              -22.78185638599655
            ],
            [
              -43.374600489536185,
              -22.781742356063248
            ],
            [
              -43.374307784460235,
              -22.781823354091316
            ],
            [
              -43.37422532030012,
              -22.78189522192489
            ],
            [
              -43.373924681646145,
              -22.78217906043766
            ],
            [
              -43.37359478531413,
              -22.782299241542418
            ],
            [
              -43.37332034856739,
              -22.782361486879278
            ],
            [
              -43.37274686871486,
              -22.78245100399068
            ],
            [
              -43.37243717957278,
              -22.783082900761606
            ],
            [
              -43.3720065231991,
              -22.78337904303316
            ],
            [
              -43.371709587351376,
              -22.783517068508992
            ],
            [
              -43.37151193306629,
              -22.783518790829405
            ],
            [
              -43.37122363510992,
              -22.78340993404018
            ],
            [
              -43.370702731676204,
              -22.783115964854
            ],
            [
              -43.37030229316814,
              -22.782834323516393
            ],
            [
              -43.370019693554674,
              -22.782502283281115
            ],
            [
              -43.36988944349348,
              -22.782067046420526
            ],
            [
              -43.36973658342169,
              -22.78138554880886
            ],
            [
              -43.369635035548896,
              -22.781285361125818
            ],
            [
              -43.36949235781164,
              -22.781281201976263
            ],
            [
              -43.36923798505323,
              -22.781338885617178
            ],
            [
              -43.36857810301934,
              -22.780604324863567
            ],
            [
              -43.368375821284324,
              -22.780458708640626
            ],
            [
              -43.3681324549292,
              -22.780366812318263
            ],
            [
              -43.367772740589665,
              -22.780190298869353
            ],
            [
              -43.367492791313396,
              -22.78027138179143
            ],
            [
              -43.3672132171098,
              -22.78040133327708
            ],
            [
              -43.366636995750156,
              -22.780525356241625
            ],
            [
              -43.36627386633223,
              -22.78068414723641
            ],
            [
              -43.365790200424875,
              -22.780971158255443
            ],
            [
              -43.36573746504806,
              -22.781109036378492
            ],
            [
              -43.36571225663719,
              -22.781222118951554
            ],
            [
              -43.365763319703674,
              -22.78117920906902
            ]
          ]
        ]
      }
    },
    {
      "type": "Feature",
      "properties": {
        "CLASSE": "Média",
        "referenceYear": 2015,
        "overlayColor": "#e4bd59"
      },
      "geometry": {
        "type": "Polygon",
        "coordinates": [
          [
            [
              -43.365561341114315,
              -22.781626972560446
            ],
            [
              -43.36556241709403,
              -22.781536672539914
            ],
            [
              -43.365513725765666,
              -22.781536173671864
            ],
            [
              -43.365512649753924,
              -22.781626473690235
            ],
            [
              -43.365561341114315,
              -22.781626972560446
            ]
          ]
        ]
      }
    },
    {
      "type": "Feature",
      "properties": {
        "CLASSE": "Média",
        "referenceYear": 2015,
        "overlayColor": "#e4bd59"
      },
      "geometry": {
        "type": "Polygon",
        "coordinates": [
          [
            [
              -43.383895747638164,
              -22.79197381374795
            ],
            [
              -43.383896279864224,
              -22.791928663384375
            ],
            [
              -43.38384758440258,
              -22.791928169898327
            ],
            [
              -43.383847052160505,
              -22.791973320260833
            ],
            [
              -43.383895747638164,
              -22.79197381374795
            ]
          ]
        ]
      }
    },
    {
      "type": "Feature",
      "properties": {
        "CLASSE": "Média",
        "referenceYear": 2015,
        "overlayColor": "#e4bd59"
      },
      "geometry": {
        "type": "Polygon",
        "coordinates": [
          [
            [
              -43.38399473517554,
              -22.79183934957962
            ],
            [
              -43.38399526736552,
              -22.791794199213047
            ],
            [
              -43.38394657194924,
              -22.79179370575999
            ],
            [
              -43.38394603974324,
              -22.791838856125455
            ],
            [
              -43.38399473517554,
              -22.79183934957962
            ]
          ]
        ]
      }
    },
    {
      "type": "Feature",
      "properties": {
        "CLASSE": "Média",
        "referenceYear": 2015,
        "overlayColor": "#e4bd59"
      },
      "geometry": {
        "type": "Polygon",
        "coordinates": [
          [
            [
              -43.38404449495575,
              -22.79174954228337
            ],
            [
              -43.384045027127,
              -22.79170439191522
            ],
            [
              -43.38399633174143,
              -22.791703898479163
            ],
            [
              -43.38399579955414,
              -22.791749048846256
            ],
            [
              -43.38404449495575,
              -22.79174954228337
            ]
          ]
        ]
      }
    },
    {
      "type": "Feature",
      "properties": {
        "CLASSE": "Média",
        "referenceYear": 2015,
        "overlayColor": "#e4bd59"
      },
      "geometry": {
        "type": "Polygon",
        "coordinates": [
          [
            [
              -43.384093722513946,
              -22.79170488533642
            ],
            [
              -43.38409425466783,
              -22.7916597349669
            ],
            [
              -43.38404555929691,
              -22.791659241546782
            ],
            [
              -43.384045027127,
              -22.79170439191522
            ],
            [
              -43.384093722513946,
              -22.79170488533642
            ]
          ]
        ]
      }
    },
    {
      "type": "Feature",
      "properties": {
        "CLASSE": "Média",
        "referenceYear": 2015,
        "overlayColor": "#e4bd59"
      },
      "geometry": {
        "type": "Polygon",
        "coordinates": [
          [
            [
              -43.3798227058088,
              -22.79267587324879
            ],
            [
              -43.379581526560834,
              -22.79247890381317
            ],
            [
              -43.37964328114661,
              -22.792149611452317
            ],
            [
              -43.379939003829264,
              -22.791720847676135
            ],
            [
              -43.37965943046267,
              -22.791413217418956
            ],
            [
              -43.379492625753926,
              -22.791453315800226
            ],
            [
              -43.379338508362714,
              -22.791615549282987
            ],
            [
              -43.37890294201342,
              -22.791898879477067
            ],
            [
              -43.37880183242921,
              -22.792044971390094
            ],
            [
              -43.377708801116654,
              -22.792126890240073
            ],
            [
              -43.37708774128823,
              -22.792374990521743
            ],
            [
              -43.37656438188131,
              -22.7922814909533
            ],
            [
              -43.375856733097315,
              -22.792253388843633
            ],
            [
              -43.375884262145526,
              -22.792339383327747
            ],
            [
              -43.37616507851764,
              -22.792831326147184
            ],
            [
              -43.37603484249619,
              -22.79294063452528
            ],
            [
              -43.37530864622514,
              -22.793240760960764
            ],
            [
              -43.37480452887151,
              -22.793778136257135
            ],
            [
              -43.374556639009,
              -22.79427045262958
            ],
            [
              -43.37440062343765,
              -22.794910085995895
            ],
            [
              -43.374308832104475,
              -22.795003253740457
            ],
            [
              -43.37401810125796,
              -22.795145920590812
            ],
            [
              -43.373707677282816,
              -22.79504023979903
            ],
            [
              -43.37331978007685,
              -22.79483964805837
            ],
            [
              -43.372568360472634,
              -22.794701656942994
            ],
            [
              -43.3724563873326,
              -22.79460681851553
            ],
            [
              -43.37233735798732,
              -22.794398285967972
            ],
            [
              -43.37254966928253,
              -22.793981551293864
            ],
            [
              -43.3728128628656,
              -22.793596357879
            ],
            [
              -43.3730950481243,
              -22.792986329445263
            ],
            [
              -43.37304634357769,
              -22.792293274227973
            ],
            [
              -43.372774729992905,
              -22.791728252010067
            ],
            [
              -43.37244319044124,
              -22.791294711135553
            ],
            [
              -43.37233786871413,
              -22.79128781539178
            ],
            [
              -43.37221202257748,
              -22.791466899669047
            ],
            [
              -43.371800336647915,
              -22.791513381269443
            ],
            [
              -43.37121275586819,
              -22.791550001120413
            ],
            [
              -43.37055285228057,
              -22.791723882077974
            ],
            [
              -43.36996973830524,
              -22.79166923414612
            ],
            [
              -43.369522125797204,
              -22.791398807357254
            ],
            [
              -43.36935901327072,
              -22.791113026873017
            ],
            [
              -43.36923935993979,
              -22.790739168272577
            ],
            [
              -43.368987050691025,
              -22.790471459196517
            ],
            [
              -43.368828247105746,
              -22.790389327333795
            ],
            [
              -43.368536060215625,
              -22.790402475401493
            ],
            [
              -43.3681023535355,
              -22.790286913168494
            ],
            [
              -43.36770972857164,
              -22.78998143580952
            ],
            [
              -43.36738359541785,
              -22.79002071195954
            ],
            [
              -43.36706601423226,
              -22.7902219309003
            ],
            [
              -43.36730087919765,
              -22.79050042514107
            ],
            [
              -43.367379605555165,
              -22.790696777243436
            ],
            [
              -43.367400423992734,
              -22.79076722062198
            ],
            [
              -43.367547119434974,
              -22.79074032646153
            ],
            [
              -43.36826188264283,
              -22.79123763539715
            ],
            [
              -43.36889408824995,
              -22.792211104521037
            ],
            [
              -43.36898854895632,
              -22.792363913811563
            ],
            [
              -43.369208346615444,
              -22.7923878795423
            ],
            [
              -43.36971788060831,
              -22.792463661424414
            ],
            [
              -43.370315712101984,
              -22.79238723856871
            ],
            [
              -43.37106947798322,
              -22.79195570389606
            ],
            [
              -43.37148025400639,
              -22.791825794037933
            ],
            [
              -43.37214405764454,
              -22.791994331008144
            ],
            [
              -43.372607365117666,
              -22.792365529805124
            ],
            [
              -43.372657823877,
              -22.792931652501956
            ],
            [
              -43.37244828805511,
              -22.793390203434925
            ],
            [
              -43.372218422336445,
              -22.793692739936574
            ],
            [
              -43.371912955978466,
              -22.793949425803834
            ],
            [
              -43.371270208613566,
              -22.794192529549694
            ],
            [
              -43.37062111337543,
              -22.794322291032714
            ],
            [
              -43.37060984324075,
              -22.795270442073516
            ],
            [
              -43.370634860607666,
              -22.795292415581756
            ],
            [
              -43.371313302010655,
              -22.795520703651867
            ],
            [
              -43.372610850162495,
              -22.795588990606117
            ],
            [
              -43.37298079384363,
              -22.795682911610704
            ],
            [
              -43.373268206318265,
              -22.795870639023203
            ],
            [
              -43.37344235226752,
              -22.796222740563824
            ],
            [
              -43.374063817716674,
              -22.796686207539228
            ],
            [
              -43.37433901159906,
              -22.79663574406547
            ],
            [
              -43.37461573647949,
              -22.79628018130082
            ],
            [
              -43.37504097163226,
              -22.79527748829521
            ],
            [
              -43.37529739088672,
              -22.79432588580838
            ],
            [
              -43.375546824925074,
              -22.793900214886467
            ],
            [
              -43.375875594451266,
              -22.793681732336733
            ],
            [
              -43.37699270504017,
              -22.79363790177773
            ],
            [
              -43.37795828957732,
              -22.793386438813915
            ],
            [
              -43.37875868448816,
              -22.793344935638505
            ],
            [
              -43.3790674942609,
              -22.794046742086778
            ],
            [
              -43.379409737873715,
              -22.7942007744564
            ],
            [
              -43.37956090225321,
              -22.794445275977484
            ],
            [
              -43.379547471620704,
              -22.7946912632806
            ],
            [
              -43.37969094972659,
              -22.795164860461888
            ],
            [
              -43.379736022061394,
              -22.795657808549805
            ],
            [
              -43.37980760161208,
              -22.795720669028498
            ],
            [
              -43.38009822806673,
              -22.795898886685244
            ],
            [
              -43.38057736409546,
              -22.796044909205058
            ],
            [
              -43.381235419704566,
              -22.796027414831336
            ],
            [
              -43.38179714956082,
              -22.795759078999023
            ],
            [
              -43.38193819086781,
              -22.79543383145691
            ],
            [
              -43.38205194468919,
              -22.795239683974575
            ],
            [
              -43.382640023911854,
              -22.795190577829896
            ],
            [
              -43.38325337189863,
              -22.795296022475544
            ],
            [
              -43.383584661766,
              -22.795561402355535
            ],
            [
              -43.38378180991298,
              -22.795682292860228
            ],
            [
              -43.38421786750859,
              -22.795764070012492
            ],
            [
              -43.38465364959054,
              -22.795698254680545
            ],
            [
              -43.38504766770475,
              -22.79545270953906
            ],
            [
              -43.38529148639477,
              -22.79521400993325
            ],
            [
              -43.38554680942881,
              -22.794999420898925
            ],
            [
              -43.385828887337865,
              -22.794723261109958
            ],
            [
              -43.38620072079596,
              -22.794111220440122
            ],
            [
              -43.386400977384525,
              -22.793649369377853
            ],
            [
              -43.386535186056975,
              -22.7931511528373
            ],
            [
              -43.38665636730924,
              -22.79278232956873
            ],
            [
              -43.38701591083883,
              -22.792168613175562
            ],
            [
              -43.387306401437314,
              -22.79161366844979
            ],
            [
              -43.387447270028304,
              -22.791428213328018
            ],
            [
              -43.38791679873734,
              -22.7913295186159
            ],
            [
              -43.38835781165461,
              -22.791419734598687
            ],
            [
              -43.388409691914596,
              -22.79112323195991
            ],
            [
              -43.388306698810865,
              -22.790741886105785
            ],
            [
              -43.38847939610095,
              -22.790553493895747
            ],
            [
              -43.388668757663275,
              -22.79074717898719
            ],
            [
              -43.388781334889984,
              -22.79097475153214
            ],
            [
              -43.38884351003894,
              -22.791505445385212
            ],
            [
              -43.38889907656397,
              -22.791711192407234
            ],
            [
              -43.38923035849744,
              -22.7920020765987
            ],
            [
              -43.389629537514644,
              -22.792143846580743
            ],
            [
              -43.38995582707313,
              -22.792041494533038
            ],
            [
              -43.39027338323221,
              -22.791434809546566
            ],
            [
              -43.390436295800306,
              -22.79082995582935
            ],
            [
              -43.390407300817905,
              -22.789894495214877
            ],
            [
              -43.39050088827436,
              -22.788814239857643
            ],
            [
              -43.39077336834181,
              -22.788905889988417
            ],
            [
              -43.39098562280451,
              -22.788970564521282
            ],
            [
              -43.39124863314083,
              -22.7893573844706
            ],
            [
              -43.39130124647843,
              -22.789686648584286
            ],
            [
              -43.39163486235648,
              -22.78997957712638
            ],
            [
              -43.39172765517401,
              -22.790359048997413
            ],
            [
              -43.39198968783977,
              -22.790505457480915
            ],
            [
              -43.39214421587908,
              -22.7906635121667
            ],
            [
              -43.392400637595166,
              -22.79118181804621
            ],
            [
              -43.39253009583307,
              -22.791414753651093
            ],
            [
              -43.39298026747433,
              -22.791906711925066
            ],
            [
              -43.39336013852836,
              -22.79233178690268
            ],
            [
              -43.39367457266308,
              -22.792840262919327
            ],
            [
              -43.39379296659686,
              -22.79280766569076
            ],
            [
              -43.39384785902278,
              -22.792481725691655
            ],
            [
              -43.393503824961584,
              -22.792291341755522
            ],
            [
              -43.39324694759291,
              -22.7920188712279
            ],
            [
              -43.393026378011946,
              -22.791560194926358
            ],
            [
              -43.39262039371505,
              -22.790962208625626
            ],
            [
              -43.39247047883972,
              -22.790650451979484
            ],
            [
              -43.392410442423355,
              -22.789902434557924
            ],
            [
              -43.39226660356618,
              -22.789381887450553
            ],
            [
              -43.3919871080457,
              -22.78918947779709
            ],
            [
              -43.391798806228365,
              -22.788868946783154
            ],
            [
              -43.39170023576589,
              -22.788735026267947
            ],
            [
              -43.391547130105835,
              -22.788506357844245
            ],
            [
              -43.39106908687944,
              -22.788101557626003
            ],
            [
              -43.39086237230782,
              -22.787882283546242
            ],
            [
              -43.390453377892364,
              -22.787320074780638
            ],
            [
              -43.390283862839055,
              -22.78711262699568
            ],
            [
              -43.39002305590828,
              -22.78645235978927
            ],
            [
              -43.389716471015916,
              -22.78646619838791
            ],
            [
              -43.389524310413,
              -22.786843521879934
            ],
            [
              -43.38909111024014,
              -22.787194625712797
            ],
            [
              -43.38882799346399,
              -22.787711271470073
            ],
            [
              -43.3887153378047,
              -22.78833672601237
            ],
            [
              -43.38813893163407,
              -22.78877705278225
            ],
            [
              -43.38792385791567,
              -22.78904562940193
            ],
            [
              -43.38759593936302,
              -22.789723554612614
            ],
            [
              -43.38747999657034,
              -22.79016380371627
            ],
            [
              -43.38767142717609,
              -22.790499107852167
            ],
            [
              -43.387271296568095,
              -22.79129398710888
            ],
            [
              -43.386951028663006,
              -22.79155354691534
            ],
            [
              -43.3866444146081,
              -22.792341581330927
            ],
            [
              -43.38645942439009,
              -22.792741597371318
            ],
            [
              -43.3862436352362,
              -22.79305748322875
            ],
            [
              -43.38604784120618,
              -22.79337412783675
            ],
            [
              -43.38584122252113,
              -22.793642111297114
            ],
            [
              -43.38544008264506,
              -22.79377184192258
            ],
            [
              -43.384913145982914,
              -22.793562340287213
            ],
            [
              -43.38438972693036,
              -22.79317077783487
            ],
            [
              -43.38425545696854,
              -22.793307084074822
            ],
            [
              -43.38400396922093,
              -22.793411031006578
            ],
            [
              -43.38394945841572,
              -22.793730824242058
            ],
            [
              -43.384142340796394,
              -22.79389416435521
            ],
            [
              -43.38419712032356,
              -22.79395227758201
            ],
            [
              -43.384135213503505,
              -22.794255972032357
            ],
            [
              -43.38414112144573,
              -22.794368568491528
            ],
            [
              -43.3843659442294,
              -22.79455895506749
            ],
            [
              -43.38417893235039,
              -22.794869892699328
            ],
            [
              -43.38384841898178,
              -22.79513773670782
            ],
            [
              -43.3835062415988,
              -22.795197233811503
            ],
            [
              -43.382497419504375,
              -22.795020436798154
            ],
            [
              -43.38113244443999,
              -22.795081980355334
            ],
            [
              -43.380851783674416,
              -22.794936856115815
            ],
            [
              -43.38076865528474,
              -22.794403944308844
            ],
            [
              -43.380612991534136,
              -22.79404593563784
            ],
            [
              -43.380274486306796,
              -22.793604842438427
            ],
            [
              -43.379908344974275,
              -22.79340218333533
            ],
            [
              -43.37954985610495,
              -22.793123318302595
            ],
            [
              -43.37933380198259,
              -22.792798208861605
            ],
            [
              -43.37964413448802,
              -22.79266994131124
            ],
            [
              -43.37984495693171,
              -22.792700358370492
            ],
            [
              -43.3798227058088,
              -22.79267587324879
            ]
          ]
        ]
      }
    },
    {
      "type": "Feature",
      "properties": {
        "CLASSE": "Média",
        "referenceYear": 2015,
        "overlayColor": "#e4bd59"
      },
      "geometry": {
        "type": "Polygon",
        "coordinates": [
          [
            [
              -43.38421603119971,
              -22.791583583368357
            ],
            [
              -43.384243001297605,
              -22.791435463270236
            ],
            [
              -43.38414062960642,
              -22.791499480771996
            ],
            [
              -43.38409425466783,
              -22.7916597349669
            ],
            [
              -43.38421603119971,
              -22.791583583368357
            ]
          ]
        ]
      }
    },
    {
      "type": "Feature",
      "properties": {
        "CLASSE": "Média",
        "referenceYear": 2015,
        "overlayColor": "#e4bd59"
      },
      "geometry": {
        "type": "Polygon",
        "coordinates": [
          [
            [
              -43.38429169659382,
              -22.79143595662551
            ],
            [
              -43.38429276075591,
              -22.791345655874313
            ],
            [
              -43.38424406549173,
              -22.791345162521214
            ],
            [
              -43.384243001297605,
              -22.791435463270236
            ],
            [
              -43.38429169659382,
              -22.79143595662551
            ]
          ]
        ]
      }
    },
    {
      "type": "Feature",
      "properties": {
        "CLASSE": "Média",
        "referenceYear": 2015,
        "overlayColor": "#e4bd59"
      },
      "geometry": {
        "type": "Polygon",
        "coordinates": [
          [
            [
              -43.378019249178614,
              -22.78206013073402
            ],
            [
              -43.37859056320324,
              -22.78097621204925
            ],
            [
              -43.37898012678446,
              -22.779993519079262
            ],
            [
              -43.37934957086,
              -22.779723124362995
            ],
            [
              -43.37977119546062,
              -22.779627479275895
            ],
            [
              -43.380276694349,
              -22.779742378876726
            ],
            [
              -43.38069124848725,
              -22.780033914920935
            ],
            [
              -43.38129071102577,
              -22.78067020031752
            ],
            [
              -43.38164219594738,
              -22.781250704082805
            ],
            [
              -43.3817485711599,
              -22.78198148277379
            ],
            [
              -43.381673117312786,
              -22.78321006006614
            ],
            [
              -43.38148921597442,
              -22.783877728258297
            ],
            [
              -43.38118608350289,
              -22.784373920504123
            ],
            [
              -43.38074046290141,
              -22.784874483761683
            ],
            [
              -43.38045906710838,
              -22.785323184360887
            ],
            [
              -43.380297417266135,
              -22.785277291268795
            ],
            [
              -43.380104130407545,
              -22.785213743700346
            ],
            [
              -43.3796386341402,
              -22.785282509510946
            ],
            [
              -43.37909013269595,
              -22.785177425430465
            ],
            [
              -43.37860734786416,
              -22.784954151307574
            ],
            [
              -43.37840479698554,
              -22.78471619341548
            ],
            [
              -43.3782618397399,
              -22.784533213235047
            ],
            [
              -43.37823726759069,
              -22.784510837558546
            ],
            [
              -43.37827020959113,
              -22.784685056672508
            ],
            [
              -43.3783915807885,
              -22.78506421055721
            ],
            [
              -43.37855495978316,
              -22.785237545230167
            ],
            [
              -43.378763419643946,
              -22.785345346236518
            ],
            [
              -43.379454825926345,
              -22.785581978929443
            ],
            [
              -43.37974521082022,
              -22.785827913743276
            ],
            [
              -43.37980959087207,
              -22.78606098297498
            ],
            [
              -43.37967277909156,
              -22.786380478875127
            ],
            [
              -43.37928297529489,
              -22.786681184571922
            ],
            [
              -43.37835033674268,
              -22.787030875453336
            ],
            [
              -43.378012682110054,
              -22.78725289261238
            ],
            [
              -43.377849437249736,
              -22.787464600231218
            ],
            [
              -43.377650461293385,
              -22.78828048296303
            ],
            [
              -43.377406782259264,
              -22.788758863511212
            ],
            [
              -43.376912512514174,
              -22.789375992405407
            ],
            [
              -43.37644672929525,
              -22.789735294138353
            ],
            [
              -43.376150618307975,
              -22.789830418034164
            ],
            [
              -43.37561813343558,
              -22.78996060569771
            ],
            [
              -43.37560797454435,
              -22.79009400680778
            ],
            [
              -43.37570734363808,
              -22.790359941696256
            ],
            [
              -43.375653284121455,
              -22.79058295890109
            ],
            [
              -43.375517962854914,
              -22.79092092028852
            ],
            [
              -43.37547840496247,
              -22.791301267158286
            ],
            [
              -43.37550437211684,
              -22.79128022165523
            ],
            [
              -43.37579141499732,
              -22.79098885925033
            ],
            [
              -43.37610036488235,
              -22.790785732038767
            ],
            [
              -43.376093348137985,
              -22.790651863853068
            ],
            [
              -43.37615883627441,
              -22.790488309542695
            ],
            [
              -43.37686057820776,
              -22.790151375545594
            ],
            [
              -43.377261081962345,
              -22.78989799994957
            ],
            [
              -43.377443654951506,
              -22.789289139773466
            ],
            [
              -43.377817448341595,
              -22.78875758939704
            ],
            [
              -43.37798570038589,
              -22.788427283419054
            ],
            [
              -43.37797199399273,
              -22.788165751490833
            ],
            [
              -43.377980207613575,
              -22.788057876445833
            ],
            [
              -43.378128054691125,
              -22.78773821893567
            ],
            [
              -43.3787179877567,
              -22.78730160045439
            ],
            [
              -43.37901711857962,
              -22.787129441951897
            ],
            [
              -43.37947859238382,
              -22.786956413268125
            ],
            [
              -43.3798650161127,
              -22.786899324611415
            ],
            [
              -43.38015338484112,
              -22.78720526038725
            ],
            [
              -43.38029153698845,
              -22.786805991743215
            ],
            [
              -43.38056175182844,
              -22.786823681756932
            ],
            [
              -43.38051179518893,
              -22.787479826036126
            ],
            [
              -43.380337044055054,
              -22.78791631069211
            ],
            [
              -43.3802229871343,
              -22.7882459516839
            ],
            [
              -43.38026280328147,
              -22.789005318810833
            ],
            [
              -43.380382761184215,
              -22.78921545939005
            ],
            [
              -43.380575845591885,
              -22.78947783439086
            ],
            [
              -43.38086177516265,
              -22.7895425867902
            ],
            [
              -43.381136680569014,
              -22.78940766680947
            ],
            [
              -43.38129224382711,
              -22.78918626178696
            ],
            [
              -43.38148534089692,
              -22.78873531640653
            ],
            [
              -43.38174612028444,
              -22.788523985445295
            ],
            [
              -43.38225586431006,
              -22.78855734866605
            ],
            [
              -43.38253111370496,
              -22.788544937726844
            ],
            [
              -43.38287939669384,
              -22.788300278100696
            ],
            [
              -43.3830665360364,
              -22.787863232392414
            ],
            [
              -43.38328367600859,
              -22.787162338588242
            ],
            [
              -43.383358563325444,
              -22.78644190059487
            ],
            [
              -43.38346610201988,
              -22.78608523899385
            ],
            [
              -43.383718472427645,
              -22.785790000909344
            ],
            [
              -43.384106418612575,
              -22.78563283245995
            ],
            [
              -43.384331611515286,
              -22.785749273662645
            ],
            [
              -43.384481048723785,
              -22.785814709281766
            ],
            [
              -43.3846205153967,
              -22.785886823776956
            ],
            [
              -43.38486747146158,
              -22.78618711201307
            ],
            [
              -43.38519440565736,
              -22.78686709504807
            ],
            [
              -43.38537506408933,
              -22.787317458570133
            ],
            [
              -43.385610214050715,
              -22.78767891901371
            ],
            [
              -43.38575194272438,
              -22.78797369536584
            ],
            [
              -43.38586115544374,
              -22.788314792148874
            ],
            [
              -43.38588662189272,
              -22.788336357222807
            ],
            [
              -43.385869324162236,
              -22.7878160304693
            ],
            [
              -43.38579436105546,
              -22.78746471621763
            ],
            [
              -43.3858839111984,
              -22.78716136645932
            ],
            [
              -43.38578256581756,
              -22.78691203622438
            ],
            [
              -43.38565482027246,
              -22.786614466199744
            ],
            [
              -43.38547683098369,
              -22.78607269662198
            ],
            [
              -43.38540336776582,
              -22.78587133431243
            ],
            [
              -43.385347614681265,
              -22.78545961888596
            ],
            [
              -43.38517056495159,
              -22.785278509719973
            ],
            [
              -43.384739717003754,
              -22.78501430580424
            ],
            [
              -43.384588344915116,
              -22.78477934296021
            ],
            [
              -43.384476101410876,
              -22.78455242719166
            ],
            [
              -43.38415377969113,
              -22.784600042661232
            ],
            [
              -43.38361784362047,
              -22.784797849708482
            ],
            [
              -43.38284208459301,
              -22.785047190680764
            ],
            [
              -43.38268691623311,
              -22.785121321748537
            ],
            [
              -43.38258716348411,
              -22.78516374627572
            ],
            [
              -43.382314776840396,
              -22.78529387719878
            ],
            [
              -43.382056839092364,
              -22.785300736522586
            ],
            [
              -43.381819476283376,
              -22.784973275600844
            ],
            [
              -43.381959481039246,
              -22.784705822803005
            ],
            [
              -43.38209781377735,
              -22.784469697893446
            ],
            [
              -43.38230307674584,
              -22.783844989770145
            ],
            [
              -43.38231503687666,
              -22.78362578418994
            ],
            [
              -43.382122231046516,
              -22.78335978992131
            ],
            [
              -43.38207695447031,
              -22.783025378076324
            ],
            [
              -43.38194058759087,
              -22.78265155627135
            ],
            [
              -43.38189030663671,
              -22.78231358511682
            ],
            [
              -43.38185250024361,
              -22.781107395725368
            ],
            [
              -43.3813693756021,
              -22.780080922359367
            ],
            [
              -43.38072424092023,
              -22.779540330986293
            ],
            [
              -43.380398042588965,
              -22.779350542872148
            ],
            [
              -43.3801230821748,
              -22.779226781093996
            ],
            [
              -43.379816750430685,
              -22.77883048138485
            ],
            [
              -43.37947947375855,
              -22.778973914155504
            ],
            [
              -43.37917551162129,
              -22.779151581756448
            ],
            [
              -43.37875737733938,
              -22.779503017467306
            ],
            [
              -43.37841534046504,
              -22.77990735959683
            ],
            [
              -43.37840694009411,
              -22.78006131192929
            ],
            [
              -43.37862730945774,
              -22.780318101151458
            ],
            [
              -43.37839449229875,
              -22.781061000077383
            ],
            [
              -43.37807849736849,
              -22.78173646027705
            ],
            [
              -43.377814176697385,
              -22.782187611901996
            ],
            [
              -43.37772496603375,
              -22.782489755645884
            ],
            [
              -43.37796647002661,
              -22.78270185585457
            ],
            [
              -43.378019249178614,
              -22.78206013073402
            ]
          ]
        ]
      }
    },
    {
      "type": "Feature",
      "properties": {
        "CLASSE": "Média",
        "referenceYear": 2015,
        "overlayColor": "#e4bd59"
      },
      "geometry": {
        "type": "Polygon",
        "coordinates": [
          [
            [
              -43.378238335378214,
              -22.784420537000006
            ],
            [
              -43.37818964271867,
              -22.784420041940727
            ],
            [
              -43.37818910880957,
              -22.78446519221905
            ],
            [
              -43.37823780148513,
              -22.784465687279415
            ],
            [
              -43.378238335378214,
              -22.784420537000006
            ]
          ]
        ]
      }
    },
    {
      "type": "Feature",
      "properties": {
        "CLASSE": "Média",
        "referenceYear": 2015,
        "overlayColor": "#e4bd59"
      },
      "geometry": {
        "type": "Polygon",
        "coordinates": [
          [
            [
              -43.38561007468548,
              -22.782869704393175
            ],
            [
              -43.385685168979,
              -22.782849564881367
            ],
            [
              -43.38582872821365,
              -22.782757348989144
            ],
            [
              -43.38599789039128,
              -22.782689397575297
            ],
            [
              -43.38612101724789,
              -22.78244085573852
            ],
            [
              -43.38632127320968,
              -22.782284373069054
            ],
            [
              -43.38620440482819,
              -22.782087169178403
            ],
            [
              -43.38582253487914,
              -22.7821551515379
            ],
            [
              -43.38557565398729,
              -22.782295082673244
            ],
            [
              -43.38548296216434,
              -22.7825961793398
            ],
            [
              -43.38561007468548,
              -22.782869704393175
            ]
          ]
        ]
      }
    },
    {
      "type": "Feature",
      "properties": {
        "CLASSE": "Média",
        "referenceYear": 2015,
        "overlayColor": "#e4bd59"
      },
      "geometry": {
        "type": "Polygon",
        "coordinates": [
          [
            [
              -43.39279120505604,
              -22.787402974267533
            ],
            [
              -43.3927159999807,
              -22.787366739936797
            ],
            [
              -43.39273659543693,
              -22.787466938733306
            ],
            [
              -43.39281180057155,
              -22.78750317305737
            ],
            [
              -43.39279120505604,
              -22.787402974267533
            ]
          ]
        ]
      }
    },
    {
      "type": "Feature",
      "properties": {
        "CLASSE": "Média",
        "referenceYear": 2015,
        "overlayColor": "#e4bd59"
      },
      "geometry": {
        "type": "Polygon",
        "coordinates": [
          [
            [
              -43.39271652918369,
              -22.787321589350643
            ],
            [
              -43.39266783514582,
              -22.787321098650803
            ],
            [
              -43.392667305926814,
              -22.787366249235877
            ],
            [
              -43.3927159999807,
              -22.787366739936797
            ],
            [
              -43.39271652918369,
              -22.787321589350643
            ]
          ]
        ]
      }
    },
    {
      "type": "Feature",
      "properties": {
        "CLASSE": "Média",
        "referenceYear": 2015,
        "overlayColor": "#e4bd59"
      },
      "geometry": {
        "type": "Polygon",
        "coordinates": [
          [
            [
              -43.392668364363495,
              -22.78727594806547
            ],
            [
              -43.392619670342974,
              -22.787275457351857
            ],
            [
              -43.39261914110929,
              -22.787320607936117
            ],
            [
              -43.39266783514582,
              -22.787321098650803
            ],
            [
              -43.392668364363495,
              -22.78727594806547
            ]
          ]
        ]
      }
    },
    {
      "type": "Feature",
      "properties": {
        "CLASSE": "Média",
        "referenceYear": 2015,
        "overlayColor": "#e4bd59"
      },
      "geometry": {
        "type": "Polygon",
        "coordinates": [
          [
            [
              -43.3920448716378,
              -22.78645685730092
            ],
            [
              -43.391996177923005,
              -22.786456366413667
            ],
            [
              -43.39199564850526,
              -22.786501516988686
            ],
            [
              -43.392044342236076,
              -22.786502007877015
            ],
            [
              -43.3920448716378,
              -22.78645685730092
            ]
          ]
        ]
      }
    },
    {
      "type": "Feature",
      "properties": {
        "CLASSE": "Média",
        "referenceYear": 2015,
        "overlayColor": "#e4bd59"
      },
      "geometry": {
        "type": "Polygon",
        "coordinates": [
          [
            [
              -43.39199723675446,
              -22.7863660652628
            ],
            [
              -43.39194854307303,
              -22.786365574362854
            ],
            [
              -43.391948013641965,
              -22.78641072493734
            ],
            [
              -43.3919967073394,
              -22.786411215838363
            ],
            [
              -43.39199723675446,
              -22.7863660652628
            ]
          ]
        ]
      }
    },
    {
      "type": "Feature",
      "properties": {
        "CLASSE": "Média",
        "referenceYear": 2015,
        "overlayColor": "#e4bd59"
      },
      "geometry": {
        "type": "Polygon",
        "coordinates": [
          [
            [
              -43.39195013135821,
              -22.786230122637793
            ],
            [
              -43.39190143772616,
              -22.786229631726233
            ],
            [
              -43.39190037883869,
              -22.786319932874385
            ],
            [
              -43.39194907250276,
              -22.7863204237881
            ],
            [
              -43.39195013135821,
              -22.786230122637793
            ]
          ]
        ]
      }
    },
    {
      "type": "Feature",
      "properties": {
        "CLASSE": "Média",
        "referenceYear": 2015,
        "overlayColor": "#e4bd59"
      },
      "geometry": {
        "type": "Polygon",
        "coordinates": [
          [
            [
              -43.40249811143743,
              -22.783800983891325
            ],
            [
              -43.40200957637173,
              -22.78355498082113
            ],
            [
              -43.40163387295303,
              -22.783626508145232
            ],
            [
              -43.40132385554904,
              -22.78375839843658
            ],
            [
              -43.40115809901812,
              -22.783897747902994
            ],
            [
              -43.40121123203578,
              -22.784125229374066
            ],
            [
              -43.40157756240279,
              -22.78421002935752
            ],
            [
              -43.40169023121203,
              -22.784365423184727
            ],
            [
              -43.40167752322931,
              -22.784598900809655
            ],
            [
              -43.401724221575,
              -22.78548013534446
            ],
            [
              -43.40193976171228,
              -22.78554579286339
            ],
            [
              -43.40206274958097,
              -22.785726651562165
            ],
            [
              -43.402255851273516,
              -22.785813531923047
            ],
            [
              -43.40229893058714,
              -22.786337268423217
            ],
            [
              -43.402538613237276,
              -22.786445103968674
            ],
            [
              -43.40254714773234,
              -22.78671960134892
            ],
            [
              -43.40233981204265,
              -22.786807806535617
            ],
            [
              -43.40231506718547,
              -22.786921308758686
            ],
            [
              -43.40266500327655,
              -22.786851275103935
            ],
            [
              -43.402781059630485,
              -22.786554554363583
            ],
            [
              -43.40271852420592,
              -22.78607496887252
            ],
            [
              -43.40264329757272,
              -22.785998036707774
            ],
            [
              -43.40211661418271,
              -22.78553563889804
            ],
            [
              -43.40209314441449,
              -22.784780500251824
            ],
            [
              -43.40217527687593,
              -22.784369450139124
            ],
            [
              -43.40223418756053,
              -22.78399959166241
            ],
            [
              -43.40251886009107,
              -22.783833148835885
            ],
            [
              -43.40249811143743,
              -22.783800983891325
            ]
          ]
        ]
      }
    },
    {
      "type": "Feature",
      "properties": {
        "CLASSE": "Média",
        "referenceYear": 2015,
        "overlayColor": "#e4bd59"
      },
      "geometry": {
        "type": "Polygon",
        "coordinates": [
          [
            [
              -43.3902318301554,
              -22.776591549566927
            ],
            [
              -43.390139183059915,
              -22.776437689888603
            ],
            [
              -43.3899360734818,
              -22.775985930497963
            ],
            [
              -43.38988240704167,
              -22.77568793692114
            ],
            [
              -43.38981051434552,
              -22.775744119390986
            ],
            [
              -43.38986370490534,
              -22.776437478906598
            ],
            [
              -43.39006553024681,
              -22.7766595513964
            ],
            [
              -43.390260271963015,
              -22.77668518009462
            ],
            [
              -43.3902318301554,
              -22.776591549566927
            ]
          ]
        ]
      }
    },
    {
      "type": "Feature",
      "properties": {
        "CLASSE": "Média",
        "referenceYear": 2015,
        "overlayColor": "#e4bd59"
      },
      "geometry": {
        "type": "MultiPolygon",
        "coordinates": [
          [
            [
              [
                -43.347594258242225,
                -22.803669025698056
              ],
              [
                -43.347592468527964,
                -22.803644859919608
              ],
              [
                -43.347292991228755,
                -22.80357543371159
              ],
              [
                -43.347187693039544,
                -22.803362429322107
              ],
              [
                -43.34676807944086,
                -22.80334264971361
              ],
              [
                -43.34608723329426,
                -22.803575462283394
              ],
              [
                -43.34629579999995,
                -22.803577999999955
              ],
              [
                -43.34674469999993,
                -22.803616299999934
              ],
              [
                -43.34681599999993,
                -22.803622299999976
              ],
              [
                -43.34690749999993,
                -22.80363009999996
              ],
              [
                -43.34696289999994,
                -22.80363479999994
              ],
              [
                -43.347009499999956,
                -22.803638799999934
              ],
              [
                -43.34707009999994,
                -22.803643899999944
              ],
              [
                -43.34721829999995,
                -22.803656599999957
              ],
              [
                -43.34740409999995,
                -22.803673399999976
              ],
              [
                -43.34743457719903,
                -22.80367615124744
              ],
              [
                -43.347594258242225,
                -22.803669025698056
              ]
            ]
          ],
          [
            [
              [
                -43.3399250122846,
                -22.803085914209625
              ],
              [
                -43.339617741985094,
                -22.80316143256965
              ],
              [
                -43.340035099999966,
                -22.80317849999994
              ],
              [
                -43.34012172800583,
                -22.80318505639487
              ],
              [
                -43.3399250122846,
                -22.803085914209625
              ]
            ]
          ],
          [
            [
              [
                -43.33230199831732,
                -22.802767354571312
              ],
              [
                -43.33274855742125,
                -22.802800008158773
              ],
              [
                -43.33272708930396,
                -22.802772220379936
              ],
              [
                -43.33242762821085,
                -22.80262127087174
              ],
              [
                -43.33220343950461,
                -22.802610684995603
              ],
              [
                -43.33191176992699,
                -22.80271820854193
              ],
              [
                -43.33230199831732,
                -22.802767354571312
              ]
            ]
          ]
        ]
      }
    },
    {
      "type": "Feature",
      "properties": {
        "CLASSE": "Baixa",
        "referenceYear": 2015,
        "overlayColor": "#5d8aa8"
      },
      "geometry": {
        "type": "Polygon",
        "coordinates": [
          [
            [
              -43.33337314080382,
              -22.801613674255137
            ],
            [
              -43.33347053613826,
              -22.80161469243696
            ],
            [
              -43.3334710852245,
              -22.801569543272027
            ],
            [
              -43.33337368992213,
              -22.80156852509246
            ],
            [
              -43.33337314080382,
              -22.801613674255137
            ]
          ]
        ]
      }
    },
    {
      "type": "Feature",
      "properties": {
        "CLASSE": "Baixa",
        "referenceYear": 2015,
        "overlayColor": "#5d8aa8"
      },
      "geometry": {
        "type": "Polygon",
        "coordinates": [
          [
            [
              -43.334592777746174,
              -22.801445800491315
            ],
            [
              -43.33459332645825,
              -22.801400651299588
            ],
            [
              -43.334544628838486,
              -22.801400142563516
            ],
            [
              -43.33454408011038,
              -22.801445291754106
            ],
            [
              -43.334592777746174,
              -22.801445800491315
            ]
          ]
        ]
      }
    },
    {
      "type": "Feature",
      "properties": {
        "CLASSE": "Baixa",
        "referenceYear": 2015,
        "overlayColor": "#5d8aa8"
      },
      "geometry": {
        "type": "Polygon",
        "coordinates": [
          [
            [
              -43.33464202407939,
              -22.80140116002082
            ],
            [
              -43.33464257277405,
              -22.801356010827742
            ],
            [
              -43.33459387516893,
              -22.80135550210763
            ],
            [
              -43.33459332645825,
              -22.801400651299588
            ],
            [
              -43.33464202407939,
              -22.80140116002082
            ]
          ]
        ]
      }
    },
    {
      "type": "Feature",
      "properties": {
        "CLASSE": "Baixa",
        "referenceYear": 2015,
        "overlayColor": "#5d8aa8"
      },
      "geometry": {
        "type": "Polygon",
        "coordinates": [
          [
            [
              -43.33469127038057,
              -22.801356519532998
            ],
            [
              -43.3346918190578,
              -22.80131137033851
            ],
            [
              -43.334643121467316,
              -22.801310861634384
            ],
            [
              -43.33464257277405,
              -22.801356010827742
            ],
            [
              -43.33469127038057,
              -22.801356519532998
            ]
          ]
        ]
      }
    },
    {
      "type": "Feature",
      "properties": {
        "CLASSE": "Baixa",
        "referenceYear": 2015,
        "overlayColor": "#5d8aa8"
      },
      "geometry": {
        "type": "Polygon",
        "coordinates": [
          [
            [
              -43.334740516649674,
              -22.80131187902779
            ],
            [
              -43.3347410653095,
              -22.801266729831916
            ],
            [
              -43.33469236773365,
              -22.80126622114376
            ],
            [
              -43.3346918190578,
              -22.80131137033851
            ],
            [
              -43.334740516649674,
              -22.80131187902779
            ]
          ]
        ]
      }
    },
    {
      "type": "Feature",
      "properties": {
        "CLASSE": "Baixa",
        "referenceYear": 2015,
        "overlayColor": "#5d8aa8"
      },
      "geometry": {
        "type": "Polygon",
        "coordinates": [
          [
            [
              -43.33479031152915,
              -22.801222089307963
            ],
            [
              -43.33479086017016,
              -22.801176940110434
            ],
            [
              -43.33474216262498,
              -22.801176431439373
            ],
            [
              -43.334741613967935,
              -22.80122158063578
            ],
            [
              -43.33479031152915,
              -22.801222089307963
            ]
          ]
        ]
      }
    },
    {
      "type": "Feature",
      "properties": {
        "CLASSE": "Baixa",
        "referenceYear": 2015,
        "overlayColor": "#5d8aa8"
      },
      "geometry": {
        "type": "Polygon",
        "coordinates": [
          [
            [
              -43.33483955771674,
              -22.80117744876663
            ],
            [
              -43.33484065496255,
              -22.80108715036855
            ],
            [
              -43.334791957448026,
              -22.801086641714587
            ],
            [
              -43.33479086017016,
              -22.801176940110434
            ],
            [
              -43.33483955771674,
              -22.80117744876663
            ]
          ]
        ]
      }
    },
    {
      "type": "Feature",
      "properties": {
        "CLASSE": "Baixa",
        "referenceYear": 2015,
        "overlayColor": "#5d8aa8"
      },
      "geometry": {
        "type": "Polygon",
        "coordinates": [
          [
            [
              -43.33488935247846,
              -22.801087659007663
            ],
            [
              -43.33488990108326,
              -22.801042509807075
            ],
            [
              -43.33484120358337,
              -22.801042001169094
            ],
            [
              -43.33484065496255,
              -22.80108715036855
            ],
            [
              -43.33488935247846,
              -22.801087659007663
            ]
          ]
        ]
      }
    },
    {
      "type": "Feature",
      "properties": {
        "CLASSE": "Baixa",
        "referenceYear": 2015,
        "overlayColor": "#5d8aa8"
      },
      "geometry": {
        "type": "Polygon",
        "coordinates": [
          [
            [
              -43.33508907937219,
              -22.800683350560472
            ],
            [
              -43.33508962790037,
              -22.80063820135304
            ],
            [
              -43.335040930539165,
              -22.80063769278454
            ],
            [
              -43.33504038199496,
              -22.800682841990888
            ],
            [
              -43.33508907937219,
              -22.800683350560472
            ]
          ]
        ]
      }
    },
    {
      "type": "Feature",
      "properties": {
        "CLASSE": "Baixa",
        "referenceYear": 2015,
        "overlayColor": "#5d8aa8"
      },
      "geometry": {
        "type": "Polygon",
        "coordinates": [
          [
            [
              -43.35832473499109,
              -22.801226478166175
            ],
            [
              -43.35801748997228,
              -22.801206320088713
            ],
            [
              -43.35737114105891,
              -22.801092946992142
            ],
            [
              -43.35734284313278,
              -22.80100451110095
            ],
            [
              -43.357076730828545,
              -22.801045656419557
            ],
            [
              -43.35725050516941,
              -22.801181667274136
            ],
            [
              -43.358025974840835,
              -22.801391322622287
            ],
            [
              -43.358435599115666,
              -22.801434302311012
            ],
            [
              -43.35862759859275,
              -22.801309164162806
            ],
            [
              -43.35877923059772,
              -22.801224592829342
            ],
            [
              -43.35880162205504,
              -22.801200156592802
            ],
            [
              -43.35832473499109,
              -22.801226478166175
            ]
          ]
        ]
      }
    },
    {
      "type": "Feature",
      "properties": {
        "CLASSE": "Alta",
        "referenceYear": 2015,
        "overlayColor": "#b63d35"
      },
      "geometry": {
        "type": "MultiPolygon",
        "coordinates": [
          [
            [
              [
                -43.37559845921575,
                -22.80602589191989
              ],
              [
                -43.3756616565148,
                -22.806640545633947
              ],
              [
                -43.37584265561261,
                -22.80696627310516
              ],
              [
                -43.37572073972124,
                -22.807478360949105
              ],
              [
                -43.37518745395581,
                -22.807664649145103
              ],
              [
                -43.374817115014466,
                -22.807570639552882
              ],
              [
                -43.37438295508719,
                -22.807582162101898
              ],
              [
                -43.37450899999993,
                -22.80764119999997
              ],
              [
                -43.37457469999998,
                -22.807685899999964
              ],
              [
                -43.37484729999994,
                -22.807871499999976
              ],
              [
                -43.37485019999997,
                -22.807873599999937
              ],
              [
                -43.37510449999996,
                -22.808067299999948
              ],
              [
                -43.37514919999995,
                -22.808101199999953
              ],
              [
                -43.37535109999993,
                -22.80824759999996
              ],
              [
                -43.37535419999995,
                -22.80824959999995
              ],
              [
                -43.37553529999997,
                -22.808366099999947
              ],
              [
                -43.37560769999993,
                -22.808408099999948
              ],
              [
                -43.37576549999994,
                -22.808499699999974
              ],
              [
                -43.375845099999935,
                -22.808570799999927
              ],
              [
                -43.375924699999985,
                -22.808641899999934
              ],
              [
                -43.376129599999956,
                -22.808914099999978
              ],
              [
                -43.37618299999997,
                -22.808984899999928
              ],
              [
                -43.376266199999975,
                -22.80909549999996
              ],
              [
                -43.376322699999946,
                -22.809170599999963
              ],
              [
                -43.37635679999994,
                -22.809278699999933
              ],
              [
                -43.37644779999994,
                -22.80990689999993
              ],
              [
                -43.37651249999993,
                -22.81032289999996
              ],
              [
                -43.37651319999998,
                -22.810327599999933
              ],
              [
                -43.37652826863734,
                -22.810399865180504
              ],
              [
                -43.37661079071163,
                -22.81044642386073
              ],
              [
                -43.376676765248995,
                -22.810488871539608
              ],
              [
                -43.37668074881737,
                -22.810489347205593
              ],
              [
                -43.37733231393497,
                -22.810495982403594
              ],
              [
                -43.37770854081635,
                -22.810408278719013
              ],
              [
                -43.37830108882406,
                -22.81039600297309
              ],
              [
                -43.378953736725414,
                -22.810311109669936
              ],
              [
                -43.379328664086415,
                -22.81033322939497
              ],
              [
                -43.379729991046084,
                -22.810532172921395
              ],
              [
                -43.38016210719535,
                -22.810604158255266
              ],
              [
                -43.38044592244118,
                -22.81065210471079
              ],
              [
                -43.38077847644535,
                -22.810804398604084
              ],
              [
                -43.38117277340461,
                -22.810988910709614
              ],
              [
                -43.38156701910247,
                -22.81117793741185
              ],
              [
                -43.38191180388652,
                -22.811325832720946
              ],
              [
                -43.38235562741009,
                -22.811492763080473
              ],
              [
                -43.382614574602776,
                -22.811585622578367
              ],
              [
                -43.382768157224525,
                -22.811704557019638
              ],
              [
                -43.38304285334489,
                -22.811853796815214
              ],
              [
                -43.38327719598568,
                -22.812075854716827
              ],
              [
                -43.38355102875682,
                -22.812298312816825
              ],
              [
                -43.38355673330162,
                -22.81230918546688
              ],
              [
                -43.38357039999994,
                -22.81231759999998
              ],
              [
                -43.38370969999994,
                -22.812417099999955
              ],
              [
                -43.383721899999955,
                -22.812426899999927
              ],
              [
                -43.38377429999997,
                -22.812469099999934
              ],
              [
                -43.38382629999995,
                -22.81251089999995
              ],
              [
                -43.38397409999993,
                -22.812695699999953
              ],
              [
                -43.38407879999994,
                -22.81288669999997
              ],
              [
                -43.384087799999975,
                -22.81290319999994
              ],
              [
                -43.384292499999965,
                -22.81328129999997
              ],
              [
                -43.38430959999994,
                -22.813324299999973
              ],
              [
                -43.384391999999934,
                -22.813531499999947
              ],
              [
                -43.38439602310657,
                -22.813539541802783
              ],
              [
                -43.38441652533437,
                -22.813545064599616
              ],
              [
                -43.38451959031829,
                -22.81365047566912
              ],
              [
                -43.38462057987572,
                -22.81370046740261
              ],
              [
                -43.38534963237947,
                -22.81383600332882
              ],
              [
                -43.3858823143172,
                -22.81387801156091
              ],
              [
                -43.386196507762456,
                -22.814027647957516
              ],
              [
                -43.38666780017865,
                -22.81425210075376
              ],
              [
                -43.38675991387693,
                -22.81427981344349
              ],
              [
                -43.38684054461305,
                -22.814142208895134
              ],
              [
                -43.38733505793812,
                -22.81400255829445
              ],
              [
                -43.38766872575014,
                -22.81408722815897
              ],
              [
                -43.38774975809267,
                -22.81425100915776
              ],
              [
                -43.38797312565907,
                -22.814082244000293
              ],
              [
                -43.388272101676016,
                -22.813847280827293
              ],
              [
                -43.388630310640174,
                -22.81361291570344
              ],
              [
                -43.38906728402777,
                -22.81339765307915
              ],
              [
                -43.389641608173534,
                -22.813257003607763
              ],
              [
                -43.389936491375806,
                -22.813369823558425
              ],
              [
                -43.3899955102844,
                -22.813388727307878
              ],
              [
                -43.38999615599766,
                -22.813333813804423
              ],
              [
                -43.39011977967263,
                -22.813197708000907
              ],
              [
                -43.390032802770094,
                -22.81313061346261
              ],
              [
                -43.38990978036628,
                -22.812828030938075
              ],
              [
                -43.389822943003374,
                -22.812671792892573
              ],
              [
                -43.38964601940207,
                -22.81239724620116
              ],
              [
                -43.38903391151802,
                -22.812183438149884
              ],
              [
                -43.3882336632547,
                -22.811865336538535
              ],
              [
                -43.38809390456465,
                -22.811839685985312
              ],
              [
                -43.38794779665809,
                -22.81183820810938
              ],
              [
                -43.38794832806506,
                -22.811793057767765
              ],
              [
                -43.387802220218745,
                -22.811791579761252
              ],
              [
                -43.38780275167245,
                -22.81174642942262
              ],
              [
                -43.387656643886366,
                -22.811744951285526
              ],
              [
                -43.38765717538687,
                -22.811699800949867
              ],
              [
                -43.38751106766099,
                -22.811698322682197
              ],
              [
                -43.38751159920825,
                -22.811653172349526
              ],
              [
                -43.38741419409647,
                -22.81165218676556
              ],
              [
                -43.38741472567447,
                -22.81160703643479
              ],
              [
                -43.387366023136636,
                -22.811606543621583
              ],
              [
                -43.38726861806501,
                -22.81160555795057
              ],
              [
                -43.387269149689764,
                -22.811560407622775
              ],
              [
                -43.386566381328606,
                -22.81130448601495
              ],
              [
                -43.38649310082715,
                -22.811281618262388
              ],
              [
                -43.38638841672734,
                -22.811505361188583
              ],
              [
                -43.386122393562204,
                -22.811660828126058
              ],
              [
                -43.385999925167134,
                -22.812529093874247
              ],
              [
                -43.38571922854371,
                -22.81264845000979
              ],
              [
                -43.385604513968815,
                -22.81276073937576
              ],
              [
                -43.385391669319084,
                -22.81262176001079
              ],
              [
                -43.38534021779064,
                -22.81205930633818
              ],
              [
                -43.385289922450745,
                -22.811721336346007
              ],
              [
                -43.38518646604413,
                -22.81143780053185
              ],
              [
                -43.38494158120929,
                -22.81132761127539
              ],
              [
                -43.38446290404352,
                -22.811237850177896
              ],
              [
                -43.3842654568837,
                -22.81113841547182
              ],
              [
                -43.38420621997944,
                -22.81107782599908
              ],
              [
                -43.38410881543583,
                -22.8110768384189
              ],
              [
                -43.38406011316605,
                -22.811076344606512
              ],
              [
                -43.384060645834445,
                -22.811031194347333
              ],
              [
                -43.383963241331,
                -22.811030206680105
              ],
              [
                -43.38391453908131,
                -22.81102971282419
              ],
              [
                -43.38391507179646,
                -22.810984562567995
              ],
              [
                -43.38381766733318,
                -22.81098357481373
              ],
              [
                -43.38376896510359,
                -22.81098308091429
              ],
              [
                -43.38376949786549,
                -22.810937930661083
              ],
              [
                -43.38372079565326,
                -22.810937436747864
              ],
              [
                -43.38362339123286,
                -22.810936448876816
              ],
              [
                -43.38362392404152,
                -22.81089129862661
              ],
              [
                -43.38345190268753,
                -22.810868657236348
              ],
              [
                -43.38326128714509,
                -22.810818205580556
              ],
              [
                -43.3827449484065,
                -22.810726017887866
              ],
              [
                -43.382481479903205,
                -22.81085881098113
              ],
              [
                -43.38225515926012,
                -22.810898307015464
              ],
              [
                -43.38217988368072,
                -22.810574767208124
              ],
              [
                -43.38257936936712,
                -22.810314932668312
              ],
              [
                -43.382634667973285,
                -22.809953890430055
              ],
              [
                -43.38275894770748,
                -22.80948164017131
              ],
              [
                -43.382738745833414,
                -22.80921155962301
              ],
              [
                -43.38276487034133,
                -22.8089464911696
              ],
              [
                -43.383114314617295,
                -22.808673502281444
              ],
              [
                -43.38315798522057,
                -22.80846903055046
              ],
              [
                -43.38333201432101,
                -22.808179714919138
              ],
              [
                -43.38355462953608,
                -22.80763351220441
              ],
              [
                -43.38378143677977,
                -22.80744972696545
              ],
              [
                -43.38422662898206,
                -22.807399113426072
              ],
              [
                -43.38449365897406,
                -22.807349046648657
              ],
              [
                -43.384854274118,
                -22.807172078506056
              ],
              [
                -43.38538389668411,
                -22.806953187264543
              ],
              [
                -43.38605375042336,
                -22.80682697367593
              ],
              [
                -43.38767723311208,
                -22.806749112847616
              ],
              [
                -43.38789444823387,
                -22.806823861164844
              ],
              [
                -43.38826139089147,
                -22.807109249724867
              ],
              [
                -43.38848484191083,
                -22.807168753017987
              ],
              [
                -43.388791676198984,
                -22.807070171821614
              ],
              [
                -43.38924755684018,
                -22.806815216477133
              ],
              [
                -43.38978916141785,
                -22.806552289725982
              ],
              [
                -43.390043233317456,
                -22.806363285868184
              ],
              [
                -43.390349950193325,
                -22.80623650553151
              ],
              [
                -43.390911161010685,
                -22.80580357308614
              ],
              [
                -43.390733619526806,
                -22.80556237567676
              ],
              [
                -43.39037375439035,
                -22.805257683354704
              ],
              [
                -43.39039941089946,
                -22.804920508731236
              ],
              [
                -43.39046780973442,
                -22.80463875519027
              ],
              [
                -43.390419109599875,
                -22.804638263451643
              ],
              [
                -43.39042017041076,
                -22.8045479625766
              ],
              [
                -43.390293260712454,
                -22.80430573258483
              ],
              [
                -43.39027937456616,
                -22.804094982919207
              ],
              [
                -43.39021483815333,
                -22.803944747133283
              ],
              [
                -43.39012014880387,
                -22.803480045521965
              ],
              [
                -43.39006491565859,
                -22.803351472806472
              ],
              [
                -43.39004648500512,
                -22.803189515155335
              ],
              [
                -43.389626965040506,
                -22.803098019930626
              ],
              [
                -43.38908984367649,
                -22.802797707986336
              ],
              [
                -43.389035561779366,
                -22.802854585345294
              ],
              [
                -43.38906815657,
                -22.80329011237854
              ],
              [
                -43.389021139328456,
                -22.80340493550901
              ],
              [
                -43.38915142764087,
                -22.803519328982862
              ],
              [
                -43.38941966271088,
                -22.80385105029976
              ],
              [
                -43.38947702862935,
                -22.804063440926033
              ],
              [
                -43.389520138702444,
                -22.80438168673566
              ],
              [
                -43.389712038055315,
                -22.804788307615606
              ],
              [
                -43.389761352575526,
                -22.804938378793395
              ],
              [
                -43.38990030538066,
                -22.805188381727405
              ],
              [
                -43.38977628158859,
                -22.8054460691033
              ],
              [
                -43.38916884358306,
                -22.805736255471775
              ],
              [
                -43.38886953817559,
                -22.805863532891735
              ],
              [
                -43.38864190149463,
                -22.80597227469129
              ],
              [
                -43.38799237734521,
                -22.80590154005675
              ],
              [
                -43.387667380786134,
                -22.805650816945242
              ],
              [
                -43.387255472208544,
                -22.805489062362902
              ],
              [
                -43.38683632938613,
                -22.805469414574336
              ],
              [
                -43.38531676957418,
                -22.805784147513165
              ],
              [
                -43.38492849845673,
                -22.805829343888778
              ],
              [
                -43.384479819011325,
                -22.805956052885403
              ],
              [
                -43.384388267310776,
                -22.806045673374467
              ],
              [
                -43.38414133282152,
                -22.806176917577755
              ],
              [
                -43.383983263708295,
                -22.80627541056285
              ],
              [
                -43.383714267049186,
                -22.806389789150142
              ],
              [
                -43.38360276765731,
                -22.806803636513344
              ],
              [
                -43.38351875813833,
                -22.806733661976853
              ],
              [
                -43.38334926538351,
                -22.80621779008331
              ],
              [
                -43.3830416434778,
                -22.805903149672222
              ],
              [
                -43.38272306949963,
                -22.805778038175774
              ],
              [
                -43.38242677956461,
                -22.805861710511653
              ],
              [
                -43.382323376617904,
                -22.805948602231872
              ],
              [
                -43.38243732788188,
                -22.806116198489335
              ],
              [
                -43.38262865402376,
                -22.80638011115457
              ],
              [
                -43.382638818396295,
                -22.806708700782146
              ],
              [
                -43.3825762224535,
                -22.806885254167728
              ],
              [
                -43.38255068829725,
                -22.806906712990898
              ],
              [
                -43.382753454801396,
                -22.80716762726431
              ],
              [
                -43.382857688699104,
                -22.807528441831515
              ],
              [
                -43.38278324591485,
                -22.808072905808373
              ],
              [
                -43.38255870011785,
                -22.80863298381092
              ],
              [
                -43.38235433357357,
                -22.80895655183492
              ],
              [
                -43.382061041881435,
                -22.809286647235872
              ],
              [
                -43.38170340471403,
                -22.809543195844974
              ],
              [
                -43.381495433239515,
                -22.809650494897312
              ],
              [
                -43.38149489976171,
                -22.809695645106967
              ],
              [
                -43.38144619804593,
                -22.809695150524252
              ],
              [
                -43.38125538640682,
                -22.810010928068028
              ],
              [
                -43.38096269866075,
                -22.810217825015464
              ],
              [
                -43.380669816307574,
                -22.81015669615437
              ],
              [
                -43.38018102617993,
                -22.80979750668753
              ],
              [
                -43.379915882994766,
                -22.80947513405705
              ],
              [
                -43.379698277828254,
                -22.809225833938317
              ],
              [
                -43.37964957632284,
                -22.809225338816372
              ],
              [
                -43.37965011039647,
                -22.809180188645378
              ],
              [
                -43.37955324152612,
                -22.80913404818993
              ],
              [
                -43.37950454005684,
                -22.80913355302558
              ],
              [
                -43.37950507417587,
                -22.809088402857306
              ],
              [
                -43.379095074136124,
                -22.808875460705163
              ],
              [
                -43.3785619741147,
                -22.808508440732115
              ],
              [
                -43.378273923943006,
                -22.808284389937302
              ],
              [
                -43.378199757153666,
                -22.808262325283156
              ],
              [
                -43.378047624997414,
                -22.808231198979694
              ],
              [
                -43.37784908115525,
                -22.80829345014165
              ],
              [
                -43.37773629544169,
                -22.80881025737467
              ],
              [
                -43.37749845007811,
                -22.80886392797593
              ],
              [
                -43.377334453223085,
                -22.80862270569789
              ],
              [
                -43.377227075225974,
                -22.808295860681095
              ],
              [
                -43.3771392266393,
                -22.808055055230287
              ],
              [
                -43.376683259353065,
                -22.80765466136457
              ],
              [
                -43.37657803611506,
                -22.807499888777457
              ],
              [
                -43.3762666294974,
                -22.807359739704097
              ],
              [
                -43.37617053145641,
                -22.807067195378217
              ],
              [
                -43.37610400932416,
                -22.806399778646917
              ],
              [
                -43.376300794177276,
                -22.806234428849532
              ],
              [
                -43.376499163182444,
                -22.805929334246336
              ],
              [
                -43.377230379593236,
                -22.80588265081946
              ],
              [
                -43.377580631155084,
                -22.805624262006017
              ],
              [
                -43.377574436933756,
                -22.805423843089038
              ],
              [
                -43.37744219610778,
                -22.805185860164418
              ],
              [
                -43.37705906413109,
                -22.804591172402056
              ],
              [
                -43.37691405371072,
                -22.804298003671327
              ],
              [
                -43.37686620695661,
                -22.80365385097245
              ],
              [
                -43.37665739818634,
                -22.8034704905312
              ],
              [
                -43.37592118516617,
                -22.80356461376449
              ],
              [
                -43.37548331775197,
                -22.803417304677392
              ],
              [
                -43.374960614164344,
                -22.803113207357985
              ],
              [
                -43.37482669294355,
                -22.80291620478564
              ],
              [
                -43.374845837919466,
                -22.802565744337386
              ],
              [
                -43.37470923896154,
                -22.8019253719001
              ],
              [
                -43.37463961341222,
                -22.801248094811605
              ],
              [
                -43.37448416508338,
                -22.801033641550866
              ],
              [
                -43.37406079122383,
                -22.80088324111346
              ],
              [
                -43.373781205406566,
                -22.800970904481673
              ],
              [
                -43.37302386988642,
                -22.801612282760885
              ],
              [
                -43.372689702949295,
                -22.801729020377376
              ],
              [
                -43.37275043095774,
                -22.80201374196656
              ],
              [
                -43.372682918843296,
                -22.802506550044736
              ],
              [
                -43.37258361340661,
                -22.80343958092073
              ],
              [
                -43.37359460688549,
                -22.803502854133377
              ],
              [
                -43.37365498122612,
                -22.804315972054937
              ],
              [
                -43.37430717861372,
                -22.80488871166892
              ],
              [
                -43.375115681636515,
                -22.805252599314137
              ],
              [
                -43.37537349261384,
                -22.80544008821193
              ],
              [
                -43.37559845921575,
                -22.80602589191989
              ]
            ]
          ],
          [
            [
              [
                -43.39595759403776,
                -22.80583109701317
              ],
              [
                -43.39564313461835,
                -22.805689620378867
              ],
              [
                -43.39508209684436,
                -22.805600958966075
              ],
              [
                -43.39427978599625,
                -22.805694066132283
              ],
              [
                -43.39362187459287,
                -22.805760341453663
              ],
              [
                -43.39324850065886,
                -22.805938722948763
              ],
              [
                -43.39291956381085,
                -22.806260758130442
              ],
              [
                -43.39303435274389,
                -22.806575305224776
              ],
              [
                -43.39327481338228,
                -22.80672272182831
              ],
              [
                -43.39374533693616,
                -22.806934419163643
              ],
              [
                -43.39472673790695,
                -22.807118397498964
              ],
              [
                -43.395419778156565,
                -22.80726012124338
              ],
              [
                -43.3955494283654,
                -22.807219453879892
              ],
              [
                -43.39646024720018,
                -22.806216534081077
              ],
              [
                -43.39632100462043,
                -22.80607414261858
              ],
              [
                -43.39595759403776,
                -22.80583109701317
              ]
            ]
          ],
          [
            [
              [
                -43.372372797361294,
                -22.806757951387468
              ],
              [
                -43.37235732967614,
                -22.806682651867025
              ],
              [
                -43.372294082700385,
                -22.80656135616016
              ],
              [
                -43.37227861507396,
                -22.80648605663411
              ],
              [
                -43.37222991472197,
                -22.80648555930193
              ],
              [
                -43.3722309876142,
                -22.806395259261823
              ],
              [
                -43.37196461264914,
                -22.806190198932086
              ],
              [
                -43.371676969562344,
                -22.805959763496286
              ],
              [
                -43.37139453797976,
                -22.805749147378855
              ],
              [
                -43.37121751569361,
                -22.805568050596946
              ],
              [
                -43.37115267759085,
                -22.804994593559023
              ],
              [
                -43.3713956360879,
                -22.80479045879121
              ],
              [
                -43.3714527794226,
                -22.80468132886621
              ],
              [
                -43.371688518325726,
                -22.80448326036821
              ],
              [
                -43.37175857063779,
                -22.80434947405422
              ],
              [
                -43.37197026500557,
                -22.804259484188282
              ],
              [
                -43.37203959982369,
                -22.804063954355296
              ],
              [
                -43.372278267742644,
                -22.803962493127433
              ],
              [
                -43.3723344992139,
                -22.803753859248918
              ],
              [
                -43.372531667370694,
                -22.803712436611374
              ],
              [
                -43.37258461492138,
                -22.80366061175608
              ],
              [
                -43.372579153390184,
                -22.803483709745493
              ],
              [
                -43.37246707590511,
                -22.803486683081484
              ],
              [
                -43.37223947115598,
                -22.80370945320152
              ],
              [
                -43.37206562026181,
                -22.80385553020178
              ],
              [
                -43.37152514108699,
                -22.804240716138292
              ],
              [
                -43.371124334948654,
                -22.804507019318542
              ],
              [
                -43.370912018108,
                -22.804597282770118
              ],
              [
                -43.37080648068463,
                -22.8046476820729
              ],
              [
                -43.37081885262221,
                -22.80504874534479
              ],
              [
                -43.370799750336666,
                -22.805398185388988
              ],
              [
                -43.37058163405532,
                -22.805641141065035
              ],
              [
                -43.370685299999934,
                -22.805735999999968
              ],
              [
                -43.37085029999998,
                -22.80588719999997
              ],
              [
                -43.37091909999998,
                -22.805949099999964
              ],
              [
                -43.37094109999998,
                -22.805968899999982
              ],
              [
                -43.37100339999995,
                -22.806024999999977
              ],
              [
                -43.37118909999998,
                -22.806192299999967
              ],
              [
                -43.371342899999945,
                -22.80633079999996
              ],
              [
                -43.37162269999993,
                -22.80658279999994
              ],
              [
                -43.37173729999995,
                -22.80668599999996
              ],
              [
                -43.37187129999995,
                -22.806794799999974
              ],
              [
                -43.37198619999998,
                -22.80688809999998
              ],
              [
                -43.372064799999976,
                -22.806951899999945
              ],
              [
                -43.37218679999996,
                -22.807050899999975
              ],
              [
                -43.37226609999994,
                -22.807115299999968
              ],
              [
                -43.37233999999995,
                -22.80718349999995
              ],
              [
                -43.372394954672124,
                -22.807198538307972
              ],
              [
                -43.37242042502784,
                -22.80684874872617
              ],
              [
                -43.372420961421355,
                -22.806803598704022
              ],
              [
                -43.372372260953085,
                -22.80680310140878
              ],
              [
                -43.372372797361294,
                -22.806757951387468
              ]
            ]
          ],
          [
            [
              [
                -43.36753264891246,
                -22.804929383084524
              ],
              [
                -43.36776811408813,
                -22.80503747774355
              ],
              [
                -43.367776799999945,
                -22.80503919999995
              ],
              [
                -43.36778999999996,
                -22.805041799999962
              ],
              [
                -43.36781129999997,
                -22.805044299999963
              ],
              [
                -43.367817499999944,
                -22.805044999999943
              ],
              [
                -43.36806439999998,
                -22.80507419999998
              ],
              [
                -43.36864949999995,
                -22.80511259999997
              ],
              [
                -43.36892859999995,
                -22.805130999999957
              ],
              [
                -43.36963929999996,
                -22.80522199999995
              ],
              [
                -43.36965895584725,
                -22.805225437711236
              ],
              [
                -43.36970579337765,
                -22.805145519064197
              ],
              [
                -43.3701298243765,
                -22.8049974059981
              ],
              [
                -43.37022358036571,
                -22.8048183766142
              ],
              [
                -43.370376545347746,
                -22.804728995641288
              ],
              [
                -43.3704477466103,
                -22.804528216104078
              ],
              [
                -43.37036462251077,
                -22.804220295835158
              ],
              [
                -43.37010529572067,
                -22.803918125647744
              ],
              [
                -43.369852672297334,
                -22.803696269409677
              ],
              [
                -43.36957881327728,
                -22.803528313827268
              ],
              [
                -43.36898904035787,
                -22.80354394334347
              ],
              [
                -43.36840045886863,
                -22.803852459405952
              ],
              [
                -43.36804649098366,
                -22.804072981657516
              ],
              [
                -43.367650115595936,
                -22.804211428524148
              ],
              [
                -43.36738211263842,
                -22.804198833706415
              ],
              [
                -43.3669108062797,
                -22.803716660388613
              ],
              [
                -43.36670569492114,
                -22.803536522449658
              ],
              [
                -43.36605496163305,
                -22.80346556023136
              ],
              [
                -43.36547769518984,
                -22.803347398638007
              ],
              [
                -43.36486817830607,
                -22.80308006556506
              ],
              [
                -43.36443779243044,
                -22.80295226682106
              ],
              [
                -43.3640587506804,
                -22.8030402040445
              ],
              [
                -43.36393560781927,
                -22.803275339064314
              ],
              [
                -43.364108333840825,
                -22.80348903111835
              ],
              [
                -43.36415084537396,
                -22.803852430238653
              ],
              [
                -43.36419872474465,
                -22.80407697870721
              ],
              [
                -43.36420589968359,
                -22.804146819921534
              ],
              [
                -43.36421829999995,
                -22.804145299999952
              ],
              [
                -43.36436189999995,
                -22.80412769999998
              ],
              [
                -43.36446879999994,
                -22.804114599999938
              ],
              [
                -43.36457559999997,
                -22.804101399999972
              ],
              [
                -43.364859699999954,
                -22.804078199999932
              ],
              [
                -43.36492119999997,
                -22.80407319999995
              ],
              [
                -43.365055899999966,
                -22.80406209999995
              ],
              [
                -43.36513499999995,
                -22.804055599999973
              ],
              [
                -43.36515229999998,
                -22.804055599999963
              ],
              [
                -43.36531409999998,
                -22.804055599999963
              ],
              [
                -43.365318599999966,
                -22.804055599999966
              ],
              [
                -43.36532419999998,
                -22.804055599999963
              ],
              [
                -43.36532959999994,
                -22.804055599999966
              ],
              [
                -43.365331399999945,
                -22.80405569999993
              ],
              [
                -43.36533469999995,
                -22.804055899999987
              ],
              [
                -43.365364399999976,
                -22.80405789999998
              ],
              [
                -43.36539529999993,
                -22.80405999999994
              ],
              [
                -43.365435899999966,
                -22.804062799999937
              ],
              [
                -43.365439099999946,
                -22.804062999999932
              ],
              [
                -43.365475199999935,
                -22.80406549999998
              ],
              [
                -43.36550109999996,
                -22.804072099999928
              ],
              [
                -43.365512799999976,
                -22.80407509999998
              ],
              [
                -43.36555579999998,
                -22.804086099999946
              ],
              [
                -43.36555979999997,
                -22.80408709999994
              ],
              [
                -43.36557329999994,
                -22.80409059999993
              ],
              [
                -43.36558379999997,
                -22.80409319999995
              ],
              [
                -43.36559109999996,
                -22.804095099999927
              ],
              [
                -43.365601599999934,
                -22.804097799999965
              ],
              [
                -43.36560639999993,
                -22.80409899999995
              ],
              [
                -43.36560989999998,
                -22.80409989999999
              ],
              [
                -43.36561249999994,
                -22.80410059999997
              ],
              [
                -43.36561419999998,
                -22.804100999999953
              ],
              [
                -43.36561629999994,
                -22.804101599999967
              ],
              [
                -43.36562059999994,
                -22.80410309999997
              ],
              [
                -43.36566699999997,
                -22.80411889999994
              ],
              [
                -43.36571059999994,
                -22.804133699999955
              ],
              [
                -43.36574929999995,
                -22.80414689999997
              ],
              [
                -43.365769599999965,
                -22.80415379999994
              ],
              [
                -43.36578119999996,
                -22.80415899999997
              ],
              [
                -43.36581399999994,
                -22.80417349999994
              ],
              [
                -43.365881499999944,
                -22.804203499999968
              ],
              [
                -43.36601209999998,
                -22.80426159999996
              ],
              [
                -43.36629949999997,
                -22.80438929999996
              ],
              [
                -43.36632119999996,
                -22.804400199999975
              ],
              [
                -43.366877399999964,
                -22.804678199999955
              ],
              [
                -43.366924099999956,
                -22.804701599999934
              ],
              [
                -43.36724809999999,
                -22.804863599999972
              ],
              [
                -43.36730427328194,
                -22.80489168664738
              ],
              [
                -43.36753264891246,
                -22.804929383084524
              ]
            ]
          ],
          [
            [
              [
                -43.363562219202464,
                -22.80389691835352
              ],
              [
                -43.363353918460604,
                -22.803639220956004
              ],
              [
                -43.36296901226456,
                -22.803424076935414
              ],
              [
                -43.36250843865719,
                -22.803283659934557
              ],
              [
                -43.362034617505294,
                -22.803044945546343
              ],
              [
                -43.36184277724371,
                -22.802734581729467
              ],
              [
                -43.36195448652676,
                -22.802176463561523
              ],
              [
                -43.36178382095254,
                -22.802026565879874
              ],
              [
                -43.36105623970671,
                -22.801969274321472
              ],
              [
                -43.36077028315763,
                -22.801873035950674
              ],
              [
                -43.36036404886074,
                -22.801547534440484
              ],
              [
                -43.3601948879952,
                -22.80137445561734
              ],
              [
                -43.35997276586803,
                -22.801274457269763
              ],
              [
                -43.35967264542131,
                -22.80128239379219
              ],
              [
                -43.359359054300164,
                -22.801500263680637
              ],
              [
                -43.35916080524753,
                -22.801631969487943
              ],
              [
                -43.35896548332576,
                -22.801873192460384
              ],
              [
                -43.358906205423544,
                -22.80247657861148
              ],
              [
                -43.3586530326806,
                -22.802809699969355
              ],
              [
                -43.35906579999994,
                -22.80289249999992
              ],
              [
                -43.359300099999984,
                -22.80293939999996
              ],
              [
                -43.35930149999996,
                -22.802939899999956
              ],
              [
                -43.359455598430365,
                -22.802988064955944
              ],
              [
                -43.35946142060793,
                -22.80298936196942
              ],
              [
                -43.359465254030724,
                -22.80299108290131
              ],
              [
                -43.359511699999985,
                -22.80300559999995
              ],
              [
                -43.35969199999994,
                -22.803083999999956
              ],
              [
                -43.35973739999998,
                -22.803103699999944
              ],
              [
                -43.35986647234346,
                -22.803179914195862
              ],
              [
                -43.359976304063004,
                -22.803234700620923
              ],
              [
                -43.3603275351874,
                -22.803490987618936
              ],
              [
                -43.36053024957118,
                -22.803632043583885
              ],
              [
                -43.36059994927929,
                -22.803693033974266
              ],
              [
                -43.36097579999995,
                -22.803960399999937
              ],
              [
                -43.361477699999966,
                -22.804317399999942
              ],
              [
                -43.36150129999993,
                -22.804334499999985
              ],
              [
                -43.36161509999994,
                -22.80441759999996
              ],
              [
                -43.36161722459337,
                -22.804419139246477
              ],
              [
                -43.361723871445705,
                -22.804448578204045
              ],
              [
                -43.361739399999976,
                -22.804451499999967
              ],
              [
                -43.36190949999997,
                -22.804428599999937
              ],
              [
                -43.36199499999998,
                -22.804418099999957
              ],
              [
                -43.36251459999994,
                -22.804354299999936
              ],
              [
                -43.36311969999997,
                -22.80428009999997
              ],
              [
                -43.36357231043448,
                -22.804224553997315
              ],
              [
                -43.363562219202464,
                -22.80389691835352
              ]
            ]
          ],
          [
            [
              [
                -43.33084202251661,
                -22.80097178384761
              ],
              [
                -43.33087465369989,
                -22.80088849392508
              ],
              [
                -43.33092534198606,
                -22.800573243701233
              ],
              [
                -43.33073527046662,
                -22.80018736632761
              ],
              [
                -43.33084202251661,
                -22.80097178384761
              ]
            ]
          ],
          [
            [
              [
                -43.343181870986925,
                -22.80056343770186
              ],
              [
                -43.34303559647887,
                -22.80040240853618
              ],
              [
                -43.34291586789471,
                -22.800018156342723
              ],
              [
                -43.34276103917175,
                -22.799830568977196
              ],
              [
                -43.3427872201873,
                -22.799565720480288
              ],
              [
                -43.342924016087096,
                -22.79934427740515
              ],
              [
                -43.34307312540818,
                -22.79899191763606
              ],
              [
                -43.343122727767316,
                -22.79872181135626
              ],
              [
                -43.34281062112182,
                -22.79846679718757
              ],
              [
                -43.342315082884035,
                -22.798336190527003
              ],
              [
                -43.34221090711682,
                -22.79788781206157
              ],
              [
                -43.34216938792911,
                -22.797308671224332
              ],
              [
                -43.34238978299562,
                -22.797056711836937
              ],
              [
                -43.34239032902247,
                -22.797011562441313
              ],
              [
                -43.34231126918589,
                -22.796949275144126
              ],
              [
                -43.34215869098552,
                -22.79677502243977
              ],
              [
                -43.34200057186966,
                -22.79665044760522
              ],
              [
                -43.341891306389414,
                -22.796525664097636
              ],
              [
                -43.341816335996114,
                -22.79619467149146
              ],
              [
                -43.34164554990124,
                -22.795989917999883
              ],
              [
                -43.341605234144666,
                -22.795669235063087
              ],
              [
                -43.34151891539639,
                -22.795207564872523
              ],
              [
                -43.34158645770885,
                -22.794654687813694
              ],
              [
                -43.34189073517551,
                -22.794271823621933
              ],
              [
                -43.34208886050276,
                -22.794122681398857
              ],
              [
                -43.342245141467714,
                -22.79395216895775
              ],
              [
                -43.34247778851078,
                -22.793806460836464
              ],
              [
                -43.342478334422005,
                -22.79376131142044
              ],
              [
                -43.342527029525016,
                -22.79376181757361
              ],
              [
                -43.342528121311304,
                -22.79367151873854
              ],
              [
                -43.34257681638366,
                -22.793672024874635
              ],
              [
                -43.34253110727851,
                -22.7934043950053
              ],
              [
                -43.34233825458222,
                -22.793263149314576
              ],
              [
                -43.342306347899274,
                -22.793357554028848
              ],
              [
                -43.34206151120811,
                -22.79354874227703
              ],
              [
                -43.34192453206723,
                -22.793692859399425
              ],
              [
                -43.34176606427949,
                -22.793816600711175
              ],
              [
                -43.341643325687166,
                -22.79394573494756
              ],
              [
                -43.341425500436536,
                -22.794087346133814
              ],
              [
                -43.34123266598952,
                -22.79422416788851
              ],
              [
                -43.340354702868936,
                -22.794334738580712
              ],
              [
                -43.34039630167779,
                -22.79462186092645
              ],
              [
                -43.34057896985309,
                -22.794843187351592
              ],
              [
                -43.34081474202307,
                -22.795245548591204
              ],
              [
                -43.34084899162785,
                -22.79559572436259
              ],
              [
                -43.340975804196745,
                -22.795837988401143
              ],
              [
                -43.3409874283683,
                -22.79622933556379
              ],
              [
                -43.341030190528954,
                -22.796264275155565
              ],
              [
                -43.341186176279166,
                -22.796598420476805
              ],
              [
                -43.34134048329808,
                -22.796805075570614
              ],
              [
                -43.34139860260538,
                -22.797120486749474
              ],
              [
                -43.34163938812744,
                -22.797667663194378
              ],
              [
                -43.34171745063685,
                -22.798134230344225
              ],
              [
                -43.34165794462927,
                -22.7987361932602
              ],
              [
                -43.341411914149475,
                -22.79923488148218
              ],
              [
                -43.34121480845099,
                -22.799723958058415
              ],
              [
                -43.34135700742164,
                -22.800047101029477
              ],
              [
                -43.34142792585788,
                -22.800352354237404
              ],
              [
                -43.341170814772866,
                -22.800768564899695
              ],
              [
                -43.340855498815394,
                -22.800809518178717
              ],
              [
                -43.34032725596715,
                -22.800623399709924
              ],
              [
                -43.34004081436457,
                -22.80057862483217
              ],
              [
                -43.33976789380132,
                -22.80077223916333
              ],
              [
                -43.33978911011378,
                -22.801057060143847
              ],
              [
                -43.34003423838487,
                -22.801475367343894
              ],
              [
                -43.34016149410196,
                -22.80194636070083
              ],
              [
                -43.339949189196716,
                -22.80201926876164
              ],
              [
                -43.339785885133445,
                -22.80183948919713
              ],
              [
                -43.339627601218425,
                -22.80179350700801
              ],
              [
                -43.339389967296974,
                -22.801607049448627
              ],
              [
                -43.33916909339989,
                -22.80147556731426
              ],
              [
                -43.33924113327663,
                -22.800747019352347
              ],
              [
                -43.33914096716481,
                -22.80048508336089
              ],
              [
                -43.338628859049834,
                -22.80041752708323
              ],
              [
                -43.33834447964861,
                -22.800266514252748
              ],
              [
                -43.3382021950701,
                -22.80010986604219
              ],
              [
                -43.338165777067886,
                -22.799992972009655
              ],
              [
                -43.3380683826527,
                -22.799991956763733
              ],
              [
                -43.338069477708125,
                -22.799901658203726
              ],
              [
                -43.33802078053466,
                -22.79990115056067
              ],
              [
                -43.338021328076316,
                -22.799856001281398
              ],
              [
                -43.33794613263148,
                -22.79981974161176
              ],
              [
                -43.3379255764784,
                -22.799719538120215
              ],
              [
                -43.33785888465806,
                -22.799663027478072
              ],
              [
                -43.337477953882434,
                -22.79907270229766
              ],
              [
                -43.337431249479565,
                -22.798426199146704
              ],
              [
                -43.33740798323115,
                -22.79822402687377
              ],
              [
                -43.33736994669598,
                -22.79807989714666
              ],
              [
                -43.33731387647364,
                -22.797952115600623
              ],
              [
                -43.33726518001143,
                -22.797951607767846
              ],
              [
                -43.337265727749816,
                -22.79790645849489
              ],
              [
                -43.33726627548682,
                -22.797861309221666
              ],
              [
                -43.33720320977526,
                -22.7978078678114
              ],
              [
                -43.337051537080335,
                -22.797609449461664
              ],
              [
                -43.3367910565084,
                -22.797318985217508
              ],
              [
                -43.33659761566121,
                -22.79702985389047
              ],
              [
                -43.33647519164053,
                -22.796243369485374
              ],
              [
                -43.336194708602584,
                -22.79575169212636
              ],
              [
                -43.33599271806182,
                -22.79512008246546
              ],
              [
                -43.336049294769914,
                -22.794380229281238
              ],
              [
                -43.33592162203688,
                -22.794038250238643
              ],
              [
                -43.335486486494204,
                -22.793669519904732
              ],
              [
                -43.33502669851107,
                -22.793500101511448
              ],
              [
                -43.33495888076713,
                -22.792985981588068
              ],
              [
                -43.33496713468573,
                -22.792878102624385
              ],
              [
                -43.33535957411425,
                -22.79267170430796
              ],
              [
                -43.335259725383246,
                -22.792535930144894
              ],
              [
                -43.33502451077283,
                -22.792184344706833
              ],
              [
                -43.33476758982918,
                -22.791869694763697
              ],
              [
                -43.334679326074586,
                -22.791593681596755
              ],
              [
                -43.33486283339041,
                -22.791243601715497
              ],
              [
                -43.334747770130775,
                -22.79104984116602
              ],
              [
                -43.33452143849971,
                -22.790781635432786
              ],
              [
                -43.33428453914165,
                -22.79074085777691
              ],
              [
                -43.334259001131095,
                -22.790762308637
              ],
              [
                -43.334193358075325,
                -22.790887590582923
              ],
              [
                -43.333835462277996,
                -22.791039656275142
              ],
              [
                -43.33371922371312,
                -22.7912504088554
              ],
              [
                -43.333907838810866,
                -22.792036291052387
              ],
              [
                -43.333888913619,
                -22.79238088496288
              ],
              [
                -43.334001343783406,
                -22.792479678521598
              ],
              [
                -43.33408985696204,
                -22.792658770184712
              ],
              [
                -43.33428376754538,
                -22.792884850847788
              ],
              [
                -43.33438328328767,
                -22.79303133207679
              ],
              [
                -43.334535248127146,
                -22.793164867471074
              ],
              [
                -43.33451346974015,
                -22.793561399576394
              ],
              [
                -43.33417409980256,
                -22.79374164949013
              ],
              [
                -43.33360408706779,
                -22.794072625093428
              ],
              [
                -43.333321023629445,
                -22.79419288924853
              ],
              [
                -43.33295013935959,
                -22.794270717814907
              ],
              [
                -43.332854033858275,
                -22.794316587756065
              ],
              [
                -43.33275426092853,
                -22.79435897975451
              ],
              [
                -43.33247476666314,
                -22.79451365847172
              ],
              [
                -43.33228778991793,
                -22.794801070470985
              ],
              [
                -43.332603577669516,
                -22.795078560108482
              ],
              [
                -43.333291480586986,
                -22.79513284715565
              ],
              [
                -43.333615814722066,
                -22.79524206885912
              ],
              [
                -43.33416846022609,
                -22.795685072491143
              ],
              [
                -43.334395665806404,
                -22.795917624917728
              ],
              [
                -43.33501506856281,
                -22.79619661120833
              ],
              [
                -43.33506715649597,
                -22.796466023341548
              ],
              [
                -43.33518608477017,
                -22.796570522934275
              ],
              [
                -43.33549805270397,
                -22.7967619513653
              ],
              [
                -43.33554730704297,
                -22.79696371159805
              ],
              [
                -43.335667936248676,
                -22.797244967969196
              ],
              [
                -43.3361200277557,
                -22.797559735524267
              ],
              [
                -43.336164462498495,
                -22.798279558868465
              ],
              [
                -43.33585859743224,
                -22.799403609023024
              ],
              [
                -43.33580844471349,
                -22.799675735008012
              ],
              [
                -43.335749302777714,
                -22.799923855723314
              ],
              [
                -43.3355576907277,
                -22.800250628818034
              ],
              [
                -43.33549599209324,
                -22.800532969236585
              ],
              [
                -43.33535407852089,
                -22.80084330021503
              ],
              [
                -43.33526271152256,
                -22.801100735807708
              ],
              [
                -43.33534990022662,
                -22.801339960902947
              ],
              [
                -43.3353938800632,
                -22.80157614411334
              ],
              [
                -43.33528682874046,
                -22.801758710727437
              ],
              [
                -43.33496344544723,
                -22.80203029237519
              ],
              [
                -43.33451435852872,
                -22.801963402959863
              ],
              [
                -43.33338862938646,
                -22.801901505761045
              ],
              [
                -43.33288559175421,
                -22.80175923793581
              ],
              [
                -43.332625912285614,
                -22.801628344404737
              ],
              [
                -43.332228082977444,
                -22.801579981669896
              ],
              [
                -43.33200357580428,
                -22.801522925509467
              ],
              [
                -43.33154770585302,
                -22.801534900766054
              ],
              [
                -43.33128786192686,
                -22.801522628651654
              ],
              [
                -43.330958009346105,
                -22.801356354595736
              ],
              [
                -43.33087841557378,
                -22.80123919965424
              ],
              [
                -43.33106530991595,
                -22.802612484878225
              ],
              [
                -43.331072973938404,
                -22.802612565817245
              ],
              [
                -43.33191176992699,
                -22.80271820854193
              ],
              [
                -43.33220343950461,
                -22.802610684995603
              ],
              [
                -43.33242762821085,
                -22.80262127087174
              ],
              [
                -43.33272708930396,
                -22.802772220379936
              ],
              [
                -43.33274855742125,
                -22.802800008158773
              ],
              [
                -43.33383709999998,
                -22.802879599999976
              ],
              [
                -43.333920999999975,
                -22.802885799999952
              ],
              [
                -43.33444069999996,
                -22.80292379999997
              ],
              [
                -43.33479049999994,
                -22.802941199999967
              ],
              [
                -43.33732599999996,
                -22.803067699999925
              ],
              [
                -43.33810349999993,
                -22.80309949999997
              ],
              [
                -43.339617741985094,
                -22.80316143256965
              ],
              [
                -43.3399250122846,
                -22.803085914209625
              ],
              [
                -43.34012172800583,
                -22.80318505639487
              ],
              [
                -43.34153879999997,
                -22.803292299999956
              ],
              [
                -43.34250359999993,
                -22.803365399999965
              ],
              [
                -43.3438939515482,
                -22.80346181066526
              ],
              [
                -43.34592944491994,
                -22.803573542226278
              ],
              [
                -43.34608723329426,
                -22.803575462283394
              ],
              [
                -43.34676807944086,
                -22.80334264971361
              ],
              [
                -43.347187693039544,
                -22.803362429322107
              ],
              [
                -43.347292991228755,
                -22.80357543371159
              ],
              [
                -43.347592468527964,
                -22.803644859919608
              ],
              [
                -43.347594258242225,
                -22.803669025698056
              ],
              [
                -43.34793877415493,
                -22.80365365159469
              ],
              [
                -43.34827848766188,
                -22.803732973597775
              ],
              [
                -43.34869427760194,
                -22.803526533096093
              ],
              [
                -43.34871179999993,
                -22.80351559999997
              ],
              [
                -43.34892589999998,
                -22.803381799999958
              ],
              [
                -43.34903079999999,
                -22.803340699999975
              ],
              [
                -43.34922679999994,
                -22.803263999999956
              ],
              [
                -43.34940295924377,
                -22.803228758474415
              ],
              [
                -43.34952507122487,
                -22.803190004315177
              ],
              [
                -43.34968363918273,
                -22.803174165451125
              ],
              [
                -43.34986879999997,
                -22.803140099999954
              ],
              [
                -43.35004809999999,
                -22.803107199999946
              ],
              [
                -43.35015589999995,
                -22.80308739999999
              ],
              [
                -43.35020118568397,
                -22.803081837351694
              ],
              [
                -43.350231403698146,
                -22.80300467706006
              ],
              [
                -43.35017931162527,
                -22.80247175675713
              ],
              [
                -43.3498947563593,
                -22.802264731393834
              ],
              [
                -43.348660755870114,
                -22.80219961060905
              ],
              [
                -43.34854682991995,
                -22.80199448264941
              ],
              [
                -43.34843219249043,
                -22.801712266006085
              ],
              [
                -43.34804330436459,
                -22.80161347261898
              ],
              [
                -43.347866719942104,
                -22.80178625504555
              ],
              [
                -43.34781667736928,
                -22.80145790418431
              ],
              [
                -43.34801056154116,
                -22.80138134943606
              ],
              [
                -43.348204604828375,
                -22.80132659645435
              ],
              [
                -43.3482112885883,
                -22.801204666341665
              ],
              [
                -43.34784336414205,
                -22.80118732710088
              ],
              [
                -43.34728309050016,
                -22.801202101933924
              ],
              [
                -43.346958863285074,
                -22.801186817678165
              ],
              [
                -43.346405554193524,
                -22.8012762734062
              ],
              [
                -43.346113236203955,
                -22.801225952776758
              ],
              [
                -43.34599770406005,
                -22.801338997913827
              ],
              [
                -43.34569567613553,
                -22.801424217473198
              ],
              [
                -43.345565571249146,
                -22.80179088799552
              ],
              [
                -43.345344907797255,
                -22.801884651601032
              ],
              [
                -43.34524709569389,
                -22.802160316012127
              ],
              [
                -43.34491952352534,
                -22.802387855709803
              ],
              [
                -43.34460624241611,
                -22.802326064401285
              ],
              [
                -43.34445349177631,
                -22.801907025167065
              ],
              [
                -43.344446820950004,
                -22.801689531311446
              ],
              [
                -43.344881465787225,
                -22.80145866145451
              ],
              [
                -43.34499226199763,
                -22.80126968298505
              ],
              [
                -43.34493025301253,
                -22.80113279124287
              ],
              [
                -43.34463777576709,
                -22.800941687368702
              ],
              [
                -43.34440909925573,
                -22.80116336839214
              ],
              [
                -43.344276914826914,
                -22.80169893977114
              ],
              [
                -43.343989264936724,
                -22.80172430618753
              ],
              [
                -43.34396917951388,
                -22.801353050933297
              ],
              [
                -43.34365423236833,
                -22.80121881166435
              ],
              [
                -43.34358671627306,
                -22.800928229173966
              ],
              [
                -43.343499899488805,
                -22.800620645254774
              ],
              [
                -43.343181870986925,
                -22.80056343770186
              ]
            ],
            [
              [
                -43.34394657979387,
                -22.80178462809842
              ],
              [
                -43.34372652123196,
                -22.80174218635215
              ],
              [
                -43.343989264936724,
                -22.80172430618753
              ],
              [
                -43.34394657979387,
                -22.80178462809842
              ]
            ],
            [
              [
                -43.34175660908997,
                -22.802145174084675
              ],
              [
                -43.3417095027715,
                -22.802419423136378
              ],
              [
                -43.341398984302124,
                -22.80246501326924
              ],
              [
                -43.341298445571,
                -22.802254055852316
              ],
              [
                -43.341405670798366,
                -22.802093353099547
              ],
              [
                -43.34175660908997,
                -22.802145174084675
              ]
            ]
          ],
          [
            [
              [
                -43.352413047089804,
                -22.791626613641565
              ],
              [
                -43.35145128392647,
                -22.791809796840212
              ],
              [
                -43.3509242900591,
                -22.79200416780662
              ],
              [
                -43.350594924636354,
                -22.791667107821482
              ],
              [
                -43.349368355054665,
                -22.79158615493613
              ],
              [
                -43.349103596600415,
                -22.79150540695127
              ],
              [
                -43.34895993221069,
                -22.791457044670963
              ],
              [
                -43.34883753034133,
                -22.791434059683894
              ],
              [
                -43.34894604431377,
                -22.79176464199268
              ],
              [
                -43.34947877093201,
                -22.79221119705259
              ],
              [
                -43.3504314095451,
                -22.792534279821044
              ],
              [
                -43.350496879090954,
                -22.792470217273074
              ],
              [
                -43.35060335103215,
                -22.792467404953207
              ],
              [
                -43.350795954985436,
                -22.792516332592015
              ],
              [
                -43.35133238792923,
                -22.792610470100694
              ],
              [
                -43.351952484223716,
                -22.792785770986576
              ],
              [
                -43.35272710147599,
                -22.792707934345856
              ],
              [
                -43.353074555174146,
                -22.792504945471183
              ],
              [
                -43.353284503397354,
                -22.792271117764486
              ],
              [
                -43.35343146529578,
                -22.79204513909586
              ],
              [
                -43.353628188010276,
                -22.791786287087735
              ],
              [
                -43.35339124953772,
                -22.791493098586265
              ],
              [
                -43.35345804015461,
                -22.791381252779058
              ],
              [
                -43.35367664380341,
                -22.791288342916083
              ],
              [
                -43.35394215776592,
                -22.791103870043365
              ],
              [
                -43.35484950264487,
                -22.791158768369883
              ],
              [
                -43.35540837110681,
                -22.79141040639966
              ],
              [
                -43.35581863899351,
                -22.79173919060091
              ],
              [
                -43.35623075269248,
                -22.791855682373203
              ],
              [
                -43.35653356849556,
                -22.791800187433378
              ],
              [
                -43.356914756675245,
                -22.791971816256233
              ],
              [
                -43.357072109139224,
                -22.792110044433226
              ],
              [
                -43.35727280257149,
                -22.79247136471974
              ],
              [
                -43.35728208598693,
                -22.79277323269265
              ],
              [
                -43.357188106906676,
                -22.793091328421838
              ],
              [
                -43.357265603124446,
                -22.793303875056957
              ],
              [
                -43.35732422154934,
                -22.793482410309096
              ],
              [
                -43.35777337645553,
                -22.793544048447174
              ],
              [
                -43.35790319795621,
                -22.79373507415254
              ],
              [
                -43.35804304528324,
                -22.793857918779587
              ],
              [
                -43.35817064949554,
                -22.794115993015943
              ],
              [
                -43.35829538353033,
                -22.79428812009959
              ],
              [
                -43.35822280118835,
                -22.794533786912922
              ],
              [
                -43.358316298924464,
                -22.794880271662407
              ],
              [
                -43.35825370278878,
                -22.795184607611308
              ],
              [
                -43.35787077326792,
                -22.795925165174495
              ],
              [
                -43.358019675468775,
                -22.796226310147386
              ],
              [
                -43.35820327888486,
                -22.796338939353333
              ],
              [
                -43.35834641135135,
                -22.79643244352913
              ],
              [
                -43.35863130544566,
                -22.796560711220785
              ],
              [
                -43.35872982680302,
                -22.796738069312667
              ],
              [
                -43.3587418642863,
                -22.797129421858035
              ],
              [
                -43.35863675236516,
                -22.79733012221398
              ],
              [
                -43.35838398429714,
                -22.79751655824822
              ],
              [
                -43.35804602983719,
                -22.79761194927779
              ],
              [
                -43.35784561451946,
                -22.797736790863453
              ],
              [
                -43.35759921393917,
                -22.79782284372097
              ],
              [
                -43.357332090205134,
                -22.797950392907534
              ],
              [
                -43.35706321712164,
                -22.797999662488873
              ],
              [
                -43.35657431694441,
                -22.79805648641825
              ],
              [
                -43.35624153974098,
                -22.79825090248073
              ],
              [
                -43.35594300317151,
                -22.79860365373024
              ],
              [
                -43.35573702451287,
                -22.798934252118023
              ],
              [
                -43.35554178301178,
                -22.799222644396643
              ],
              [
                -43.35553092815013,
                -22.799420737173346
              ],
              [
                -43.35566658061368,
                -22.799736889281036
              ],
              [
                -43.3557997625402,
                -22.800495870390534
              ],
              [
                -43.35552151112763,
                -22.80086198158602
              ],
              [
                -43.35551125599353,
                -22.80104921060819
              ],
              [
                -43.35565864926945,
                -22.801252606718172
              ],
              [
                -43.35558878398758,
                -22.80160848145328
              ],
              [
                -43.355470575738714,
                -22.801724157545586
              ],
              [
                -43.3541914984185,
                -22.80176785930258
              ],
              [
                -43.3539988816086,
                -22.80192966860905
              ],
              [
                -43.353988334967596,
                -22.80212216948815
              ],
              [
                -43.35417819458247,
                -22.802288947422255
              ],
              [
                -43.3541948446275,
                -22.80241210231227
              ],
              [
                -43.35438889999995,
                -22.80242659999994
              ],
              [
                -43.35467084755413,
                -22.802486984329402
              ],
              [
                -43.354970815779275,
                -22.802529877860316
              ],
              [
                -43.35510819999996,
                -22.80254569999994
              ],
              [
                -43.355404299999975,
                -22.80257969999997
              ],
              [
                -43.355409399999985,
                -22.802580299999935
              ],
              [
                -43.35541989999996,
                -22.802581699999966
              ],
              [
                -43.355884999999944,
                -22.802645399999957
              ],
              [
                -43.35595909999995,
                -22.802655499999954
              ],
              [
                -43.35599799999994,
                -22.802660499999945
              ],
              [
                -43.35618629999993,
                -22.802684699999926
              ],
              [
                -43.35626196757247,
                -22.802694406981434
              ],
              [
                -43.356319074947926,
                -22.802701462196218
              ],
              [
                -43.35636662351823,
                -22.8027037473201
              ],
              [
                -43.35669521958184,
                -22.80269151914696
              ],
              [
                -43.356839099999945,
                -22.80267519999995
              ],
              [
                -43.35708699999998,
                -22.802646499999977
              ],
              [
                -43.35740499999997,
                -22.802609799999967
              ],
              [
                -43.35749021228583,
                -22.802613789906122
              ],
              [
                -43.357640044352394,
                -22.80260422910185
              ],
              [
                -43.35777487500909,
                -22.80264609258758
              ],
              [
                -43.35795129999997,
                -22.802675199999957
              ],
              [
                -43.35814139227434,
                -22.802711543775064
              ],
              [
                -43.35813075041506,
                -22.802682359392772
              ],
              [
                -43.35801403597914,
                -22.80220459582881
              ],
              [
                -43.3578569531519,
                -22.801921821058087
              ],
              [
                -43.35758914217298,
                -22.80184016165908
              ],
              [
                -43.357352329029645,
                -22.801846419838512
              ],
              [
                -43.35685589856698,
                -22.80204121186304
              ],
              [
                -43.35643634718221,
                -22.802100612514234
              ],
              [
                -43.35609145315712,
                -22.801868468831255
              ],
              [
                -43.35642819645588,
                -22.801773428370097
              ],
              [
                -43.35658618576051,
                -22.80155203680873
              ],
              [
                -43.35677819855953,
                -22.80139073059342
              ],
              [
                -43.356830867422495,
                -22.800975797470546
              ],
              [
                -43.35689565906625,
                -22.800865258249
              ],
              [
                -43.3571919056515,
                -22.800781644178258
              ],
              [
                -43.357126823861776,
                -22.80066448037254
              ],
              [
                -43.35702693570156,
                -22.80041860812972
              ],
              [
                -43.35692591261094,
                -22.799785431542002
              ],
              [
                -43.35695011041318,
                -22.799343542703852
              ],
              [
                -43.35758535730827,
                -22.79913392468886
              ],
              [
                -43.357876037384145,
                -22.798952858086835
              ],
              [
                -43.35817405303692,
                -22.79877874558369
              ],
              [
                -43.358467106478614,
                -22.798554266723176
              ],
              [
                -43.35876166445223,
                -22.798513863631623
              ],
              [
                -43.359298143113534,
                -22.79821685220067
              ],
              [
                -43.359529445547786,
                -22.797990490026613
              ],
              [
                -43.359600384252815,
                -22.797459426429544
              ],
              [
                -43.35928320926613,
                -22.79676462802856
              ],
              [
                -43.35944431291609,
                -22.79648975882874
              ],
              [
                -43.35953465048302,
                -22.796317276750354
              ],
              [
                -43.3599228995261,
                -22.795991088713084
              ],
              [
                -43.3603999986373,
                -22.795911709377318
              ],
              [
                -43.36064336022967,
                -22.795795496881254
              ],
              [
                -43.36113260268203,
                -22.795738619396303
              ],
              [
                -43.36147040051151,
                -22.79561401107379
              ],
              [
                -43.36226000445027,
                -22.79548262750299
              ],
              [
                -43.36329730619713,
                -22.795435632308948
              ],
              [
                -43.363694381925896,
                -22.79553646761568
              ],
              [
                -43.36403718416631,
                -22.795586105128425
              ],
              [
                -43.36429986529351,
                -22.795422449186237
              ],
              [
                -43.36435226744337,
                -22.795137783211167
              ],
              [
                -43.36441947263437,
                -22.795081311698794
              ],
              [
                -43.36497663091374,
                -22.79494345647865
              ],
              [
                -43.36520134142473,
                -22.79517337321651
              ],
              [
                -43.36544896462603,
                -22.795390863160588
              ],
              [
                -43.36541243517125,
                -22.796058648190463
              ],
              [
                -43.365217503142595,
                -22.796222432834035
              ],
              [
                -43.36516613761322,
                -22.796472625814946
              ],
              [
                -43.36561535451052,
                -22.796833419964237
              ],
              [
                -43.36590386041962,
                -22.79691475411401
              ],
              [
                -43.36618866343417,
                -22.796825465611402
              ],
              [
                -43.366538035722435,
                -22.795975451523347
              ],
              [
                -43.36692891503276,
                -22.79556680532751
              ],
              [
                -43.36703353189669,
                -22.795478899740253
              ],
              [
                -43.36715177662181,
                -22.79525309303143
              ],
              [
                -43.36713137060831,
                -22.7945910134648
              ],
              [
                -43.36703663695422,
                -22.79414676780411
              ],
              [
                -43.366799473857675,
                -22.793757838491842
              ],
              [
                -43.366570535978475,
                -22.793763905103155
              ],
              [
                -43.36617583495776,
                -22.794038169619576
              ],
              [
                -43.36527413695471,
                -22.793919749407365
              ],
              [
                -43.36499333589211,
                -22.793927189251413
              ],
              [
                -43.36471777267033,
                -22.794453402160382
              ],
              [
                -43.364635849056945,
                -22.794522240943095
              ],
              [
                -43.36413931465891,
                -22.79464509559077
              ],
              [
                -43.363799192700434,
                -22.79462909891794
              ],
              [
                -43.36353384041745,
                -22.794636126883915
              ],
              [
                -43.36331946124811,
                -22.794528115670374
              ],
              [
                -43.363265338831056,
                -22.794472736444174
              ],
              [
                -43.36316794710286,
                -22.794471736755902
              ],
              [
                -43.363167407985294,
                -22.794516886639027
              ],
              [
                -43.363118712107216,
                -22.79451638677152
              ],
              [
                -43.36302132035517,
                -22.79451538699193
              ],
              [
                -43.36300111170904,
                -22.794541891340497
              ],
              [
                -43.36278991009727,
                -22.794670625191188
              ],
              [
                -43.362481944722155,
                -22.794708914153766
              ],
              [
                -43.362435351875824,
                -22.794644836664748
              ],
              [
                -43.362289264162996,
                -22.79464333633921
              ],
              [
                -43.36228872475158,
                -22.79468848620148
              ],
              [
                -43.362240028834016,
                -22.79468798606215
              ],
              [
                -43.36219133291782,
                -22.79468748590797
              ],
              [
                -43.36212586738173,
                -22.794751553500674
              ],
              [
                -43.361411431931096,
                -22.79477046231224
              ],
              [
                -43.36050594551608,
                -22.794514542199526
              ],
              [
                -43.360283523948304,
                -22.794504075185678
              ],
              [
                -43.36014816165061,
                -22.79488571007654
              ],
              [
                -43.35982680810174,
                -22.79507346636828
              ],
              [
                -43.3597406907827,
                -22.79554123274239
              ],
              [
                -43.35958094921659,
                -22.795545459849894
              ],
              [
                -43.35929157223125,
                -22.795208199543726
              ],
              [
                -43.359287817539325,
                -22.79508629327311
              ],
              [
                -43.359345951361405,
                -22.79453618020606
              ],
              [
                -43.359299788264146,
                -22.793852686355464
              ],
              [
                -43.35901456713092,
                -22.7936021521767
              ],
              [
                -43.35885299418351,
                -22.79327536754393
              ],
              [
                -43.35871786709704,
                -22.79307653790061
              ],
              [
                -43.35848921456004,
                -22.79287568713169
              ],
              [
                -43.35844599241436,
                -22.79178904429588
              ],
              [
                -43.35826275869875,
                -22.791372464113472
              ],
              [
                -43.358116962388976,
                -22.791192061500876
              ],
              [
                -43.357974916796685,
                -22.791008257820256
              ],
              [
                -43.357616863445934,
                -22.790951582718918
              ],
              [
                -43.35744064758692,
                -22.7907335436514
              ],
              [
                -43.357218429745195,
                -22.789930124976294
              ],
              [
                -43.357073182937896,
                -22.789781496323478
              ],
              [
                -43.356661954339344,
                -22.78983612902549
              ],
              [
                -43.356341558804594,
                -22.79010530545659
              ],
              [
                -43.356045944651875,
                -22.790446000130057
              ],
              [
                -43.35589967856144,
                -22.790449866645684
              ],
              [
                -43.355752342907536,
                -22.79000109392142
              ],
              [
                -43.35563941555159,
                -22.789885530989892
              ],
              [
                -43.35526499406502,
                -22.79002364031239
              ],
              [
                -43.35443935829186,
                -22.790081505925073
              ],
              [
                -43.35411959518997,
                -22.789584956828733
              ],
              [
                -43.35419569749338,
                -22.789390585517932
              ],
              [
                -43.35424715781349,
                -22.789199727411745
              ],
              [
                -43.354442951903145,
                -22.788865684619388
              ],
              [
                -43.35445031446491,
                -22.788731198647884
              ],
              [
                -43.35435209529145,
                -22.788532528788036
              ],
              [
                -43.354277867843436,
                -22.78839887938973
              ],
              [
                -43.35420926612228,
                -22.78826012315472
              ],
              [
                -43.35411162987303,
                -22.78812536948682
              ],
              [
                -43.35383818659447,
                -22.787722982002297
              ],
              [
                -43.3535499050839,
                -22.787577708191318
              ],
              [
                -43.35311273943828,
                -22.787646202840556
              ],
              [
                -43.352778069430016,
                -22.78799604338949
              ],
              [
                -43.35269813918428,
                -22.7882001832746
              ],
              [
                -43.352944139465585,
                -22.788951920169094
              ],
              [
                -43.35302627584649,
                -22.78928820290559
              ],
              [
                -43.35307521791,
                -22.78942245437765
              ],
              [
                -43.35312777902489,
                -22.789582561976005
              ],
              [
                -43.3533420235693,
                -22.789690526938482
              ],
              [
                -43.35365687786481,
                -22.78980796654925
              ],
              [
                -43.35379421063031,
                -22.790184654847263
              ],
              [
                -43.35363229691332,
                -22.79064112054861
              ],
              [
                -43.35343826429868,
                -22.79097214306697
              ],
              [
                -43.35332104544016,
                -22.791302602475394
              ],
              [
                -43.352999218283664,
                -22.79119427324504
              ],
              [
                -43.352413047089804,
                -22.791626613641565
              ]
            ]
          ],
          [
            [
              [
                -43.330107387801235,
                -22.78988956369247
              ],
              [
                -43.33019889094837,
                -22.789631735390707
              ],
              [
                -43.330018628541985,
                -22.789382869275148
              ],
              [
                -43.330045999695095,
                -22.789920763741677
              ],
              [
                -43.330107387801235,
                -22.78988956369247
              ]
            ]
          ]
        ]
      }
    },
    {
      "type": "Feature",
      "properties": {
        "CLASSE": "Baixa",
        "referenceYear": 2015,
        "overlayColor": "#5d8aa8"
      },
      "geometry": {
        "type": "Polygon",
        "coordinates": [
          [
            [
              -43.35766319508535,
              -22.799562340420234
            ],
            [
              -43.35780060294556,
              -22.799383636212404
            ],
            [
              -43.35750423051469,
              -22.799408584784516
            ],
            [
              -43.35740723515141,
              -22.799695671008372
            ],
            [
              -43.35766319508535,
              -22.799562340420234
            ]
          ]
        ]
      }
    },
    {
      "type": "Feature",
      "properties": {
        "CLASSE": "Baixa",
        "referenceYear": 2015,
        "overlayColor": "#5d8aa8"
      },
      "geometry": {
        "type": "Polygon",
        "coordinates": [
          [
            [
              -43.357947236345424,
              -22.799339991207148
            ],
            [
              -43.357947777309235,
              -22.79929484146961
            ],
            [
              -43.357899079861696,
              -22.799294339909324
            ],
            [
              -43.357898538881855,
              -22.799339489645757
            ],
            [
              -43.357947236345424,
              -22.799339991207148
            ]
          ]
        ]
      }
    },
    {
      "type": "Feature",
      "properties": {
        "CLASSE": "Baixa",
        "referenceYear": 2015,
        "overlayColor": "#5d8aa8"
      },
      "geometry": {
        "type": "Polygon",
        "coordinates": [
          [
            [
              -43.35811994678863,
              -22.799229741536077
            ],
            [
              -43.35826474585092,
              -22.79918435755185
            ],
            [
              -43.35853909502652,
              -22.799106920345096
            ],
            [
              -43.35909713912957,
              -22.798968869953633
            ],
            [
              -43.359397880946666,
              -22.7988579410827
            ],
            [
              -43.359870112120085,
              -22.79839579577073
            ],
            [
              -43.35993628250989,
              -22.798150348946297
            ],
            [
              -43.35992071415097,
              -22.79764440150125
            ],
            [
              -43.35995062173238,
              -22.797098087960517
            ],
            [
              -43.36010164842359,
              -22.796712331650966
            ],
            [
              -43.36039828528361,
              -22.79658624410661
            ],
            [
              -43.36054137120829,
              -22.7964462080116
            ],
            [
              -43.360915572975884,
              -22.79646381342602
            ],
            [
              -43.36150411038676,
              -22.796029696604048
            ],
            [
              -43.361803958959776,
              -22.795945057463722
            ],
            [
              -43.36251874150932,
              -22.79603894554244
            ],
            [
              -43.363100714449224,
              -22.79602353950363
            ],
            [
              -43.36335272904344,
              -22.796035392355982
            ],
            [
              -43.36420510241618,
              -22.79639073674746
            ],
            [
              -43.36486905369963,
              -22.79672524349071
            ],
            [
              -43.364942767048284,
              -22.79674771722966
            ],
            [
              -43.36488398816867,
              -22.79647205327496
            ],
            [
              -43.365070684143376,
              -22.7961534919776
            ],
            [
              -43.365026174437595,
              -22.79595749247536
            ],
            [
              -43.36381242296599,
              -22.7958909847993
            ],
            [
              -43.36346817023377,
              -22.795762607563514
            ],
            [
              -43.36310221552374,
              -22.79557822953295
            ],
            [
              -43.36283675639133,
              -22.795618939803887
            ],
            [
              -43.36259403052531,
              -22.79570847804611
            ],
            [
              -43.361879816255666,
              -22.795806457020298
            ],
            [
              -43.361167713825076,
              -22.796095196229743
            ],
            [
              -43.36086549936102,
              -22.7961031967147
            ],
            [
              -43.36052858253483,
              -22.796034215700924
            ],
            [
              -43.35995252042255,
              -22.796279076889384
            ],
            [
              -43.35972415536038,
              -22.79647093663148
            ],
            [
              -43.35989168919682,
              -22.79753564631417
            ],
            [
              -43.35981929624007,
              -22.79809939306678
            ],
            [
              -43.35964906549262,
              -22.79842441718328
            ],
            [
              -43.359333369208635,
              -22.798599199508505
            ],
            [
              -43.35901271816112,
              -22.798689704896677
            ],
            [
              -43.358818488862354,
              -22.798782453591546
            ],
            [
              -43.35842462183846,
              -22.798879887973357
            ],
            [
              -43.358045713138836,
              -22.799250694805533
            ],
            [
              -43.35811994678863,
              -22.799229741536077
            ]
          ]
        ]
      }
    },
    {
      "type": "Feature",
      "properties": {
        "CLASSE": "Baixa",
        "referenceYear": 2015,
        "overlayColor": "#5d8aa8"
      },
      "geometry": {
        "type": "Polygon",
        "coordinates": [
          [
            [
              -43.35236678135793,
              -22.800721696722793
            ],
            [
              -43.35250983068462,
              -22.801011034037955
            ],
            [
              -43.35229761471028,
              -22.801290250615516
            ],
            [
              -43.35212207010855,
              -22.80153622205498
            ],
            [
              -43.35221709939604,
              -22.801796857773795
            ],
            [
              -43.352508595073765,
              -22.80188574915022
            ],
            [
              -43.35281663807026,
              -22.801877615932373
            ],
            [
              -43.3530570663643,
              -22.801727860960586
            ],
            [
              -43.35317132834019,
              -22.801536536353183
            ],
            [
              -43.35278279804307,
              -22.80141806332002
            ],
            [
              -43.352641037151784,
              -22.801237096610684
            ],
            [
              -43.35293403187138,
              -22.800990970994043
            ],
            [
              -43.353001697041485,
              -22.800740036628362
            ],
            [
              -43.35314048799291,
              -22.800436446633967
            ],
            [
              -43.35336513632892,
              -22.800340971168275
            ],
            [
              -43.353720704413135,
              -22.80024062415396
            ],
            [
              -43.35399073957481,
              -22.80037669529515
            ],
            [
              -43.35461161155337,
              -22.801012003615742
            ],
            [
              -43.35503130252473,
              -22.801137860274352
            ],
            [
              -43.35527123218942,
              -22.801067989237005
            ],
            [
              -43.35512750086148,
              -22.80086964109783
            ],
            [
              -43.35508190076197,
              -22.80076559243183
            ],
            [
              -43.35518238879967,
              -22.80050896533753
            ],
            [
              -43.35523320417242,
              -22.800178481475108
            ],
            [
              -43.35495509529697,
              -22.79967780179854
            ],
            [
              -43.35490619366282,
              -22.79917376534835
            ],
            [
              -43.35554711111671,
              -22.798525895940948
            ],
            [
              -43.35608161600412,
              -22.79777687598282
            ],
            [
              -43.35666199295436,
              -22.797530205338767
            ],
            [
              -43.35698157471375,
              -22.79744000227551
            ],
            [
              -43.35731406710468,
              -22.7972328871496
            ],
            [
              -43.35747803503441,
              -22.797137094466645
            ],
            [
              -43.35796793125063,
              -22.796998819666964
            ],
            [
              -43.35809955973556,
              -22.796711218586506
            ],
            [
              -43.35766195638807,
              -22.79665117160336
            ],
            [
              -43.35732963115619,
              -22.796593988492784
            ],
            [
              -43.35689278609642,
              -22.796446949413472
            ],
            [
              -43.35679324878108,
              -22.796143793200446
            ],
            [
              -43.356695353398976,
              -22.79587529203528
            ],
            [
              -43.35659363864695,
              -22.795349682598623
            ],
            [
              -43.35661304803692,
              -22.7949952326634
            ],
            [
              -43.356739722510305,
              -22.794566487807593
            ],
            [
              -43.35701994886777,
              -22.794522257738674
            ],
            [
              -43.35733296923475,
              -22.79484255657453
            ],
            [
              -43.35764098865151,
              -22.794933333589448
            ],
            [
              -43.35775659014629,
              -22.794820202739665
            ],
            [
              -43.35773927046585,
              -22.79425712061351
            ],
            [
              -43.357910073411766,
              -22.794004809185676
            ],
            [
              -43.35774728200723,
              -22.79386180732695
            ],
            [
              -43.3576872231746,
              -22.793678891765403
            ],
            [
              -43.35729955942048,
              -22.793574385134047
            ],
            [
              -43.357035134687465,
              -22.79330381029043
            ],
            [
              -43.35677432062544,
              -22.793254848630003
            ],
            [
              -43.356638228137854,
              -22.79297960386789
            ],
            [
              -43.35653751687778,
              -22.792891127146813
            ],
            [
              -43.35669337700775,
              -22.792625213425378
            ],
            [
              -43.35668879138464,
              -22.79247610178703
            ],
            [
              -43.35657296300019,
              -22.792267564076045
            ],
            [
              -43.356029710938635,
              -22.792193007989397
            ],
            [
              -43.355723502868265,
              -22.79199295248129
            ],
            [
              -43.35560065443624,
              -22.791955493175458
            ],
            [
              -43.35607108492257,
              -22.792457487267757
            ],
            [
              -43.3563862981133,
              -22.793121425077466
            ],
            [
              -43.356412618236064,
              -22.793625074497207
            ],
            [
              -43.356225996073505,
              -22.794028385606303
            ],
            [
              -43.35606002100517,
              -22.794804881510988
            ],
            [
              -43.35581525830601,
              -22.795708363210316
            ],
            [
              -43.355752029958516,
              -22.796536712087253
            ],
            [
              -43.35593891970511,
              -22.7966185870138
            ],
            [
              -43.35604577967899,
              -22.796709106436268
            ],
            [
              -43.35586085164387,
              -22.79676848340152
            ],
            [
              -43.35566281999926,
              -22.79680906097125
            ],
            [
              -43.355565422566706,
              -22.79703636849134
            ],
            [
              -43.35541283661034,
              -22.797348346103448
            ],
            [
              -43.355349211002306,
              -22.797589677346867
            ],
            [
              -43.35526457434307,
              -22.7977557498247
            ],
            [
              -43.355099808612074,
              -22.797969353404028
            ],
            [
              -43.355005576622005,
              -22.798125950605055
            ],
            [
              -43.35487726035081,
              -22.79849653473139
            ],
            [
              -43.35471861418421,
              -22.798722228408856
            ],
            [
              -43.354240929364664,
              -22.799075618855046
            ],
            [
              -43.353779331028,
              -22.799567500350513
            ],
            [
              -43.353580686684694,
              -22.79985813132699
            ],
            [
              -43.35336471551488,
              -22.800193413064193
            ],
            [
              -43.35276470761699,
              -22.800389680172604
            ],
            [
              -43.352256082065594,
              -22.800657240514845
            ],
            [
              -43.35223281373413,
              -22.800680845412767
            ],
            [
              -43.35236678135793,
              -22.800721696722793
            ]
          ]
        ]
      }
    },
    {
      "type": "Feature",
      "properties": {
        "CLASSE": "Baixa",
        "referenceYear": 2015,
        "overlayColor": "#5d8aa8"
      },
      "geometry": {
        "type": "Polygon",
        "coordinates": [
          [
            [
              -43.36503962191879,
              -22.796793865840893
            ],
            [
              -43.364990925186355,
              -22.796793366497898
            ],
            [
              -43.364990386608014,
              -22.796838516409128
            ],
            [
              -43.36503908335647,
              -22.796839015753214
            ],
            [
              -43.36503962191879,
              -22.796793865840893
            ]
          ]
        ]
      }
    },
    {
      "type": "Feature",
      "properties": {
        "CLASSE": "Baixa",
        "referenceYear": 2015,
        "overlayColor": "#5d8aa8"
      },
      "geometry": {
        "type": "Polygon",
        "coordinates": [
          [
            [
              -43.36499146376333,
              -22.796748216586415
            ],
            [
              -43.364942767048284,
              -22.79674771722966
            ],
            [
              -43.364942228455284,
              -22.79679286714005
            ],
            [
              -43.364990925186355,
              -22.796793366497898
            ],
            [
              -43.36499146376333,
              -22.796748216586415
            ]
          ]
        ]
      }
    },
    {
      "type": "Feature",
      "properties": {
        "CLASSE": "Média",
        "referenceYear": 2015,
        "overlayColor": "#e4bd59"
      },
      "geometry": {
        "type": "Polygon",
        "coordinates": [
          [
            [
              -43.36228872475158,
              -22.79468848620148
            ],
            [
              -43.362289264162996,
              -22.79464333633921
            ],
            [
              -43.36224056826145,
              -22.794642836200982
            ],
            [
              -43.362240028834016,
              -22.79468798606215
            ],
            [
              -43.36228872475158,
              -22.79468848620148
            ]
          ]
        ]
      }
    },
    {
      "type": "Feature",
      "properties": {
        "CLASSE": "Média",
        "referenceYear": 2015,
        "overlayColor": "#e4bd59"
      },
      "geometry": {
        "type": "Polygon",
        "coordinates": [
          [
            [
              -43.362481944722155,
              -22.794708914153766
            ],
            [
              -43.36278991009727,
              -22.794670625191188
            ],
            [
              -43.36300111170904,
              -22.794541891340497
            ],
            [
              -43.36302132035517,
              -22.79451538699193
            ],
            [
              -43.36289490219457,
              -22.794532532756502
            ],
            [
              -43.36246437836982,
              -22.794626691150068
            ],
            [
              -43.362435351875824,
              -22.794644836664748
            ],
            [
              -43.362481944722155,
              -22.794708914153766
            ]
          ]
        ]
      }
    },
    {
      "type": "Feature",
      "properties": {
        "CLASSE": "Baixa",
        "referenceYear": 2015,
        "overlayColor": "#5d8aa8"
      },
      "geometry": {
        "type": "Polygon",
        "coordinates": [
          [
            [
              -43.33972190051713,
              -22.80018980512962
            ],
            [
              -43.339722447506205,
              -22.800144655812897
            ],
            [
              -43.33957635560818,
              -22.800143134338203
            ],
            [
              -43.339575808571006,
              -22.80018828365157
            ],
            [
              -43.33972190051713,
              -22.80018980512962
            ]
          ]
        ]
      }
    },
    {
      "type": "Feature",
      "properties": {
        "CLASSE": "Média",
        "referenceYear": 2015,
        "overlayColor": "#e4bd59"
      },
      "geometry": {
        "type": "Polygon",
        "coordinates": [
          [
            [
              -43.33813378578851,
              -22.799932667067765
            ],
            [
              -43.338069477708125,
              -22.799901658203726
            ],
            [
              -43.3380683826527,
              -22.799991956763733
            ],
            [
              -43.338165777067886,
              -22.799992972009655
            ],
            [
              -43.33813378578851,
              -22.799932667067765
            ]
          ]
        ]
      }
    },
    {
      "type": "Feature",
      "properties": {
        "CLASSE": "Média",
        "referenceYear": 2015,
        "overlayColor": "#e4bd59"
      },
      "geometry": {
        "type": "Polygon",
        "coordinates": [
          [
            [
              -43.33807002523375,
              -22.799856508923313
            ],
            [
              -43.338021328076316,
              -22.799856001281398
            ],
            [
              -43.33802078053466,
              -22.79990115056067
            ],
            [
              -43.338069477708125,
              -22.799901658203726
            ],
            [
              -43.33807002523375,
              -22.799856508923313
            ]
          ]
        ]
      }
    },
    {
      "type": "Feature",
      "properties": {
        "CLASSE": "Baixa",
        "referenceYear": 2015,
        "overlayColor": "#5d8aa8"
      },
      "geometry": {
        "type": "Polygon",
        "coordinates": [
          [
            [
              -43.33994365154297,
              -22.800126062966616
            ],
            [
              -43.34052762265711,
              -22.800058848348076
            ],
            [
              -43.34081317356209,
              -22.799964984004976
            ],
            [
              -43.340849045143074,
              -22.79961452388007
            ],
            [
              -43.34050480063542,
              -22.799873608575837
            ],
            [
              -43.3401099044072,
              -22.800022981671535
            ],
            [
              -43.33974527694131,
              -22.80012063486481
            ],
            [
              -43.339722447506205,
              -22.800144655812897
            ],
            [
              -43.33994365154297,
              -22.800126062966616
            ]
          ]
        ]
      }
    },
    {
      "type": "Feature",
      "properties": {
        "CLASSE": "Média",
        "referenceYear": 2015,
        "overlayColor": "#e4bd59"
      },
      "geometry": {
        "type": "Polygon",
        "coordinates": [
          [
            [
              -43.33800077186395,
              -22.799755797796387
            ],
            [
              -43.3379255764784,
              -22.799719538120215
            ],
            [
              -43.33794613263148,
              -22.79981974161176
            ],
            [
              -43.338021328076316,
              -22.799856001281398
            ],
            [
              -43.33800077186395,
              -22.799755797796387
            ]
          ]
        ]
      }
    },
    {
      "type": "Feature",
      "properties": {
        "CLASSE": "Média",
        "referenceYear": 2015,
        "overlayColor": "#e4bd59"
      },
      "geometry": {
        "type": "Polygon",
        "coordinates": [
          [
            [
              -43.34103036758092,
              -22.796716279521156
            ],
            [
              -43.341121033051515,
              -22.79713800486516
            ],
            [
              -43.341289908739775,
              -22.79765196186079
            ],
            [
              -43.34132953753004,
              -22.797883959128086
            ],
            [
              -43.34141971331076,
              -22.798183167496745
            ],
            [
              -43.3413598807777,
              -22.798531499005605
            ],
            [
              -43.34119464678915,
              -22.798908708610437
            ],
            [
              -43.341149425463506,
              -22.798940323981462
            ],
            [
              -43.341148878976554,
              -22.798985473337744
            ],
            [
              -43.34114833248821,
              -22.799030622693742
            ],
            [
              -43.34109963554795,
              -22.79903011600916
            ],
            [
              -43.34101275731883,
              -22.799300324150103
            ],
            [
              -43.340849045143074,
              -22.79961452388007
            ],
            [
              -43.34081317356209,
              -22.799964984004976
            ],
            [
              -43.34052762265711,
              -22.800058848348076
            ],
            [
              -43.33994365154297,
              -22.800126062966616
            ],
            [
              -43.339722447506205,
              -22.800144655812897
            ],
            [
              -43.33972190051713,
              -22.80018980512962
            ],
            [
              -43.339575808571006,
              -22.80018828365157
            ],
            [
              -43.33935373451729,
              -22.800206051128274
            ],
            [
              -43.338831557182125,
              -22.800261018011504
            ],
            [
              -43.33862321442698,
              -22.800203434026724
            ],
            [
              -43.338165777067886,
              -22.799992972009655
            ],
            [
              -43.3382021950701,
              -22.80010986604219
            ],
            [
              -43.33834447964861,
              -22.800266514252748
            ],
            [
              -43.338628859049834,
              -22.80041752708323
            ],
            [
              -43.33914096716481,
              -22.80048508336089
            ],
            [
              -43.33924113327663,
              -22.800747019352347
            ],
            [
              -43.33916909339989,
              -22.80147556731426
            ],
            [
              -43.339389967296974,
              -22.801607049448627
            ],
            [
              -43.339627601218425,
              -22.80179350700801
            ],
            [
              -43.339785885133445,
              -22.80183948919713
            ],
            [
              -43.339949189196716,
              -22.80201926876164
            ],
            [
              -43.34016149410196,
              -22.80194636070083
            ],
            [
              -43.34003423838487,
              -22.801475367343894
            ],
            [
              -43.33978911011378,
              -22.801057060143847
            ],
            [
              -43.33976789380132,
              -22.80077223916333
            ],
            [
              -43.34004081436457,
              -22.80057862483217
            ],
            [
              -43.34032725596715,
              -22.800623399709924
            ],
            [
              -43.340855498815394,
              -22.800809518178717
            ],
            [
              -43.341170814772866,
              -22.800768564899695
            ],
            [
              -43.34142792585788,
              -22.800352354237404
            ],
            [
              -43.34135700742164,
              -22.800047101029477
            ],
            [
              -43.34121480845099,
              -22.799723958058415
            ],
            [
              -43.341411914149475,
              -22.79923488148218
            ],
            [
              -43.34165794462927,
              -22.7987361932602
            ],
            [
              -43.34171745063685,
              -22.798134230344225
            ],
            [
              -43.34163938812744,
              -22.797667663194378
            ],
            [
              -43.34139860260538,
              -22.797120486749474
            ],
            [
              -43.34134048329808,
              -22.796805075570614
            ],
            [
              -43.341186176279166,
              -22.796598420476805
            ],
            [
              -43.341030190528954,
              -22.796264275155565
            ],
            [
              -43.3409874283683,
              -22.79622933556379
            ],
            [
              -43.34098196362619,
              -22.796680829230617
            ],
            [
              -43.34103036758092,
              -22.796716279521156
            ]
          ]
        ]
      }
    },
    {
      "type": "Feature",
      "properties": {
        "CLASSE": "Baixa",
        "referenceYear": 2015,
        "overlayColor": "#5d8aa8"
      },
      "geometry": {
        "type": "Polygon",
        "coordinates": [
          [
            [
              -43.34114833248821,
              -22.799030622693742
            ],
            [
              -43.341148878976554,
              -22.798985473337744
            ],
            [
              -43.341100182052315,
              -22.798984966654267
            ],
            [
              -43.34109963554795,
              -22.79903011600916
            ],
            [
              -43.34114833248821,
              -22.799030622693742
            ]
          ]
        ]
      }
    },
    {
      "type": "Feature",
      "properties": {
        "CLASSE": "Média",
        "referenceYear": 2015,
        "overlayColor": "#e4bd59"
      },
      "geometry": {
        "type": "Polygon",
        "coordinates": [
          [
            [
              -43.33790343189077,
              -22.799650306998913
            ],
            [
              -43.33769761244865,
              -22.799099047422658
            ],
            [
              -43.3374413963972,
              -22.798252338097615
            ],
            [
              -43.33740798323115,
              -22.79822402687377
            ],
            [
              -43.337431249479565,
              -22.798426199146704
            ],
            [
              -43.337477953882434,
              -22.79907270229766
            ],
            [
              -43.33785888465806,
              -22.799663027478072
            ],
            [
              -43.3379255764784,
              -22.799719538120215
            ],
            [
              -43.33790343189077,
              -22.799650306998913
            ]
          ]
        ]
      }
    },
    {
      "type": "Feature",
      "properties": {
        "CLASSE": "Baixa",
        "referenceYear": 2015,
        "overlayColor": "#5d8aa8"
      },
      "geometry": {
        "type": "Polygon",
        "coordinates": [
          [
            [
              -43.330440686053166,
              -22.79613319350774
            ],
            [
              -43.33061763405613,
              -22.796423545414743
            ],
            [
              -43.331027981908505,
              -22.797493131663224
            ],
            [
              -43.3314315430114,
              -22.798050243852416
            ],
            [
              -43.33145145560926,
              -22.798701973571458
            ],
            [
              -43.331282683028974,
              -22.79893840031795
            ],
            [
              -43.33086454976189,
              -22.79903531865053
            ],
            [
              -43.33061453515443,
              -22.798997617657182
            ],
            [
              -43.330619050537535,
              -22.799082821664662
            ],
            [
              -43.33082596447103,
              -22.799125224437528
            ],
            [
              -43.331257239931055,
              -22.799018290544915
            ],
            [
              -43.331727002636065,
              -22.798623785502798
            ],
            [
              -43.33174624848417,
              -22.79827347974127
            ],
            [
              -43.33168790896738,
              -22.798095683744403
            ],
            [
              -43.33145072476061,
              -22.797575838679716
            ],
            [
              -43.33153366762506,
              -22.797379302819316
            ],
            [
              -43.33178944257004,
              -22.797372581074978
            ],
            [
              -43.332079745088286,
              -22.797731902074318
            ],
            [
              -43.332090540965886,
              -22.79808514596574
            ],
            [
              -43.33195710084383,
              -22.798215692445392
            ],
            [
              -43.331801297165065,
              -22.798346533966768
            ],
            [
              -43.3319265216361,
              -22.798934499509993
            ],
            [
              -43.33195852305617,
              -22.799981383820935
            ],
            [
              -43.33171700354439,
              -22.800266663954428
            ],
            [
              -43.331874046141166,
              -22.800427413152285
            ],
            [
              -43.332049133676946,
              -22.80058126248053
            ],
            [
              -43.33216481409732,
              -22.80069965936639
            ],
            [
              -43.33232001988716,
              -22.800836042130282
            ],
            [
              -43.33259342288325,
              -22.801189932689258
            ],
            [
              -43.332670207085364,
              -22.801268522129284
            ],
            [
              -43.33281707669236,
              -22.801358648152977
            ],
            [
              -43.333090968681915,
              -22.801537633977045
            ],
            [
              -43.33337368992213,
              -22.80156852509246
            ],
            [
              -43.33332652730311,
              -22.8015219731458
            ],
            [
              -43.33302241930416,
              -22.801244898616623
            ],
            [
              -43.33266423287547,
              -22.800608311834054
            ],
            [
              -43.33235453168762,
              -22.799855546479613
            ],
            [
              -43.33231831960514,
              -22.79828330646046
            ],
            [
              -43.3322668766653,
              -22.797983286407163
            ],
            [
              -43.33245622763837,
              -22.797425879619585
            ],
            [
              -43.332536774683305,
              -22.797065019701762
            ],
            [
              -43.33270591938441,
              -22.796690589427897
            ],
            [
              -43.33261589872422,
              -22.79643745962128
            ],
            [
              -43.332930486175634,
              -22.796394105870792
            ],
            [
              -43.33306938396409,
              -22.796531210218923
            ],
            [
              -43.33330063036039,
              -22.796478826557696
            ],
            [
              -43.33381211031538,
              -22.79649385697902
            ],
            [
              -43.33429551551021,
              -22.796731175700792
            ],
            [
              -43.334714763265225,
              -22.797338879557653
            ],
            [
              -43.33491649436729,
              -22.797621606337557
            ],
            [
              -43.335559551563016,
              -22.798764465025712
            ],
            [
              -43.33564503870855,
              -22.79901842253631
            ],
            [
              -43.33568961412747,
              -22.798982326240935
            ],
            [
              -43.33581610806156,
              -22.798265687228444
            ],
            [
              -43.33567330026534,
              -22.797819129169056
            ],
            [
              -43.33551656190949,
              -22.797652753428356
            ],
            [
              -43.33524834874966,
              -22.79749063754563
            ],
            [
              -43.334982720861454,
              -22.797129462963934
            ],
            [
              -43.33482192911284,
              -22.796728235223576
            ],
            [
              -43.334481583903234,
              -22.796456286309215
            ],
            [
              -43.334365587665715,
              -22.79633315846368
            ],
            [
              -43.3340449561145,
              -22.79626045576194
            ],
            [
              -43.33380699785332,
              -22.796085463350632
            ],
            [
              -43.3335624008267,
              -22.795949977940843
            ],
            [
              -43.33325157369664,
              -22.795767300001813
            ],
            [
              -43.33230180731622,
              -22.795485249062942
            ],
            [
              -43.33211729220226,
              -22.79542167759072
            ],
            [
              -43.33146099957728,
              -22.795246649025337
            ],
            [
              -43.33120957557658,
              -22.79511654569026
            ],
            [
              -43.330642873692334,
              -22.795537821371624
            ],
            [
              -43.33042595491852,
              -22.795618818313024
            ],
            [
              -43.330440686053166,
              -22.79613319350774
            ]
          ]
        ]
      }
    },
    {
      "type": "Feature",
      "properties": {
        "CLASSE": "Média",
        "referenceYear": 2015,
        "overlayColor": "#e4bd59"
      },
      "geometry": {
        "type": "Polygon",
        "coordinates": [
          [
            [
              -43.33731442419598,
              -22.79790696632655
            ],
            [
              -43.337265727749816,
              -22.79790645849489
            ],
            [
              -43.33726518001143,
              -22.797951607767846
            ],
            [
              -43.33731387647364,
              -22.797952115600623
            ],
            [
              -43.33731442419598,
              -22.79790696632655
            ]
          ]
        ]
      }
    },
    {
      "type": "Feature",
      "properties": {
        "CLASSE": "Média",
        "referenceYear": 2015,
        "overlayColor": "#e4bd59"
      },
      "geometry": {
        "type": "Polygon",
        "coordinates": [
          [
            [
              -43.341398984302124,
              -22.80246501326924
            ],
            [
              -43.3417095027715,
              -22.802419423136378
            ],
            [
              -43.34175660908997,
              -22.802145174084675
            ],
            [
              -43.341405670798366,
              -22.802093353099547
            ],
            [
              -43.341298445571,
              -22.802254055852316
            ],
            [
              -43.341398984302124,
              -22.80246501326924
            ]
          ]
        ]
      }
    },
    {
      "type": "Feature",
      "properties": {
        "CLASSE": "Média",
        "referenceYear": 2015,
        "overlayColor": "#e4bd59"
      },
      "geometry": {
        "type": "Polygon",
        "coordinates": [
          [
            [
              -43.34372652123196,
              -22.80174218635215
            ],
            [
              -43.34394657979387,
              -22.80178462809842
            ],
            [
              -43.343989264936724,
              -22.80172430618753
            ],
            [
              -43.34372652123196,
              -22.80174218635215
            ]
          ]
        ]
      }
    },
    {
      "type": "Feature",
      "properties": {
        "CLASSE": "Baixa",
        "referenceYear": 2015,
        "overlayColor": "#5d8aa8"
      },
      "geometry": {
        "type": "Polygon",
        "coordinates": [
          [
            [
              -43.35162062234385,
              -22.80092241840863
            ],
            [
              -43.351006135218284,
              -22.80113078781533
            ],
            [
              -43.350503196317426,
              -22.801204981224203
            ],
            [
              -43.350192417856626,
              -22.801131326163052
            ],
            [
              -43.34965192478696,
              -22.800953528168098
            ],
            [
              -43.3486974561348,
              -22.80076195467558
            ],
            [
              -43.347702835498495,
              -22.800724270745317
            ],
            [
              -43.34772597445163,
              -22.800747948016806
            ],
            [
              -43.348448914516005,
              -22.800874820081617
            ],
            [
              -43.34883333967464,
              -22.800992059283857
            ],
            [
              -43.34923149698017,
              -22.801258531184914
            ],
            [
              -43.34944588818831,
              -22.80147791691686
            ],
            [
              -43.34973487221314,
              -22.801575198722155
            ],
            [
              -43.34994757049141,
              -22.801585222049784
            ],
            [
              -43.350905724102816,
              -22.80154188946696
            ],
            [
              -43.351318590624125,
              -22.80132256108992
            ],
            [
              -43.351516386606654,
              -22.801156410017963
            ],
            [
              -43.35169442270338,
              -22.800901055853654
            ],
            [
              -43.35162062234385,
              -22.80092241840863
            ]
          ]
        ]
      }
    },
    {
      "type": "Feature",
      "properties": {
        "CLASSE": "Baixa",
        "referenceYear": 2015,
        "overlayColor": "#5d8aa8"
      },
      "geometry": {
        "type": "Polygon",
        "coordinates": [
          [
            [
              -43.34602972596631,
              -22.80049958950267
            ],
            [
              -43.34590374620376,
              -22.800479838983367
            ],
            [
              -43.34598328460837,
              -22.80061508775234
            ],
            [
              -43.34612178204067,
              -22.80078535466498
            ],
            [
              -43.34614668920521,
              -22.800527514536505
            ],
            [
              -43.34602972596631,
              -22.80049958950267
            ]
          ]
        ]
      }
    },
    {
      "type": "Feature",
      "properties": {
        "CLASSE": "Baixa",
        "referenceYear": 2015,
        "overlayColor": "#5d8aa8"
      },
      "geometry": {
        "type": "Polygon",
        "coordinates": [
          [
            [
              -43.34411121116405,
              -22.79969359426109
            ],
            [
              -43.344159908414426,
              -22.799694100039943
            ],
            [
              -43.34416045392857,
              -22.799648950618696
            ],
            [
              -43.34411175669422,
              -22.799648444840958
            ],
            [
              -43.34411121116405,
              -22.79969359426109
            ]
          ]
        ]
      }
    },
    {
      "type": "Feature",
      "properties": {
        "CLASSE": "Baixa",
        "referenceYear": 2015,
        "overlayColor": "#5d8aa8"
      },
      "geometry": {
        "type": "Polygon",
        "coordinates": [
          [
            [
              -43.34408419263394,
              -22.799618101092815
            ],
            [
              -43.343800059048014,
              -22.799395173003983
            ],
            [
              -43.343725452790444,
              -22.79937350161078
            ],
            [
              -43.343749650477974,
              -22.799620893276472
            ],
            [
              -43.34411175669422,
              -22.799648444840958
            ],
            [
              -43.34408419263394,
              -22.799618101092815
            ]
          ]
        ]
      }
    },
    {
      "type": "Feature",
      "properties": {
        "CLASSE": "Baixa",
        "referenceYear": 2015,
        "overlayColor": "#5d8aa8"
      },
      "geometry": {
        "type": "Polygon",
        "coordinates": [
          [
            [
              -43.342869103491914,
              -22.797693865327503
            ],
            [
              -43.34282040698396,
              -22.79769335919637
            ],
            [
              -43.34281986108057,
              -22.797738508597988
            ],
            [
              -43.34286855760455,
              -22.797739014730237
            ],
            [
              -43.342869103491914,
              -22.797693865327503
            ]
          ]
        ]
      }
    },
    {
      "type": "Feature",
      "properties": {
        "CLASSE": "Baixa",
        "referenceYear": 2015,
        "overlayColor": "#5d8aa8"
      },
      "geometry": {
        "type": "Polygon",
        "coordinates": [
          [
            [
              -43.34280138587042,
              -22.79762129481078
            ],
            [
              -43.34264846369599,
              -22.797447353136437
            ],
            [
              -43.34251357498923,
              -22.79725706251718
            ],
            [
              -43.34248499154634,
              -22.797238321909337
            ],
            [
              -43.34246292192555,
              -22.79730872996081
            ],
            [
              -43.34238828934072,
              -22.79742059921893
            ],
            [
              -43.342744467370686,
              -22.7976728972184
            ],
            [
              -43.34282040698396,
              -22.79769335919637
            ],
            [
              -43.34280138587042,
              -22.79762129481078
            ]
          ]
        ]
      }
    },
    {
      "type": "Feature",
      "properties": {
        "CLASSE": "Média",
        "referenceYear": 2015,
        "overlayColor": "#e4bd59"
      },
      "geometry": {
        "type": "Polygon",
        "coordinates": [
          [
            [
              -43.35055425751342,
              -22.79255686035896
            ],
            [
              -43.35087395357372,
              -22.79263980027817
            ],
            [
              -43.35130248751731,
              -22.792994840375876
            ],
            [
              -43.35135118256562,
              -22.792995343819157
            ],
            [
              -43.351350639596205,
              -22.79304049344228
            ],
            [
              -43.35142524392477,
              -22.793062161150385
            ],
            [
              -43.35168284785392,
              -22.79315290766666
            ],
            [
              -43.35217688397751,
              -22.793250550906773
            ],
            [
              -43.35288170996276,
              -22.793205362795852
            ],
            [
              -43.3533006126036,
              -22.79288002036546
            ],
            [
              -43.35330169724849,
              -22.792789721028306
            ],
            [
              -43.353350392273086,
              -22.792790223856997
            ],
            [
              -43.35337430272991,
              -22.792675901380772
            ],
            [
              -43.35344167759314,
              -22.792404094472865
            ],
            [
              -43.35379786409266,
              -22.792027204049766
            ],
            [
              -43.353754132017,
              -22.79176193937135
            ],
            [
              -43.353792496499956,
              -22.791538482720576
            ],
            [
              -43.354091049306966,
              -22.79146470882451
            ],
            [
              -43.354699791655655,
              -22.79142982034405
            ],
            [
              -43.35526741704975,
              -22.791645836205728
            ],
            [
              -43.355407500123206,
              -22.79181803542327
            ],
            [
              -43.355515085477386,
              -22.791839330273454
            ],
            [
              -43.35555250121026,
              -22.791909841326184
            ],
            [
              -43.355601195977634,
              -22.791910343449462
            ],
            [
              -43.35560065443624,
              -22.791955493175458
            ],
            [
              -43.355723502868265,
              -22.79199295248129
            ],
            [
              -43.356029710938635,
              -22.792193007989397
            ],
            [
              -43.35657296300019,
              -22.792267564076045
            ],
            [
              -43.35668879138464,
              -22.79247610178703
            ],
            [
              -43.35669337700775,
              -22.792625213425378
            ],
            [
              -43.35653751687778,
              -22.792891127146813
            ],
            [
              -43.356638228137854,
              -22.79297960386789
            ],
            [
              -43.35677432062544,
              -22.793254848630003
            ],
            [
              -43.357035134687465,
              -22.79330381029043
            ],
            [
              -43.35729955942048,
              -22.793574385134047
            ],
            [
              -43.3576872231746,
              -22.793678891765403
            ],
            [
              -43.35774728200723,
              -22.79386180732695
            ],
            [
              -43.357910073411766,
              -22.794004809185676
            ],
            [
              -43.35773927046585,
              -22.79425712061351
            ],
            [
              -43.35775659014629,
              -22.794820202739665
            ],
            [
              -43.35764098865151,
              -22.794933333589448
            ],
            [
              -43.35733296923475,
              -22.79484255657453
            ],
            [
              -43.35701994886777,
              -22.794522257738674
            ],
            [
              -43.356739722510305,
              -22.794566487807593
            ],
            [
              -43.35661304803692,
              -22.7949952326634
            ],
            [
              -43.35659363864695,
              -22.795349682598623
            ],
            [
              -43.356695353398976,
              -22.79587529203528
            ],
            [
              -43.35679324878108,
              -22.796143793200446
            ],
            [
              -43.35689278609642,
              -22.796446949413472
            ],
            [
              -43.35732963115619,
              -22.796593988492784
            ],
            [
              -43.35766195638807,
              -22.79665117160336
            ],
            [
              -43.35809955973556,
              -22.796711218586506
            ],
            [
              -43.35796793125063,
              -22.796998819666964
            ],
            [
              -43.35747803503441,
              -22.797137094466645
            ],
            [
              -43.35731406710468,
              -22.7972328871496
            ],
            [
              -43.35698157471375,
              -22.79744000227551
            ],
            [
              -43.35666199295436,
              -22.797530205338767
            ],
            [
              -43.35608161600412,
              -22.79777687598282
            ],
            [
              -43.35554711111671,
              -22.798525895940948
            ],
            [
              -43.35490619366282,
              -22.79917376534835
            ],
            [
              -43.35495509529697,
              -22.79967780179854
            ],
            [
              -43.35523320417242,
              -22.800178481475108
            ],
            [
              -43.35518238879967,
              -22.80050896533753
            ],
            [
              -43.35508190076197,
              -22.80076559243183
            ],
            [
              -43.35512750086148,
              -22.80086964109783
            ],
            [
              -43.35527123218942,
              -22.801067989237005
            ],
            [
              -43.35503130252473,
              -22.801137860274352
            ],
            [
              -43.35461161155337,
              -22.801012003615742
            ],
            [
              -43.35399073957481,
              -22.80037669529515
            ],
            [
              -43.353720704413135,
              -22.80024062415396
            ],
            [
              -43.35336513632892,
              -22.800340971168275
            ],
            [
              -43.35314048799291,
              -22.800436446633967
            ],
            [
              -43.353001697041485,
              -22.800740036628362
            ],
            [
              -43.35293403187138,
              -22.800990970994043
            ],
            [
              -43.352641037151784,
              -22.801237096610684
            ],
            [
              -43.35278279804307,
              -22.80141806332002
            ],
            [
              -43.35317132834019,
              -22.801536536353183
            ],
            [
              -43.3530570663643,
              -22.801727860960586
            ],
            [
              -43.35281663807026,
              -22.801877615932373
            ],
            [
              -43.352508595073765,
              -22.80188574915022
            ],
            [
              -43.35221709939604,
              -22.801796857773795
            ],
            [
              -43.35212207010855,
              -22.80153622205498
            ],
            [
              -43.35229761471028,
              -22.801290250615516
            ],
            [
              -43.35250983068462,
              -22.801011034037955
            ],
            [
              -43.35236678135793,
              -22.800721696722793
            ],
            [
              -43.35223281373413,
              -22.800680845412767
            ],
            [
              -43.35206334990796,
              -22.800748507797792
            ],
            [
              -43.35169442270338,
              -22.800901055853654
            ],
            [
              -43.351516386606654,
              -22.801156410017963
            ],
            [
              -43.351318590624125,
              -22.80132256108992
            ],
            [
              -43.350905724102816,
              -22.80154188946696
            ],
            [
              -43.34994757049141,
              -22.801585222049784
            ],
            [
              -43.34973487221314,
              -22.801575198722155
            ],
            [
              -43.34944588818831,
              -22.80147791691686
            ],
            [
              -43.34923149698017,
              -22.801258531184914
            ],
            [
              -43.34883333967464,
              -22.800992059283857
            ],
            [
              -43.348448914516005,
              -22.800874820081617
            ],
            [
              -43.34772597445163,
              -22.800747948016806
            ],
            [
              -43.347702835498495,
              -22.800724270745317
            ],
            [
              -43.34688347374254,
              -22.80069176592986
            ],
            [
              -43.34641420171677,
              -22.800597570135785
            ],
            [
              -43.34614668920521,
              -22.800527514536505
            ],
            [
              -43.34612178204067,
              -22.80078535466498
            ],
            [
              -43.34598328460837,
              -22.80061508775234
            ],
            [
              -43.34590374620376,
              -22.800479838983367
            ],
            [
              -43.345140762860765,
              -22.800195505790345
            ],
            [
              -43.34447359390191,
              -22.799856260387546
            ],
            [
              -43.34423361927522,
              -22.79971658324371
            ],
            [
              -43.344159908414426,
              -22.799694100039943
            ],
            [
              -43.34411121116405,
              -22.79969359426109
            ],
            [
              -43.34411175669422,
              -22.799648444840958
            ],
            [
              -43.343749650477974,
              -22.799620893276472
            ],
            [
              -43.343725452790444,
              -22.79937350161078
            ],
            [
              -43.343655153829616,
              -22.799258615800404
            ],
            [
              -43.34325747340886,
              -22.798771657400827
            ],
            [
              -43.342916139784876,
              -22.7983770050042
            ],
            [
              -43.342938958811324,
              -22.79807840949982
            ],
            [
              -43.34292981280888,
              -22.797903057407925
            ],
            [
              -43.34286855760455,
              -22.797739014730237
            ],
            [
              -43.34281986108057,
              -22.797738508597988
            ],
            [
              -43.34282040698396,
              -22.79769335919637
            ],
            [
              -43.342744467370686,
              -22.7976728972184
            ],
            [
              -43.34238828934072,
              -22.79742059921893
            ],
            [
              -43.34246292192555,
              -22.79730872996081
            ],
            [
              -43.34248499154634,
              -22.797238321909337
            ],
            [
              -43.34244694978863,
              -22.79709419307686
            ],
            [
              -43.34238978299562,
              -22.797056711836937
            ],
            [
              -43.34216938792911,
              -22.797308671224332
            ],
            [
              -43.34221090711682,
              -22.79788781206157
            ],
            [
              -43.342315082884035,
              -22.798336190527003
            ],
            [
              -43.34281062112182,
              -22.79846679718757
            ],
            [
              -43.343122727767316,
              -22.79872181135626
            ],
            [
              -43.34307312540818,
              -22.79899191763606
            ],
            [
              -43.342924016087096,
              -22.79934427740515
            ],
            [
              -43.3427872201873,
              -22.799565720480288
            ],
            [
              -43.34276103917175,
              -22.799830568977196
            ],
            [
              -43.34291586789471,
              -22.800018156342723
            ],
            [
              -43.34303559647887,
              -22.80040240853618
            ],
            [
              -43.343181870986925,
              -22.80056343770186
            ],
            [
              -43.343499899488805,
              -22.800620645254774
            ],
            [
              -43.34358671627306,
              -22.800928229173966
            ],
            [
              -43.34365423236833,
              -22.80121881166435
            ],
            [
              -43.34396917951388,
              -22.801353050933297
            ],
            [
              -43.343989264936724,
              -22.80172430618753
            ],
            [
              -43.344276914826914,
              -22.80169893977114
            ],
            [
              -43.34440909925573,
              -22.80116336839214
            ],
            [
              -43.34463777576709,
              -22.800941687368702
            ],
            [
              -43.34493025301253,
              -22.80113279124287
            ],
            [
              -43.34499226199763,
              -22.80126968298505
            ],
            [
              -43.344881465787225,
              -22.80145866145451
            ],
            [
              -43.344446820950004,
              -22.801689531311446
            ],
            [
              -43.34445349177631,
              -22.801907025167065
            ],
            [
              -43.34460624241611,
              -22.802326064401285
            ],
            [
              -43.34491952352534,
              -22.802387855709803
            ],
            [
              -43.34524709569389,
              -22.802160316012127
            ],
            [
              -43.345344907797255,
              -22.801884651601032
            ],
            [
              -43.345565571249146,
              -22.80179088799552
            ],
            [
              -43.34569567613553,
              -22.801424217473198
            ],
            [
              -43.34599770406005,
              -22.801338997913827
            ],
            [
              -43.346113236203955,
              -22.801225952776758
            ],
            [
              -43.346405554193524,
              -22.8012762734062
            ],
            [
              -43.346958863285074,
              -22.801186817678165
            ],
            [
              -43.34728309050016,
              -22.801202101933924
            ],
            [
              -43.34784336414205,
              -22.80118732710088
            ],
            [
              -43.3482112885883,
              -22.801204666341665
            ],
            [
              -43.348204604828375,
              -22.80132659645435
            ],
            [
              -43.34801056154116,
              -22.80138134943606
            ],
            [
              -43.34781667736928,
              -22.80145790418431
            ],
            [
              -43.347866719942104,
              -22.80178625504555
            ],
            [
              -43.34804330436459,
              -22.80161347261898
            ],
            [
              -43.34843219249043,
              -22.801712266006085
            ],
            [
              -43.34854682991995,
              -22.80199448264941
            ],
            [
              -43.348660755870114,
              -22.80219961060905
            ],
            [
              -43.3498947563593,
              -22.802264731393834
            ],
            [
              -43.35017931162527,
              -22.80247175675713
            ],
            [
              -43.350231403698146,
              -22.80300467706006
            ],
            [
              -43.35020118568397,
              -22.803081837351694
            ],
            [
              -43.35021939999996,
              -22.80307959999993
            ],
            [
              -43.35060632178277,
              -22.803032259736224
            ],
            [
              -43.35064445827496,
              -22.803024717916326
            ],
            [
              -43.35078988823532,
              -22.803009799855836
            ],
            [
              -43.35087079999994,
              -22.80299989999997
            ],
            [
              -43.35114489999995,
              -22.80296639999994
            ],
            [
              -43.35146788856088,
              -22.802926946370313
            ],
            [
              -43.35166801086984,
              -22.802896334298328
            ],
            [
              -43.3517449213355,
              -22.80288378595359
            ],
            [
              -43.35209409999993,
              -22.802805299999935
            ],
            [
              -43.35224549999998,
              -22.802771299999957
            ],
            [
              -43.352396899999974,
              -22.80273719999997
            ],
            [
              -43.35281869999994,
              -22.802642499999934
            ],
            [
              -43.35356449999995,
              -22.80245929999995
            ],
            [
              -43.35375749999997,
              -22.80242659999993
            ],
            [
              -43.35395049999994,
              -22.802393799999944
            ],
            [
              -43.35401009999998,
              -22.802398299999933
            ],
            [
              -43.35408325771834,
              -22.802403765655214
            ],
            [
              -43.354085872364955,
              -22.802403334945872
            ],
            [
              -43.354095040155734,
              -22.80240464592473
            ],
            [
              -43.3541948446275,
              -22.80241210231227
            ],
            [
              -43.35417819458247,
              -22.802288947422255
            ],
            [
              -43.353988334967596,
              -22.80212216948815
            ],
            [
              -43.3539988816086,
              -22.80192966860905
            ],
            [
              -43.3541914984185,
              -22.80176785930258
            ],
            [
              -43.355470575738714,
              -22.801724157545586
            ],
            [
              -43.35558878398758,
              -22.80160848145328
            ],
            [
              -43.35565864926945,
              -22.801252606718172
            ],
            [
              -43.35551125599353,
              -22.80104921060819
            ],
            [
              -43.35552151112763,
              -22.80086198158602
            ],
            [
              -43.3557997625402,
              -22.800495870390534
            ],
            [
              -43.35566658061368,
              -22.799736889281036
            ],
            [
              -43.35553092815013,
              -22.799420737173346
            ],
            [
              -43.35554178301178,
              -22.799222644396643
            ],
            [
              -43.35573702451287,
              -22.798934252118023
            ],
            [
              -43.35594300317151,
              -22.79860365373024
            ],
            [
              -43.35624153974098,
              -22.79825090248073
            ],
            [
              -43.35657431694441,
              -22.79805648641825
            ],
            [
              -43.35706321712164,
              -22.797999662488873
            ],
            [
              -43.357332090205134,
              -22.797950392907534
            ],
            [
              -43.35759921393917,
              -22.79782284372097
            ],
            [
              -43.35784561451946,
              -22.797736790863453
            ],
            [
              -43.35804602983719,
              -22.79761194927779
            ],
            [
              -43.35838398429714,
              -22.79751655824822
            ],
            [
              -43.35863675236516,
              -22.79733012221398
            ],
            [
              -43.3587418642863,
              -22.797129421858035
            ],
            [
              -43.35872982680302,
              -22.796738069312667
            ],
            [
              -43.35863130544566,
              -22.796560711220785
            ],
            [
              -43.35834641135135,
              -22.79643244352913
            ],
            [
              -43.35820327888486,
              -22.796338939353333
            ],
            [
              -43.358019675468775,
              -22.796226310147386
            ],
            [
              -43.35787077326792,
              -22.795925165174495
            ],
            [
              -43.35825370278878,
              -22.795184607611308
            ],
            [
              -43.358316298924464,
              -22.794880271662407
            ],
            [
              -43.35822280118835,
              -22.794533786912922
            ],
            [
              -43.35829538353033,
              -22.79428812009959
            ],
            [
              -43.35817064949554,
              -22.794115993015943
            ],
            [
              -43.35804304528324,
              -22.793857918779587
            ],
            [
              -43.35790319795621,
              -22.79373507415254
            ],
            [
              -43.35777337645553,
              -22.793544048447174
            ],
            [
              -43.35732422154934,
              -22.793482410309096
            ],
            [
              -43.357265603124446,
              -22.793303875056957
            ],
            [
              -43.357188106906676,
              -22.793091328421838
            ],
            [
              -43.35728208598693,
              -22.79277323269265
            ],
            [
              -43.35727280257149,
              -22.79247136471974
            ],
            [
              -43.357072109139224,
              -22.792110044433226
            ],
            [
              -43.356914756675245,
              -22.791971816256233
            ],
            [
              -43.35653356849556,
              -22.791800187433378
            ],
            [
              -43.35623075269248,
              -22.791855682373203
            ],
            [
              -43.35581863899351,
              -22.79173919060091
            ],
            [
              -43.35540837110681,
              -22.79141040639966
            ],
            [
              -43.35484950264487,
              -22.791158768369883
            ],
            [
              -43.35394215776592,
              -22.791103870043365
            ],
            [
              -43.35367664380341,
              -22.791288342916083
            ],
            [
              -43.35345804015461,
              -22.791381252779058
            ],
            [
              -43.35339124953772,
              -22.791493098586265
            ],
            [
              -43.353628188010276,
              -22.791786287087735
            ],
            [
              -43.35343146529578,
              -22.79204513909586
            ],
            [
              -43.353284503397354,
              -22.792271117764486
            ],
            [
              -43.353074555174146,
              -22.792504945471183
            ],
            [
              -43.35272710147599,
              -22.792707934345856
            ],
            [
              -43.351952484223716,
              -22.792785770986576
            ],
            [
              -43.35133238792923,
              -22.792610470100694
            ],
            [
              -43.350795954985436,
              -22.792516332592015
            ],
            [
              -43.35060335103215,
              -22.792467404953207
            ],
            [
              -43.350496879090954,
              -22.792470217273074
            ],
            [
              -43.3504314095451,
              -22.792534279821044
            ],
            [
              -43.35055425751342,
              -22.79255686035896
            ]
          ]
        ]
      }
    },
    {
      "type": "Feature",
      "properties": {
        "CLASSE": "Baixa",
        "referenceYear": 2015,
        "overlayColor": "#5d8aa8"
      },
      "geometry": {
        "type": "Polygon",
        "coordinates": [
          [
            [
              -43.3421550392058,
              -22.796331790094587
            ],
            [
              -43.34210634319926,
              -22.796331283773977
            ],
            [
              -43.342105797097034,
              -22.796376433166937
            ],
            [
              -43.34215449311959,
              -22.796376939488663
            ],
            [
              -43.3421550392058,
              -22.796331790094587
            ]
          ]
        ]
      }
    },
    {
      "type": "Feature",
      "properties": {
        "CLASSE": "Baixa",
        "referenceYear": 2015,
        "overlayColor": "#5d8aa8"
      },
      "geometry": {
        "type": "Polygon",
        "coordinates": [
          [
            [
              -43.34119464678915,
              -22.798908708610437
            ],
            [
              -43.3413598807777,
              -22.798531499005605
            ],
            [
              -43.34141971331076,
              -22.798183167496745
            ],
            [
              -43.34132953753004,
              -22.797883959128086
            ],
            [
              -43.341289908739775,
              -22.79765196186079
            ],
            [
              -43.341121033051515,
              -22.79713800486516
            ],
            [
              -43.34103036758092,
              -22.796716279521156
            ],
            [
              -43.34098196362619,
              -22.796680829230617
            ],
            [
              -43.34099853301892,
              -22.797212736525307
            ],
            [
              -43.34109066816857,
              -22.797609319983334
            ],
            [
              -43.341277686569,
              -22.7982531487179
            ],
            [
              -43.3412283619629,
              -22.798604163623065
            ],
            [
              -43.34117334740067,
              -22.798826004084116
            ],
            [
              -43.341149425463506,
              -22.798940323981462
            ],
            [
              -43.34119464678915,
              -22.798908708610437
            ]
          ]
        ]
      }
    },
    {
      "type": "Feature",
      "properties": {
        "CLASSE": "Média",
        "referenceYear": 2015,
        "overlayColor": "#e4bd59"
      },
      "geometry": {
        "type": "Polygon",
        "coordinates": [
          [
            [
              -43.33341904537123,
              -22.790905567286305
            ],
            [
              -43.333259095819656,
              -22.790999778309065
            ],
            [
              -43.33306335137637,
              -22.791044182687017
            ],
            [
              -43.3329099205612,
              -22.79114005446633
            ],
            [
              -43.33275502648446,
              -22.791355258311185
            ],
            [
              -43.332686875994725,
              -22.791600549858213
            ],
            [
              -43.33266666221411,
              -22.791627050049104
            ],
            [
              -43.332691672463206,
              -22.791649029124336
            ],
            [
              -43.33305253776587,
              -22.791702785144473
            ],
            [
              -43.333185288730206,
              -22.791898197901613
            ],
            [
              -43.33336552619449,
              -22.79205657510717
            ],
            [
              -43.33346281682987,
              -22.792253441557587
            ],
            [
              -43.33360835676295,
              -22.792381326881355
            ],
            [
              -43.33355423841579,
              -22.792651454054745
            ],
            [
              -43.33350408456887,
              -22.792923579410004
            ],
            [
              -43.333444332907405,
              -22.793221825382933
            ],
            [
              -43.33319820995209,
              -22.793641571845594
            ],
            [
              -43.33249037555286,
              -22.79410872820985
            ],
            [
              -43.33246265618756,
              -22.7941281109378
            ],
            [
              -43.332292760743094,
              -22.794327497374354
            ],
            [
              -43.331925804490375,
              -22.79452752870348
            ],
            [
              -43.33146173624078,
              -22.794594672130785
            ],
            [
              -43.33143803072856,
              -22.79461786141432
            ],
            [
              -43.33121979028622,
              -22.794745315251284
            ],
            [
              -43.331000894949334,
              -22.79452125702746
            ],
            [
              -43.33087583675909,
              -22.794411365701432
            ],
            [
              -43.330684023241304,
              -22.794215018635263
            ],
            [
              -43.33049061702083,
              -22.793930318214816
            ],
            [
              -43.330327319538256,
              -22.79359988165476
            ],
            [
              -43.330390296774596,
              -22.79437372636636
            ],
            [
              -43.33042595491852,
              -22.795618818313024
            ],
            [
              -43.330642873692334,
              -22.795537821371624
            ],
            [
              -43.33120957557658,
              -22.79511654569026
            ],
            [
              -43.33146099957728,
              -22.795246649025337
            ],
            [
              -43.33211729220226,
              -22.79542167759072
            ],
            [
              -43.33230180731622,
              -22.795485249062942
            ],
            [
              -43.33325157369664,
              -22.795767300001813
            ],
            [
              -43.3335624008267,
              -22.795949977940843
            ],
            [
              -43.33380699785332,
              -22.796085463350632
            ],
            [
              -43.3340449561145,
              -22.79626045576194
            ],
            [
              -43.334365587665715,
              -22.79633315846368
            ],
            [
              -43.334481583903234,
              -22.796456286309215
            ],
            [
              -43.33482192911284,
              -22.796728235223576
            ],
            [
              -43.334982720861454,
              -22.797129462963934
            ],
            [
              -43.33524834874966,
              -22.79749063754563
            ],
            [
              -43.33551656190949,
              -22.797652753428356
            ],
            [
              -43.33567330026534,
              -22.797819129169056
            ],
            [
              -43.33581610806156,
              -22.798265687228444
            ],
            [
              -43.33568961412747,
              -22.798982326240935
            ],
            [
              -43.33564503870855,
              -22.79901842253631
            ],
            [
              -43.335693698803915,
              -22.799252047360433
            ],
            [
              -43.33556954850825,
              -22.799702135440963
            ],
            [
              -43.33511431740072,
              -22.8005702747957
            ],
            [
              -43.33508962790037,
              -22.80063820135304
            ],
            [
              -43.33508907937219,
              -22.800683350560472
            ],
            [
              -43.33504038199496,
              -22.800682841990888
            ],
            [
              -43.3350231098962,
              -22.80075780223989
            ],
            [
              -43.33490717330056,
              -22.800967549581554
            ],
            [
              -43.33488990108326,
              -22.801042509807075
            ],
            [
              -43.33488935247846,
              -22.801087659007663
            ],
            [
              -43.33484065496255,
              -22.80108715036855
            ],
            [
              -43.33483955771674,
              -22.80117744876663
            ],
            [
              -43.33479086017016,
              -22.801176940110434
            ],
            [
              -43.33479031152915,
              -22.801222089307963
            ],
            [
              -43.334741613967935,
              -22.80122158063578
            ],
            [
              -43.3347410653095,
              -22.801266729831916
            ],
            [
              -43.334740516649674,
              -22.80131187902779
            ],
            [
              -43.3346918190578,
              -22.80131137033851
            ],
            [
              -43.33469127038057,
              -22.801356519532998
            ],
            [
              -43.33464257277405,
              -22.801356010827742
            ],
            [
              -43.33464202407939,
              -22.80140116002082
            ],
            [
              -43.33459332645825,
              -22.801400651299588
            ],
            [
              -43.334592777746174,
              -22.801445800491315
            ],
            [
              -43.33454408011038,
              -22.801445291754106
            ],
            [
              -43.33400143084115,
              -22.801683839738022
            ],
            [
              -43.33358749711777,
              -22.801642626590098
            ],
            [
              -43.33347053613826,
              -22.80161469243696
            ],
            [
              -43.33337314080382,
              -22.801613674255137
            ],
            [
              -43.33337368992213,
              -22.80156852509246
            ],
            [
              -43.333090968681915,
              -22.801537633977045
            ],
            [
              -43.33281707669236,
              -22.801358648152977
            ],
            [
              -43.332670207085364,
              -22.801268522129284
            ],
            [
              -43.33259342288325,
              -22.801189932689258
            ],
            [
              -43.33232001988716,
              -22.800836042130282
            ],
            [
              -43.33216481409732,
              -22.80069965936639
            ],
            [
              -43.332049133676946,
              -22.80058126248053
            ],
            [
              -43.331874046141166,
              -22.800427413152285
            ],
            [
              -43.33171700354439,
              -22.800266663954428
            ],
            [
              -43.33195852305617,
              -22.799981383820935
            ],
            [
              -43.3319265216361,
              -22.798934499509993
            ],
            [
              -43.331801297165065,
              -22.798346533966768
            ],
            [
              -43.33195710084383,
              -22.798215692445392
            ],
            [
              -43.332090540965886,
              -22.79808514596574
            ],
            [
              -43.332079745088286,
              -22.797731902074318
            ],
            [
              -43.33178944257004,
              -22.797372581074978
            ],
            [
              -43.33153366762506,
              -22.797379302819316
            ],
            [
              -43.33145072476061,
              -22.797575838679716
            ],
            [
              -43.33168790896738,
              -22.798095683744403
            ],
            [
              -43.33174624848417,
              -22.79827347974127
            ],
            [
              -43.331727002636065,
              -22.798623785502798
            ],
            [
              -43.331257239931055,
              -22.799018290544915
            ],
            [
              -43.33082596447103,
              -22.799125224437528
            ],
            [
              -43.330619050537535,
              -22.799082821664662
            ],
            [
              -43.330640796635265,
              -22.799493163878353
            ],
            [
              -43.33073527046662,
              -22.80018736632761
            ],
            [
              -43.33092534198606,
              -22.800573243701233
            ],
            [
              -43.33087465369989,
              -22.80088849392508
            ],
            [
              -43.33084202251661,
              -22.80097178384761
            ],
            [
              -43.33087841557378,
              -22.80123919965424
            ],
            [
              -43.330958009346105,
              -22.801356354595736
            ],
            [
              -43.33128786192686,
              -22.801522628651654
            ],
            [
              -43.33154770585302,
              -22.801534900766054
            ],
            [
              -43.33200357580428,
              -22.801522925509467
            ],
            [
              -43.332228082977444,
              -22.801579981669896
            ],
            [
              -43.332625912285614,
              -22.801628344404737
            ],
            [
              -43.33288559175421,
              -22.80175923793581
            ],
            [
              -43.33338862938646,
              -22.801901505761045
            ],
            [
              -43.33451435852872,
              -22.801963402959863
            ],
            [
              -43.33496344544723,
              -22.80203029237519
            ],
            [
              -43.33528682874046,
              -22.801758710727437
            ],
            [
              -43.3353938800632,
              -22.80157614411334
            ],
            [
              -43.33534990022662,
              -22.801339960902947
            ],
            [
              -43.33526271152256,
              -22.801100735807708
            ],
            [
              -43.33535407852089,
              -22.80084330021503
            ],
            [
              -43.33549599209324,
              -22.800532969236585
            ],
            [
              -43.3355576907277,
              -22.800250628818034
            ],
            [
              -43.335749302777714,
              -22.799923855723314
            ],
            [
              -43.33580844471349,
              -22.799675735008012
            ],
            [
              -43.33585859743224,
              -22.799403609023024
            ],
            [
              -43.336164462498495,
              -22.798279558868465
            ],
            [
              -43.3361200277557,
              -22.797559735524267
            ],
            [
              -43.335667936248676,
              -22.797244967969196
            ],
            [
              -43.33554730704297,
              -22.79696371159805
            ],
            [
              -43.33549805270397,
              -22.7967619513653
            ],
            [
              -43.33518608477017,
              -22.796570522934275
            ],
            [
              -43.33506715649597,
              -22.796466023341548
            ],
            [
              -43.33501506856281,
              -22.79619661120833
            ],
            [
              -43.334395665806404,
              -22.795917624917728
            ],
            [
              -43.33416846022609,
              -22.795685072491143
            ],
            [
              -43.333615814722066,
              -22.79524206885912
            ],
            [
              -43.333291480586986,
              -22.79513284715565
            ],
            [
              -43.332603577669516,
              -22.795078560108482
            ],
            [
              -43.33228778991793,
              -22.794801070470985
            ],
            [
              -43.33247476666314,
              -22.79451365847172
            ],
            [
              -43.33275426092853,
              -22.79435897975451
            ],
            [
              -43.332854033858275,
              -22.794316587756065
            ],
            [
              -43.33295013935959,
              -22.794270717814907
            ],
            [
              -43.333321023629445,
              -22.79419288924853
            ],
            [
              -43.33360408706779,
              -22.794072625093428
            ],
            [
              -43.33417409980256,
              -22.79374164949013
            ],
            [
              -43.33451346974015,
              -22.793561399576394
            ],
            [
              -43.334535248127146,
              -22.793164867471074
            ],
            [
              -43.33438328328767,
              -22.79303133207679
            ],
            [
              -43.33428376754538,
              -22.792884850847788
            ],
            [
              -43.33408985696204,
              -22.792658770184712
            ],
            [
              -43.334001343783406,
              -22.792479678521598
            ],
            [
              -43.333888913619,
              -22.79238088496288
            ],
            [
              -43.333907838810866,
              -22.792036291052387
            ],
            [
              -43.33371922371312,
              -22.7912504088554
            ],
            [
              -43.333835462277996,
              -22.791039656275142
            ],
            [
              -43.334193358075325,
              -22.790887590582923
            ],
            [
              -43.334259001131095,
              -22.790762308637
            ],
            [
              -43.33428453914165,
              -22.79074085777691
            ],
            [
              -43.33423796126817,
              -22.790676772873187
            ],
            [
              -43.333769120568384,
              -22.790708761944163
            ],
            [
              -43.3334561954865,
              -22.79077735868294
            ],
            [
              -43.33341904537123,
              -22.790905567286305
            ]
          ]
        ]
      }
    },
    {
      "type": "Feature",
      "properties": {
        "CLASSE": "Baixa",
        "referenceYear": 2015,
        "overlayColor": "#5d8aa8"
      },
      "geometry": {
        "type": "Polygon",
        "coordinates": [
          [
            [
              -43.337118918762755,
              -22.797147886886087
            ],
            [
              -43.33720877568171,
              -22.796619399392466
            ],
            [
              -43.337275773123366,
              -22.795717450168166
            ],
            [
              -43.33745781224662,
              -22.795143820506755
            ],
            [
              -43.33768162917748,
              -22.794932637817304
            ],
            [
              -43.33841432865928,
              -22.794321515145423
            ],
            [
              -43.33818624414358,
              -22.79399091003403
            ],
            [
              -43.33778263260033,
              -22.793739502731725
            ],
            [
              -43.337436792570664,
              -22.793398149767462
            ],
            [
              -43.337119521392566,
              -22.793193881961372
            ],
            [
              -43.33587477993283,
              -22.79270533653023
            ],
            [
              -43.33552974988324,
              -22.79246974853816
            ],
            [
              -43.335563009974564,
              -22.792963454688323
            ],
            [
              -43.33588552588546,
              -22.7931742238184
            ],
            [
              -43.336506552117136,
              -22.793538680237397
            ],
            [
              -43.336784888108795,
              -22.793783244387967
            ],
            [
              -43.33694058542844,
              -22.794063647482147
            ],
            [
              -43.33703392661428,
              -22.79450182849981
            ],
            [
              -43.33693353063528,
              -22.794873988155587
            ],
            [
              -43.33676828178592,
              -22.795155828228193
            ],
            [
              -43.336821775219065,
              -22.79641943055383
            ],
            [
              -43.336921117244046,
              -22.797042692755156
            ],
            [
              -43.33707970662993,
              -22.797182038687435
            ],
            [
              -43.337118918762755,
              -22.797147886886087
            ]
          ]
        ]
      }
    },
    {
      "type": "Feature",
      "properties": {
        "CLASSE": "Média",
        "referenceYear": 2015,
        "overlayColor": "#e4bd59"
      },
      "geometry": {
        "type": "Polygon",
        "coordinates": [
          [
            [
              -43.33725082800459,
              -22.797786007406565
            ],
            [
              -43.337092415071844,
              -22.797483086875797
            ],
            [
              -43.33707970662993,
              -22.797182038687435
            ],
            [
              -43.336921117244046,
              -22.797042692755156
            ],
            [
              -43.336821775219065,
              -22.79641943055383
            ],
            [
              -43.33676828178592,
              -22.795155828228193
            ],
            [
              -43.33693353063528,
              -22.794873988155587
            ],
            [
              -43.33703392661428,
              -22.79450182849981
            ],
            [
              -43.33694058542844,
              -22.794063647482147
            ],
            [
              -43.336784888108795,
              -22.793783244387967
            ],
            [
              -43.336506552117136,
              -22.793538680237397
            ],
            [
              -43.33588552588546,
              -22.7931742238184
            ],
            [
              -43.335563009974564,
              -22.792963454688323
            ],
            [
              -43.33552974988324,
              -22.79246974853816
            ],
            [
              -43.3352011273852,
              -22.792051682765834
            ],
            [
              -43.33505295015958,
              -22.791723296856375
            ],
            [
              -43.334925331552185,
              -22.791291084925046
            ],
            [
              -43.33486283339041,
              -22.791243601715497
            ],
            [
              -43.334679326074586,
              -22.791593681596755
            ],
            [
              -43.33476758982918,
              -22.791869694763697
            ],
            [
              -43.33502451077283,
              -22.792184344706833
            ],
            [
              -43.335259725383246,
              -22.792535930144894
            ],
            [
              -43.33535957411425,
              -22.79267170430796
            ],
            [
              -43.33496713468573,
              -22.792878102624385
            ],
            [
              -43.33495888076713,
              -22.792985981588068
            ],
            [
              -43.33502669851107,
              -22.793500101511448
            ],
            [
              -43.335486486494204,
              -22.793669519904732
            ],
            [
              -43.33592162203688,
              -22.794038250238643
            ],
            [
              -43.336049294769914,
              -22.794380229281238
            ],
            [
              -43.33599271806182,
              -22.79512008246546
            ],
            [
              -43.336194708602584,
              -22.79575169212636
            ],
            [
              -43.33647519164053,
              -22.796243369485374
            ],
            [
              -43.33659761566121,
              -22.79702985389047
            ],
            [
              -43.3367910565084,
              -22.797318985217508
            ],
            [
              -43.337051537080335,
              -22.797609449461664
            ],
            [
              -43.33720320977526,
              -22.7978078678114
            ],
            [
              -43.33726627548682,
              -22.797861309221666
            ],
            [
              -43.33725082800459,
              -22.797786007406565
            ]
          ]
        ]
      }
    },
    {
      "type": "Feature",
      "properties": {
        "CLASSE": "Baixa",
        "referenceYear": 2015,
        "overlayColor": "#5d8aa8"
      },
      "geometry": {
        "type": "Polygon",
        "coordinates": [
          [
            [
              -43.34051787430026,
              -22.79518976919167
            ],
            [
              -43.33991034578613,
              -22.794571233975034
            ],
            [
              -43.339749309575154,
              -22.794330547619314
            ],
            [
              -43.33999277951473,
              -22.794045913486553
            ],
            [
              -43.341206035754254,
              -22.793988072490205
            ],
            [
              -43.34130801347348,
              -22.793884607454753
            ],
            [
              -43.34083562917687,
              -22.793957997862048
            ],
            [
              -43.34064941855323,
              -22.79390119289007
            ],
            [
              -43.340374466572236,
              -22.793808616692584
            ],
            [
              -43.33969329468898,
              -22.793776478862508
            ],
            [
              -43.33900062153028,
              -22.794057227826453
            ],
            [
              -43.33877338543728,
              -22.79406321149361
            ],
            [
              -43.33865277732152,
              -22.794057517740676
            ],
            [
              -43.33863367257195,
              -22.794405594474185
            ],
            [
              -43.338738831116835,
              -22.794513227711036
            ],
            [
              -43.33961606169735,
              -22.794578146827572
            ],
            [
              -43.34000594146314,
              -22.794849586555504
            ],
            [
              -43.34056009689942,
              -22.79532178774085
            ],
            [
              -43.34051787430026,
              -22.79518976919167
            ]
          ]
        ]
      }
    },
    {
      "type": "Feature",
      "properties": {
        "CLASSE": "Média",
        "referenceYear": 2015,
        "overlayColor": "#e4bd59"
      },
      "geometry": {
        "type": "Polygon",
        "coordinates": [
          [
            [
              -43.342042959360775,
              -22.793348482378462
            ],
            [
              -43.34189781597936,
              -22.793439190597493
            ],
            [
              -43.34189726988557,
              -22.793484340002017
            ],
            [
              -43.34184857489664,
              -22.793483833662396
            ],
            [
              -43.34184802878547,
              -22.79352898306556
            ],
            [
              -43.34179933378192,
              -22.793528476709977
            ],
            [
              -43.34179878765333,
              -22.79357362611177
            ],
            [
              -43.341750092635124,
              -22.793573119740206
            ],
            [
              -43.34174954648915,
              -22.793618269140598
            ],
            [
              -43.34170085145633,
              -22.793617762753076
            ],
            [
              -43.341700305292925,
              -22.7936629121521
            ],
            [
              -43.34165161024547,
              -22.793662405748613
            ],
            [
              -43.34165106406467,
              -22.79370755514624
            ],
            [
              -43.34160236900258,
              -22.793707048726787
            ],
            [
              -43.341601822804364,
              -22.793752198123038
            ],
            [
              -43.34155312772764,
              -22.79375169168761
            ],
            [
              -43.34145519133069,
              -22.79379582816484
            ],
            [
              -43.341454645081654,
              -22.793840977557213
            ],
            [
              -43.34140594997704,
              -22.79384047107499
            ],
            [
              -43.341405403710596,
              -22.793885620465986
            ],
            [
              -43.34130801347348,
              -22.793884607454753
            ],
            [
              -43.341206035754254,
              -22.793988072490205
            ],
            [
              -43.33999277951473,
              -22.794045913486553
            ],
            [
              -43.339749309575154,
              -22.794330547619314
            ],
            [
              -43.33991034578613,
              -22.794571233975034
            ],
            [
              -43.34051787430026,
              -22.79518976919167
            ],
            [
              -43.34056009689942,
              -22.79532178774085
            ],
            [
              -43.34070301084957,
              -22.79541549228447
            ],
            [
              -43.34082040876416,
              -22.79557698348645
            ],
            [
              -43.34084899162785,
              -22.79559572436259
            ],
            [
              -43.34081474202307,
              -22.795245548591204
            ],
            [
              -43.34057896985309,
              -22.794843187351592
            ],
            [
              -43.34039630167779,
              -22.79462186092645
            ],
            [
              -43.340354702868936,
              -22.794334738580712
            ],
            [
              -43.34123266598952,
              -22.79422416788851
            ],
            [
              -43.341425500436536,
              -22.794087346133814
            ],
            [
              -43.341643325687166,
              -22.79394573494756
            ],
            [
              -43.34176606427949,
              -22.793816600711175
            ],
            [
              -43.34192453206723,
              -22.793692859399425
            ],
            [
              -43.34206151120811,
              -22.79354874227703
            ],
            [
              -43.342306347899274,
              -22.793357554028848
            ],
            [
              -43.34233825458222,
              -22.793263149314576
            ],
            [
              -43.34232225867576,
              -22.79323299723085
            ],
            [
              -43.3421932618027,
              -22.79317133184359
            ],
            [
              -43.34219271581333,
              -22.79321648125641
            ],
            [
              -43.34214402091224,
              -22.79321597501259
            ],
            [
              -43.342042959360775,
              -22.793348482378462
            ]
          ]
        ]
      }
    },
    {
      "type": "Feature",
      "properties": {
        "CLASSE": "Baixa",
        "referenceYear": 2015,
        "overlayColor": "#5d8aa8"
      },
      "geometry": {
        "type": "Polygon",
        "coordinates": [
          [
            [
              -43.33049061702083,
              -22.793930318214816
            ],
            [
              -43.330684023241304,
              -22.794215018635263
            ],
            [
              -43.33087583675909,
              -22.794411365701432
            ],
            [
              -43.331000894949334,
              -22.79452125702746
            ],
            [
              -43.33121979028622,
              -22.794745315251284
            ],
            [
              -43.33143803072856,
              -22.79461786141432
            ],
            [
              -43.33146173624078,
              -22.794594672130785
            ],
            [
              -43.33143815639009,
              -22.79457139594736
            ],
            [
              -43.33111327356546,
              -22.794494349216727
            ],
            [
              -43.330763404932554,
              -22.79409894408476
            ],
            [
              -43.33057000601485,
              -22.793795579955646
            ],
            [
              -43.33038006184436,
              -22.793476603021976
            ],
            [
              -43.33030772639314,
              -22.793359126136696
            ],
            [
              -43.330327319538256,
              -22.79359988165476
            ],
            [
              -43.33049061702083,
              -22.793930318214816
            ]
          ]
        ]
      }
    },
    {
      "type": "Feature",
      "properties": {
        "CLASSE": "Baixa",
        "referenceYear": 2015,
        "overlayColor": "#5d8aa8"
      },
      "geometry": {
        "type": "Polygon",
        "coordinates": [
          [
            [
              -43.341405403710596,
              -22.793885620465986
            ],
            [
              -43.34140594997704,
              -22.79384047107499
            ],
            [
              -43.34130855977197,
              -22.79383945806598
            ],
            [
              -43.34130801347348,
              -22.793884607454753
            ],
            [
              -43.341405403710596,
              -22.793885620465986
            ]
          ]
        ]
      }
    },
    {
      "type": "Feature",
      "properties": {
        "CLASSE": "Baixa",
        "referenceYear": 2015,
        "overlayColor": "#5d8aa8"
      },
      "geometry": {
        "type": "Polygon",
        "coordinates": [
          [
            [
              -43.33319820995209,
              -22.793641571845594
            ],
            [
              -43.333444332907405,
              -22.793221825382933
            ],
            [
              -43.33350408456887,
              -22.792923579410004
            ],
            [
              -43.33355423841579,
              -22.792651454054745
            ],
            [
              -43.33360835676295,
              -22.792381326881355
            ],
            [
              -43.33346281682987,
              -22.792253441557587
            ],
            [
              -43.33336552619449,
              -22.79205657510717
            ],
            [
              -43.333185288730206,
              -22.791898197901613
            ],
            [
              -43.33305253776587,
              -22.791702785144473
            ],
            [
              -43.332691672463206,
              -22.791649029124336
            ],
            [
              -43.33266666221411,
              -22.791627050049104
            ],
            [
              -43.332682076013626,
              -22.79210424296633
            ],
            [
              -43.33279859704262,
              -22.792806603002898
            ],
            [
              -43.332723857226796,
              -22.793188398339804
            ],
            [
              -43.33261642939183,
              -22.793497549901176
            ],
            [
              -43.33257008495512,
              -22.79381895955353
            ],
            [
              -43.33249037555286,
              -22.79410872820985
            ],
            [
              -43.33319820995209,
              -22.793641571845594
            ]
          ]
        ]
      }
    },
    {
      "type": "Feature",
      "properties": {
        "CLASSE": "Baixa",
        "referenceYear": 2015,
        "overlayColor": "#5d8aa8"
      },
      "geometry": {
        "type": "Polygon",
        "coordinates": [
          [
            [
              -43.333259095819656,
              -22.790999778309065
            ],
            [
              -43.33341904537123,
              -22.790905567286305
            ],
            [
              -43.3334561954865,
              -22.79077735868294
            ],
            [
              -43.33318053065694,
              -22.790920906131884
            ],
            [
              -43.33306335137637,
              -22.791044182687017
            ],
            [
              -43.333259095819656,
              -22.790999778309065
            ]
          ]
        ]
      }
    },
    {
      "type": "Feature",
      "properties": {
        "CLASSE": "Baixa",
        "referenceYear": 2015,
        "overlayColor": "#5d8aa8"
      },
      "geometry": {
        "type": "Polygon",
        "coordinates": [
          [
            [
              -43.34210743539958,
              -22.796240984987243
            ],
            [
              -43.34205873942648,
              -22.796240478654
            ],
            [
              -43.34205764719411,
              -22.79633077743851
            ],
            [
              -43.34210634319926,
              -22.796331283773977
            ],
            [
              -43.34210743539958,
              -22.796240984987243
            ]
          ]
        ]
      }
    },
    {
      "type": "Feature",
      "properties": {
        "CLASSE": "Baixa",
        "referenceYear": 2015,
        "overlayColor": "#5d8aa8"
      },
      "geometry": {
        "type": "Polygon",
        "coordinates": [
          [
            [
              -43.34205928554058,
              -22.796195329261362
            ],
            [
              -43.34201058958488,
              -22.796194822914376
            ],
            [
              -43.34201004345475,
              -22.796239972305898
            ],
            [
              -43.34205873942648,
              -22.796240478654
            ],
            [
              -43.34205928554058,
              -22.796195329261362
            ]
          ]
        ]
      }
    },
    {
      "type": "Feature",
      "properties": {
        "CLASSE": "Média",
        "referenceYear": 2015,
        "overlayColor": "#e4bd59"
      },
      "geometry": {
        "type": "Polygon",
        "coordinates": [
          [
            [
              -43.34236863330565,
              -22.796941923090117
            ],
            [
              -43.34217618865584,
              -22.796446578862003
            ],
            [
              -43.34215449311959,
              -22.796376939488663
            ],
            [
              -43.342105797097034,
              -22.796376433166937
            ],
            [
              -43.34210634319926,
              -22.796331283773977
            ],
            [
              -43.34205764719411,
              -22.79633077743851
            ],
            [
              -43.34205873942648,
              -22.796240478654
            ],
            [
              -43.34201004345475,
              -22.796239972305898
            ],
            [
              -43.34201058958488,
              -22.796194822914376
            ],
            [
              -43.3419840271118,
              -22.796104870458166
            ],
            [
              -43.34179283129601,
              -22.79585639242216
            ],
            [
              -43.34160752847388,
              -22.79551596210282
            ],
            [
              -43.34178185698052,
              -22.79497325743403
            ],
            [
              -43.3417829493221,
              -22.794882958646802
            ],
            [
              -43.341831644806255,
              -22.794883465035785
            ],
            [
              -43.34183219095898,
              -22.794838315640664
            ],
            [
              -43.34185000455696,
              -22.794718204939247
            ],
            [
              -43.34196515332541,
              -22.79450933087053
            ],
            [
              -43.34203134150449,
              -22.794479145837318
            ],
            [
              -43.34203243365544,
              -22.79438884703308
            ],
            [
              -43.342081128970285,
              -22.794389353335532
            ],
            [
              -43.342081675027664,
              -22.794344203931892
            ],
            [
              -43.3421303703279,
              -22.794344710218382
            ],
            [
              -43.34220037012272,
              -22.794228416202365
            ],
            [
              -43.34245703026316,
              -22.793878111770105
            ],
            [
              -43.34247778851078,
              -22.793806460836464
            ],
            [
              -43.342245141467714,
              -22.79395216895775
            ],
            [
              -43.34208886050276,
              -22.794122681398857
            ],
            [
              -43.34189073517551,
              -22.794271823621933
            ],
            [
              -43.34158645770885,
              -22.794654687813694
            ],
            [
              -43.34151891539639,
              -22.795207564872523
            ],
            [
              -43.341605234144666,
              -22.795669235063087
            ],
            [
              -43.34164554990124,
              -22.795989917999883
            ],
            [
              -43.341816335996114,
              -22.79619467149146
            ],
            [
              -43.341891306389414,
              -22.796525664097636
            ],
            [
              -43.34200057186966,
              -22.79665044760522
            ],
            [
              -43.34215869098552,
              -22.79677502243977
            ],
            [
              -43.34231126918589,
              -22.796949275144126
            ],
            [
              -43.34239032902247,
              -22.797011562441313
            ],
            [
              -43.34236863330565,
              -22.796941923090117
            ]
          ]
        ]
      }
    },
    {
      "type": "Feature",
      "properties": {
        "CLASSE": "Baixa",
        "referenceYear": 2015,
        "overlayColor": "#5d8aa8"
      },
      "geometry": {
        "type": "Polygon",
        "coordinates": [
          [
            [
              -43.341830552496724,
              -22.79497376382524
            ],
            [
              -43.341831644806255,
              -22.794883465035785
            ],
            [
              -43.3417829493221,
              -22.794882958646802
            ],
            [
              -43.34178185698052,
              -22.79497325743403
            ],
            [
              -43.341830552496724,
              -22.79497376382524
            ]
          ]
        ]
      }
    },
    {
      "type": "Feature",
      "properties": {
        "CLASSE": "Baixa",
        "referenceYear": 2015,
        "overlayColor": "#5d8aa8"
      },
      "geometry": {
        "type": "Polygon",
        "coordinates": [
          [
            [
              -43.341864711263334,
              -22.794823484530408
            ],
            [
              -43.34201376686088,
              -22.794555432392023
            ],
            [
              -43.34203134150449,
              -22.794479145837318
            ],
            [
              -43.34196515332541,
              -22.79450933087053
            ],
            [
              -43.34185000455696,
              -22.794718204939247
            ],
            [
              -43.34183219095898,
              -22.794838315640664
            ],
            [
              -43.341864711263334,
              -22.794823484530408
            ]
          ]
        ]
      }
    },
    {
      "type": "Feature",
      "properties": {
        "CLASSE": "Baixa",
        "referenceYear": 2015,
        "overlayColor": "#5d8aa8"
      },
      "geometry": {
        "type": "Polygon",
        "coordinates": [
          [
            [
              -43.34208003685138,
              -22.794479652141998
            ],
            [
              -43.342081128970285,
              -22.794389353335532
            ],
            [
              -43.34203243365544,
              -22.79438884703308
            ],
            [
              -43.34203134150449,
              -22.794479145837318
            ],
            [
              -43.34208003685138,
              -22.794479652141998
            ]
          ]
        ]
      }
    },
    {
      "type": "Feature",
      "properties": {
        "CLASSE": "Baixa",
        "referenceYear": 2015,
        "overlayColor": "#5d8aa8"
      },
      "geometry": {
        "type": "Polygon",
        "coordinates": [
          [
            [
              -43.342129824286516,
              -22.794389859623134
            ],
            [
              -43.3421303703279,
              -22.794344710218382
            ],
            [
              -43.342081675027664,
              -22.794344203931892
            ],
            [
              -43.342081128970285,
              -22.794389353335532
            ],
            [
              -43.342129824286516,
              -22.794389859623134
            ]
          ]
        ]
      }
    },
    {
      "type": "Feature",
      "properties": {
        "CLASSE": "Baixa",
        "referenceYear": 2015,
        "overlayColor": "#5d8aa8"
      },
      "geometry": {
        "type": "Polygon",
        "coordinates": [
          [
            [
              -43.341454645081654,
              -22.793840977557213
            ],
            [
              -43.34145519133069,
              -22.79379582816484
            ],
            [
              -43.341406496242094,
              -22.79379532168373
            ],
            [
              -43.34140594997704,
              -22.79384047107499
            ],
            [
              -43.341454645081654,
              -22.793840977557213
            ]
          ]
        ]
      }
    },
    {
      "type": "Feature",
      "properties": {
        "CLASSE": "Média",
        "referenceYear": 2015,
        "overlayColor": "#e4bd59"
      },
      "geometry": {
        "type": "Polygon",
        "coordinates": [
          [
            [
              -43.34252648362981,
              -22.793806966990758
            ],
            [
              -43.342527029525016,
              -22.79376181757361
            ],
            [
              -43.342478334422005,
              -22.79376131142044
            ],
            [
              -43.34247778851078,
              -22.793806460836464
            ],
            [
              -43.34252648362981,
              -22.793806966990758
            ]
          ]
        ]
      }
    },
    {
      "type": "Feature",
      "properties": {
        "CLASSE": "Baixa",
        "referenceYear": 2015,
        "overlayColor": "#5d8aa8"
      },
      "geometry": {
        "type": "Polygon",
        "coordinates": [
          [
            [
              -43.341601822804364,
              -22.793752198123038
            ],
            [
              -43.34160236900258,
              -22.793707048726787
            ],
            [
              -43.341553673941874,
              -22.793706542292473
            ],
            [
              -43.34155312772764,
              -22.79375169168761
            ],
            [
              -43.341601822804364,
              -22.793752198123038
            ]
          ]
        ]
      }
    },
    {
      "type": "Feature",
      "properties": {
        "CLASSE": "Média",
        "referenceYear": 2015,
        "overlayColor": "#e4bd59"
      },
      "geometry": {
        "type": "Polygon",
        "coordinates": [
          [
            [
              -43.34257572462942,
              -22.793762323711928
            ],
            [
              -43.34257681638366,
              -22.793672024874635
            ],
            [
              -43.342528121311304,
              -22.79367151873854
            ],
            [
              -43.342527029525016,
              -22.79376181757361
            ],
            [
              -43.34257572462942,
              -22.793762323711928
            ]
          ]
        ]
      }
    },
    {
      "type": "Feature",
      "properties": {
        "CLASSE": "Baixa",
        "referenceYear": 2015,
        "overlayColor": "#5d8aa8"
      },
      "geometry": {
        "type": "Polygon",
        "coordinates": [
          [
            [
              -43.34165106406467,
              -22.79370755514624
            ],
            [
              -43.34165161024547,
              -22.793662405748613
            ],
            [
              -43.34160291519941,
              -22.793661899330267
            ],
            [
              -43.34160236900258,
              -22.793707048726787
            ],
            [
              -43.34165106406467,
              -22.79370755514624
            ]
          ]
        ]
      }
    },
    {
      "type": "Feature",
      "properties": {
        "CLASSE": "Baixa",
        "referenceYear": 2015,
        "overlayColor": "#5d8aa8"
      },
      "geometry": {
        "type": "Polygon",
        "coordinates": [
          [
            [
              -43.341700305292925,
              -22.7936629121521
            ],
            [
              -43.34170085145633,
              -22.793617762753076
            ],
            [
              -43.34165215642489,
              -22.793617256350704
            ],
            [
              -43.34165161024547,
              -22.793662405748613
            ],
            [
              -43.341700305292925,
              -22.7936629121521
            ]
          ]
        ]
      }
    },
    {
      "type": "Feature",
      "properties": {
        "CLASSE": "Baixa",
        "referenceYear": 2015,
        "overlayColor": "#5d8aa8"
      },
      "geometry": {
        "type": "Polygon",
        "coordinates": [
          [
            [
              -43.34174954648915,
              -22.793618269140598
            ],
            [
              -43.341750092635124,
              -22.793573119740206
            ],
            [
              -43.34170139761835,
              -22.7935726133538
            ],
            [
              -43.34170085145633,
              -22.793617762753076
            ],
            [
              -43.34174954648915,
              -22.793618269140598
            ]
          ]
        ]
      }
    },
    {
      "type": "Feature",
      "properties": {
        "CLASSE": "Baixa",
        "referenceYear": 2015,
        "overlayColor": "#5d8aa8"
      },
      "geometry": {
        "type": "Polygon",
        "coordinates": [
          [
            [
              -43.34179878765333,
              -22.79357362611177
            ],
            [
              -43.34179933378192,
              -22.793528476709977
            ],
            [
              -43.341750638779764,
              -22.793527970339543
            ],
            [
              -43.341750092635124,
              -22.793573119740206
            ],
            [
              -43.34179878765333,
              -22.79357362611177
            ]
          ]
        ]
      }
    },
    {
      "type": "Feature",
      "properties": {
        "CLASSE": "Baixa",
        "referenceYear": 2015,
        "overlayColor": "#5d8aa8"
      },
      "geometry": {
        "type": "Polygon",
        "coordinates": [
          [
            [
              -43.34184802878547,
              -22.79352898306556
            ],
            [
              -43.34184857489664,
              -22.793483833662396
            ],
            [
              -43.34179987990914,
              -22.793483327307946
            ],
            [
              -43.34179933378192,
              -22.793528476709977
            ],
            [
              -43.34184802878547,
              -22.79352898306556
            ]
          ]
        ]
      }
    },
    {
      "type": "Feature",
      "properties": {
        "CLASSE": "Baixa",
        "referenceYear": 2015,
        "overlayColor": "#5d8aa8"
      },
      "geometry": {
        "type": "Polygon",
        "coordinates": [
          [
            [
              -43.34189726988557,
              -22.793484340002017
            ],
            [
              -43.34189781597936,
              -22.793439190597493
            ],
            [
              -43.34184912100647,
              -22.793438684258966
            ],
            [
              -43.34184857489664,
              -22.793483833662396
            ],
            [
              -43.34189726988557,
              -22.793484340002017
            ]
          ]
        ]
      }
    },
    {
      "type": "Feature",
      "properties": {
        "CLASSE": "Baixa",
        "referenceYear": 2015,
        "overlayColor": "#5d8aa8"
      },
      "geometry": {
        "type": "Polygon",
        "coordinates": [
          [
            [
              -43.342042959360775,
              -22.793348482378462
            ],
            [
              -43.34214402091224,
              -22.79321597501259
            ],
            [
              -43.342057683204224,
              -22.793226724446523
            ],
            [
              -43.34191115696825,
              -22.793360506356244
            ],
            [
              -43.34189781597936,
              -22.793439190597493
            ],
            [
              -43.342042959360775,
              -22.793348482378462
            ]
          ]
        ]
      }
    },
    {
      "type": "Feature",
      "properties": {
        "CLASSE": "Baixa",
        "referenceYear": 2015,
        "overlayColor": "#5d8aa8"
      },
      "geometry": {
        "type": "Polygon",
        "coordinates": [
          [
            [
              -43.35140372466311,
              -22.793210837412722
            ],
            [
              -43.35159396341963,
              -22.793524806236928
            ],
            [
              -43.352038173038245,
              -22.793760658280735
            ],
            [
              -43.35274662704225,
              -22.793965405686414
            ],
            [
              -43.35301011401696,
              -22.793859643358097
            ],
            [
              -43.353191442782865,
              -22.79359683526462
            ],
            [
              -43.353271820970676,
              -22.79340068981538
            ],
            [
              -43.3533006126036,
              -22.79288002036546
            ],
            [
              -43.35288170996276,
              -22.793205362795852
            ],
            [
              -43.35217688397751,
              -22.793250550906773
            ],
            [
              -43.35168284785392,
              -22.79315290766666
            ],
            [
              -43.35142524392477,
              -22.793062161150385
            ],
            [
              -43.351350639596205,
              -22.79304049344228
            ],
            [
              -43.35140372466311,
              -22.793210837412722
            ]
          ]
        ]
      }
    },
    {
      "type": "Feature",
      "properties": {
        "CLASSE": "Baixa",
        "referenceYear": 2015,
        "overlayColor": "#5d8aa8"
      },
      "geometry": {
        "type": "Polygon",
        "coordinates": [
          [
            [
              -43.34219271581333,
              -22.79321648125641
            ],
            [
              -43.3421932618027,
              -22.79317133184359
            ],
            [
              -43.342144566917625,
              -22.793170825600896
            ],
            [
              -43.34214402091224,
              -22.79321597501259
            ],
            [
              -43.34219271581333,
              -22.79321648125641
            ]
          ]
        ]
      }
    },
    {
      "type": "Feature",
      "properties": {
        "CLASSE": "Baixa",
        "referenceYear": 2015,
        "overlayColor": "#5d8aa8"
      },
      "geometry": {
        "type": "Polygon",
        "coordinates": [
          [
            [
              -43.36151174889743,
              -22.79449988280919
            ],
            [
              -43.36141435723561,
              -22.794498882049073
            ],
            [
              -43.361413817539905,
              -22.79454403189234
            ],
            [
              -43.36151120923379,
              -22.794545032654664
            ],
            [
              -43.36151174889743,
              -22.79449988280919
            ]
          ]
        ]
      }
    },
    {
      "type": "Feature",
      "properties": {
        "CLASSE": "Média",
        "referenceYear": 2015,
        "overlayColor": "#e4bd59"
      },
      "geometry": {
        "type": "Polygon",
        "coordinates": [
          [
            [
              -43.363167407985294,
              -22.794516886639027
            ],
            [
              -43.36316794710286,
              -22.794471736755902
            ],
            [
              -43.36311925124081,
              -22.79447123688949
            ],
            [
              -43.363118712107216,
              -22.79451638677152
            ],
            [
              -43.363167407985294,
              -22.794516886639027
            ]
          ]
        ]
      }
    },
    {
      "type": "Feature",
      "properties": {
        "CLASSE": "Baixa",
        "referenceYear": 2015,
        "overlayColor": "#5d8aa8"
      },
      "geometry": {
        "type": "Polygon",
        "coordinates": [
          [
            [
              -43.36136620111709,
              -22.794453231804294
            ],
            [
              -43.36131750530561,
              -22.79445273138819
            ],
            [
              -43.361316965579235,
              -22.79449788122953
            ],
            [
              -43.36136566140674,
              -22.794498381646733
            ],
            [
              -43.36136620111709,
              -22.794453231804294
            ]
          ]
        ]
      }
    },
    {
      "type": "Feature",
      "properties": {
        "CLASSE": "Baixa",
        "referenceYear": 2015,
        "overlayColor": "#5d8aa8"
      },
      "geometry": {
        "type": "Polygon",
        "coordinates": [
          [
            [
              -43.36126934923652,
              -22.794407081116727
            ],
            [
              -43.361220653443795,
              -22.794406580672014
            ],
            [
              -43.36122011368675,
              -22.79445173051142
            ],
            [
              -43.36126880949549,
              -22.79445223095723
            ],
            [
              -43.36126934923652,
              -22.794407081116727
            ]
          ]
        ]
      }
    },
    {
      "type": "Feature",
      "properties": {
        "CLASSE": "Baixa",
        "referenceYear": 2015,
        "overlayColor": "#5d8aa8"
      },
      "geometry": {
        "type": "Polygon",
        "coordinates": [
          [
            [
              -43.36117249742414,
              -22.79436093037389
            ],
            [
              -43.36112380165017,
              -22.794360429900564
            ],
            [
              -43.361123261862446,
              -22.79440557973802
            ],
            [
              -43.36117195765244,
              -22.794406080212447
            ],
            [
              -43.36117249742414,
              -22.79436093037389
            ]
          ]
        ]
      }
    },
    {
      "type": "Feature",
      "properties": {
        "CLASSE": "Baixa",
        "referenceYear": 2015,
        "overlayColor": "#5d8aa8"
      },
      "geometry": {
        "type": "Polygon",
        "coordinates": [
          [
            [
              -43.36102694992474,
              -22.794314279073816
            ],
            [
              -43.36097825417089,
              -22.794313778557022
            ],
            [
              -43.36097771433647,
              -22.794358928391453
            ],
            [
              -43.361026410106334,
              -22.794359428909345
            ],
            [
              -43.36102694992474,
              -22.794314279073816
            ]
          ]
        ]
      }
    },
    {
      "type": "Feature",
      "properties": {
        "CLASSE": "Baixa",
        "referenceYear": 2015,
        "overlayColor": "#5d8aa8"
      },
      "geometry": {
        "type": "Polygon",
        "coordinates": [
          [
            [
              -43.363753375400506,
              -22.79438743420061
            ],
            [
              -43.36375391432174,
              -22.7943422843035
            ],
            [
              -43.36360782683471,
              -22.794340785204415
            ],
            [
              -43.363607287865435,
              -22.794385935098234
            ],
            [
              -43.363753375400506,
              -22.79438743420061
            ]
          ]
        ]
      }
    },
    {
      "type": "Feature",
      "properties": {
        "CLASSE": "Baixa",
        "referenceYear": 2015,
        "overlayColor": "#5d8aa8"
      },
      "geometry": {
        "type": "Polygon",
        "coordinates": [
          [
            [
              -43.36097879400395,
              -22.79426862872231
            ],
            [
              -43.3608814025324,
              -22.794267627646356
            ],
            [
              -43.3608808626673,
              -22.794312777478858
            ],
            [
              -43.36097825417089,
              -22.794313778557022
            ],
            [
              -43.36097879400395,
              -22.79426862872231
            ]
          ]
        ]
      }
    },
    {
      "type": "Feature",
      "properties": {
        "CLASSE": "Baixa",
        "referenceYear": 2015,
        "overlayColor": "#5d8aa8"
      },
      "geometry": {
        "type": "Polygon",
        "coordinates": [
          [
            [
              -43.35334930766023,
              -22.79288052319636
            ],
            [
              -43.353350392273086,
              -22.792790223856997
            ],
            [
              -43.35330169724849,
              -22.792789721028306
            ],
            [
              -43.3533006126036,
              -22.79288002036546
            ],
            [
              -43.35334930766023,
              -22.79288052319636
            ]
          ]
        ]
      }
    },
    {
      "type": "Feature",
      "properties": {
        "CLASSE": "Baixa",
        "referenceYear": 2015,
        "overlayColor": "#5d8aa8"
      },
      "geometry": {
        "type": "Polygon",
        "coordinates": [
          [
            [
              -43.355601195977634,
              -22.791910343449462
            ],
            [
              -43.35555250121026,
              -22.791909841326184
            ],
            [
              -43.35555195965284,
              -22.791954991051075
            ],
            [
              -43.35560065443624,
              -22.791955493175458
            ],
            [
              -43.355601195977634,
              -22.791910343449462
            ]
          ]
        ]
      }
    },
    {
      "type": "Feature",
      "properties": {
        "CLASSE": "Baixa",
        "referenceYear": 2015,
        "overlayColor": "#5d8aa8"
      },
      "geometry": {
        "type": "Polygon",
        "coordinates": [
          [
            [
              -43.355515085477386,
              -22.791839330273454
            ],
            [
              -43.355407500123206,
              -22.79181803542327
            ],
            [
              -43.35544491579393,
              -22.79188854649787
            ],
            [
              -43.35555250121026,
              -22.791909841326184
            ],
            [
              -43.355515085477386,
              -22.791839330273454
            ]
          ]
        ]
      }
    },
    {
      "type": "Feature",
      "properties": {
        "CLASSE": "Baixa",
        "referenceYear": 2015,
        "overlayColor": "#5d8aa8"
      },
      "geometry": {
        "type": "Polygon",
        "coordinates": [
          [
            [
              -43.35387427500937,
              -22.79200832005576
            ],
            [
              -43.35421425854047,
              -22.791810774545514
            ],
            [
              -43.35471149713129,
              -22.791655717598537
            ],
            [
              -43.355111552897824,
              -22.791714756226575
            ],
            [
              -43.35533156141569,
              -22.79179757950905
            ],
            [
              -43.355407500123206,
              -22.79181803542327
            ],
            [
              -43.35526741704975,
              -22.791645836205728
            ],
            [
              -43.354699791655655,
              -22.79142982034405
            ],
            [
              -43.354091049306966,
              -22.79146470882451
            ],
            [
              -43.353792496499956,
              -22.791538482720576
            ],
            [
              -43.353754132017,
              -22.79176193937135
            ],
            [
              -43.35379786409266,
              -22.792027204049766
            ],
            [
              -43.35387427500937,
              -22.79200832005576
            ]
          ]
        ]
      }
    },
    {
      "type": "Feature",
      "properties": {
        "CLASSE": "Média",
        "referenceYear": 2015,
        "overlayColor": "#e4bd59"
      },
      "geometry": {
        "type": "Polygon",
        "coordinates": [
          [
            [
              -43.3517518110347,
              -22.788255642322742
            ],
            [
              -43.35194463652532,
              -22.788460293462578
            ],
            [
              -43.35232439975359,
              -22.788741311386705
            ],
            [
              -43.35254655304461,
              -22.788977080344104
            ],
            [
              -43.352796433445796,
              -22.789550353052604
            ],
            [
              -43.353188828865314,
              -22.789882792608616
            ],
            [
              -43.35327347402462,
              -22.790147382958118
            ],
            [
              -43.353235116901786,
              -22.79064985477467
            ],
            [
              -43.3530577362068,
              -22.790944643942677
            ],
            [
              -43.35261352740239,
              -22.791178333747126
            ],
            [
              -43.352341419018984,
              -22.79135041659713
            ],
            [
              -43.35217327117766,
              -22.79141987925568
            ],
            [
              -43.35183668809005,
              -22.791512449662353
            ],
            [
              -43.3509297960461,
              -22.79163389889066
            ],
            [
              -43.35068480977356,
              -22.791453770587037
            ],
            [
              -43.35026069074069,
              -22.791297541537446
            ],
            [
              -43.34944727442819,
              -22.79123844098256
            ],
            [
              -43.34908834390359,
              -22.791175459482012
            ],
            [
              -43.349036113885475,
              -22.79112002918668
            ],
            [
              -43.348911007666175,
              -22.79119821861719
            ],
            [
              -43.34885774110495,
              -22.79140755725505
            ],
            [
              -43.34883753034133,
              -22.791434059683894
            ],
            [
              -43.34895993221069,
              -22.791457044670963
            ],
            [
              -43.349103596600415,
              -22.79150540695127
            ],
            [
              -43.349368355054665,
              -22.79158615493613
            ],
            [
              -43.350594924636354,
              -22.791667107821482
            ],
            [
              -43.3509242900591,
              -22.79200416780662
            ],
            [
              -43.35145128392647,
              -22.791809796840212
            ],
            [
              -43.352413047089804,
              -22.791626613641565
            ],
            [
              -43.352999218283664,
              -22.79119427324504
            ],
            [
              -43.35332104544016,
              -22.791302602475394
            ],
            [
              -43.35343826429868,
              -22.79097214306697
            ],
            [
              -43.35363229691332,
              -22.79064112054861
            ],
            [
              -43.35379421063031,
              -22.790184654847263
            ],
            [
              -43.35365687786481,
              -22.78980796654925
            ],
            [
              -43.3533420235693,
              -22.789690526938482
            ],
            [
              -43.35312777902489,
              -22.789582561976005
            ],
            [
              -43.35307521791,
              -22.78942245437765
            ],
            [
              -43.35302627584649,
              -22.78928820290559
            ],
            [
              -43.352944139465585,
              -22.788951920169094
            ],
            [
              -43.35269813918428,
              -22.7882001832746
            ],
            [
              -43.352778069430016,
              -22.78799604338949
            ],
            [
              -43.35311273943828,
              -22.787646202840556
            ],
            [
              -43.3535499050839,
              -22.787577708191318
            ],
            [
              -43.35383818659447,
              -22.787722982002297
            ],
            [
              -43.35411162987303,
              -22.78812536948682
            ],
            [
              -43.35420926612228,
              -22.78826012315472
            ],
            [
              -43.354277867843436,
              -22.78839887938973
            ],
            [
              -43.35435209529145,
              -22.788532528788036
            ],
            [
              -43.35445031446491,
              -22.788731198647884
            ],
            [
              -43.354442951903145,
              -22.788865684619388
            ],
            [
              -43.35424715781349,
              -22.789199727411745
            ],
            [
              -43.35419569749338,
              -22.789390585517932
            ],
            [
              -43.35411959518997,
              -22.789584956828733
            ],
            [
              -43.35443935829186,
              -22.790081505925073
            ],
            [
              -43.35526499406502,
              -22.79002364031239
            ],
            [
              -43.35563941555159,
              -22.789885530989892
            ],
            [
              -43.355752342907536,
              -22.79000109392142
            ],
            [
              -43.35589967856144,
              -22.790449866645684
            ],
            [
              -43.356045944651875,
              -22.790446000130057
            ],
            [
              -43.356341558804594,
              -22.79010530545659
            ],
            [
              -43.356661954339344,
              -22.78983612902549
            ],
            [
              -43.357073182937896,
              -22.789781496323478
            ],
            [
              -43.357218429745195,
              -22.789930124976294
            ],
            [
              -43.35744064758692,
              -22.7907335436514
            ],
            [
              -43.357616863445934,
              -22.790951582718918
            ],
            [
              -43.357974916796685,
              -22.791008257820256
            ],
            [
              -43.358116962388976,
              -22.791192061500876
            ],
            [
              -43.35826275869875,
              -22.791372464113472
            ],
            [
              -43.35844599241436,
              -22.79178904429588
            ],
            [
              -43.35848921456004,
              -22.79287568713169
            ],
            [
              -43.35871786709704,
              -22.79307653790061
            ],
            [
              -43.35885299418351,
              -22.79327536754393
            ],
            [
              -43.35901456713092,
              -22.7936021521767
            ],
            [
              -43.359299788264146,
              -22.793852686355464
            ],
            [
              -43.359345951361405,
              -22.79453618020606
            ],
            [
              -43.359287817539325,
              -22.79508629327311
            ],
            [
              -43.35929157223125,
              -22.795208199543726
            ],
            [
              -43.35958094921659,
              -22.795545459849894
            ],
            [
              -43.3597406907827,
              -22.79554123274239
            ],
            [
              -43.35982680810174,
              -22.79507346636828
            ],
            [
              -43.36014816165061,
              -22.79488571007654
            ],
            [
              -43.360283523948304,
              -22.794504075185678
            ],
            [
              -43.36050594551608,
              -22.794514542199526
            ],
            [
              -43.361411431931096,
              -22.79477046231224
            ],
            [
              -43.36212586738173,
              -22.794751553500674
            ],
            [
              -43.36219133291782,
              -22.79468748590797
            ],
            [
              -43.36192367721236,
              -22.79464249708141
            ],
            [
              -43.36151120923379,
              -22.794545032654664
            ],
            [
              -43.361413817539905,
              -22.79454403189234
            ],
            [
              -43.36141435723561,
              -22.794498882049073
            ],
            [
              -43.36136566140674,
              -22.794498381646733
            ],
            [
              -43.361316965579235,
              -22.79449788122953
            ],
            [
              -43.36131750530561,
              -22.79445273138819
            ],
            [
              -43.36126880949549,
              -22.79445223095723
            ],
            [
              -43.36122011368675,
              -22.79445173051142
            ],
            [
              -43.361220653443795,
              -22.794406580672014
            ],
            [
              -43.36117195765244,
              -22.794406080212447
            ],
            [
              -43.361123261862446,
              -22.79440557973802
            ],
            [
              -43.36112380165017,
              -22.794360429900564
            ],
            [
              -43.361026410106334,
              -22.794359428909345
            ],
            [
              -43.36097771433647,
              -22.794358928391453
            ],
            [
              -43.36097825417089,
              -22.794313778557022
            ],
            [
              -43.3608808626673,
              -22.794312777478858
            ],
            [
              -43.3608814025324,
              -22.794267627646356
            ],
            [
              -43.36075899556022,
              -22.794244651556955
            ],
            [
              -43.36057571073713,
              -22.794182966182728
            ],
            [
              -43.36009746603374,
              -22.794195621263857
            ],
            [
              -43.359976857290775,
              -22.79464300759512
            ],
            [
              -43.35994876199545,
              -22.79468615421323
            ],
            [
              -43.359883807765854,
              -22.794279087847986
            ],
            [
              -43.359788322691365,
              -22.793963737938476
            ],
            [
              -43.35969874932975,
              -22.793464387755222
            ],
            [
              -43.35941105143691,
              -22.79321167355987
            ],
            [
              -43.35935866964246,
              -22.792883361381477
            ],
            [
              -43.35900268286716,
              -22.792664995566554
            ],
            [
              -43.35877659370524,
              -22.79169235227932
            ],
            [
              -43.358574077222066,
              -22.79122036998904
            ],
            [
              -43.35841049825695,
              -22.79092587094491
            ],
            [
              -43.358300993949065,
              -22.790704401886607
            ],
            [
              -43.35800295411487,
              -22.790613522586867
            ],
            [
              -43.3578472082374,
              -22.790298521399517
            ],
            [
              -43.357800147425785,
              -22.789335710140815
            ],
            [
              -43.357746307213034,
              -22.788737938640732
            ],
            [
              -43.35744326931645,
              -22.788552035814963
            ],
            [
              -43.357233986934396,
              -22.78865197320989
            ],
            [
              -43.356868097291894,
              -22.78892186191517
            ],
            [
              -43.35641462299823,
              -22.78915243863318
            ],
            [
              -43.35598470773454,
              -22.789271851270676
            ],
            [
              -43.35566564790309,
              -22.78916445177702
            ],
            [
              -43.355415210029804,
              -22.78922254424178
            ],
            [
              -43.354986078022364,
              -22.789293935077218
            ],
            [
              -43.354486209876356,
              -22.78939393043806
            ],
            [
              -43.354440106055826,
              -22.78931482708344
            ],
            [
              -43.35463556747094,
              -22.78925965819228
            ],
            [
              -43.35469073283328,
              -22.78915433391229
            ],
            [
              -43.35467812278031,
              -22.788744214877525
            ],
            [
              -43.354765366690536,
              -22.788521399841386
            ],
            [
              -43.35431974388916,
              -22.787944564117712
            ],
            [
              -43.35409445296962,
              -22.7876050463049
            ],
            [
              -43.35396588894445,
              -22.787559757613224
            ],
            [
              -43.35293068580092,
              -22.787469202857935
            ],
            [
              -43.35256559107311,
              -22.787527065988435
            ],
            [
              -43.35232799369124,
              -22.787622440760735
            ],
            [
              -43.35199347136399,
              -22.78781194183919
            ],
            [
              -43.35182327238359,
              -22.788008889477855
            ],
            [
              -43.3517008896541,
              -22.788212501893973
            ],
            [
              -43.3517518110347,
              -22.788255642322742
            ]
          ]
        ]
      }
    },
    {
      "type": "Feature",
      "properties": {
        "CLASSE": "Baixa",
        "referenceYear": 2015,
        "overlayColor": "#5d8aa8"
      },
      "geometry": {
        "type": "Polygon",
        "coordinates": [
          [
            [
              -43.360857817438216,
              -22.794244355523233
            ],
            [
              -43.36056029313532,
              -22.793973368739458
            ],
            [
              -43.36015576154883,
              -22.793177915283017
            ],
            [
              -43.35964326608267,
              -22.79243530317275
            ],
            [
              -43.35901524185653,
              -22.7916192313378
            ],
            [
              -43.35880431428771,
              -22.79112128330488
            ],
            [
              -43.358801585777954,
              -22.790849113117
            ],
            [
              -43.35886353349729,
              -22.7904362195966
            ],
            [
              -43.3586241598832,
              -22.790100831772087
            ],
            [
              -43.35861744690955,
              -22.789432014528334
            ],
            [
              -43.35870191097719,
              -22.78861900666474
            ],
            [
              -43.358608978601914,
              -22.788149987684864
            ],
            [
              -43.35840664528541,
              -22.78785678760904
            ],
            [
              -43.35811885456403,
              -22.787671547389643
            ],
            [
              -43.35765502387132,
              -22.787657993878625
            ],
            [
              -43.357311000834635,
              -22.78773201222776
            ],
            [
              -43.356445627776424,
              -22.78846283008566
            ],
            [
              -43.35616322944943,
              -22.788594060069222
            ],
            [
              -43.35595737301259,
              -22.78864072328251
            ],
            [
              -43.35583525061714,
              -22.788637152048093
            ],
            [
              -43.35538596321943,
              -22.788641022219736
            ],
            [
              -43.35501922243819,
              -22.788434010829306
            ],
            [
              -43.35451828717826,
              -22.787977700966273
            ],
            [
              -43.354228317484356,
              -22.787630714067905
            ],
            [
              -43.35409445296962,
              -22.7876050463049
            ],
            [
              -43.35431974388916,
              -22.787944564117712
            ],
            [
              -43.354765366690536,
              -22.788521399841386
            ],
            [
              -43.35467812278031,
              -22.788744214877525
            ],
            [
              -43.35469073283328,
              -22.78915433391229
            ],
            [
              -43.35463556747094,
              -22.78925965819228
            ],
            [
              -43.354440106055826,
              -22.78931482708344
            ],
            [
              -43.354486209876356,
              -22.78939393043806
            ],
            [
              -43.354986078022364,
              -22.789293935077218
            ],
            [
              -43.355415210029804,
              -22.78922254424178
            ],
            [
              -43.35566564790309,
              -22.78916445177702
            ],
            [
              -43.35598470773454,
              -22.789271851270676
            ],
            [
              -43.35641462299823,
              -22.78915243863318
            ],
            [
              -43.356868097291894,
              -22.78892186191517
            ],
            [
              -43.357233986934396,
              -22.78865197320989
            ],
            [
              -43.35744326931645,
              -22.788552035814963
            ],
            [
              -43.357746307213034,
              -22.788737938640732
            ],
            [
              -43.357800147425785,
              -22.789335710140815
            ],
            [
              -43.3578472082374,
              -22.790298521399517
            ],
            [
              -43.35800295411487,
              -22.790613522586867
            ],
            [
              -43.358300993949065,
              -22.790704401886607
            ],
            [
              -43.35841049825695,
              -22.79092587094491
            ],
            [
              -43.358574077222066,
              -22.79122036998904
            ],
            [
              -43.35877659370524,
              -22.79169235227932
            ],
            [
              -43.35900268286716,
              -22.792664995566554
            ],
            [
              -43.35935866964246,
              -22.792883361381477
            ],
            [
              -43.35941105143691,
              -22.79321167355987
            ],
            [
              -43.35969874932975,
              -22.793464387755222
            ],
            [
              -43.359788322691365,
              -22.793963737938476
            ],
            [
              -43.359883807765854,
              -22.794279087847986
            ],
            [
              -43.35994876199545,
              -22.79468615421323
            ],
            [
              -43.359976857290775,
              -22.79464300759512
            ],
            [
              -43.36009746603374,
              -22.794195621263857
            ],
            [
              -43.36057571073713,
              -22.794182966182728
            ],
            [
              -43.36075899556022,
              -22.794244651556955
            ],
            [
              -43.3608814025324,
              -22.794267627646356
            ],
            [
              -43.360857817438216,
              -22.794244355523233
            ]
          ]
        ]
      }
    },
    {
      "type": "Feature",
      "properties": {
        "CLASSE": "Média",
        "referenceYear": 2015,
        "overlayColor": "#e4bd59"
      },
      "geometry": {
        "type": "Polygon",
        "coordinates": [
          [
            [
              -43.36548225921291,
              -22.790227424855274
            ],
            [
              -43.36502397950968,
              -22.790333758408188
            ],
            [
              -43.36443583256024,
              -22.790306100859855
            ],
            [
              -43.364116711440765,
              -22.79007395545312
            ],
            [
              -43.36402461117857,
              -22.789696997297295
            ],
            [
              -43.36409073074995,
              -22.789165753934814
            ],
            [
              -43.36433481746658,
              -22.788591783851857
            ],
            [
              -43.36443176829048,
              -22.78831840296109
            ],
            [
              -43.36455124260235,
              -22.78801319156348
            ],
            [
              -43.36476859963552,
              -22.787873744330533
            ],
            [
              -43.36550645828228,
              -22.788197395981783
            ],
            [
              -43.36562886096565,
              -22.7882203681734
            ],
            [
              -43.36541220667512,
              -22.787970244729983
            ],
            [
              -43.365343688301635,
              -22.78783551195646
            ],
            [
              -43.364702132704565,
              -22.787816792147666
            ],
            [
              -43.364395016604036,
              -22.78799902186453
            ],
            [
              -43.36417799615897,
              -22.788258209510964
            ],
            [
              -43.36400538461354,
              -22.78873346250856
            ],
            [
              -43.363602428617426,
              -22.78924102610487
            ],
            [
              -43.36344492827766,
              -22.78972550355942
            ],
            [
              -43.36343342347683,
              -22.79006431316822
            ],
            [
              -43.36353589365951,
              -22.79020787274927
            ],
            [
              -43.36394472895384,
              -22.790934163166682
            ],
            [
              -43.3645719290203,
              -22.790952469407674
            ],
            [
              -43.36493259619494,
              -22.79079476933514
            ],
            [
              -43.3655810471091,
              -22.790229749183133
            ],
            [
              -43.36560518138582,
              -22.790206966781692
            ],
            [
              -43.36548225921291,
              -22.790227424855274
            ]
          ]
        ]
      }
    },
    {
      "type": "Feature",
      "properties": {
        "CLASSE": "Média",
        "referenceYear": 2015,
        "overlayColor": "#e4bd59"
      },
      "geometry": {
        "type": "Polygon",
        "coordinates": [
          [
            [
              -43.36519387201442,
              -22.77977183090791
            ],
            [
              -43.3651944100771,
              -22.779726680895596
            ],
            [
              -43.36514571940002,
              -22.779726181952682
            ],
            [
              -43.36514518132129,
              -22.77977133196391
            ],
            [
              -43.36519387201442,
              -22.77977183090791
            ]
          ]
        ]
      }
    },
    {
      "type": "Feature",
      "properties": {
        "CLASSE": "Média",
        "referenceYear": 2015,
        "overlayColor": "#e4bd59"
      },
      "geometry": {
        "type": "Polygon",
        "coordinates": [
          [
            [
              -43.3652917914354,
              -22.77972767873687
            ],
            [
              -43.36529232946472,
              -22.779682528722063
            ],
            [
              -43.365243638800905,
              -22.779682029809965
            ],
            [
              -43.36524310075557,
              -22.77972717982363
            ],
            [
              -43.3652917914354,
              -22.77972767873687
            ]
          ]
        ]
      }
    },
    {
      "type": "Feature",
      "properties": {
        "CLASSE": "Média",
        "referenceYear": 2015,
        "overlayColor": "#e4bd59"
      },
      "geometry": {
        "type": "Polygon",
        "coordinates": [
          [
            [
              -43.360900819415285,
              -22.772890916647217
            ],
            [
              -43.36095728037818,
              -22.77346787403339
            ],
            [
              -43.3608733717417,
              -22.774033770856587
            ],
            [
              -43.36072349860201,
              -22.774528608099118
            ],
            [
              -43.360484619241305,
              -22.774789347666974
            ],
            [
              -43.35996830546535,
              -22.77499736444158
            ],
            [
              -43.35954493209234,
              -22.774942510143227
            ],
            [
              -43.35918610911583,
              -22.7746598209999
            ],
            [
              -43.3589514856187,
              -22.774268733406917
            ],
            [
              -43.35871628629705,
              -22.77414057970629
            ],
            [
              -43.358442770470134,
              -22.774111881160138
            ],
            [
              -43.358341262993484,
              -22.77418832377829
            ],
            [
              -43.3582421533073,
              -22.774489121275924
            ],
            [
              -43.35803820277474,
              -22.774812010156737
            ],
            [
              -43.3577837850444,
              -22.775089700690238
            ],
            [
              -43.35741248588794,
              -22.77529683663765
            ],
            [
              -43.357288064620825,
              -22.775432642597607
            ],
            [
              -43.35723408024544,
              -22.775371001316625
            ],
            [
              -43.356706767475,
              -22.775415362650428
            ],
            [
              -43.35625296884609,
              -22.775348878122166
            ],
            [
              -43.35568248996892,
              -22.775112433234284
            ],
            [
              -43.35531816966972,
              -22.774847188393178
            ],
            [
              -43.355227173494804,
              -22.77474327553395
            ],
            [
              -43.355174470848965,
              -22.774701755081086
            ],
            [
              -43.35519706586209,
              -22.774770580973563
            ],
            [
              -43.355386147735025,
              -22.775245878836447
            ],
            [
              -43.35532651865292,
              -22.775492083754983
            ],
            [
              -43.354402180144774,
              -22.775942805408597
            ],
            [
              -43.35422027238395,
              -22.77609565195733
            ],
            [
              -43.35407053342806,
              -22.77635115178368
            ],
            [
              -43.35395657909237,
              -22.776697750256215
            ],
            [
              -43.35392908860916,
              -22.77703699175383
            ],
            [
              -43.354346737753,
              -22.77683937137792
            ],
            [
              -43.35478571887994,
              -22.77660761269314
            ],
            [
              -43.355374088577875,
              -22.776215247723574
            ],
            [
              -43.35567165842297,
              -22.776044029240076
            ],
            [
              -43.356208909406426,
              -22.775896231168527
            ],
            [
              -43.35711752198918,
              -22.775826591976017
            ],
            [
              -43.35727827462088,
              -22.775511078729085
            ],
            [
              -43.357969077695834,
              -22.775665859365585
            ],
            [
              -43.358562375047775,
              -22.775870185867973
            ],
            [
              -43.35928533611154,
              -22.776479128295218
            ],
            [
              -43.359946833536576,
              -22.776845419884392
            ],
            [
              -43.36081128509773,
              -22.777102716156545
            ],
            [
              -43.360883418397414,
              -22.777328159694967
            ],
            [
              -43.36079387384171,
              -22.777696787540403
            ],
            [
              -43.360963562643676,
              -22.777927455597958
            ],
            [
              -43.3613509946295,
              -22.77851382062992
            ],
            [
              -43.361534553570415,
              -22.77866932922696
            ],
            [
              -43.36164800821475,
              -22.778789732999204
            ],
            [
              -43.362105948947175,
              -22.779177685995517
            ],
            [
              -43.362491960250594,
              -22.779594425320283
            ],
            [
              -43.362388615905886,
              -22.77967816063014
            ],
            [
              -43.36229570444534,
              -22.77994657708667
            ],
            [
              -43.362166191619664,
              -22.78011451719289
            ],
            [
              -43.36209518644475,
              -22.780426591306686
            ],
            [
              -43.36232987181639,
              -22.78116358458194
            ],
            [
              -43.362457227816805,
              -22.78161158769115
            ],
            [
              -43.362406237407185,
              -22.782280166698044
            ],
            [
              -43.36226446040897,
              -22.782634167207767
            ],
            [
              -43.36186573137071,
              -22.78310050407732
            ],
            [
              -43.361810921873065,
              -22.783208070126566
            ],
            [
              -43.36182631675447,
              -22.78350234225177
            ],
            [
              -43.36196559004255,
              -22.783746405854654
            ],
            [
              -43.3623229441468,
              -22.783962336542498
            ],
            [
              -43.362792023448044,
              -22.78385098603878
            ],
            [
              -43.36341034963092,
              -22.783547592714875
            ],
            [
              -43.363589970295905,
              -22.783365285747962
            ],
            [
              -43.36367716986898,
              -22.783294638134183
            ],
            [
              -43.364444042187976,
              -22.783170034839674
            ],
            [
              -43.364741122627386,
              -22.782949066894634
            ],
            [
              -43.36509108164178,
              -22.782451073365603
            ],
            [
              -43.36547387504852,
              -22.781807952505176
            ],
            [
              -43.365512649753924,
              -22.781626473690235
            ],
            [
              -43.365486683137554,
              -22.781647514851734
            ],
            [
              -43.36514316611221,
              -22.782098091087455
            ],
            [
              -43.36491645575426,
              -22.782363255514184
            ],
            [
              -43.36441922024299,
              -22.78264938142463
            ],
            [
              -43.363794777748545,
              -22.782821188228024
            ],
            [
              -43.36338847514027,
              -22.78289035661916
            ],
            [
              -43.36310241877863,
              -22.78268006301565
            ],
            [
              -43.36303199730296,
              -22.781514718180638
            ],
            [
              -43.36282575861209,
              -22.78076769344267
            ],
            [
              -43.3627382832535,
              -22.780105523104776
            ],
            [
              -43.36268268142131,
              -22.77990412301764
            ],
            [
              -43.36279131586923,
              -22.779543991221388
            ],
            [
              -43.363541082235166,
              -22.779529108605555
            ],
            [
              -43.36356649928455,
              -22.77932489900742
            ],
            [
              -43.363751814378425,
              -22.778561981050625
            ],
            [
              -43.363857845106644,
              -22.778297214807516
            ],
            [
              -43.364039114978276,
              -22.777995880672403
            ],
            [
              -43.36478933388197,
              -22.777881491083782
            ],
            [
              -43.36519373163129,
              -22.77762567118067
            ],
            [
              -43.3654127778027,
              -22.777499617376055
            ],
            [
              -43.36590296989118,
              -22.77747616281233
            ],
            [
              -43.36580235878128,
              -22.776849657431857
            ],
            [
              -43.36584994046529,
              -22.77597946168848
            ],
            [
              -43.36613690768964,
              -22.7758574481906
            ],
            [
              -43.366214379265905,
              -22.77550249533143
            ],
            [
              -43.3664800222957,
              -22.775389548026947
            ],
            [
              -43.36670888238954,
              -22.775226636405876
            ],
            [
              -43.36668312380255,
              -22.774825840262547
            ],
            [
              -43.36670565125758,
              -22.774530299622988
            ],
            [
              -43.36654892376571,
              -22.774461642711984
            ],
            [
              -43.36660253822188,
              -22.774231119231974
            ],
            [
              -43.36674803734567,
              -22.773867758946217
            ],
            [
              -43.36647199949234,
              -22.77354094542906
            ],
            [
              -43.36618377632558,
              -22.77332905367211
            ],
            [
              -43.36549934541615,
              -22.77307698249521
            ],
            [
              -43.36531711617879,
              -22.772757648871085
            ],
            [
              -43.365256713818546,
              -22.772568894787515
            ],
            [
              -43.36523125656903,
              -22.772547326767178
            ],
            [
              -43.3651966958687,
              -22.773102804496954
            ],
            [
              -43.36495400154634,
              -22.773380316049796
            ],
            [
              -43.36462754956209,
              -22.77373294555646
            ],
            [
              -43.36450781830264,
              -22.774045993765903
            ],
            [
              -43.364553833439444,
              -22.774189015134596
            ],
            [
              -43.36511362806974,
              -22.774478180922056
            ],
            [
              -43.36546063462381,
              -22.775120142388385
            ],
            [
              -43.36556060050235,
              -22.775499220131305
            ],
            [
              -43.36556612733005,
              -22.776046738207874
            ],
            [
              -43.365502339988424,
              -22.776320140724145
            ],
            [
              -43.365368090616485,
              -22.776971583305613
            ],
            [
              -43.36517688926585,
              -22.777205315635502
            ],
            [
              -43.364693435325044,
              -22.777470451126995
            ],
            [
              -43.36413542094278,
              -22.77757048692268
            ],
            [
              -43.36368628049831,
              -22.777521629763854
            ],
            [
              -43.36339566549687,
              -22.777472589529243
            ],
            [
              -43.36249607181308,
              -22.777415290716036
            ],
            [
              -43.362330645234756,
              -22.77710923697902
            ],
            [
              -43.36225949428943,
              -22.776767938769293
            ],
            [
              -43.36213327235897,
              -22.77553909383342
            ],
            [
              -43.362354021780725,
              -22.775291177078685
            ],
            [
              -43.362450691134725,
              -22.775111492050865
            ],
            [
              -43.36259655712828,
              -22.77498437953708
            ],
            [
              -43.362544265698105,
              -22.774826008111056
            ],
            [
              -43.361848499536556,
              -22.774460414586787
            ],
            [
              -43.36160043225408,
              -22.774150182476653
            ],
            [
              -43.36118932646343,
              -22.773025476773775
            ],
            [
              -43.36095914242509,
              -22.772691898873557
            ],
            [
              -43.360800102921914,
              -22.772547026673713
            ],
            [
              -43.360900819415285,
              -22.772890916647217
            ]
          ]
        ]
      }
    },
    {
      "type": "Feature",
      "properties": {
        "CLASSE": "Média",
        "referenceYear": 2015,
        "overlayColor": "#e4bd59"
      },
      "geometry": {
        "type": "Polygon",
        "coordinates": [
          [
            [
              -43.35201924204583,
              -22.77841865473595
            ],
            [
              -43.3524349287142,
              -22.777968740512545
            ],
            [
              -43.35273256982678,
              -22.777736253098617
            ],
            [
              -43.35318802101028,
              -22.7774491206903
            ],
            [
              -43.35324310105541,
              -22.77739115591058
            ],
            [
              -43.35293446201686,
              -22.777437686722944
            ],
            [
              -43.35250681108816,
              -22.777593707392867
            ],
            [
              -43.35220828411414,
              -22.777810368193286
            ],
            [
              -43.35209206868879,
              -22.778171986979398
            ],
            [
              -43.351986652335384,
              -22.77839168076573
            ],
            [
              -43.351964156277326,
              -22.77846167836877
            ],
            [
              -43.35201924204583,
              -22.77841865473595
            ]
          ]
        ]
      }
    },
    {
      "type": "Feature",
      "properties": {
        "CLASSE": "Média",
        "referenceYear": 2015,
        "overlayColor": "#e4bd59"
      },
      "geometry": {
        "type": "Polygon",
        "coordinates": [
          [
            [
              -43.35517555329844,
              -22.774611455453126
            ],
            [
              -43.355126864681104,
              -22.774610953559733
            ],
            [
              -43.355126323441056,
              -22.774656103372745
            ],
            [
              -43.35517501207439,
              -22.77465660526724
            ],
            [
              -43.35517555329844,
              -22.774611455453126
            ]
          ]
        ]
      }
    },
    {
      "type": "Feature",
      "properties": {
        "CLASSE": "Baixa",
        "referenceYear": 2015,
        "overlayColor": "#5d8aa8"
      },
      "geometry": {
        "type": "Polygon",
        "coordinates": [
          [
            [
              -43.35135118256562,
              -22.792995343819157
            ],
            [
              -43.35130248751731,
              -22.792994840375876
            ],
            [
              -43.351301944531876,
              -22.793039989997894
            ],
            [
              -43.351350639596205,
              -22.79304049344228
            ],
            [
              -43.35135118256562,
              -22.792995343819157
            ]
          ]
        ]
      }
    },
    {
      "type": "Feature",
      "properties": {
        "CLASSE": "Baixa",
        "referenceYear": 2015,
        "overlayColor": "#5d8aa8"
      },
      "geometry": {
        "type": "Polygon",
        "coordinates": [
          [
            [
              -43.34908834390359,
              -22.791175459482012
            ],
            [
              -43.34944727442819,
              -22.79123844098256
            ],
            [
              -43.35026069074069,
              -22.791297541537446
            ],
            [
              -43.35068480977356,
              -22.791453770587037
            ],
            [
              -43.3509297960461,
              -22.79163389889066
            ],
            [
              -43.35183668809005,
              -22.791512449662353
            ],
            [
              -43.35217327117766,
              -22.79141987925568
            ],
            [
              -43.352341419018984,
              -22.79135041659713
            ],
            [
              -43.35261352740239,
              -22.791178333747126
            ],
            [
              -43.3530577362068,
              -22.790944643942677
            ],
            [
              -43.353235116901786,
              -22.79064985477467
            ],
            [
              -43.35327347402462,
              -22.790147382958118
            ],
            [
              -43.353188828865314,
              -22.789882792608616
            ],
            [
              -43.352796433445796,
              -22.789550353052604
            ],
            [
              -43.35254655304461,
              -22.788977080344104
            ],
            [
              -43.35232439975359,
              -22.788741311386705
            ],
            [
              -43.35194463652532,
              -22.788460293462578
            ],
            [
              -43.3517518110347,
              -22.788255642322742
            ],
            [
              -43.3517008896541,
              -22.788212501893973
            ],
            [
              -43.35162852239045,
              -22.788393152257086
            ],
            [
              -43.35161537123643,
              -22.788565355438525
            ],
            [
              -43.351707930977284,
              -22.78885468397373
            ],
            [
              -43.351961152697484,
              -22.789123434085123
            ],
            [
              -43.352279857372004,
              -22.789263072050595
            ],
            [
              -43.35261730523816,
              -22.789653197291585
            ],
            [
              -43.35270720573219,
              -22.789893925091555
            ],
            [
              -43.35262274116379,
              -22.79063910404021
            ],
            [
              -43.35254401066166,
              -22.790769944929377
            ],
            [
              -43.35229638760187,
              -22.791255842967686
            ],
            [
              -43.351918731128904,
              -22.791396931274207
            ],
            [
              -43.35129657591506,
              -22.791347880776875
            ],
            [
              -43.35100771700192,
              -22.79129720339138
            ],
            [
              -43.3500607941556,
              -22.79123232676468
            ],
            [
              -43.34934250981043,
              -22.790921270146075
            ],
            [
              -43.34909697800634,
              -22.79105827319662
            ],
            [
              -43.349036113885475,
              -22.79112002918668
            ],
            [
              -43.34908834390359,
              -22.791175459482012
            ]
          ]
        ]
      }
    },
    {
      "type": "Feature",
      "properties": {
        "CLASSE": "Média",
        "referenceYear": 2015,
        "overlayColor": "#e4bd59"
      },
      "geometry": {
        "type": "Polygon",
        "coordinates": [
          [
            [
              -43.3462394132037,
              -22.778785401085347
            ],
            [
              -43.346584989140325,
              -22.778976088744912
            ],
            [
              -43.347445539433586,
              -22.779567257693788
            ],
            [
              -43.34807658123327,
              -22.779888159958173
            ],
            [
              -43.34846042365058,
              -22.780209940559775
            ],
            [
              -43.348789500373655,
              -22.780411854741665
            ],
            [
              -43.34906515919063,
              -22.780693979040944
            ],
            [
              -43.3492605752839,
              -22.781373241979363
            ],
            [
              -43.34938565866711,
              -22.781598479783703
            ],
            [
              -43.34953869778109,
              -22.781732941043536
            ],
            [
              -43.3494926222634,
              -22.78159609455773
            ],
            [
              -43.349419626474194,
              -22.781390903148296
            ],
            [
              -43.34943287473376,
              -22.781001782745676
            ],
            [
              -43.349347459746326,
              -22.780833777096568
            ],
            [
              -43.34848726344899,
              -22.779542808576256
            ],
            [
              -43.34817365803304,
              -22.77936198907617
            ],
            [
              -43.34743403235913,
              -22.779082587774127
            ],
            [
              -43.347136458970525,
              -22.77894488831183
            ],
            [
              -43.346819043274635,
              -22.77876186881976
            ],
            [
              -43.34638622935644,
              -22.778607613810664
            ],
            [
              -43.346072962805025,
              -22.778453836333487
            ],
            [
              -43.34589988650718,
              -22.77855651310772
            ],
            [
              -43.345875751342895,
              -22.77857929248649
            ],
            [
              -43.3462394132037,
              -22.778785401085347
            ]
          ]
        ]
      }
    },
    {
      "type": "Feature",
      "properties": {
        "CLASSE": "Média",
        "referenceYear": 2015,
        "overlayColor": "#e4bd59"
      },
      "geometry": {
        "type": "Polygon",
        "coordinates": [
          [
            [
              -43.35072899652434,
              -22.77993903976486
            ],
            [
              -43.350729539350986,
              -22.77989389008183
            ],
            [
              -43.35068084896867,
              -22.779893386722012
            ],
            [
              -43.350680306126,
              -22.779938536403936
            ],
            [
              -43.35072899652434,
              -22.77993903976486
            ]
          ]
        ]
      }
    },
    {
      "type": "Feature",
      "properties": {
        "CLASSE": "Média",
        "referenceYear": 2015,
        "overlayColor": "#e4bd59"
      },
      "geometry": {
        "type": "Polygon",
        "coordinates": [
          [
            [
              -43.35077877254397,
              -22.779849243742397
            ],
            [
              -43.35077931535189,
              -22.779804094057745
            ],
            [
              -43.3507306250002,
              -22.77980359071499
            ],
            [
              -43.35073008217627,
              -22.77984874039854
            ],
            [
              -43.35077877254397,
              -22.779849243742397
            ]
          ]
        ]
      }
    },
    {
      "type": "Feature",
      "properties": {
        "CLASSE": "Média",
        "referenceYear": 2015,
        "overlayColor": "#e4bd59"
      },
      "geometry": {
        "type": "Polygon",
        "coordinates": [
          [
            [
              -43.35085353914598,
              -22.779783143569393
            ],
            [
              -43.35106846277159,
              -22.779649254269117
            ],
            [
              -43.35136682514849,
              -22.779357251784003
            ],
            [
              -43.35192928874557,
              -22.778559987976923
            ],
            [
              -43.351964156277326,
              -22.77846167836877
            ],
            [
              -43.351857956973156,
              -22.77854463020737
            ],
            [
              -43.351548939109854,
              -22.778990989907957
            ],
            [
              -43.35134837241799,
              -22.779202057457194
            ],
            [
              -43.3509796234355,
              -22.779490071999323
            ],
            [
              -43.35077931535189,
              -22.779804094057745
            ],
            [
              -43.35085353914598,
              -22.779783143569393
            ]
          ]
        ]
      }
    },
    {
      "type": "Feature",
      "properties": {
        "CLASSE": "Média",
        "referenceYear": 2015,
        "overlayColor": "#e4bd59"
      },
      "geometry": {
        "type": "Polygon",
        "coordinates": [
          [
            [
              -43.34466449943567,
              -22.77807002261327
            ],
            [
              -43.34456712026551,
              -22.778069012254107
            ],
            [
              -43.34456657545972,
              -22.77811416180668
            ],
            [
              -43.344663954661904,
              -22.778115172168068
            ],
            [
              -43.34466449943567,
              -22.77807002261327
            ]
          ]
        ]
      }
    },
    {
      "type": "Feature",
      "properties": {
        "CLASSE": "Média",
        "referenceYear": 2015,
        "overlayColor": "#e4bd59"
      },
      "geometry": {
        "type": "Polygon",
        "coordinates": [
          [
            [
              -43.34453302443264,
              -22.77802708614462
            ],
            [
              -43.34436235626606,
              -22.77792919227188
            ],
            [
              -43.34411018891312,
              -22.777858164529786
            ],
            [
              -43.343666738988404,
              -22.777769066408368
            ],
            [
              -43.34335105387412,
              -22.7776801444785
            ],
            [
              -43.34285983024908,
              -22.777597507142502
            ],
            [
              -43.342636484904936,
              -22.777510019681895
            ],
            [
              -43.342228253465024,
              -22.777260845379924
            ],
            [
              -43.34204508503014,
              -22.777230031123686
            ],
            [
              -43.342148140820285,
              -22.777605834217027
            ],
            [
              -43.34225762149217,
              -22.777662484191655
            ],
            [
              -43.342824851766586,
              -22.777730082077383
            ],
            [
              -43.34412051488953,
              -22.778034413905893
            ],
            [
              -43.34456712026551,
              -22.778069012254107
            ],
            [
              -43.34453302443264,
              -22.77802708614462
            ]
          ]
        ]
      }
    },
    {
      "type": "Feature",
      "properties": {
        "CLASSE": "Média",
        "referenceYear": 2015,
        "overlayColor": "#e4bd59"
      },
      "geometry": {
        "type": "Polygon",
        "coordinates": [
          [
            [
              -43.34524187687298,
              -22.776742662456673
            ],
            [
              -43.34547282496808,
              -22.776802595667768
            ],
            [
              -43.345868804965214,
              -22.77702263565096
            ],
            [
              -43.34624453353852,
              -22.777222508193496
            ],
            [
              -43.346744711839655,
              -22.777300104411125
            ],
            [
              -43.34704410411645,
              -22.77741923091691
            ],
            [
              -43.34778824814201,
              -22.777470227965505
            ],
            [
              -43.34776600827458,
              -22.777445741591514
            ],
            [
              -43.34735870881586,
              -22.777383863777175
            ],
            [
              -43.34697511555051,
              -22.777220352877617
            ],
            [
              -43.34666705006196,
              -22.776968622393092
            ],
            [
              -43.346522237619475,
              -22.776809188634605
            ],
            [
              -43.34631543519144,
              -22.77668607101062
            ],
            [
              -43.34609657225618,
              -22.776445103144038
            ],
            [
              -43.345779521284946,
              -22.776361096998325
            ],
            [
              -43.34537433795446,
              -22.776565253557806
            ],
            [
              -43.34411830499359,
              -22.77659520670245
            ],
            [
              -43.34358381750721,
              -22.776679894816183
            ],
            [
              -43.34356099292712,
              -22.776703913896718
            ],
            [
              -43.34524187687298,
              -22.776742662456673
            ]
          ]
        ]
      }
    },
    {
      "type": "Feature",
      "properties": {
        "CLASSE": "Média",
        "referenceYear": 2015,
        "overlayColor": "#e4bd59"
      },
      "geometry": {
        "type": "Polygon",
        "coordinates": [
          [
            [
              -43.34789421806084,
              -22.77752935685912
            ],
            [
              -43.34905398882122,
              -22.777498747604888
            ],
            [
              -43.349411821939285,
              -22.777515610061435
            ],
            [
              -43.349794260513534,
              -22.77710532463645
            ],
            [
              -43.350205062487085,
              -22.77608009868579
            ],
            [
              -43.35052857838576,
              -22.775900978382786
            ],
            [
              -43.351243261714934,
              -22.77585066126746
            ],
            [
              -43.35159465228077,
              -22.775555424426127
            ],
            [
              -43.351776826209324,
              -22.775090117838495
            ],
            [
              -43.35183919817841,
              -22.774598746950627
            ],
            [
              -43.351928425728175,
              -22.774224130116384
            ],
            [
              -43.35181938903766,
              -22.773540478584763
            ],
            [
              -43.351664812675104,
              -22.772842716824623
            ],
            [
              -43.351573328687294,
              -22.77256401021861
            ],
            [
              -43.35154831847834,
              -22.77254203408154
            ],
            [
              -43.35156794887827,
              -22.773137050494064
            ],
            [
              -43.35170032454791,
              -22.77389164452933
            ],
            [
              -43.35172462983882,
              -22.774682916052402
            ],
            [
              -43.351575528605046,
              -22.775103298716385
            ],
            [
              -43.351422689687254,
              -22.77525288145911
            ],
            [
              -43.35113821689723,
              -22.77543010862925
            ],
            [
              -43.35065342515067,
              -22.775661612406946
            ],
            [
              -43.35036680609055,
              -22.775714134453995
            ],
            [
              -43.35002795653466,
              -22.775760603757874
            ],
            [
              -43.34995090748742,
              -22.77636758732919
            ],
            [
              -43.34972084243441,
              -22.77680687492438
            ],
            [
              -43.34938618554078,
              -22.77727587630745
            ],
            [
              -43.34910086162241,
              -22.77741212183594
            ],
            [
              -43.34873888124429,
              -22.777458351580968
            ],
            [
              -43.347836937593364,
              -22.777470732157262
            ],
            [
              -43.34789421806084,
              -22.77752935685912
            ]
          ]
        ]
      }
    },
    {
      "type": "Feature",
      "properties": {
        "CLASSE": "Média",
        "referenceYear": 2015,
        "overlayColor": "#e4bd59"
      },
      "geometry": {
        "type": "Polygon",
        "coordinates": [
          [
            [
              -43.36561164639557,
              -22.78149202138133
            ],
            [
              -43.365612184366015,
              -22.781446871369297
            ],
            [
              -43.365563493068294,
              -22.7814463725183
            ],
            [
              -43.36556295508185,
              -22.78149152252924
            ],
            [
              -43.36561164639557,
              -22.78149202138133
            ]
          ]
        ]
      }
    },
    {
      "type": "Feature",
      "properties": {
        "CLASSE": "Média",
        "referenceYear": 2015,
        "overlayColor": "#e4bd59"
      },
      "geometry": {
        "type": "Polygon",
        "coordinates": [
          [
            [
              -43.3719040910075,
              -22.780608095530948
            ],
            [
              -43.37231594855031,
              -22.7805443662279
            ],
            [
              -43.372417755920075,
              -22.780220501495844
            ],
            [
              -43.372347444457716,
              -22.779849807802563
            ],
            [
              -43.372205734828235,
              -22.779688024197785
            ],
            [
              -43.37212081773482,
              -22.78010337839083
            ],
            [
              -43.37178905597797,
              -22.780232794590606
            ],
            [
              -43.371829580657774,
              -22.780541690784577
            ],
            [
              -43.37188229084448,
              -22.780583206130018
            ],
            [
              -43.3719040910075,
              -22.780608095530948
            ]
          ]
        ]
      }
    },
    {
      "type": "Feature",
      "properties": {
        "CLASSE": "Média",
        "referenceYear": 2015,
        "overlayColor": "#e4bd59"
      },
      "geometry": {
        "type": "Polygon",
        "coordinates": [
          [
            [
              -43.373436002233404,
              -22.778727184167938
            ],
            [
              -43.373387311710594,
              -22.778726687760223
            ],
            [
              -43.373386776369856,
              -22.778771837962896
            ],
            [
              -43.373435466908674,
              -22.778772334371713
            ],
            [
              -43.373436002233404,
              -22.778727184167938
            ]
          ]
        ]
      }
    },
    {
      "type": "Feature",
      "properties": {
        "CLASSE": "Média",
        "referenceYear": 2015,
        "overlayColor": "#e4bd59"
      },
      "geometry": {
        "type": "Polygon",
        "coordinates": [
          [
            [
              -43.373339691898565,
              -22.778635890933703
            ],
            [
              -43.373291001410486,
              -22.778635394498476
            ],
            [
              -43.373290466040444,
              -22.7786805446995
            ],
            [
              -43.37333915654453,
              -22.778681041135815
            ],
            [
              -43.373339691898565,
              -22.778635890933703
            ]
          ]
        ]
      }
    },
    {
      "type": "Feature",
      "properties": {
        "CLASSE": "Alta",
        "referenceYear": 2015,
        "overlayColor": "#b63d35"
      },
      "geometry": {
        "type": "Polygon",
        "coordinates": [
          [
            [
              -43.32996514656119,
              -22.767466555141873
            ],
            [
              -43.330335082635315,
              -22.767568719899565
            ],
            [
              -43.33039723471323,
              -22.767799554905164
            ],
            [
              -43.33027170465681,
              -22.767890640821385
            ],
            [
              -43.330227793463635,
              -22.767940330402503
            ],
            [
              -43.33082538273112,
              -22.767985069502785
            ],
            [
              -43.33132408898951,
              -22.767921427358527
            ],
            [
              -43.33250685154685,
              -22.767613693552548
            ],
            [
              -43.33356685858973,
              -22.76746843202994
            ],
            [
              -43.33402746770714,
              -22.767298567784284
            ],
            [
              -43.33443170666421,
              -22.766988938969433
            ],
            [
              -43.33541223825662,
              -22.765835507542572
            ],
            [
              -43.335563551948084,
              -22.76560284329405
            ],
            [
              -43.33554524496978,
              -22.765217563282228
            ],
            [
              -43.33547343213073,
              -22.765091651152307
            ],
            [
              -43.33526474164796,
              -22.764914772868266
            ],
            [
              -43.33506712325299,
              -22.76465617994533
            ],
            [
              -43.33502011648132,
              -22.764354139182036
            ],
            [
              -43.334902286683175,
              -22.764082841993037
            ],
            [
              -43.33505216223505,
              -22.763466305965505
            ],
            [
              -43.33502912057906,
              -22.763024084730834
            ],
            [
              -43.3348959403286,
              -22.762323404283077
            ],
            [
              -43.33483978666834,
              -22.7619625999865
            ],
            [
              -43.33486523936487,
              -22.76162964656023
            ],
            [
              -43.33457267968553,
              -22.761381679615813
            ],
            [
              -43.33452160289248,
              -22.761297229144805
            ],
            [
              -43.334913627134505,
              -22.76097966815866
            ],
            [
              -43.335599987038705,
              -22.76071094620887
            ],
            [
              -43.33611004601987,
              -22.760686630129886
            ],
            [
              -43.336110593141804,
              -22.760641480672856
            ],
            [
              -43.336451375534494,
              -22.76064503216335
            ],
            [
              -43.33674347478232,
              -22.760648075719626
            ],
            [
              -43.336744021695,
              -22.760602926247813
            ],
            [
              -43.33693875449064,
              -22.76060495498424
            ],
            [
              -43.33693820764192,
              -22.76065010446052
            ],
            [
              -43.33749586251582,
              -22.760724916148185
            ],
            [
              -43.33771604611232,
              -22.760748516038557
            ],
            [
              -43.33813185833978,
              -22.760773333699188
            ],
            [
              -43.33829465451163,
              -22.760884585621362
            ],
            [
              -43.33874892849853,
              -22.761072945324226
            ],
            [
              -43.3388308456179,
              -22.761166516948236
            ],
            [
              -43.33887952906621,
              -22.76116702353023
            ],
            [
              -43.33887898284047,
              -22.76121217304791
            ],
            [
              -43.33892766630616,
              -22.761212679616182
            ],
            [
              -43.33897634977322,
              -22.76121318616962
            ],
            [
              -43.33897580357807,
              -22.76125833568928
            ],
            [
              -43.339024487062545,
              -22.761258842229005
            ],
            [
              -43.33902394088201,
              -22.76130399174951
            ],
            [
              -43.33945057662582,
              -22.761582543284806
            ],
            [
              -43.3402215230432,
              -22.76223843929887
            ],
            [
              -43.34063054129823,
              -22.762657149993203
            ],
            [
              -43.340959454238984,
              -22.763213531442734
            ],
            [
              -43.34101672577529,
              -22.763530903629302
            ],
            [
              -43.34064971427618,
              -22.763759281069238
            ],
            [
              -43.34064916856324,
              -22.76380443061292
            ],
            [
              -43.34060048413618,
              -22.763803924515095
            ],
            [
              -43.34058289498623,
              -22.763880293864535
            ],
            [
              -43.34046710707839,
              -22.764088214094247
            ],
            [
              -43.340401925852646,
              -22.76411794673478
            ],
            [
              -43.340356613492816,
              -22.76429721176113
            ],
            [
              -43.34043193771225,
              -22.764545520373222
            ],
            [
              -43.34063406787896,
              -22.7647764088315
            ],
            [
              -43.341050027055175,
              -22.765003121396703
            ],
            [
              -43.341504127398245,
              -22.764953441286952
            ],
            [
              -43.341756912825176,
              -22.764809357225445
            ],
            [
              -43.34178082633097,
              -22.764695037764017
            ],
            [
              -43.342020328251806,
              -22.764119223631422
            ],
            [
              -43.342057746025716,
              -22.764089998447247
            ],
            [
              -43.342086334229876,
              -22.763888776621943
            ],
            [
              -43.34214072091128,
              -22.763315199651778
            ],
            [
              -43.34224438167981,
              -22.76289700270635
            ],
            [
              -43.34226829434149,
              -22.762782683101857
            ],
            [
              -43.34224284266733,
              -22.762761111707825
            ],
            [
              -43.342197468152534,
              -22.76271294415672
            ],
            [
              -43.342121107300265,
              -22.76264822849391
            ],
            [
              -43.34203977141311,
              -22.76256188119632
            ],
            [
              -43.34206644867577,
              -22.76221272186846
            ],
            [
              -43.34179847819243,
              -22.761985617515105
            ],
            [
              -43.34172316977983,
              -22.761669447186094
            ],
            [
              -43.34161854798092,
              -22.76138920068589
            ],
            [
              -43.3413828674058,
              -22.76128590252549
            ],
            [
              -43.341181155897864,
              -22.761181515593204
            ],
            [
              -43.341031192461955,
              -22.760957328477403
            ],
            [
              -43.34079482659068,
              -22.76081443851376
            ],
            [
              -43.34065717659148,
              -22.76060866136587
            ],
            [
              -43.34037602128242,
              -22.760370377040815
            ],
            [
              -43.34033093655426,
              -22.760033801737773
            ],
            [
              -43.34080159199599,
              -22.759652511114247
            ],
            [
              -43.34132837116096,
              -22.75937535955458
            ],
            [
              -43.34187723530354,
              -22.759325515432366
            ],
            [
              -43.342334564003046,
              -22.759562184194955
            ],
            [
              -43.3426838430815,
              -22.760084331262036
            ],
            [
              -43.342864632290215,
              -22.760535489686607
            ],
            [
              -43.34297746669897,
              -22.76126025313769
            ],
            [
              -43.34316200033732,
              -22.761368300154103
            ],
            [
              -43.34364969934781,
              -22.761252571278693
            ],
            [
              -43.343966422345254,
              -22.761150870574305
            ],
            [
              -43.344203663288596,
              -22.76110226715805
            ],
            [
              -43.344500612068146,
              -22.761121774357527
            ],
            [
              -43.34492119991062,
              -22.761339418665674
            ],
            [
              -43.34520349175326,
              -22.76163909984768
            ],
            [
              -43.34525217552659,
              -22.761639604496693
            ],
            [
              -43.34525163138322,
              -22.76168475415778
            ],
            [
              -43.34585332825474,
              -22.762300134730783
            ],
            [
              -43.34604435932552,
              -22.762528794652816
            ],
            [
              -43.34606892219185,
              -22.762551174809087
            ],
            [
              -43.34611760630983,
              -22.76255167921332
            ],
            [
              -43.346117062426735,
              -22.762596828889063
            ],
            [
              -43.346551270533745,
              -22.76270719832436
            ],
            [
              -43.3471559026825,
              -22.76295372517268
            ],
            [
              -43.34742158231785,
              -22.763098519192674
            ],
            [
              -43.34763926504042,
              -22.7634341377092
            ],
            [
              -43.34766408772554,
              -22.763515956196958
            ],
            [
              -43.34771277222485,
              -22.763516460134998
            ],
            [
              -43.34771222884056,
              -22.76356160984171
            ],
            [
              -43.34815163650644,
              -22.763785081267628
            ],
            [
              -43.348360675328465,
              -22.763999051917857
            ],
            [
              -43.348717899286086,
              -22.764603229190744
            ],
            [
              -43.348986150358854,
              -22.765145956837763
            ],
            [
              -43.349259522514245,
              -22.765877867789175
            ],
            [
              -43.349480019739836,
              -22.766903528168523
            ],
            [
              -43.34968922514634,
              -22.767429489571835
            ],
            [
              -43.35005572244108,
              -22.76803079469167
            ],
            [
              -43.35018902062972,
              -22.76814791905979
            ],
            [
              -43.35081053273211,
              -22.768677539902715
            ],
            [
              -43.35114199683139,
              -22.768862886992242
            ],
            [
              -43.35161671261454,
              -22.76895202985698
            ],
            [
              -43.35183319534131,
              -22.76900702773755
            ],
            [
              -43.35191018674096,
              -22.76940502414652
            ],
            [
              -43.3521643414329,
              -22.76971956895573
            ],
            [
              -43.352263843613144,
              -22.770455729813385
            ],
            [
              -43.35216925671855,
              -22.77069733925829
            ],
            [
              -43.35170547358758,
              -22.771420153481422
            ],
            [
              -43.351658709588364,
              -22.771459445979332
            ],
            [
              -43.351628602296074,
              -22.77156788928336
            ],
            [
              -43.35160568362957,
              -22.771820141077484
            ],
            [
              -43.35166154661046,
              -22.772159052505533
            ],
            [
              -43.351578200163594,
              -22.77234205134484
            ],
            [
              -43.351550487914245,
              -22.77236143510591
            ],
            [
              -43.35154831847834,
              -22.77254203408154
            ],
            [
              -43.351573328687294,
              -22.77256401021861
            ],
            [
              -43.351664812675104,
              -22.772842716824623
            ],
            [
              -43.35181938903766,
              -22.773540478584763
            ],
            [
              -43.351928425728175,
              -22.774224130116384
            ],
            [
              -43.35183919817841,
              -22.774598746950627
            ],
            [
              -43.351776826209324,
              -22.775090117838495
            ],
            [
              -43.35159465228077,
              -22.775555424426127
            ],
            [
              -43.351243261714934,
              -22.77585066126746
            ],
            [
              -43.35052857838576,
              -22.775900978382786
            ],
            [
              -43.350205062487085,
              -22.77608009868579
            ],
            [
              -43.349794260513534,
              -22.77710532463645
            ],
            [
              -43.349411821939285,
              -22.777515610061435
            ],
            [
              -43.34905398882122,
              -22.777498747604888
            ],
            [
              -43.34789421806084,
              -22.77752935685912
            ],
            [
              -43.347836937593364,
              -22.777470732157262
            ],
            [
              -43.34778824814201,
              -22.777470227965505
            ],
            [
              -43.34704410411645,
              -22.77741923091691
            ],
            [
              -43.346744711839655,
              -22.777300104411125
            ],
            [
              -43.34624453353852,
              -22.777222508193496
            ],
            [
              -43.345868804965214,
              -22.77702263565096
            ],
            [
              -43.34547282496808,
              -22.776802595667768
            ],
            [
              -43.34524187687298,
              -22.776742662456673
            ],
            [
              -43.34356099292712,
              -22.776703913896718
            ],
            [
              -43.343193374967015,
              -22.776680016383015
            ],
            [
              -43.34305192524042,
              -22.77662790502229
            ],
            [
              -43.342501584914,
              -22.776685939164352
            ],
            [
              -43.34223553457847,
              -22.776786656663994
            ],
            [
              -43.34208859689005,
              -22.777012617283095
            ],
            [
              -43.34204508503014,
              -22.777230031123686
            ],
            [
              -43.342228253465024,
              -22.777260845379924
            ],
            [
              -43.342636484904936,
              -22.777510019681895
            ],
            [
              -43.34285983024908,
              -22.777597507142502
            ],
            [
              -43.34335105387412,
              -22.7776801444785
            ],
            [
              -43.343666738988404,
              -22.777769066408368
            ],
            [
              -43.34411018891312,
              -22.777858164529786
            ],
            [
              -43.34436235626606,
              -22.77792919227188
            ],
            [
              -43.34453302443264,
              -22.77802708614462
            ],
            [
              -43.34456712026551,
              -22.778069012254107
            ],
            [
              -43.34466449943567,
              -22.77807002261327
            ],
            [
              -43.344663954661904,
              -22.778115172168068
            ],
            [
              -43.34501971214069,
              -22.77818341241179
            ],
            [
              -43.345875751342895,
              -22.77857929248649
            ],
            [
              -43.34589988650718,
              -22.77855651310772
            ],
            [
              -43.346072962805025,
              -22.778453836333487
            ],
            [
              -43.34638622935644,
              -22.778607613810664
            ],
            [
              -43.346819043274635,
              -22.77876186881976
            ],
            [
              -43.347136458970525,
              -22.77894488831183
            ],
            [
              -43.34743403235913,
              -22.779082587774127
            ],
            [
              -43.34817365803304,
              -22.77936198907617
            ],
            [
              -43.34848726344899,
              -22.779542808576256
            ],
            [
              -43.349347459746326,
              -22.780833777096568
            ],
            [
              -43.34943287473376,
              -22.781001782745676
            ],
            [
              -43.349419626474194,
              -22.781390903148296
            ],
            [
              -43.3494926222634,
              -22.78159609455773
            ],
            [
              -43.34953869778109,
              -22.781732941043536
            ],
            [
              -43.34957722739048,
              -22.781778594148626
            ],
            [
              -43.34994026358969,
              -22.781981560309465
            ],
            [
              -43.350343218342736,
              -22.78203227485346
            ],
            [
              -43.35067846893529,
              -22.781855811964377
            ],
            [
              -43.350877375204625,
              -22.78154990614956
            ],
            [
              -43.350746021839655,
              -22.780772091692548
            ],
            [
              -43.35055606874145,
              -22.78037008847337
            ],
            [
              -43.35060866263175,
              -22.780105780359353
            ],
            [
              -43.350680306126,
              -22.779938536403936
            ],
            [
              -43.35068084896867,
              -22.779893386722012
            ],
            [
              -43.350729539350986,
              -22.77989389008183
            ],
            [
              -43.35073008217627,
              -22.77984874039854
            ],
            [
              -43.3507306250002,
              -22.77980359071499
            ],
            [
              -43.35077931535189,
              -22.779804094057745
            ],
            [
              -43.3509796234355,
              -22.779490071999323
            ],
            [
              -43.35134837241799,
              -22.779202057457194
            ],
            [
              -43.351548939109854,
              -22.778990989907957
            ],
            [
              -43.351857956973156,
              -22.77854463020737
            ],
            [
              -43.351964156277326,
              -22.77846167836877
            ],
            [
              -43.351986652335384,
              -22.77839168076573
            ],
            [
              -43.35209206868879,
              -22.778171986979398
            ],
            [
              -43.35220828411414,
              -22.777810368193286
            ],
            [
              -43.35250681108816,
              -22.777593707392867
            ],
            [
              -43.35293446201686,
              -22.777437686722944
            ],
            [
              -43.35324310105541,
              -22.77739115591058
            ],
            [
              -43.35335586422292,
              -22.77736093917612
            ],
            [
              -43.35392908860916,
              -22.77703699175383
            ],
            [
              -43.35395657909237,
              -22.776697750256215
            ],
            [
              -43.35407053342806,
              -22.77635115178368
            ],
            [
              -43.35422027238395,
              -22.77609565195733
            ],
            [
              -43.354402180144774,
              -22.775942805408597
            ],
            [
              -43.35532651865292,
              -22.775492083754983
            ],
            [
              -43.355386147735025,
              -22.775245878836447
            ],
            [
              -43.35519706586209,
              -22.774770580973563
            ],
            [
              -43.355174470848965,
              -22.774701755081086
            ],
            [
              -43.35517501207439,
              -22.77465660526724
            ],
            [
              -43.355126323441056,
              -22.774656103372745
            ],
            [
              -43.355126864681104,
              -22.774610953559733
            ],
            [
              -43.35512740591979,
              -22.77456580374645
            ],
            [
              -43.355078717319834,
              -22.774565301839324
            ],
            [
              -43.35507925857314,
              -22.774520152026874
            ],
            [
              -43.35508034107565,
              -22.774429852401187
            ],
            [
              -43.35503165252505,
              -22.774429350482528
            ],
            [
              -43.3550327350541,
              -22.774339050857993
            ],
            [
              -43.35500682856788,
              -22.774317884537577
            ],
            [
              -43.35485898321792,
              -22.774093485513312
            ],
            [
              -43.35487133109652,
              -22.773968388186457
            ],
            [
              -43.35499352817062,
              -22.7736701103805
            ],
            [
              -43.355269501696974,
              -22.773367635272205
            ],
            [
              -43.35579836980643,
              -22.772996865709807
            ],
            [
              -43.35590819694871,
              -22.77277526291672
            ],
            [
              -43.35590068870972,
              -22.772674619403023
            ],
            [
              -43.355450958037935,
              -22.772158869799224
            ],
            [
              -43.35515271012339,
              -22.771635555151803
            ],
            [
              -43.355117142895665,
              -22.771359664491374
            ],
            [
              -43.3550684554332,
              -22.77135916264778
            ],
            [
              -43.355068996605105,
              -22.77131401281747
            ],
            [
              -43.35471880775747,
              -22.77110499315073
            ],
            [
              -43.354649546301374,
              -22.77088848177163
            ],
            [
              -43.35470522785067,
              -22.770158799977683
            ],
            [
              -43.354670998038365,
              -22.76950369363872
            ],
            [
              -43.354694832511214,
              -22.76919137923364
            ],
            [
              -43.35475416453218,
              -22.76914330770564
            ],
            [
              -43.35477924145785,
              -22.768710455658976
            ],
            [
              -43.354858031996905,
              -22.76860251340489
            ],
            [
              -43.354923392216264,
              -22.768409019362878
            ],
            [
              -43.355146554937654,
              -22.768123905607037
            ],
            [
              -43.35561079015186,
              -22.767761250206348
            ],
            [
              -43.35592452383513,
              -22.76739368207176
            ],
            [
              -43.356277046397864,
              -22.767423607244798
            ],
            [
              -43.35693807694314,
              -22.76756446747975
            ],
            [
              -43.35730790500373,
              -22.76763096936093
            ],
            [
              -43.357842655204536,
              -22.76774491676207
            ],
            [
              -43.3582539733955,
              -22.767807375784844
            ],
            [
              -43.358506621723386,
              -22.767791164231294
            ],
            [
              -43.35878739152901,
              -22.767698810057333
            ],
            [
              -43.35904799917916,
              -22.767424498876416
            ],
            [
              -43.359137039577355,
              -22.76707882024778
            ],
            [
              -43.35920204716456,
              -22.76743139218483
            ],
            [
              -43.35929646775145,
              -22.767855369000827
            ],
            [
              -43.359027845177025,
              -22.768065227327963
            ],
            [
              -43.35900124588815,
              -22.768238768294335
            ],
            [
              -43.35902240690509,
              -22.76835355303352
            ],
            [
              -43.35915825606552,
              -22.76883474609514
            ],
            [
              -43.35907516993695,
              -22.769676604960996
            ],
            [
              -43.359152160403745,
              -22.770022283113843
            ],
            [
              -43.35916954315642,
              -22.770453117337716
            ],
            [
              -43.35922001398494,
              -22.7704943544528
            ],
            [
              -43.359370107882775,
              -22.77114007970296
            ],
            [
              -43.35912930107367,
              -22.771328197255034
            ],
            [
              -43.35906083190738,
              -22.77140026453773
            ],
            [
              -43.35910715487819,
              -22.771541358364647
            ],
            [
              -43.35939753578191,
              -22.77173108979158
            ],
            [
              -43.36033490377972,
              -22.772016934551228
            ],
            [
              -43.36059234406596,
              -22.772243099733018
            ],
            [
              -43.36075195423321,
              -22.772501376586277
            ],
            [
              -43.36080064223993,
              -22.772501876720014
            ],
            [
              -43.360800102921914,
              -22.772547026673713
            ],
            [
              -43.36095914242509,
              -22.772691898873557
            ],
            [
              -43.36118932646343,
              -22.773025476773775
            ],
            [
              -43.36160043225408,
              -22.774150182476653
            ],
            [
              -43.361848499536556,
              -22.774460414586787
            ],
            [
              -43.362544265698105,
              -22.774826008111056
            ],
            [
              -43.36259655712828,
              -22.77498437953708
            ],
            [
              -43.362450691134725,
              -22.775111492050865
            ],
            [
              -43.362354021780725,
              -22.775291177078685
            ],
            [
              -43.36213327235897,
              -22.77553909383342
            ],
            [
              -43.36225949428943,
              -22.776767938769293
            ],
            [
              -43.362330645234756,
              -22.77710923697902
            ],
            [
              -43.36249607181308,
              -22.777415290716036
            ],
            [
              -43.36339566549687,
              -22.777472589529243
            ],
            [
              -43.36368628049831,
              -22.777521629763854
            ],
            [
              -43.36413542094278,
              -22.77757048692268
            ],
            [
              -43.364693435325044,
              -22.777470451126995
            ],
            [
              -43.36517688926585,
              -22.777205315635502
            ],
            [
              -43.365368090616485,
              -22.776971583305613
            ],
            [
              -43.365502339988424,
              -22.776320140724145
            ],
            [
              -43.36556612733005,
              -22.776046738207874
            ],
            [
              -43.36556060050235,
              -22.775499220131305
            ],
            [
              -43.36546063462381,
              -22.775120142388385
            ],
            [
              -43.36511362806974,
              -22.774478180922056
            ],
            [
              -43.364553833439444,
              -22.774189015134596
            ],
            [
              -43.36450781830264,
              -22.774045993765903
            ],
            [
              -43.36462754956209,
              -22.77373294555646
            ],
            [
              -43.36495400154634,
              -22.773380316049796
            ],
            [
              -43.3651966958687,
              -22.773102804496954
            ],
            [
              -43.36523125656903,
              -22.772547326767178
            ],
            [
              -43.365232332288734,
              -22.77245702665891
            ],
            [
              -43.36518364418979,
              -22.772456527877893
            ],
            [
              -43.36518471993604,
              -22.77236622777072
            ],
            [
              -43.36518633354516,
              -22.77223077760803
            ],
            [
              -43.36513764552759,
              -22.772230278817634
            ],
            [
              -43.36513925917245,
              -22.7720948286558
            ],
            [
              -43.36513979705137,
              -22.772049678601316
            ],
            [
              -43.36509110909915,
              -22.772049179800472
            ],
            [
              -43.365092722775664,
              -22.77191372963872
            ],
            [
              -43.36509379855319,
              -22.77182342952955
            ],
            [
              -43.365045110682345,
              -22.771822930719352
            ],
            [
              -43.36504564858506,
              -22.771777780665463
            ],
            [
              -43.36495479327313,
              -22.771282886405473
            ],
            [
              -43.364994248128625,
              -22.770882890509274
            ],
            [
              -43.365157640473875,
              -22.77048395753668
            ],
            [
              -43.365457014438626,
              -22.770250064752986
            ],
            [
              -43.36550266002382,
              -22.770202017013006
            ],
            [
              -43.365530502922034,
              -22.770134036876836
            ],
            [
              -43.36543021617271,
              -22.769999753385346
            ],
            [
              -43.36530663069425,
              -22.769735091954022
            ],
            [
              -43.364922189091494,
              -22.76966598350747
            ],
            [
              -43.364768983253974,
              -22.76949734866192
            ],
            [
              -43.36460378313592,
              -22.769483333493035
            ],
            [
              -43.36429249578888,
              -22.76956677790057
            ],
            [
              -43.36406809054438,
              -22.769892128443654
            ],
            [
              -43.36382672246776,
              -22.770270623751824
            ],
            [
              -43.363649851755554,
              -22.77040880796052
            ],
            [
              -43.363527577785675,
              -22.770606198351725
            ],
            [
              -43.36335503564987,
              -22.77063156252453
            ],
            [
              -43.36330798972901,
              -22.77068680789251
            ],
            [
              -43.363044649333865,
              -22.77073836027687
            ],
            [
              -43.36278824059632,
              -22.770641836022936
            ],
            [
              -43.36256653527015,
              -22.77036928691393
            ],
            [
              -43.362532736869376,
              -22.770171572087303
            ],
            [
              -43.36253327555498,
              -22.77012642208091
            ],
            [
              -43.36231700618446,
              -22.76996529867866
            ],
            [
              -43.362097747191484,
              -22.76981266886128
            ],
            [
              -43.36213274165911,
              -22.76917293237439
            ],
            [
              -43.362332832569116,
              -22.76833254718078
            ],
            [
              -43.36236707851159,
              -22.767731473279518
            ],
            [
              -43.36236977187719,
              -22.76750572319472
            ],
            [
              -43.36233218661935,
              -22.76747501382496
            ],
            [
              -43.36224806477224,
              -22.766822754914116
            ],
            [
              -43.36235273742218,
              -22.765864051615452
            ],
            [
              -43.36238970172153,
              -22.765835172359402
            ],
            [
              -43.36235122078124,
              -22.76562647606128
            ],
            [
              -43.36221008779357,
              -22.7651265819495
            ],
            [
              -43.362300829446,
              -22.764905030098216
            ],
            [
              -43.36265044412431,
              -22.764458302734873
            ],
            [
              -43.3631151186979,
              -22.764216158437147
            ],
            [
              -43.3634807020105,
              -22.764175605751316
            ],
            [
              -43.36348124022659,
              -22.764130455689592
            ],
            [
              -43.363529925331484,
              -22.76413095481758
            ],
            [
              -43.363773350876414,
              -22.764133450235022
            ],
            [
              -43.36389766337871,
              -22.764068670900894
            ],
            [
              -43.364161898676144,
              -22.763919455693248
            ],
            [
              -43.36442910215304,
              -22.763942125728416
            ],
            [
              -43.36528836297389,
              -22.764426811669843
            ],
            [
              -43.365723243593486,
              -22.764553109648556
            ],
            [
              -43.366111881373435,
              -22.76468999880387
            ],
            [
              -43.36619686153342,
              -22.765061386424932
            ],
            [
              -43.36624554703454,
              -22.765061884744117
            ],
            [
              -43.36624500970288,
              -22.76510703486305
            ],
            [
              -43.36629369522138,
              -22.7651075331685
            ],
            [
              -43.36629315790433,
              -22.765152683288274
            ],
            [
              -43.36634184344018,
              -22.765153181579986
            ],
            [
              -43.36634130613774,
              -22.76519833170059
            ],
            [
              -43.36638999169097,
              -22.765198829978562
            ],
            [
              -43.36638945440319,
              -22.765243980099996
            ],
            [
              -43.36643813997374,
              -22.76524447836422
            ],
            [
              -43.36643760270061,
              -22.765289628486496
            ],
            [
              -43.36643706542607,
              -22.765334778608484
            ],
            [
              -43.36648575102999,
              -22.765335276860082
            ],
            [
              -43.36648521377012,
              -22.765380426982905
            ],
            [
              -43.36653282489956,
              -22.76547122546781
            ],
            [
              -43.36658151055417,
              -22.765471723693018
            ],
            [
              -43.366580973322215,
              -22.765516873817234
            ],
            [
              -43.36658043608885,
              -22.765562023941186
            ],
            [
              -43.36662912177684,
              -22.765562522153754
            ],
            [
              -43.36662804733807,
              -22.765652822403048
            ],
            [
              -43.36667188679622,
              -22.7656899613332
            ],
            [
              -43.366783832187956,
              -22.766159590891696
            ],
            [
              -43.366714659192056,
              -22.767067161712305
            ],
            [
              -43.366613782100934,
              -22.76740164354184
            ],
            [
              -43.36632349247259,
              -22.76788427166344
            ],
            [
              -43.36583442335748,
              -22.76828059407513
            ],
            [
              -43.365520651302226,
              -22.76846117014161
            ],
            [
              -43.3654370693942,
              -22.768625248906478
            ],
            [
              -43.3654479441501,
              -22.768833102440624
            ],
            [
              -43.36626323943331,
              -22.769075744598688
            ],
            [
              -43.36673068473493,
              -22.769350387730476
            ],
            [
              -43.36708657066187,
              -22.769971145932843
            ],
            [
              -43.36729473723047,
              -22.770291255643304
            ],
            [
              -43.36738428410145,
              -22.770287224570954
            ],
            [
              -43.367612135045206,
              -22.769962946069313
            ],
            [
              -43.36772671069593,
              -22.769327273258888
            ],
            [
              -43.36768536647802,
              -22.768537426290663
            ],
            [
              -43.367595460173604,
              -22.768124971560393
            ],
            [
              -43.36754603297153,
              -22.767750939923562
            ],
            [
              -43.36757071813498,
              -22.767427063529787
            ],
            [
              -43.36763004516533,
              -22.76737898689414
            ],
            [
              -43.36766523314905,
              -22.7669876056955
            ],
            [
              -43.36784848356023,
              -22.766436135759502
            ],
            [
              -43.36816050881082,
              -22.76591736009386
            ],
            [
              -43.36852464778276,
              -22.765399503573516
            ],
            [
              -43.36887007780573,
              -22.765304437790665
            ],
            [
              -43.36926083270382,
              -22.765363652677657
            ],
            [
              -43.369822338042056,
              -22.765348081041605
            ],
            [
              -43.37007500985289,
              -22.76526690399018
            ],
            [
              -43.37059643180359,
              -22.76553660772783
            ],
            [
              -43.37097261192066,
              -22.76567514553675
            ],
            [
              -43.3710086961434,
              -22.76578790142425
            ],
            [
              -43.37131575117908,
              -22.76594743990759
            ],
            [
              -43.37159475292357,
              -22.766312336915675
            ],
            [
              -43.37165268937514,
              -22.766797716447343
            ],
            [
              -43.371534747762915,
              -22.76737618116572
            ],
            [
              -43.3714220829162,
              -22.767749773657176
            ],
            [
              -43.37100449851267,
              -22.768579259222975
            ],
            [
              -43.37097386732281,
              -22.76872266531575
            ],
            [
              -43.3709922738619,
              -22.769107946972593
            ],
            [
              -43.37101398036589,
              -22.769445565517522
            ],
            [
              -43.371036138117745,
              -22.769514795741316
            ],
            [
              -43.37117771966067,
              -22.769893785639777
            ],
            [
              -43.37111725154363,
              -22.77030995719125
            ],
            [
              -43.37084826003112,
              -22.77097000807512
            ],
            [
              -43.37043914548032,
              -22.77138532612047
            ],
            [
              -43.36994831237349,
              -22.771588196331813
            ],
            [
              -43.369670464495805,
              -22.77187025142666
            ],
            [
              -43.369697262310574,
              -22.7718906060063
            ],
            [
              -43.36974387446419,
              -22.772048333175213
            ],
            [
              -43.36998563639308,
              -22.772209641287432
            ],
            [
              -43.37042341605843,
              -22.77254177189226
            ],
            [
              -43.370677307127735,
              -22.772884688135274
            ],
            [
              -43.37078860923571,
              -22.773261326926775
            ],
            [
              -43.370743180268434,
              -22.77357204680445
            ],
            [
              -43.37070836426391,
              -22.77468050157419
            ],
            [
              -43.37070782814771,
              -22.774725651739445
            ],
            [
              -43.37073462665739,
              -22.77474600617927
            ],
            [
              -43.37078035760955,
              -22.775061716470717
            ],
            [
              -43.37077072435631,
              -22.77512760145697
            ],
            [
              -43.37070246691095,
              -22.775177153377253
            ],
            [
              -43.370678271239726,
              -22.775428169978102
            ],
            [
              -43.37064895234071,
              -22.775583007649978
            ],
            [
              -43.370674411031814,
              -22.77560457488024
            ],
            [
              -43.37073347747127,
              -22.77626647763131
            ],
            [
              -43.37090206978828,
              -22.776962775585776
            ],
            [
              -43.37083353344699,
              -22.777244984740207
            ],
            [
              -43.37105317185906,
              -22.77804035845804
            ],
            [
              -43.37046331913831,
              -22.778326683588674
            ],
            [
              -43.3702132558894,
              -22.77858052196412
            ],
            [
              -43.36986028693953,
              -22.77863788868226
            ],
            [
              -43.36932817818185,
              -22.778362674992263
            ],
            [
              -43.36930589942346,
              -22.777962534704514
            ],
            [
              -43.36898874442181,
              -22.777937574960344
            ],
            [
              -43.36879760208477,
              -22.777873250810135
            ],
            [
              -43.36855455574582,
              -22.77775079367362
            ],
            [
              -43.36767063059215,
              -22.777352848234834
            ],
            [
              -43.36709191094452,
              -22.776867812774093
            ],
            [
              -43.366781096222105,
              -22.776364924452526
            ],
            [
              -43.366731745887314,
              -22.775429210617688
            ],
            [
              -43.36670888238954,
              -22.775226636405876
            ],
            [
              -43.3664800222957,
              -22.775389548026947
            ],
            [
              -43.366214379265905,
              -22.77550249533143
            ],
            [
              -43.36613690768964,
              -22.7758574481906
            ],
            [
              -43.36584994046529,
              -22.77597946168848
            ],
            [
              -43.36580235878128,
              -22.776849657431857
            ],
            [
              -43.36590296989118,
              -22.77747616281233
            ],
            [
              -43.36607610249194,
              -22.77758709857352
            ],
            [
              -43.3661649009836,
              -22.77770471120326
            ],
            [
              -43.36630133451577,
              -22.778073664097654
            ],
            [
              -43.366387392504244,
              -22.778495844586704
            ],
            [
              -43.36631293676264,
              -22.778826018033527
            ],
            [
              -43.36607206194311,
              -22.779159147672246
            ],
            [
              -43.36582763075811,
              -22.779416462160086
            ],
            [
              -43.36545919007009,
              -22.77964353113194
            ],
            [
              -43.36529232946472,
              -22.779682528722063
            ],
            [
              -43.3652917914354,
              -22.77972767873687
            ],
            [
              -43.36524310075557,
              -22.77972717982363
            ],
            [
              -43.3651944100771,
              -22.779726680895596
            ],
            [
              -43.36519387201442,
              -22.77977183090791
            ],
            [
              -43.36514518132129,
              -22.77977133196391
            ],
            [
              -43.3649550164955,
              -22.779800014171833
            ],
            [
              -43.36435287741224,
              -22.780050754893658
            ],
            [
              -43.36400467449858,
              -22.78009580998777
            ],
            [
              -43.36370317431169,
              -22.779927279131766
            ],
            [
              -43.36356268963974,
              -22.77976086517791
            ],
            [
              -43.363541082235166,
              -22.779529108605555
            ],
            [
              -43.36279131586923,
              -22.779543991221388
            ],
            [
              -43.36268268142131,
              -22.77990412301764
            ],
            [
              -43.3627382832535,
              -22.780105523104776
            ],
            [
              -43.36282575861209,
              -22.78076769344267
            ],
            [
              -43.36303199730296,
              -22.781514718180638
            ],
            [
              -43.36310241877863,
              -22.78268006301565
            ],
            [
              -43.36338847514027,
              -22.78289035661916
            ],
            [
              -43.363794777748545,
              -22.782821188228024
            ],
            [
              -43.36441922024299,
              -22.78264938142463
            ],
            [
              -43.36491645575426,
              -22.782363255514184
            ],
            [
              -43.36514316611221,
              -22.782098091087455
            ],
            [
              -43.365486683137554,
              -22.781647514851734
            ],
            [
              -43.365512649753924,
              -22.781626473690235
            ],
            [
              -43.365513725765666,
              -22.781536173671864
            ],
            [
              -43.36556241709403,
              -22.781536672539914
            ],
            [
              -43.36556295508185,
              -22.78149152252924
            ],
            [
              -43.365563493068294,
              -22.7814463725183
            ],
            [
              -43.365612184366015,
              -22.781446871369297
            ],
            [
              -43.36569500426868,
              -22.781297083829305
            ],
            [
              -43.36571225663719,
              -22.781222118951554
            ],
            [
              -43.36573746504806,
              -22.781109036378492
            ],
            [
              -43.365790200424875,
              -22.780971158255443
            ],
            [
              -43.36627386633223,
              -22.78068414723641
            ],
            [
              -43.366636995750156,
              -22.780525356241625
            ],
            [
              -43.3672132171098,
              -22.78040133327708
            ],
            [
              -43.367492791313396,
              -22.78027138179143
            ],
            [
              -43.367772740589665,
              -22.780190298869353
            ],
            [
              -43.3681324549292,
              -22.780366812318263
            ],
            [
              -43.368375821284324,
              -22.780458708640626
            ],
            [
              -43.36857810301934,
              -22.780604324863567
            ],
            [
              -43.36923798505323,
              -22.781338885617178
            ],
            [
              -43.36949235781164,
              -22.781281201976263
            ],
            [
              -43.369635035548896,
              -22.781285361125818
            ],
            [
              -43.36973658342169,
              -22.78138554880886
            ],
            [
              -43.36988944349348,
              -22.782067046420526
            ],
            [
              -43.370019693554674,
              -22.782502283281115
            ],
            [
              -43.37030229316814,
              -22.782834323516393
            ],
            [
              -43.370702731676204,
              -22.783115964854
            ],
            [
              -43.37122363510992,
              -22.78340993404018
            ],
            [
              -43.37151193306629,
              -22.783518790829405
            ],
            [
              -43.371709587351376,
              -22.783517068508992
            ],
            [
              -43.3720065231991,
              -22.78337904303316
            ],
            [
              -43.37243717957278,
              -22.783082900761606
            ],
            [
              -43.37274686871486,
              -22.78245100399068
            ],
            [
              -43.37332034856739,
              -22.782361486879278
            ],
            [
              -43.37359478531413,
              -22.782299241542418
            ],
            [
              -43.373924681646145,
              -22.78217906043766
            ],
            [
              -43.37422532030012,
              -22.78189522192489
            ],
            [
              -43.374307784460235,
              -22.781823354091316
            ],
            [
              -43.374600489536185,
              -22.781742356063248
            ],
            [
              -43.37494728531923,
              -22.78185638599655
            ],
            [
              -43.37508199547677,
              -22.78212122872997
            ],
            [
              -43.37503438558153,
              -22.783527192270654
            ],
            [
              -43.37476141438073,
              -22.783955718999085
            ],
            [
              -43.37455464116602,
              -22.784285405867422
            ],
            [
              -43.374370548690905,
              -22.78479238251968
            ],
            [
              -43.37446587140776,
              -22.78506018952899
            ],
            [
              -43.37489349330701,
              -22.785449615523827
            ],
            [
              -43.375011638073175,
              -22.785681889095166
            ],
            [
              -43.37492367668128,
              -22.78659172369965
            ],
            [
              -43.374430940353285,
              -22.787021130043996
            ],
            [
              -43.37427432678618,
              -22.787168987820593
            ],
            [
              -43.374079618870624,
              -22.787530932542037
            ],
            [
              -43.373934583918015,
              -22.788057359147945
            ],
            [
              -43.37386772671218,
              -22.788288631988106
            ],
            [
              -43.373487705796336,
              -22.788277563614837
            ],
            [
              -43.37325139037398,
              -22.788161616791207
            ],
            [
              -43.37295856434083,
              -22.78822802793683
            ],
            [
              -43.37261620724237,
              -22.788268786683407
            ],
            [
              -43.37231381955406,
              -22.788337364551595
            ],
            [
              -43.37177417598554,
              -22.788719721997357
            ],
            [
              -43.371304085374234,
              -22.78892528808194
            ],
            [
              -43.37079007564017,
              -22.78927872786406
            ],
            [
              -43.37033645505388,
              -22.789332726129178
            ],
            [
              -43.36979407076208,
              -22.789262803866343
            ],
            [
              -43.36912496044762,
              -22.7886026519837
            ],
            [
              -43.36808390921747,
              -22.788539469788876
            ],
            [
              -43.3678372183628,
              -22.788489981950388
            ],
            [
              -43.36776923545733,
              -22.788422908937232
            ],
            [
              -43.367671847805944,
              -22.7884219122488
            ],
            [
              -43.36757446015999,
              -22.788420915500957
            ],
            [
              -43.367574997666395,
              -22.788375765483767
            ],
            [
              -43.36747761005793,
              -22.788374768678715
            ],
            [
              -43.36699067209735,
              -22.788369783762292
            ],
            [
              -43.36699120979456,
              -22.788324633757995
            ],
            [
              -43.3660981357413,
              -22.788367078194764
            ],
            [
              -43.36572571026353,
              -22.788266516076956
            ],
            [
              -43.3656283228227,
              -22.78826551814752
            ],
            [
              -43.36562886096565,
              -22.7882203681734
            ],
            [
              -43.36550645828228,
              -22.788197395981783
            ],
            [
              -43.36476859963552,
              -22.787873744330533
            ],
            [
              -43.36455124260235,
              -22.78801319156348
            ],
            [
              -43.36443176829048,
              -22.78831840296109
            ],
            [
              -43.36433481746658,
              -22.788591783851857
            ],
            [
              -43.36409073074995,
              -22.789165753934814
            ],
            [
              -43.36402461117857,
              -22.789696997297295
            ],
            [
              -43.364116711440765,
              -22.79007395545312
            ],
            [
              -43.36443583256024,
              -22.790306100859855
            ],
            [
              -43.36502397950968,
              -22.790333758408188
            ],
            [
              -43.36548225921291,
              -22.790227424855274
            ],
            [
              -43.36560518138582,
              -22.790206966781692
            ],
            [
              -43.36581579373909,
              -22.79012137996567
            ],
            [
              -43.366234020744706,
              -22.790015127105917
            ],
            [
              -43.36677546101226,
              -22.790083489178386
            ],
            [
              -43.366824155405375,
              -22.790083987837942
            ],
            [
              -43.36682361760695,
              -22.7901291378285
            ],
            [
              -43.36687231201744,
              -22.79012963647432
            ],
            [
              -43.3669210064293,
              -22.79013013510526
            ],
            [
              -43.36692046866155,
              -22.790175285097764
            ],
            [
              -43.366969163090786,
              -22.790175783714954
            ],
            [
              -43.36701785752138,
              -22.790176282317272
            ],
            [
              -43.3670173197843,
              -22.790221432311704
            ],
            [
              -43.36706601423226,
              -22.7902219309003
            ],
            [
              -43.36738359541785,
              -22.79002071195954
            ],
            [
              -43.36770972857164,
              -22.78998143580952
            ],
            [
              -43.3681023535355,
              -22.790286913168494
            ],
            [
              -43.368536060215625,
              -22.790402475401493
            ],
            [
              -43.368828247105746,
              -22.790389327333795
            ],
            [
              -43.368987050691025,
              -22.790471459196517
            ],
            [
              -43.36923935993979,
              -22.790739168272577
            ],
            [
              -43.36935901327072,
              -22.791113026873017
            ],
            [
              -43.369522125797204,
              -22.791398807357254
            ],
            [
              -43.36996973830524,
              -22.79166923414612
            ],
            [
              -43.37055285228057,
              -22.791723882077974
            ],
            [
              -43.37121275586819,
              -22.791550001120413
            ],
            [
              -43.371800336647915,
              -22.791513381269443
            ],
            [
              -43.37221202257748,
              -22.791466899669047
            ],
            [
              -43.37233786871413,
              -22.79128781539178
            ],
            [
              -43.37244319044124,
              -22.791294711135553
            ],
            [
              -43.372774729992905,
              -22.791728252010067
            ],
            [
              -43.37304634357769,
              -22.792293274227973
            ],
            [
              -43.3730950481243,
              -22.792986329445263
            ],
            [
              -43.3728128628656,
              -22.793596357879
            ],
            [
              -43.37254966928253,
              -22.793981551293864
            ],
            [
              -43.37233735798732,
              -22.794398285967972
            ],
            [
              -43.3724563873326,
              -22.79460681851553
            ],
            [
              -43.372568360472634,
              -22.794701656942994
            ],
            [
              -43.37331978007685,
              -22.79483964805837
            ],
            [
              -43.373707677282816,
              -22.79504023979903
            ],
            [
              -43.37401810125796,
              -22.795145920590812
            ],
            [
              -43.374308832104475,
              -22.795003253740457
            ],
            [
              -43.37440062343765,
              -22.794910085995895
            ],
            [
              -43.374556639009,
              -22.79427045262958
            ],
            [
              -43.37480452887151,
              -22.793778136257135
            ],
            [
              -43.37530864622514,
              -22.793240760960764
            ],
            [
              -43.37603484249619,
              -22.79294063452528
            ],
            [
              -43.37616507851764,
              -22.792831326147184
            ],
            [
              -43.375884262145526,
              -22.792339383327747
            ],
            [
              -43.375856733097315,
              -22.792253388843633
            ],
            [
              -43.375808037714584,
              -22.792252892896684
            ],
            [
              -43.37580857261073,
              -22.792207742715824
            ],
            [
              -43.375560317108615,
              -22.792004979314623
            ],
            [
              -43.375433243233864,
              -22.791683907841772
            ],
            [
              -43.37547840496247,
              -22.791301267158286
            ],
            [
              -43.375517962854914,
              -22.79092092028852
            ],
            [
              -43.375653284121455,
              -22.79058295890109
            ],
            [
              -43.37570734363808,
              -22.790359941696256
            ],
            [
              -43.37560797454435,
              -22.79009400680778
            ],
            [
              -43.37561813343558,
              -22.78996060569771
            ],
            [
              -43.376150618307975,
              -22.789830418034164
            ],
            [
              -43.37644672929525,
              -22.789735294138353
            ],
            [
              -43.376912512514174,
              -22.789375992405407
            ],
            [
              -43.377406782259264,
              -22.788758863511212
            ],
            [
              -43.377650461293385,
              -22.78828048296303
            ],
            [
              -43.377849437249736,
              -22.787464600231218
            ],
            [
              -43.378012682110054,
              -22.78725289261238
            ],
            [
              -43.37835033674268,
              -22.787030875453336
            ],
            [
              -43.37928297529489,
              -22.786681184571922
            ],
            [
              -43.37967277909156,
              -22.786380478875127
            ],
            [
              -43.37980959087207,
              -22.78606098297498
            ],
            [
              -43.37974521082022,
              -22.785827913743276
            ],
            [
              -43.379454825926345,
              -22.785581978929443
            ],
            [
              -43.378763419643946,
              -22.785345346236518
            ],
            [
              -43.37855495978316,
              -22.785237545230167
            ],
            [
              -43.3783915807885,
              -22.78506421055721
            ],
            [
              -43.37827020959113,
              -22.784685056672508
            ],
            [
              -43.37823726759069,
              -22.784510837558546
            ],
            [
              -43.37823780148513,
              -22.784465687279415
            ],
            [
              -43.37818910880957,
              -22.78446519221905
            ],
            [
              -43.37818964271867,
              -22.784420041940727
            ],
            [
              -43.378168819384825,
              -22.784349599651406
            ],
            [
              -43.378035269078694,
              -22.784053864255615
            ],
            [
              -43.37797768478279,
              -22.783585276098652
            ],
            [
              -43.37796647002661,
              -22.78270185585457
            ],
            [
              -43.37772496603375,
              -22.782489755645884
            ],
            [
              -43.377814176697385,
              -22.782187611901996
            ],
            [
              -43.37807849736849,
              -22.78173646027705
            ],
            [
              -43.37839449229875,
              -22.781061000077383
            ],
            [
              -43.37862730945774,
              -22.780318101151458
            ],
            [
              -43.37840694009411,
              -22.78006131192929
            ],
            [
              -43.37841534046504,
              -22.77990735959683
            ],
            [
              -43.37875737733938,
              -22.779503017467306
            ],
            [
              -43.37917551162129,
              -22.779151581756448
            ],
            [
              -43.37947947375855,
              -22.778973914155504
            ],
            [
              -43.379816750430685,
              -22.77883048138485
            ],
            [
              -43.3801230821748,
              -22.779226781093996
            ],
            [
              -43.380398042588965,
              -22.779350542872148
            ],
            [
              -43.38072424092023,
              -22.779540330986293
            ],
            [
              -43.3813693756021,
              -22.780080922359367
            ],
            [
              -43.38185250024361,
              -22.781107395725368
            ],
            [
              -43.38189030663671,
              -22.78231358511682
            ],
            [
              -43.38194058759087,
              -22.78265155627135
            ],
            [
              -43.38207695447031,
              -22.783025378076324
            ],
            [
              -43.382122231046516,
              -22.78335978992131
            ],
            [
              -43.38231503687666,
              -22.78362578418994
            ],
            [
              -43.38230307674584,
              -22.783844989770145
            ],
            [
              -43.38209781377735,
              -22.784469697893446
            ],
            [
              -43.381959481039246,
              -22.784705822803005
            ],
            [
              -43.381819476283376,
              -22.784973275600844
            ],
            [
              -43.382056839092364,
              -22.785300736522586
            ],
            [
              -43.382314776840396,
              -22.78529387719878
            ],
            [
              -43.38258716348411,
              -22.78516374627572
            ],
            [
              -43.38268691623311,
              -22.785121321748537
            ],
            [
              -43.38284208459301,
              -22.785047190680764
            ],
            [
              -43.38361784362047,
              -22.784797849708482
            ],
            [
              -43.38415377969113,
              -22.784600042661232
            ],
            [
              -43.384476101410876,
              -22.78455242719166
            ],
            [
              -43.384588344915116,
              -22.78477934296021
            ],
            [
              -43.384739717003754,
              -22.78501430580424
            ],
            [
              -43.38517056495159,
              -22.785278509719973
            ],
            [
              -43.385347614681265,
              -22.78545961888596
            ],
            [
              -43.38540336776582,
              -22.78587133431243
            ],
            [
              -43.38547683098369,
              -22.78607269662198
            ],
            [
              -43.38565482027246,
              -22.786614466199744
            ],
            [
              -43.38578256581756,
              -22.78691203622438
            ],
            [
              -43.3858839111984,
              -22.78716136645932
            ],
            [
              -43.38579436105546,
              -22.78746471621763
            ],
            [
              -43.385869324162236,
              -22.7878160304693
            ],
            [
              -43.38588662189272,
              -22.788336357222807
            ],
            [
              -43.38592526900602,
              -22.78883307911069
            ],
            [
              -43.38582583564448,
              -22.789309019934638
            ],
            [
              -43.38557697426917,
              -22.789699329440708
            ],
            [
              -43.385060761830324,
              -22.79038426403081
            ],
            [
              -43.384365343577215,
              -22.79123182058077
            ],
            [
              -43.38429276075591,
              -22.791345655874313
            ],
            [
              -43.38429169659382,
              -22.79143595662551
            ],
            [
              -43.384243001297605,
              -22.791435463270236
            ],
            [
              -43.38421603119971,
              -22.791583583368357
            ],
            [
              -43.38409425466783,
              -22.7916597349669
            ],
            [
              -43.384093722513946,
              -22.79170488533642
            ],
            [
              -43.384045027127,
              -22.79170439191522
            ],
            [
              -43.38404449495575,
              -22.79174954228337
            ],
            [
              -43.38399579955414,
              -22.791749048846256
            ],
            [
              -43.38399526736552,
              -22.791794199213047
            ],
            [
              -43.38399473517554,
              -22.79183934957962
            ],
            [
              -43.38394603974324,
              -22.791838856125455
            ],
            [
              -43.383896279864224,
              -22.791928663384375
            ],
            [
              -43.383895747638164,
              -22.79197381374795
            ],
            [
              -43.383847052160505,
              -22.791973320260833
            ],
            [
              -43.383620202149174,
              -22.792397503757748
            ],
            [
              -43.38348231076272,
              -22.79273204011566
            ],
            [
              -43.383292285521705,
              -22.792947199759272
            ],
            [
              -43.382942870661005,
              -22.793178464592238
            ],
            [
              -43.382544975012024,
              -22.793332953890292
            ],
            [
              -43.38202451807423,
              -22.793465059474794
            ],
            [
              -43.381611364807135,
              -22.79342070529727
            ],
            [
              -43.3814712545794,
              -22.793369133541876
            ],
            [
              -43.38139575499293,
              -22.793348286385168
            ],
            [
              -43.38129836318338,
              -22.79334729781343
            ],
            [
              -43.38129889630036,
              -22.7933021475157
            ],
            [
              -43.38101148735935,
              -22.793265081941765
            ],
            [
              -43.38045023101445,
              -22.79303642652462
            ],
            [
              -43.38025874697101,
              -22.792905673318273
            ],
            [
              -43.380012313817346,
              -22.792771881222336
            ],
            [
              -43.37999051032165,
              -22.792746992769057
            ],
            [
              -43.37984442335169,
              -22.79274550863908
            ],
            [
              -43.37984495693171,
              -22.792700358370492
            ],
            [
              -43.37964413448802,
              -22.79266994131124
            ],
            [
              -43.37933380198259,
              -22.792798208861605
            ],
            [
              -43.37954985610495,
              -22.793123318302595
            ],
            [
              -43.379908344974275,
              -22.79340218333533
            ],
            [
              -43.380274486306796,
              -22.793604842438427
            ],
            [
              -43.380612991534136,
              -22.79404593563784
            ],
            [
              -43.38076865528474,
              -22.794403944308844
            ],
            [
              -43.380851783674416,
              -22.794936856115815
            ],
            [
              -43.38113244443999,
              -22.795081980355334
            ],
            [
              -43.382497419504375,
              -22.795020436798154
            ],
            [
              -43.3835062415988,
              -22.795197233811503
            ],
            [
              -43.38384841898178,
              -22.79513773670782
            ],
            [
              -43.38417893235039,
              -22.794869892699328
            ],
            [
              -43.3843659442294,
              -22.79455895506749
            ],
            [
              -43.38414112144573,
              -22.794368568491528
            ],
            [
              -43.384135213503505,
              -22.794255972032357
            ],
            [
              -43.38419712032356,
              -22.79395227758201
            ],
            [
              -43.384142340796394,
              -22.79389416435521
            ],
            [
              -43.38394945841572,
              -22.793730824242058
            ],
            [
              -43.38400396922093,
              -22.793411031006578
            ],
            [
              -43.38425545696854,
              -22.793307084074822
            ],
            [
              -43.38438972693036,
              -22.79317077783487
            ],
            [
              -43.384913145982914,
              -22.793562340287213
            ],
            [
              -43.38544008264506,
              -22.79377184192258
            ],
            [
              -43.38584122252113,
              -22.793642111297114
            ],
            [
              -43.38604784120618,
              -22.79337412783675
            ],
            [
              -43.3862436352362,
              -22.79305748322875
            ],
            [
              -43.38645942439009,
              -22.792741597371318
            ],
            [
              -43.3866444146081,
              -22.792341581330927
            ],
            [
              -43.386951028663006,
              -22.79155354691534
            ],
            [
              -43.387271296568095,
              -22.79129398710888
            ],
            [
              -43.38767142717609,
              -22.790499107852167
            ],
            [
              -43.38747999657034,
              -22.79016380371627
            ],
            [
              -43.38759593936302,
              -22.789723554612614
            ],
            [
              -43.38792385791567,
              -22.78904562940193
            ],
            [
              -43.38813893163407,
              -22.78877705278225
            ],
            [
              -43.3887153378047,
              -22.78833672601237
            ],
            [
              -43.38882799346399,
              -22.787711271470073
            ],
            [
              -43.38909111024014,
              -22.787194625712797
            ],
            [
              -43.389524310413,
              -22.786843521879934
            ],
            [
              -43.389716471015916,
              -22.78646619838791
            ],
            [
              -43.39002305590828,
              -22.78645235978927
            ],
            [
              -43.390283862839055,
              -22.78711262699568
            ],
            [
              -43.390453377892364,
              -22.787320074780638
            ],
            [
              -43.39086237230782,
              -22.787882283546242
            ],
            [
              -43.39106908687944,
              -22.788101557626003
            ],
            [
              -43.391547130105835,
              -22.788506357844245
            ],
            [
              -43.39170023576589,
              -22.788735026267947
            ],
            [
              -43.391798806228365,
              -22.788868946783154
            ],
            [
              -43.3919871080457,
              -22.78918947779709
            ],
            [
              -43.39226660356618,
              -22.789381887450553
            ],
            [
              -43.392410442423355,
              -22.789902434557924
            ],
            [
              -43.39247047883972,
              -22.790650451979484
            ],
            [
              -43.39262039371505,
              -22.790962208625626
            ],
            [
              -43.393026378011946,
              -22.791560194926358
            ],
            [
              -43.39324694759291,
              -22.7920188712279
            ],
            [
              -43.393503824961584,
              -22.792291341755522
            ],
            [
              -43.39384785902278,
              -22.792481725691655
            ],
            [
              -43.39379296659686,
              -22.79280766569076
            ],
            [
              -43.39367457266308,
              -22.792840262919327
            ],
            [
              -43.393779855202936,
              -22.793102695167107
            ],
            [
              -43.39380327576837,
              -22.793294242834506
            ],
            [
              -43.39370805071431,
              -22.793681887915294
            ],
            [
              -43.39349277890861,
              -22.794037559973567
            ],
            [
              -43.39331729651374,
              -22.79423649647527
            ],
            [
              -43.39328619821879,
              -22.79434398511055
            ],
            [
              -43.393169619295236,
              -22.794370476130467
            ],
            [
              -43.39316909005925,
              -22.79441562668682
            ],
            [
              -43.39307169692538,
              -22.794414645260257
            ],
            [
              -43.39307116765602,
              -22.794459795814195
            ],
            [
              -43.393022471075064,
              -22.79445930507755
            ],
            [
              -43.392630780808084,
              -22.794635980823713
            ],
            [
              -43.39252661873182,
              -22.79479624512631
            ],
            [
              -43.39191788048518,
              -22.795200859304924
            ],
            [
              -43.39176982420931,
              -22.795453593849057
            ],
            [
              -43.391814430884374,
              -22.795644616688232
            ],
            [
              -43.3921929529788,
              -22.796412258105875
            ],
            [
              -43.39219586465497,
              -22.796506149042884
            ],
            [
              -43.39210929405621,
              -22.796870006677104
            ],
            [
              -43.39224491239561,
              -22.797424566579092
            ],
            [
              -43.39261033880403,
              -22.798224569499588
            ],
            [
              -43.39286270239661,
              -22.7991360240502
            ],
            [
              -43.39309321871582,
              -22.799752466151077
            ],
            [
              -43.39325116326288,
              -22.80003664041917
            ],
            [
              -43.39338631226918,
              -22.80030979747978
            ],
            [
              -43.3936614944459,
              -22.80026913427727
            ],
            [
              -43.39380840172392,
              -22.80004311523537
            ],
            [
              -43.394029456539954,
              -22.799781776672393
            ],
            [
              -43.39425698785914,
              -22.799326859665342
            ],
            [
              -43.394307025538275,
              -22.799054708516774
            ],
            [
              -43.39433255643254,
              -22.79903324759959
            ],
            [
              -43.3942784004776,
              -22.798888381959394
            ],
            [
              -43.39424309488441,
              -22.798355008359195
            ],
            [
              -43.39418099025473,
              -22.798300479140078
            ],
            [
              -43.39413709610419,
              -22.797058558832646
            ],
            [
              -43.39402943941286,
              -22.79676354783678
            ],
            [
              -43.39404895253563,
              -22.796405479337437
            ],
            [
              -43.39424134102512,
              -22.795753687194292
            ],
            [
              -43.39442145151272,
              -22.79560229492456
            ],
            [
              -43.39446659239291,
              -22.795371154565967
            ],
            [
              -43.39452307609487,
              -22.795242070930836
            ],
            [
              -43.39448415207051,
              -22.795206637995147
            ],
            [
              -43.39460186874134,
              -22.79494572931639
            ],
            [
              -43.39489433618202,
              -22.794772123423563
            ],
            [
              -43.395506573441274,
              -22.794265281278694
            ],
            [
              -43.39577880334026,
              -22.794103685028873
            ],
            [
              -43.39611315249375,
              -22.793898422566993
            ],
            [
              -43.39664560410567,
              -22.79384146716422
            ],
            [
              -43.397121809120186,
              -22.79403821142285
            ],
            [
              -43.39761879727234,
              -22.794934992307798
            ],
            [
              -43.39779013129241,
              -22.795203465920583
            ],
            [
              -43.398245520226745,
              -22.795755810592787
            ],
            [
              -43.39838148267075,
              -22.796159109576244
            ],
            [
              -43.39861772274443,
              -22.79645435667588
            ],
            [
              -43.39929046768524,
              -22.79692728983298
            ],
            [
              -43.39934235932641,
              -22.797481037556015
            ],
            [
              -43.39943368025739,
              -22.797918460164578
            ],
            [
              -43.3993260234741,
              -22.79887980448063
            ],
            [
              -43.399250926360594,
              -22.799896977817404
            ],
            [
              -43.399051961566144,
              -22.800677464495532
            ],
            [
              -43.39917871019601,
              -22.800792845310774
            ],
            [
              -43.39964529479952,
              -22.800734403930157
            ],
            [
              -43.399987679136316,
              -22.800693588517564
            ],
            [
              -43.400577265857955,
              -22.80061974294503
            ],
            [
              -43.40106543668067,
              -22.800740969234
            ],
            [
              -43.40130350880195,
              -22.80088317572568
            ],
            [
              -43.40218015231838,
              -22.799917760098126
            ],
            [
              -43.40221982295512,
              -22.798739837396543
            ],
            [
              -43.40216028927499,
              -22.79799658650256
            ],
            [
              -43.40206680653638,
              -22.79773414497352
            ],
            [
              -43.40204373987944,
              -22.797665727782913
            ],
            [
              -43.40199504194544,
              -22.79766523972086
            ],
            [
              -43.40199556835871,
              -22.79762008898735
            ],
            [
              -43.401537529685164,
              -22.79714221956336
            ],
            [
              -43.401324208728816,
              -22.79688503654137
            ],
            [
              -43.401028765337365,
              -22.796407340740586
            ],
            [
              -43.40076906477546,
              -22.7957129597971
            ],
            [
              -43.40066015209074,
              -22.79503168863472
            ],
            [
              -43.40071654747097,
              -22.794536657191234
            ],
            [
              -43.40064884512933,
              -22.794233142987945
            ],
            [
              -43.40070589190402,
              -22.794024174063367
            ],
            [
              -43.40084647797583,
              -22.793680745724892
            ],
            [
              -43.40080274673384,
              -22.79356498625825
            ],
            [
              -43.40069908568823,
              -22.793480354023732
            ],
            [
              -43.40060247909721,
              -22.79327363643303
            ],
            [
              -43.40032629365475,
              -22.79296982243595
            ],
            [
              -43.40013089832127,
              -22.792810290287935
            ],
            [
              -43.400029395022045,
              -22.792449159405738
            ],
            [
              -43.39971921396987,
              -22.792359163667623
            ],
            [
              -43.399645424293986,
              -22.792380549181445
            ],
            [
              -43.399174326729785,
              -22.792552244540083
            ],
            [
              -43.39830439321443,
              -22.79257073977291
            ],
            [
              -43.39826136322997,
              -22.792627204555583
            ],
            [
              -43.39785903890561,
              -22.792531285657613
            ],
            [
              -43.3978184882359,
              -22.792475546757704
            ],
            [
              -43.3977210962575,
              -22.792474568248718
            ],
            [
              -43.3977216239446,
              -22.792429417580433
            ],
            [
              -43.39727572066998,
              -22.792293575484774
            ],
            [
              -43.396644340406944,
              -22.792009496488415
            ],
            [
              -43.396145071540374,
              -22.79170339963973
            ],
            [
              -43.395760388017635,
              -22.791394551379103
            ],
            [
              -43.395222709658555,
              -22.790829956695134
            ],
            [
              -43.39511159890512,
              -22.790732402670063
            ],
            [
              -43.395062903598934,
              -22.790731912631998
            ],
            [
              -43.395063432116245,
              -22.790686762012783
            ],
            [
              -43.39453581978736,
              -22.790135228463665
            ],
            [
              -43.39410806233648,
              -22.788965935232223
            ],
            [
              -43.393560151460555,
              -22.788391409785017
            ],
            [
              -43.39324422814568,
              -22.788004245010843
            ],
            [
              -43.393195533852825,
              -22.788003754458195
            ],
            [
              -43.39319606291443,
              -22.787958603864993
            ],
            [
              -43.39314736863893,
              -22.787958113298572
            ],
            [
              -43.39314789771521,
              -22.787912962706184
            ],
            [
              -43.393099203457055,
              -22.787912472125992
            ],
            [
              -43.393099732548016,
              -22.78786732153441
            ],
            [
              -43.39298537318273,
              -22.787792396848324
            ],
            [
              -43.392832814021986,
              -22.787582677755616
            ],
            [
              -43.39281180057155,
              -22.78750317305737
            ],
            [
              -43.39273659543693,
              -22.787466938733306
            ],
            [
              -43.3927159999807,
              -22.787366739936797
            ],
            [
              -43.392667305926814,
              -22.787366249235877
            ],
            [
              -43.39266783514582,
              -22.787321098650803
            ],
            [
              -43.39261914110929,
              -22.787320607936117
            ],
            [
              -43.392619670342974,
              -22.787275457351857
            ],
            [
              -43.39225603313429,
              -22.78688096382307
            ],
            [
              -43.392044342236076,
              -22.786502007877015
            ],
            [
              -43.39199564850526,
              -22.786501516988686
            ],
            [
              -43.391996177923005,
              -22.786456366413667
            ],
            [
              -43.3919967073394,
              -22.786411215838363
            ],
            [
              -43.391948013641965,
              -22.78641072493734
            ],
            [
              -43.39194854307303,
              -22.786365574362854
            ],
            [
              -43.39194907250276,
              -22.7863204237881
            ],
            [
              -43.39190037883869,
              -22.786319932874385
            ],
            [
              -43.39190143772616,
              -22.786229631726233
            ],
            [
              -43.391876862924256,
              -22.786207258010556
            ],
            [
              -43.391747138500925,
              -22.78589230061302
            ],
            [
              -43.39140139051562,
              -22.78557750466682
            ],
            [
              -43.3913946097429,
              -22.78491768706267
            ],
            [
              -43.39160468965416,
              -22.784472333618517
            ],
            [
              -43.39182565840314,
              -22.78414260044124
            ],
            [
              -43.392109294037084,
              -22.78356367471577
            ],
            [
              -43.392989560683944,
              -22.78390513460421
            ],
            [
              -43.39350363097082,
              -22.78404871018604
            ],
            [
              -43.39394684731848,
              -22.784105784405718
            ],
            [
              -43.39471614836669,
              -22.784200819296906
            ],
            [
              -43.395344142746225,
              -22.78442440963435
            ],
            [
              -43.395882603483486,
              -22.784989027567796
            ],
            [
              -43.395883940765124,
              -22.78511865499535
            ],
            [
              -43.3957746190173,
              -22.785404653219153
            ],
            [
              -43.395932851591134,
              -22.78594730320176
            ],
            [
              -43.39624091155631,
              -22.78655271120107
            ],
            [
              -43.39708271978201,
              -22.787295627648387
            ],
            [
              -43.39757441472154,
              -22.787309875615673
            ],
            [
              -43.39831572837541,
              -22.787039696451032
            ],
            [
              -43.39883220298844,
              -22.787106695877544
            ],
            [
              -43.399307930680585,
              -22.787402777318352
            ],
            [
              -43.399502337251576,
              -22.78776218951011
            ],
            [
              -43.39955325300656,
              -22.788058273378528
            ],
            [
              -43.399690410601934,
              -22.789521884442923
            ],
            [
              -43.39994672769175,
              -22.78993229348286
            ],
            [
              -43.400183098448075,
              -22.790084343258965
            ],
            [
              -43.400402124717516,
              -22.790220652264182
            ],
            [
              -43.40057469551842,
              -22.790331659838095
            ],
            [
              -43.401241642165864,
              -22.790590318559097
            ],
            [
              -43.40146542644764,
              -22.790481350143796
            ],
            [
              -43.40205902328958,
              -22.789825937974193
            ],
            [
              -43.40191987829225,
              -22.789699273223473
            ],
            [
              -43.401868964528795,
              -22.789556327467498
            ],
            [
              -43.40188244247804,
              -22.789156107717456
            ],
            [
              -43.401645472830445,
              -22.78894038837047
            ],
            [
              -43.40174455969777,
              -22.788250519097797
            ],
            [
              -43.402236323550795,
              -22.788838586097178
            ],
            [
              -43.402744600298206,
              -22.788853298701564
            ],
            [
              -43.403427802365314,
              -22.788767702167625
            ],
            [
              -43.403777868901315,
              -22.78889979231991
            ],
            [
              -43.404142587023316,
              -22.789078647917844
            ],
            [
              -43.40439421490137,
              -22.789141132923636
            ],
            [
              -43.40494937278793,
              -22.789071573735903
            ],
            [
              -43.40525491566063,
              -22.789538995071112
            ],
            [
              -43.405932996286396,
              -22.790093181467906
            ],
            [
              -43.40657547792271,
              -22.79054480743042
            ],
            [
              -43.40676380178316,
              -22.790808480844987
            ],
            [
              -43.40686612849685,
              -22.790997635194287
            ],
            [
              -43.40686813556281,
              -22.791190720803748
            ],
            [
              -43.406591441076756,
              -22.791311788539623
            ],
            [
              -43.406313742030164,
              -22.791476659614407
            ],
            [
              -43.40619555083953,
              -22.792393207930928
            ],
            [
              -43.40601909305782,
              -22.79276736107301
            ],
            [
              -43.405478446279155,
              -22.793489976772754
            ],
            [
              -43.40546403891659,
              -22.79391812096646
            ],
            [
              -43.40575604913088,
              -22.79429170967643
            ],
            [
              -43.40604407072834,
              -22.794386345330686
            ],
            [
              -43.40641951028257,
              -22.794308230258792
            ],
            [
              -43.40668760041759,
              -22.794190930223127
            ],
            [
              -43.407197089271165,
              -22.79395398401741
            ],
            [
              -43.4076067446551,
              -22.793860988573975
            ],
            [
              -43.40766910179141,
              -22.793872538854597
            ],
            [
              -43.40997909995537,
              -22.791328209129507
            ],
            [
              -43.40993961701959,
              -22.791327816125747
            ],
            [
              -43.40939427532539,
              -22.790681636148513
            ],
            [
              -43.40912150015699,
              -22.790367698110742
            ],
            [
              -43.40896866307322,
              -22.7899268081756
            ],
            [
              -43.40896619101984,
              -22.789923913603474
            ],
            [
              -43.408748499999945,
              -22.78983649999998
            ],
            [
              -43.408725499999946,
              -22.78982719999993
            ],
            [
              -43.40865919999993,
              -22.789802899999923
            ],
            [
              -43.40827209999998,
              -22.789660899999948
            ],
            [
              -43.40825449999994,
              -22.789651499999934
            ],
            [
              -43.408156599999984,
              -22.78959959999997
            ],
            [
              -43.408145099999956,
              -22.789593499999974
            ],
            [
              -43.40813849999995,
              -22.78958989999995
            ],
            [
              -43.40810099999993,
              -22.789541499999924
            ],
            [
              -43.407832011538034,
              -22.789193530895815
            ],
            [
              -43.40775339120588,
              -22.789164096745637
            ],
            [
              -43.407448807578604,
              -22.788697965776223
            ],
            [
              -43.40743939999993,
              -22.788685799999936
            ],
            [
              -43.40743702887664,
              -22.788679939726755
            ],
            [
              -43.40740420783779,
              -22.788629710592588
            ],
            [
              -43.406937641358944,
              -22.78800261692719
            ],
            [
              -43.40653094095001,
              -22.787321199713578
            ],
            [
              -43.4063199564007,
              -22.786788192221238
            ],
            [
              -43.406186235306336,
              -22.786402410942443
            ],
            [
              -43.40616464077721,
              -22.78623880151562
            ],
            [
              -43.40616279999995,
              -22.786237499999967
            ],
            [
              -43.40601269999996,
              -22.786131199999947
            ],
            [
              -43.405771899999934,
              -22.785960799999934
            ],
            [
              -43.40570369999995,
              -22.785912499999938
            ],
            [
              -43.40559579999996,
              -22.785873699999964
            ],
            [
              -43.405546399999935,
              -22.78585599999997
            ],
            [
              -43.40542269999998,
              -22.785811599999928
            ],
            [
              -43.405033499999945,
              -22.785671799999935
            ],
            [
              -43.40499179999995,
              -22.785656799999963
            ],
            [
              -43.40446749999995,
              -22.785468499999986
            ],
            [
              -43.40398749999997,
              -22.785246499999964
            ],
            [
              -43.40392349999996,
              -22.785216899999966
            ],
            [
              -43.40387369999996,
              -22.78519389999997
            ],
            [
              -43.403770999999956,
              -22.785146399999974
            ],
            [
              -43.403560899999945,
              -22.784972199999967
            ],
            [
              -43.403414099999964,
              -22.78485039999998
            ],
            [
              -43.40312679999994,
              -22.78451959999995
            ],
            [
              -43.403115199999945,
              -22.78450049999997
            ],
            [
              -43.403111909973106,
              -22.78449510092739
            ],
            [
              -43.40272645166426,
              -22.78415496018323
            ],
            [
              -43.40251886009107,
              -22.783833148835885
            ],
            [
              -43.40223418756053,
              -22.78399959166241
            ],
            [
              -43.40217527687593,
              -22.784369450139124
            ],
            [
              -43.40209314441449,
              -22.784780500251824
            ],
            [
              -43.40211661418271,
              -22.78553563889804
            ],
            [
              -43.40264329757272,
              -22.785998036707774
            ],
            [
              -43.40271852420592,
              -22.78607496887252
            ],
            [
              -43.402781059630485,
              -22.786554554363583
            ],
            [
              -43.40266500327655,
              -22.786851275103935
            ],
            [
              -43.40231506718547,
              -22.786921308758686
            ],
            [
              -43.40233981204265,
              -22.786807806535617
            ],
            [
              -43.40254714773234,
              -22.78671960134892
            ],
            [
              -43.402538613237276,
              -22.786445103968674
            ],
            [
              -43.40229893058714,
              -22.786337268423217
            ],
            [
              -43.402255851273516,
              -22.785813531923047
            ],
            [
              -43.40206274958097,
              -22.785726651562165
            ],
            [
              -43.40193976171228,
              -22.78554579286339
            ],
            [
              -43.401724221575,
              -22.78548013534446
            ],
            [
              -43.40167752322931,
              -22.784598900809655
            ],
            [
              -43.40169023121203,
              -22.784365423184727
            ],
            [
              -43.40157756240279,
              -22.78421002935752
            ],
            [
              -43.40121123203578,
              -22.784125229374066
            ],
            [
              -43.40115809901812,
              -22.783897747902994
            ],
            [
              -43.40132385554904,
              -22.78375839843658
            ],
            [
              -43.40163387295303,
              -22.783626508145232
            ],
            [
              -43.40200957637173,
              -22.78355498082113
            ],
            [
              -43.40249811143743,
              -22.783800983891325
            ],
            [
              -43.402450101690704,
              -22.783726558234036
            ],
            [
              -43.40232212996218,
              -22.7832721820655
            ],
            [
              -43.402254300041925,
              -22.782592544509107
            ],
            [
              -43.40208919999998,
              -22.782445799999948
            ],
            [
              -43.40177289918833,
              -22.782109880356302
            ],
            [
              -43.40162554208498,
              -22.78205694976837
            ],
            [
              -43.401274373013734,
              -22.78169644843228
            ],
            [
              -43.401086742416375,
              -22.78141126079592
            ],
            [
              -43.40097359999993,
              -22.781298499999934
            ],
            [
              -43.40066779999995,
              -22.780993799999976
            ],
            [
              -43.40059979999995,
              -22.780925999999965
            ],
            [
              -43.400529690433274,
              -22.78085613979258
            ],
            [
              -43.400074264615455,
              -22.78048989369357
            ],
            [
              -43.399620268860204,
              -22.780059705690803
            ],
            [
              -43.399005822360664,
              -22.779421954159822
            ],
            [
              -43.39849373399847,
              -22.778895069251966
            ],
            [
              -43.39839671964664,
              -22.778767004476148
            ],
            [
              -43.398312199999964,
              -22.778690299999937
            ],
            [
              -43.3977235296878,
              -22.778138177209694
            ],
            [
              -43.397541670311675,
              -22.778006780988104
            ],
            [
              -43.39699918126707,
              -22.7775482373612
            ],
            [
              -43.39666219900114,
              -22.777242788024164
            ],
            [
              -43.39669164820084,
              -22.777256813850823
            ],
            [
              -43.39654600569345,
              -22.777049398710734
            ],
            [
              -43.39632650096708,
              -22.77682751078093
            ],
            [
              -43.39590149575726,
              -22.77645252496397
            ],
            [
              -43.39552074708469,
              -22.77609171336182
            ],
            [
              -43.395157870172,
              -22.775747835477976
            ],
            [
              -43.394689699999965,
              -22.77549209999995
            ],
            [
              -43.394178899999986,
              -22.775047099999938
            ],
            [
              -43.393781891252694,
              -22.774595031551925
            ],
            [
              -43.393747055581976,
              -22.774563553864876
            ],
            [
              -43.39301387608937,
              -22.773806287829863
            ],
            [
              -43.3929625368665,
              -22.773691784101114
            ],
            [
              -43.392867799999976,
              -22.773594499999945
            ],
            [
              -43.392727399999956,
              -22.77345039999994
            ],
            [
              -43.392379699999935,
              -22.773157499999968
            ],
            [
              -43.39223809999993,
              -22.77303819999997
            ],
            [
              -43.39223629999998,
              -22.773036699999977
            ],
            [
              -43.39223459999994,
              -22.773035299999947
            ],
            [
              -43.392195699999945,
              -22.77300419999994
            ],
            [
              -43.39192129999998,
              -22.772784899999973
            ],
            [
              -43.39178019999997,
              -22.77267219999993
            ],
            [
              -43.39176079999993,
              -22.772656999999985
            ],
            [
              -43.391706899999974,
              -22.77261369999996
            ],
            [
              -43.39111349999996,
              -22.771995999999945
            ],
            [
              -43.39085659999995,
              -22.771728599999953
            ],
            [
              -43.39057599999995,
              -22.771365599999967
            ],
            [
              -43.39052589999994,
              -22.77130079999995
            ],
            [
              -43.39026489999998,
              -22.770956699999946
            ],
            [
              -43.390002699999975,
              -22.770718799999944
            ],
            [
              -43.38913069999995,
              -22.76985059999992
            ],
            [
              -43.38838909999999,
              -22.769191399999944
            ],
            [
              -43.38719915850571,
              -22.768124446226285
            ],
            [
              -43.386910809586034,
              -22.767904146059433
            ],
            [
              -43.38649147100443,
              -22.767624703317363
            ],
            [
              -43.38521412613085,
              -22.7669380142779
            ],
            [
              -43.3841542184423,
              -22.76677180157735
            ],
            [
              -43.382652150975844,
              -22.76618647512565
            ],
            [
              -43.38170279155043,
              -22.76612502355094
            ],
            [
              -43.380251121192146,
              -22.76600664219273
            ],
            [
              -43.3786895293981,
              -22.765731645698843
            ],
            [
              -43.376960916413,
              -22.76540310716761
            ],
            [
              -43.37584454029313,
              -22.7652880946698
            ],
            [
              -43.37512178034576,
              -22.764969768839695
            ],
            [
              -43.373728466095656,
              -22.764644609061378
            ],
            [
              -43.3720563764005,
              -22.764264766905384
            ],
            [
              -43.371416557124185,
              -22.76415331304225
            ],
            [
              -43.37139399999995,
              -22.764161199999933
            ],
            [
              -43.37128089999993,
              -22.764167299999944
            ],
            [
              -43.371205499999974,
              -22.764171399999952
            ],
            [
              -43.37048579999998,
              -22.76402079999997
            ],
            [
              -43.36953919999996,
              -22.76382279999996
            ],
            [
              -43.36840719999998,
              -22.763585999999968
            ],
            [
              -43.36741839999996,
              -22.763379199999974
            ],
            [
              -43.36667579999994,
              -22.763223799999935
            ],
            [
              -43.36588316433843,
              -22.7630580063922
            ],
            [
              -43.36540739745682,
              -22.762966846294418
            ],
            [
              -43.36498849999998,
              -22.762896699999946
            ],
            [
              -43.36360779999996,
              -22.762665199999955
            ],
            [
              -43.36317619999994,
              -22.762592899999955
            ],
            [
              -43.36235419999997,
              -22.762490799999966
            ],
            [
              -43.362302099999965,
              -22.76248429999998
            ],
            [
              -43.36219619999997,
              -22.762463499999967
            ],
            [
              -43.361750020484024,
              -22.762375848732766
            ],
            [
              -43.36107041386832,
              -22.76228653539521
            ],
            [
              -43.35911838590463,
              -22.761955512936524
            ],
            [
              -43.35621892396401,
              -22.7614074031291
            ],
            [
              -43.35437992279502,
              -22.760973831876804
            ],
            [
              -43.350531212944965,
              -22.7603640051946
            ],
            [
              -43.346626667786296,
              -22.75975350761825
            ],
            [
              -43.3445642183638,
              -22.759317511793686
            ],
            [
              -43.34200077191792,
              -22.758720805320866
            ],
            [
              -43.33993773074147,
              -22.758336572674633
            ],
            [
              -43.33854396143452,
              -22.75806293595569
            ],
            [
              -43.33739744993219,
              -22.757777285193516
            ],
            [
              -43.33739511359754,
              -22.75777663970611
            ],
            [
              -43.33701899999994,
              -22.75770779999993
            ],
            [
              -43.33616889999996,
              -22.757552299999926
            ],
            [
              -43.33611272682979,
              -22.75753621621824
            ],
            [
              -43.335727237122086,
              -22.757475640888046
            ],
            [
              -43.33466859208168,
              -22.757289683571965
            ],
            [
              -43.33090655529313,
              -22.756463267765515
            ],
            [
              -43.329403003945316,
              -22.75610175559149
            ],
            [
              -43.32940205875783,
              -22.75617948759321
            ],
            [
              -43.32947026963703,
              -22.75746293436684
            ],
            [
              -43.329414651964406,
              -22.758589602328243
            ],
            [
              -43.32948570020473,
              -22.75963985309669
            ],
            [
              -43.329477662064235,
              -22.760300570614778
            ],
            [
              -43.329507747984024,
              -22.761272652310986
            ],
            [
              -43.32958210662875,
              -22.76205084287204
            ],
            [
              -43.32961550385224,
              -22.76275086526014
            ],
            [
              -43.32965126539338,
              -22.76325655764394
            ],
            [
              -43.32968560780434,
              -22.76387884803032
            ],
            [
              -43.32975996824778,
              -22.76465703859138
            ],
            [
              -43.32974530839905,
              -22.765861874725704
            ],
            [
              -43.32974859588174,
              -22.767489236205964
            ],
            [
              -43.32996514656119,
              -22.767466555141873
            ]
          ],
          [
            [
              -43.331351094857865,
              -22.764856420511794
            ],
            [
              -43.33128751512528,
              -22.764880870308023
            ],
            [
              -43.331308261104965,
              -22.76477847132656
            ],
            [
              -43.331351094857865,
              -22.764856420511794
            ]
          ],
          [
            [
              -43.331155704814975,
              -22.764595084842234
            ],
            [
              -43.330998701160674,
              -22.764606920338466
            ],
            [
              -43.33101484022178,
              -22.764463025054717
            ],
            [
              -43.331155704814975,
              -22.764595084842234
            ]
          ],
          [
            [
              -43.33341150310697,
              -22.760231187513362
            ],
            [
              -43.33336751677293,
              -22.760142432752673
            ],
            [
              -43.33361424353529,
              -22.75987206289779
            ],
            [
              -43.33368957834353,
              -22.759649121346044
            ],
            [
              -43.33363897579129,
              -22.758969305347364
            ],
            [
              -43.33371708138099,
              -22.75874425809207
            ],
            [
              -43.33377379568428,
              -22.75905218546335
            ],
            [
              -43.33401305949633,
              -22.75910522838351
            ],
            [
              -43.33413668303762,
              -22.759170899723017
            ],
            [
              -43.33403808473002,
              -22.76000437953774
            ],
            [
              -43.333758330027216,
              -22.760060258888867
            ],
            [
              -43.33370393867081,
              -22.760505170834893
            ],
            [
              -43.33367753101053,
              -22.760525792946055
            ],
            [
              -43.3336528500489,
              -22.76033409872618
            ],
            [
              -43.33341150310697,
              -22.760231187513362
            ]
          ],
          [
            [
              -43.356522799440754,
              -22.763814447964307
            ],
            [
              -43.35664063796917,
              -22.764012678922565
            ],
            [
              -43.35651766278345,
              -22.764194377363047
            ],
            [
              -43.3565402570966,
              -22.764263204467884
            ],
            [
              -43.35660585540717,
              -22.764443158138864
            ],
            [
              -43.35651677936735,
              -22.764888282171263
            ],
            [
              -43.35659146802811,
              -22.765633066264694
            ],
            [
              -43.35651636680961,
              -22.76594844599226
            ],
            [
              -43.35634997613873,
              -22.766232392442795
            ],
            [
              -43.35595792227902,
              -22.766669141199262
            ],
            [
              -43.35535143373608,
              -22.76697757269179
            ],
            [
              -43.354838224607114,
              -22.767104556989604
            ],
            [
              -43.35436939425229,
              -22.76694672068971
            ],
            [
              -43.35397724030085,
              -22.766855809810465
            ],
            [
              -43.35374253813442,
              -22.76679618287202
            ],
            [
              -43.35334179714693,
              -22.766594211609586
            ],
            [
              -43.352971339224354,
              -22.766215048771517
            ],
            [
              -43.352784269480104,
              -22.7657544343582
            ],
            [
              -43.35273730127098,
              -22.76483959683628
            ],
            [
              -43.35284849596582,
              -22.76446317686897
            ],
            [
              -43.35310268132029,
              -22.76416276309171
            ],
            [
              -43.353638839203576,
              -22.763934827392898
            ],
            [
              -43.35422260237679,
              -22.763770026074557
            ],
            [
              -43.35508978336318,
              -22.763669208207823
            ],
            [
              -43.35584094004455,
              -22.763781009264342
            ],
            [
              -43.356522799440754,
              -22.763814447964307
            ]
          ],
          [
            [
              -43.37217215839282,
              -22.76525249381069
            ],
            [
              -43.37163266184391,
              -22.764760569459575
            ],
            [
              -43.37178611376408,
              -22.764653203285828
            ],
            [
              -43.37222493150364,
              -22.764516277819368
            ],
            [
              -43.37263629372877,
              -22.764576947187788
            ],
            [
              -43.37274669412938,
              -22.764727312028466
            ],
            [
              -43.372604571615696,
              -22.764940476800696
            ],
            [
              -43.372553398685206,
              -22.765131742843916
            ],
            [
              -43.372665186932444,
              -22.765307958830512
            ],
            [
              -43.372377254469555,
              -22.765350305545713
            ],
            [
              -43.37235634571807,
              -22.76532460818829
            ],
            [
              -43.37217215839282,
              -22.76525249381069
            ]
          ],
          [
            [
              -43.382486889202305,
              -22.775161580468122
            ],
            [
              -43.38248742145498,
              -22.775116430040985
            ],
            [
              -43.38239004253507,
              -22.775115442881642
            ],
            [
              -43.3823905748184,
              -22.775070292456434
            ],
            [
              -43.382293195935894,
              -22.775069305239903
            ],
            [
              -43.38229372824989,
              -22.775024154816577
            ],
            [
              -43.38224503882667,
              -22.775023661187138
            ],
            [
              -43.38224557115531,
              -22.77497851076463
            ],
            [
              -43.382196881749444,
              -22.774978017121434
            ],
            [
              -43.382197414092744,
              -22.77493286669975
            ],
            [
              -43.38214872470423,
              -22.774932373042798
            ],
            [
              -43.38214925706218,
              -22.774887222621928
            ],
            [
              -43.382100567691026,
              -22.774886728951213
            ],
            [
              -43.382101100063636,
              -22.774841578531163
            ],
            [
              -43.38205241070983,
              -22.774841084846695
            ],
            [
              -43.382052943097094,
              -22.77479593442746
            ],
            [
              -43.38200425376064,
              -22.77479544072924
            ],
            [
              -43.38200478616256,
              -22.774750290310827
            ],
            [
              -43.38195609684346,
              -22.774749796598844
            ],
            [
              -43.38195662926004,
              -22.77470464618125
            ],
            [
              -43.38190793995829,
              -22.774704152455513
            ],
            [
              -43.38190847238952,
              -22.774659002038742
            ],
            [
              -43.38185978310513,
              -22.77465850829925
            ],
            [
              -43.38186031555101,
              -22.774613357883293
            ],
            [
              -43.38174441918346,
              -22.774537404272454
            ],
            [
              -43.38171637771603,
              -22.77443127492557
            ],
            [
              -43.38162091613463,
              -22.77435042143521
            ],
            [
              -43.381157224041864,
              -22.773786520684446
            ],
            [
              -43.380847893714055,
              -22.7736800398579
            ],
            [
              -43.38075134859293,
              -22.77367371890154
            ],
            [
              -43.38048170831197,
              -22.773717563228935
            ],
            [
              -43.38024044073839,
              -22.773762811311567
            ],
            [
              -43.37992234124041,
              -22.773780889425908
            ],
            [
              -43.379797251525495,
              -22.773799289607236
            ],
            [
              -43.37951020424217,
              -22.77387375207501
            ],
            [
              -43.379241762981515,
              -22.773683666767134
            ],
            [
              -43.37919307410751,
              -22.773683172234144
            ],
            [
              -43.37919360740523,
              -22.77363802187238
            ],
            [
              -43.378994096171425,
              -22.773577210645158
            ],
            [
              -43.37880574171308,
              -22.773300104360345
            ],
            [
              -43.37874417849566,
              -22.772601727915294
            ],
            [
              -43.37885723018183,
              -22.772218793234025
            ],
            [
              -43.379044646516206,
              -22.77189887112423
            ],
            [
              -43.37911652769187,
              -22.771761551421253
            ],
            [
              -43.37919391072482,
              -22.77162945247005
            ],
            [
              -43.37930229153884,
              -22.77142239668376
            ],
            [
              -43.37929172405886,
              -22.77108054236524
            ],
            [
              -43.37885923961659,
              -22.770948716268684
            ],
            [
              -43.378215153692494,
              -22.77071327336852
            ],
            [
              -43.377960551935324,
              -22.77045278473508
            ],
            [
              -43.377919034628924,
              -22.770238388211727
            ],
            [
              -43.37787034700888,
              -22.770237893345932
            ],
            [
              -43.377870880651855,
              -22.770192742994347
            ],
            [
              -43.37782219304918,
              -22.770192248114803
            ],
            [
              -43.377822726706796,
              -22.770147097764042
            ],
            [
              -43.37751583442715,
              -22.76971086409236
            ],
            [
              -43.37692951386728,
              -22.76912614563233
            ],
            [
              -43.37681417105803,
              -22.768962793269843
            ],
            [
              -43.3767654839171,
              -22.768962298093253
            ],
            [
              -43.37676601789017,
              -22.768917147759254
            ],
            [
              -43.37664451589673,
              -22.768883591294305
            ],
            [
              -43.37660574881803,
              -22.768286101286954
            ],
            [
              -43.3768313653752,
              -22.76758270752611
            ],
            [
              -43.37698428618092,
              -22.76726384376069
            ],
            [
              -43.37712764731965,
              -22.767159750144028
            ],
            [
              -43.37712818112659,
              -22.767114599791707
            ],
            [
              -43.37717686762108,
              -22.76711509481975
            ],
            [
              -43.37719934880036,
              -22.767045092706095
            ],
            [
              -43.377326728215714,
              -22.76688704853783
            ],
            [
              -43.377648617179204,
              -22.766710183986252
            ],
            [
              -43.37800987334996,
              -22.76667200429256
            ],
            [
              -43.37801040685408,
              -22.766626853917703
            ],
            [
              -43.37810777954119,
              -22.766627843400865
            ],
            [
              -43.37813717300806,
              -22.7666000878276
            ],
            [
              -43.37843642998056,
              -22.76646918509906
            ],
            [
              -43.37883989763912,
              -22.766480922084874
            ],
            [
              -43.37910371968512,
              -22.76647860881177
            ],
            [
              -43.37937744048555,
              -22.766533503222565
            ],
            [
              -43.37977211552796,
              -22.766817595246373
            ],
            [
              -43.380276140752834,
              -22.767314873322814
            ],
            [
              -43.38054336992907,
              -22.767702033807286
            ],
            [
              -43.38113136045256,
              -22.768769450401248
            ],
            [
              -43.381379263111484,
              -22.768995216610143
            ],
            [
              -43.38204100272662,
              -22.769136975098984
            ],
            [
              -43.382742886952016,
              -22.769367740644192
            ],
            [
              -43.3834961569565,
              -22.769801866795955
            ],
            [
              -43.38377875189954,
              -22.769983715261766
            ],
            [
              -43.384116027559955,
              -22.770316450915566
            ],
            [
              -43.38416295166447,
              -22.77131818801459
            ],
            [
              -43.384206287186736,
              -22.771966408436988
            ],
            [
              -43.384301908232445,
              -22.772424745096178
            ],
            [
              -43.38458303031002,
              -22.772889035919444
            ],
            [
              -43.384871272430324,
              -22.773068484241122
            ],
            [
              -43.385093227362596,
              -22.77276189899942
            ],
            [
              -43.38536847980785,
              -22.7723229151145
            ],
            [
              -43.385515416713226,
              -22.7721265470929
            ],
            [
              -43.386469396361846,
              -22.771378737334313
            ],
            [
              -43.386986801801285,
              -22.771393763017887
            ],
            [
              -43.38751360734043,
              -22.771389118024565
            ],
            [
              -43.38788763302711,
              -22.77157260549356
            ],
            [
              -43.388816046388044,
              -22.772488454471766
            ],
            [
              -43.38886874668496,
              -22.772810755660036
            ],
            [
              -43.3889157704213,
              -22.773036106086742
            ],
            [
              -43.38895909846115,
              -22.773410187926007
            ],
            [
              -43.38884629828778,
              -22.773985586447147
            ],
            [
              -43.38867714268459,
              -22.774360529671824
            ],
            [
              -43.38841735452844,
              -22.774815917349706
            ],
            [
              -43.38794040816636,
              -22.775307773268864
            ],
            [
              -43.387571016074354,
              -22.775506098694866
            ],
            [
              -43.3873090398408,
              -22.775666937314703
            ],
            [
              -43.38701776668625,
              -22.775729670952966
            ],
            [
              -43.38677910492731,
              -22.77572274094826
            ],
            [
              -43.38648742309546,
              -22.775626853367914
            ],
            [
              -43.385965522481925,
              -22.775326096722463
            ],
            [
              -43.38537135074597,
              -22.774739954877916
            ],
            [
              -43.38519788595392,
              -22.774488670917787
            ],
            [
              -43.38489107927735,
              -22.77417037875392
            ],
            [
              -43.38480942386741,
              -22.774395331567217
            ],
            [
              -43.38469503876389,
              -22.77464885341316
            ],
            [
              -43.38435309108518,
              -22.775033014165896
            ],
            [
              -43.38380978423948,
              -22.775270676770816
            ],
            [
              -43.38318006118831,
              -22.775326199072335
            ],
            [
              -43.382700942107334,
              -22.775230127922566
            ],
            [
              -43.38263295764028,
              -22.775163061099022
            ],
            [
              -43.382486889202305,
              -22.775161580468122
            ]
          ],
          [
            [
              -43.38991475398776,
              -22.77507970824193
            ],
            [
              -43.39005555729112,
              -22.77468238190721
            ],
            [
              -43.39056934265281,
              -22.77428856417517
            ],
            [
              -43.39124014210659,
              -22.77401637518381
            ],
            [
              -43.391556375294485,
              -22.774007943324285
            ],
            [
              -43.39193693501838,
              -22.774079300560665
            ],
            [
              -43.39273310964783,
              -22.77435339058154
            ],
            [
              -43.39333244022484,
              -22.774674239342037
            ],
            [
              -43.393996160066685,
              -22.775257054016933
            ],
            [
              -43.39419196351621,
              -22.77560938605713
            ],
            [
              -43.394117816918,
              -22.77620568077472
            ],
            [
              -43.39400422239182,
              -22.776526260161415
            ],
            [
              -43.393481435973385,
              -22.77681590306539
            ],
            [
              -43.39292660952724,
              -22.7770338025573
            ],
            [
              -43.39214741638596,
              -22.777214764698392
            ],
            [
              -43.39166152422125,
              -22.77722772157354
            ],
            [
              -43.39113597690798,
              -22.777144645937366
            ],
            [
              -43.39078638764935,
              -22.777038119514867
            ],
            [
              -43.390524747388724,
              -22.776891909746364
            ],
            [
              -43.390260271963015,
              -22.77668518009462
            ],
            [
              -43.39006553024681,
              -22.7766595513964
            ],
            [
              -43.38986370490534,
              -22.776437478906598
            ],
            [
              -43.38981051434552,
              -22.775744119390986
            ],
            [
              -43.38988240704167,
              -22.77568793692114
            ],
            [
              -43.38991475398776,
              -22.77507970824193
            ]
          ],
          [
            [
              -43.37501615399121,
              -22.776693373595233
            ],
            [
              -43.37550633216412,
              -22.777245180621573
            ],
            [
              -43.37571717099102,
              -22.777799026541526
            ],
            [
              -43.37565728737701,
              -22.77813894224748
            ],
            [
              -43.375605166225675,
              -22.778472377453333
            ],
            [
              -43.37549413445194,
              -22.77874970524427
            ],
            [
              -43.37527692488385,
              -22.77903141425365
            ],
            [
              -43.37504436477088,
              -22.77921987706758
            ],
            [
              -43.374807472211366,
              -22.779349491566848
            ],
            [
              -43.374744228062184,
              -22.77928238434596
            ],
            [
              -43.37462305076068,
              -22.779350153937525
            ],
            [
              -43.37448899561203,
              -22.779405560724133
            ],
            [
              -43.374215556607666,
              -22.779387651888392
            ],
            [
              -43.37382501314487,
              -22.77918566911724
            ],
            [
              -43.373435466908674,
              -22.778772334371713
            ],
            [
              -43.373386776369856,
              -22.778771837962896
            ],
            [
              -43.373387311710594,
              -22.778726687760223
            ],
            [
              -43.37338784704998,
              -22.778681537557286
            ],
            [
              -43.37333915654453,
              -22.778681041135815
            ],
            [
              -43.373290466040444,
              -22.7786805446995
            ],
            [
              -43.373291001410486,
              -22.778635394498476
            ],
            [
              -43.373117104571385,
              -22.77841432814602
            ],
            [
              -43.37298597971861,
              -22.777929463893845
            ],
            [
              -43.372958735560836,
              -22.777909515905897
            ],
            [
              -43.37293327608245,
              -22.777887949000444
            ],
            [
              -43.372543673695645,
              -22.77780659564471
            ],
            [
              -43.372552882678356,
              -22.77768572788186
            ],
            [
              -43.372973059248324,
              -22.777140794801415
            ],
            [
              -43.37332877271789,
              -22.776698120901525
            ],
            [
              -43.37363480034143,
              -22.776450119982663
            ],
            [
              -43.373816327832365,
              -22.776191762782155
            ],
            [
              -43.37428433197963,
              -22.7761406495037
            ],
            [
              -43.37452311278144,
              -22.77626414323268
            ],
            [
              -43.37465455072536,
              -22.77646051100808
            ],
            [
              -43.37486510385712,
              -22.77660550907905
            ],
            [
              -43.37492131993045,
              -22.776665158328086
            ],
            [
              -43.37501615399121,
              -22.776693373595233
            ]
          ],
          [
            [
              -43.38716058730168,
              -22.77759710508026
            ],
            [
              -43.387464411938026,
              -22.77753875915886
            ],
            [
              -43.387653139960335,
              -22.77763634435233
            ],
            [
              -43.38774770403254,
              -22.77783302415974
            ],
            [
              -43.38773525708709,
              -22.777996610534746
            ],
            [
              -43.38724775347713,
              -22.778075898804712
            ],
            [
              -43.38720124224048,
              -22.77812312565633
            ],
            [
              -43.38717527644211,
              -22.778144170559454
            ],
            [
              -43.387151542262565,
              -22.777715991570986
            ],
            [
              -43.38716058730168,
              -22.77759710508026
            ]
          ],
          [
            [
              -43.38557565398729,
              -22.782295082673244
            ],
            [
              -43.38582253487914,
              -22.7821551515379
            ],
            [
              -43.38620440482819,
              -22.782087169178403
            ],
            [
              -43.38632127320968,
              -22.782284373069054
            ],
            [
              -43.38612101724789,
              -22.78244085573852
            ],
            [
              -43.38599789039128,
              -22.782689397575297
            ],
            [
              -43.38582872821365,
              -22.782757348989144
            ],
            [
              -43.385685168979,
              -22.782849564881367
            ],
            [
              -43.38561007468548,
              -22.782869704393175
            ],
            [
              -43.38548296216434,
              -22.7825961793398
            ],
            [
              -43.38557565398729,
              -22.782295082673244
            ]
          ],
          [
            [
              -43.408189703429265,
              -22.790379398761864
            ],
            [
              -43.40806984012006,
              -22.790410716212
            ],
            [
              -43.408134561581825,
              -22.790214076966617
            ],
            [
              -43.408189703429265,
              -22.790379398761864
            ]
          ],
          [
            [
              -43.371829580657774,
              -22.780541690784577
            ],
            [
              -43.37178905597797,
              -22.780232794590606
            ],
            [
              -43.37212081773482,
              -22.78010337839083
            ],
            [
              -43.372205734828235,
              -22.779688024197785
            ],
            [
              -43.372347444457716,
              -22.779849807802563
            ],
            [
              -43.372417755920075,
              -22.780220501495844
            ],
            [
              -43.37231594855031,
              -22.7805443662279
            ],
            [
              -43.3719040910075,
              -22.780608095530948
            ],
            [
              -43.37188229084448,
              -22.780583206130018
            ],
            [
              -43.371829580657774,
              -22.780541690784577
            ]
          ]
        ]
      }
    },
    {
      "type": "Feature",
      "properties": {
        "CLASSE": "Média",
        "referenceYear": 2015,
        "overlayColor": "#e4bd59"
      },
      "geometry": {
        "type": "Polygon",
        "coordinates": [
          [
            [
              -43.374807472211366,
              -22.779349491566848
            ],
            [
              -43.37504436477088,
              -22.77921987706758
            ],
            [
              -43.37527692488385,
              -22.77903141425365
            ],
            [
              -43.37549413445194,
              -22.77874970524427
            ],
            [
              -43.375605166225675,
              -22.778472377453333
            ],
            [
              -43.37565728737701,
              -22.77813894224748
            ],
            [
              -43.37571717099102,
              -22.777799026541526
            ],
            [
              -43.37550633216412,
              -22.777245180621573
            ],
            [
              -43.37501615399121,
              -22.776693373595233
            ],
            [
              -43.37492131993045,
              -22.776665158328086
            ],
            [
              -43.37517295159585,
              -22.777032781003438
            ],
            [
              -43.37536175203845,
              -22.777456202676976
            ],
            [
              -43.37541033039084,
              -22.77795206502635
            ],
            [
              -43.37526960145666,
              -22.77851141258193
            ],
            [
              -43.37508060245409,
              -22.77890365749637
            ],
            [
              -43.37484049485374,
              -22.77920987676152
            ],
            [
              -43.374744228062184,
              -22.77928238434596
            ],
            [
              -43.374807472211366,
              -22.779349491566848
            ]
          ]
        ]
      }
    },
    {
      "type": "Feature",
      "properties": {
        "CLASSE": "Média",
        "referenceYear": 2015,
        "overlayColor": "#e4bd59"
      },
      "geometry": {
        "type": "Polygon",
        "coordinates": [
          [
            [
              -43.36932817818185,
              -22.778362674992263
            ],
            [
              -43.36986028693953,
              -22.77863788868226
            ],
            [
              -43.3702132558894,
              -22.77858052196412
            ],
            [
              -43.37046331913831,
              -22.778326683588674
            ],
            [
              -43.37105317185906,
              -22.77804035845804
            ],
            [
              -43.37083353344699,
              -22.777244984740207
            ],
            [
              -43.37090206978828,
              -22.776962775585776
            ],
            [
              -43.37073347747127,
              -22.77626647763131
            ],
            [
              -43.370674411031814,
              -22.77560457488024
            ],
            [
              -43.37064895234071,
              -22.775583007649978
            ],
            [
              -43.37058105197602,
              -22.775846732695474
            ],
            [
              -43.37046435491683,
              -22.776464801994145
            ],
            [
              -43.37037252145015,
              -22.777092898123968
            ],
            [
              -43.37042930527818,
              -22.77755800992398
            ],
            [
              -43.370337285993024,
              -22.777662189718363
            ],
            [
              -43.37006460077146,
              -22.777859895292856
            ],
            [
              -43.36976659790028,
              -22.77789701225411
            ],
            [
              -43.36952793620449,
              -22.777944723114516
            ],
            [
              -43.36930589942346,
              -22.777962534704514
            ],
            [
              -43.36932817818185,
              -22.778362674992263
            ]
          ]
        ]
      }
    },
    {
      "type": "Feature",
      "properties": {
        "CLASSE": "Média",
        "referenceYear": 2015,
        "overlayColor": "#e4bd59"
      },
      "geometry": {
        "type": "Polygon",
        "coordinates": [
          [
            [
              -43.37298413822373,
              -22.777705303932567
            ],
            [
              -43.37307061086221,
              -22.777418549879535
            ],
            [
              -43.3736055428876,
              -22.776862288974566
            ],
            [
              -43.373957666129165,
              -22.776659623581526
            ],
            [
              -43.374412914742074,
              -22.77654836075832
            ],
            [
              -43.37492131993045,
              -22.776665158328086
            ],
            [
              -43.37486510385712,
              -22.77660550907905
            ],
            [
              -43.37465455072536,
              -22.77646051100808
            ],
            [
              -43.37452311278144,
              -22.77626414323268
            ],
            [
              -43.37428433197963,
              -22.7761406495037
            ],
            [
              -43.373816327832365,
              -22.776191762782155
            ],
            [
              -43.37363480034143,
              -22.776450119982663
            ],
            [
              -43.37332877271789,
              -22.776698120901525
            ],
            [
              -43.372973059248324,
              -22.777140794801415
            ],
            [
              -43.372552882678356,
              -22.77768572788186
            ],
            [
              -43.372543673695645,
              -22.77780659564471
            ],
            [
              -43.37293327608245,
              -22.777887949000444
            ],
            [
              -43.372958735560836,
              -22.777909515905897
            ],
            [
              -43.37298413822373,
              -22.777705303932567
            ]
          ]
        ]
      }
    },
    {
      "type": "Feature",
      "properties": {
        "CLASSE": "Média",
        "referenceYear": 2015,
        "overlayColor": "#e4bd59"
      },
      "geometry": {
        "type": "Polygon",
        "coordinates": [
          [
            [
              -43.37077072435631,
              -22.77512760145697
            ],
            [
              -43.37078035760955,
              -22.775061716470717
            ],
            [
              -43.37073462665739,
              -22.77474600617927
            ],
            [
              -43.37070782814771,
              -22.774725651739445
            ],
            [
              -43.37070246691095,
              -22.775177153377253
            ],
            [
              -43.37077072435631,
              -22.77512760145697
            ]
          ]
        ]
      }
    },
    {
      "type": "Feature",
      "properties": {
        "CLASSE": "Média",
        "referenceYear": 2015,
        "overlayColor": "#e4bd59"
      },
      "geometry": {
        "type": "Polygon",
        "coordinates": [
          [
            [
              -43.370743180268434,
              -22.77357204680445
            ],
            [
              -43.37078860923571,
              -22.773261326926775
            ],
            [
              -43.370677307127735,
              -22.772884688135274
            ],
            [
              -43.37042341605843,
              -22.77254177189226
            ],
            [
              -43.36998563639308,
              -22.772209641287432
            ],
            [
              -43.36974387446419,
              -22.772048333175213
            ],
            [
              -43.369697262310574,
              -22.7718906060063
            ],
            [
              -43.369670464495805,
              -22.77187025142666
            ],
            [
              -43.369400064330506,
              -22.772206756797146
            ],
            [
              -43.36938369837043,
              -22.77242151978774
            ],
            [
              -43.36998028114057,
              -22.7730583273843
            ],
            [
              -43.37035430022473,
              -22.77361671515394
            ],
            [
              -43.370551690302044,
              -22.774108574786798
            ],
            [
              -43.370682905728785,
              -22.77465893435662
            ],
            [
              -43.37070836426391,
              -22.77468050157419
            ],
            [
              -43.370743180268434,
              -22.77357204680445
            ]
          ]
        ]
      }
    },
    {
      "type": "Feature",
      "properties": {
        "CLASSE": "Média",
        "referenceYear": 2015,
        "overlayColor": "#e4bd59"
      },
      "geometry": {
        "type": "Polygon",
        "coordinates": [
          [
            [
              -43.38717527644211,
              -22.778144170559454
            ],
            [
              -43.38720124224048,
              -22.77812312565633
            ],
            [
              -43.38724775347713,
              -22.778075898804712
            ],
            [
              -43.38773525708709,
              -22.777996610534746
            ],
            [
              -43.38774770403254,
              -22.77783302415974
            ],
            [
              -43.387653139960335,
              -22.77763634435233
            ],
            [
              -43.387464411938026,
              -22.77753875915886
            ],
            [
              -43.38716058730168,
              -22.77759710508026
            ],
            [
              -43.387151542262565,
              -22.777715991570986
            ],
            [
              -43.38717527644211,
              -22.778144170559454
            ]
          ]
        ]
      }
    },
    {
      "type": "Feature",
      "properties": {
        "CLASSE": "Média",
        "referenceYear": 2015,
        "overlayColor": "#e4bd59"
      },
      "geometry": {
        "type": "Polygon",
        "coordinates": [
          [
            [
              -43.38263348984496,
              -22.775117910668644
            ],
            [
              -43.38248742145498,
              -22.775116430040985
            ],
            [
              -43.382486889202305,
              -22.775161580468122
            ],
            [
              -43.38263295764028,
              -22.775163061099022
            ],
            [
              -43.38263348984496,
              -22.775117910668644
            ]
          ]
        ]
      }
    },
    {
      "type": "Feature",
      "properties": {
        "CLASSE": "Média",
        "referenceYear": 2015,
        "overlayColor": "#e4bd59"
      },
      "geometry": {
        "type": "Polygon",
        "coordinates": [
          [
            [
              -43.3824879537063,
              -22.77507127961358
            ],
            [
              -43.3823905748184,
              -22.775070292456434
            ],
            [
              -43.38239004253507,
              -22.775115442881642
            ],
            [
              -43.38248742145498,
              -22.775116430040985
            ],
            [
              -43.3824879537063,
              -22.77507127961358
            ]
          ]
        ]
      }
    },
    {
      "type": "Feature",
      "properties": {
        "CLASSE": "Média",
        "referenceYear": 2015,
        "overlayColor": "#e4bd59"
      },
      "geometry": {
        "type": "Polygon",
        "coordinates": [
          [
            [
              -43.38239110710038,
              -22.77502514203093
            ],
            [
              -43.38229372824989,
              -22.775024154816577
            ],
            [
              -43.382293195935894,
              -22.775069305239903
            ],
            [
              -43.3823905748184,
              -22.775070292456434
            ],
            [
              -43.38239110710038,
              -22.77502514203093
            ]
          ]
        ]
      }
    },
    {
      "type": "Feature",
      "properties": {
        "CLASSE": "Média",
        "referenceYear": 2015,
        "overlayColor": "#e4bd59"
      },
      "geometry": {
        "type": "Polygon",
        "coordinates": [
          [
            [
              -43.38229426056253,
              -22.774979004392982
            ],
            [
              -43.38224557115531,
              -22.77497851076463
            ],
            [
              -43.38224503882667,
              -22.775023661187138
            ],
            [
              -43.38229372824989,
              -22.775024154816577
            ],
            [
              -43.38229426056253,
              -22.774979004392982
            ]
          ]
        ]
      }
    },
    {
      "type": "Feature",
      "properties": {
        "CLASSE": "Média",
        "referenceYear": 2015,
        "overlayColor": "#e4bd59"
      },
      "geometry": {
        "type": "Polygon",
        "coordinates": [
          [
            [
              -43.38224610348261,
              -22.77493336034186
            ],
            [
              -43.382197414092744,
              -22.77493286669975
            ],
            [
              -43.382196881749444,
              -22.774978017121434
            ],
            [
              -43.38224557115531,
              -22.77497851076463
            ],
            [
              -43.38224610348261,
              -22.77493336034186
            ]
          ]
        ]
      }
    },
    {
      "type": "Feature",
      "properties": {
        "CLASSE": "Média",
        "referenceYear": 2015,
        "overlayColor": "#e4bd59"
      },
      "geometry": {
        "type": "Polygon",
        "coordinates": [
          [
            [
              -43.382197946434694,
              -22.774887716277792
            ],
            [
              -43.38214925706218,
              -22.774887222621928
            ],
            [
              -43.38214872470423,
              -22.774932373042798
            ],
            [
              -43.382197414092744,
              -22.77493286669975
            ],
            [
              -43.382197946434694,
              -22.774887716277792
            ]
          ]
        ]
      }
    },
    {
      "type": "Feature",
      "properties": {
        "CLASSE": "Média",
        "referenceYear": 2015,
        "overlayColor": "#e4bd59"
      },
      "geometry": {
        "type": "Polygon",
        "coordinates": [
          [
            [
              -43.38214978941879,
              -22.774842072200787
            ],
            [
              -43.382101100063636,
              -22.774841578531163
            ],
            [
              -43.382100567691026,
              -22.774886728951213
            ],
            [
              -43.38214925706218,
              -22.774887222621928
            ],
            [
              -43.38214978941879,
              -22.774842072200787
            ]
          ]
        ]
      }
    },
    {
      "type": "Feature",
      "properties": {
        "CLASSE": "Média",
        "referenceYear": 2015,
        "overlayColor": "#e4bd59"
      },
      "geometry": {
        "type": "Polygon",
        "coordinates": [
          [
            [
              -43.3821016324349,
              -22.77479642811084
            ],
            [
              -43.382052943097094,
              -22.77479593442746
            ],
            [
              -43.38205241070983,
              -22.774841084846695
            ],
            [
              -43.382101100063636,
              -22.774841578531163
            ],
            [
              -43.3821016324349,
              -22.77479642811084
            ]
          ]
        ]
      }
    },
    {
      "type": "Feature",
      "properties": {
        "CLASSE": "Média",
        "referenceYear": 2015,
        "overlayColor": "#e4bd59"
      },
      "geometry": {
        "type": "Polygon",
        "coordinates": [
          [
            [
              -43.38205347548301,
              -22.774750784007963
            ],
            [
              -43.38200478616256,
              -22.774750290310827
            ],
            [
              -43.38200425376064,
              -22.77479544072924
            ],
            [
              -43.382052943097094,
              -22.77479593442746
            ],
            [
              -43.38205347548301,
              -22.774750784007963
            ]
          ]
        ]
      }
    },
    {
      "type": "Feature",
      "properties": {
        "CLASSE": "Média",
        "referenceYear": 2015,
        "overlayColor": "#e4bd59"
      },
      "geometry": {
        "type": "Polygon",
        "coordinates": [
          [
            [
              -43.38200531856313,
              -22.77470513989214
            ],
            [
              -43.38195662926004,
              -22.77470464618125
            ],
            [
              -43.38195609684346,
              -22.774749796598844
            ],
            [
              -43.38200478616256,
              -22.774750290310827
            ],
            [
              -43.38200531856313,
              -22.77470513989214
            ]
          ]
        ]
      }
    },
    {
      "type": "Feature",
      "properties": {
        "CLASSE": "Média",
        "referenceYear": 2015,
        "overlayColor": "#e4bd59"
      },
      "geometry": {
        "type": "Polygon",
        "coordinates": [
          [
            [
              -43.38195716167526,
              -22.774659495763395
            ],
            [
              -43.38190847238952,
              -22.774659002038742
            ],
            [
              -43.38190793995829,
              -22.774704152455513
            ],
            [
              -43.38195662926004,
              -22.77470464618125
            ],
            [
              -43.38195716167526,
              -22.774659495763395
            ]
          ]
        ]
      }
    },
    {
      "type": "Feature",
      "properties": {
        "CLASSE": "Média",
        "referenceYear": 2015,
        "overlayColor": "#e4bd59"
      },
      "geometry": {
        "type": "Polygon",
        "coordinates": [
          [
            [
              -43.3819090048194,
              -22.774613851621705
            ],
            [
              -43.38186031555101,
              -22.774613357883293
            ],
            [
              -43.38185978310513,
              -22.77465850829925
            ],
            [
              -43.38190847238952,
              -22.774659002038742
            ],
            [
              -43.3819090048194,
              -22.774613851621705
            ]
          ]
        ]
      }
    },
    {
      "type": "Feature",
      "properties": {
        "CLASSE": "Média",
        "referenceYear": 2015,
        "overlayColor": "#e4bd59"
      },
      "geometry": {
        "type": "Polygon",
        "coordinates": [
          [
            [
              -43.38183227398096,
              -22.774507228551695
            ],
            [
              -43.38171637771603,
              -22.77443127492557
            ],
            [
              -43.38174441918346,
              -22.774537404272454
            ],
            [
              -43.38186031555101,
              -22.774613357883293
            ],
            [
              -43.38183227398096,
              -22.774507228551695
            ]
          ]
        ]
      }
    },
    {
      "type": "Feature",
      "properties": {
        "CLASSE": "Média",
        "referenceYear": 2015,
        "overlayColor": "#e4bd59"
      },
      "geometry": {
        "type": "Polygon",
        "coordinates": [
          [
            [
              -43.38024044073839,
              -22.773762811311567
            ],
            [
              -43.38048170831197,
              -22.773717563228935
            ],
            [
              -43.38075134859293,
              -22.77367371890154
            ],
            [
              -43.380847893714055,
              -22.7736800398579
            ],
            [
              -43.381157224041864,
              -22.773786520684446
            ],
            [
              -43.38162091613463,
              -22.77435042143521
            ],
            [
              -43.38171637771603,
              -22.77443127492557
            ],
            [
              -43.38168368179397,
              -22.774307520014336
            ],
            [
              -43.38142251580547,
              -22.773839460886606
            ],
            [
              -43.38111049390092,
              -22.773575905628412
            ],
            [
              -43.380736851719604,
              -22.773464334840444
            ],
            [
              -43.380376351780214,
              -22.773546236391255
            ],
            [
              -43.37994254342869,
              -22.77375438249878
            ],
            [
              -43.37992234124041,
              -22.773780889425908
            ],
            [
              -43.38024044073839,
              -22.773762811311567
            ]
          ]
        ]
      }
    },
    {
      "type": "Feature",
      "properties": {
        "CLASSE": "Média",
        "referenceYear": 2015,
        "overlayColor": "#e4bd59"
      },
      "geometry": {
        "type": "Polygon",
        "coordinates": [
          [
            [
              -43.37924229626325,
              -22.773638516404276
            ],
            [
              -43.37919360740523,
              -22.77363802187238
            ],
            [
              -43.37919307410751,
              -22.773683172234144
            ],
            [
              -43.379241762981515,
              -22.773683666767134
            ],
            [
              -43.37924229626325,
              -22.773638516404276
            ]
          ]
        ]
      }
    },
    {
      "type": "Feature",
      "properties": {
        "CLASSE": "Média",
        "referenceYear": 2015,
        "overlayColor": "#e4bd59"
      },
      "geometry": {
        "type": "Polygon",
        "coordinates": [
          [
            [
              -43.3789806347943,
              -22.773195609010614
            ],
            [
              -43.37919334908986,
              -22.77250792580936
            ],
            [
              -43.37949201611894,
              -22.772016271045796
            ],
            [
              -43.379839699606116,
              -22.7715585363515
            ],
            [
              -43.38007300106703,
              -22.771199578381562
            ],
            [
              -43.38036137427121,
              -22.770858641520075
            ],
            [
              -43.38044469335788,
              -22.77062356284911
            ],
            [
              -43.380568586538324,
              -22.770519424373866
            ],
            [
              -43.37998387853149,
              -22.770552014667974
            ],
            [
              -43.37876699654468,
              -22.77062996890144
            ],
            [
              -43.37849646437976,
              -22.77056715141097
            ],
            [
              -43.37826525834542,
              -22.770463077558563
            ],
            [
              -43.3780871700578,
              -22.770353846389362
            ],
            [
              -43.377919034628924,
              -22.770238388211727
            ],
            [
              -43.377960551935324,
              -22.77045278473508
            ],
            [
              -43.378215153692494,
              -22.77071327336852
            ],
            [
              -43.37885923961659,
              -22.770948716268684
            ],
            [
              -43.37929172405886,
              -22.77108054236524
            ],
            [
              -43.37930229153884,
              -22.77142239668376
            ],
            [
              -43.37919391072482,
              -22.77162945247005
            ],
            [
              -43.37911652769187,
              -22.771761551421253
            ],
            [
              -43.379044646516206,
              -22.77189887112423
            ],
            [
              -43.37885723018183,
              -22.772218793234025
            ],
            [
              -43.37874417849566,
              -22.772601727915294
            ],
            [
              -43.37880574171308,
              -22.773300104360345
            ],
            [
              -43.378994096171425,
              -22.773577210645158
            ],
            [
              -43.37919360740523,
              -22.77363802187238
            ],
            [
              -43.3789806347943,
              -22.773195609010614
            ]
          ]
        ]
      }
    },
    {
      "type": "Feature",
      "properties": {
        "CLASSE": "Média",
        "referenceYear": 2015,
        "overlayColor": "#e4bd59"
      },
      "geometry": {
        "type": "Polygon",
        "coordinates": [
          [
            [
              -43.3790223726651,
              -22.766665790894297
            ],
            [
              -43.37981108058112,
              -22.76691202315384
            ],
            [
              -43.380490583000345,
              -22.76786390924472
            ],
            [
              -43.38070942892392,
              -22.76841843702243
            ],
            [
              -43.380831606259555,
              -22.768881542657045
            ],
            [
              -43.38083438072864,
              -22.76915348970075
            ],
            [
              -43.38069027255972,
              -22.769406081496726
            ],
            [
              -43.380790665716845,
              -22.77024402623113
            ],
            [
              -43.38105820108117,
              -22.770251806104714
            ],
            [
              -43.38120420786945,
              -22.770113933594402
            ],
            [
              -43.381721097641666,
              -22.769984377948862
            ],
            [
              -43.38232512321624,
              -22.769764270401872
            ],
            [
              -43.38285067588859,
              -22.7698366110653
            ],
            [
              -43.3833118514403,
              -22.770010717144064
            ],
            [
              -43.38362764398068,
              -22.770298300772193
            ],
            [
              -43.38386545421305,
              -22.770738123579786
            ],
            [
              -43.38392141704312,
              -22.7713360767225
            ],
            [
              -43.38406381032337,
              -22.77201860490172
            ],
            [
              -43.38417585340091,
              -22.772703959337367
            ],
            [
              -43.38431088804007,
              -22.77310469579381
            ],
            [
              -43.38447711483879,
              -22.773571629643456
            ],
            [
              -43.38448339255509,
              -22.774185020799205
            ],
            [
              -43.3841939135355,
              -22.774723287553467
            ],
            [
              -43.38394472405214,
              -22.775008299063114
            ],
            [
              -43.383548937061924,
              -22.775192324606838
            ],
            [
              -43.38293292086159,
              -22.77519773846652
            ],
            [
              -43.38263295764028,
              -22.775163061099022
            ],
            [
              -43.382700942107334,
              -22.775230127922566
            ],
            [
              -43.38318006118831,
              -22.775326199072335
            ],
            [
              -43.38380978423948,
              -22.775270676770816
            ],
            [
              -43.38435309108518,
              -22.775033014165896
            ],
            [
              -43.38469503876389,
              -22.77464885341316
            ],
            [
              -43.38480942386741,
              -22.774395331567217
            ],
            [
              -43.38489107927735,
              -22.77417037875392
            ],
            [
              -43.38519788595392,
              -22.774488670917787
            ],
            [
              -43.38537135074597,
              -22.774739954877916
            ],
            [
              -43.385965522481925,
              -22.775326096722463
            ],
            [
              -43.38648742309546,
              -22.775626853367914
            ],
            [
              -43.38677910492731,
              -22.77572274094826
            ],
            [
              -43.38701776668625,
              -22.775729670952966
            ],
            [
              -43.3873090398408,
              -22.775666937314703
            ],
            [
              -43.387571016074354,
              -22.775506098694866
            ],
            [
              -43.38794040816636,
              -22.775307773268864
            ],
            [
              -43.38841735452844,
              -22.774815917349706
            ],
            [
              -43.38867714268459,
              -22.774360529671824
            ],
            [
              -43.38884629828778,
              -22.773985586447147
            ],
            [
              -43.38895909846115,
              -22.773410187926007
            ],
            [
              -43.3889157704213,
              -22.773036106086742
            ],
            [
              -43.38886874668496,
              -22.772810755660036
            ],
            [
              -43.388816046388044,
              -22.772488454471766
            ],
            [
              -43.38788763302711,
              -22.77157260549356
            ],
            [
              -43.38751360734043,
              -22.771389118024565
            ],
            [
              -43.386986801801285,
              -22.771393763017887
            ],
            [
              -43.386469396361846,
              -22.771378737334313
            ],
            [
              -43.385515416713226,
              -22.7721265470929
            ],
            [
              -43.38536847980785,
              -22.7723229151145
            ],
            [
              -43.385093227362596,
              -22.77276189899942
            ],
            [
              -43.384871272430324,
              -22.773068484241122
            ],
            [
              -43.38458303031002,
              -22.772889035919444
            ],
            [
              -43.384301908232445,
              -22.772424745096178
            ],
            [
              -43.384206287186736,
              -22.771966408436988
            ],
            [
              -43.38416295166447,
              -22.77131818801459
            ],
            [
              -43.384116027559955,
              -22.770316450915566
            ],
            [
              -43.38377875189954,
              -22.769983715261766
            ],
            [
              -43.3834961569565,
              -22.769801866795955
            ],
            [
              -43.382742886952016,
              -22.769367740644192
            ],
            [
              -43.38204100272662,
              -22.769136975098984
            ],
            [
              -43.381379263111484,
              -22.768995216610143
            ],
            [
              -43.38113136045256,
              -22.768769450401248
            ],
            [
              -43.38054336992907,
              -22.767702033807286
            ],
            [
              -43.380276140752834,
              -22.767314873322814
            ],
            [
              -43.37977211552796,
              -22.766817595246373
            ],
            [
              -43.37937744048555,
              -22.766533503222565
            ],
            [
              -43.37910371968512,
              -22.76647860881177
            ],
            [
              -43.37883989763912,
              -22.766480922084874
            ],
            [
              -43.37843642998056,
              -22.76646918509906
            ],
            [
              -43.37813717300806,
              -22.7666000878276
            ],
            [
              -43.37810777954119,
              -22.766627843400865
            ],
            [
              -43.3790223726651,
              -22.766665790894297
            ]
          ],
          [
            [
              -43.38710207054352,
              -22.77161926342814
            ],
            [
              -43.38761069472531,
              -22.771723325100794
            ],
            [
              -43.388106472556885,
              -22.771973050316003
            ],
            [
              -43.38847501535048,
              -22.77235005576263
            ],
            [
              -43.388708393407434,
              -22.772727531276203
            ],
            [
              -43.388766274938156,
              -22.773206172166503
            ],
            [
              -43.38861321416996,
              -22.77380029406586
            ],
            [
              -43.38851289790422,
              -22.77420740413905
            ],
            [
              -43.388393768828145,
              -22.774669815384446
            ],
            [
              -43.38788634820352,
              -22.775177227477243
            ],
            [
              -43.38739167388296,
              -22.77531697641181
            ],
            [
              -43.38662390695834,
              -22.775338931505626
            ],
            [
              -43.386600764896016,
              -22.775315259666293
            ],
            [
              -43.386279318812456,
              -22.775217295865538
            ],
            [
              -43.385887420653724,
              -22.77501989266894
            ],
            [
              -43.38563604118109,
              -22.774762735965943
            ],
            [
              -43.38538812191572,
              -22.77434369605051
            ],
            [
              -43.38529212878619,
              -22.773848143337663
            ],
            [
              -43.38531135903692,
              -22.77349547773057
            ],
            [
              -43.38546674089371,
              -22.772842408180423
            ],
            [
              -43.385640106610374,
              -22.772546443064687
            ],
            [
              -43.38601569722666,
              -22.772127881390894
            ],
            [
              -43.3862238105956,
              -22.77195293439316
            ],
            [
              -43.38652800827721,
              -22.771775100048252
            ],
            [
              -43.38710207054352,
              -22.77161926342814
            ]
          ]
        ]
      }
    },
    {
      "type": "Feature",
      "properties": {
        "CLASSE": "Média",
        "referenceYear": 2015,
        "overlayColor": "#e4bd59"
      },
      "geometry": {
        "type": "Polygon",
        "coordinates": [
          [
            [
              -43.377919568255905,
              -22.77019323785905
            ],
            [
              -43.377870880651855,
              -22.770192742994347
            ],
            [
              -43.37787034700888,
              -22.770237893345932
            ],
            [
              -43.377919034628924,
              -22.770238388211727
            ],
            [
              -43.377919568255905,
              -22.77019323785905
            ]
          ]
        ]
      }
    },
    {
      "type": "Feature",
      "properties": {
        "CLASSE": "Média",
        "referenceYear": 2015,
        "overlayColor": "#e4bd59"
      },
      "geometry": {
        "type": "Polygon",
        "coordinates": [
          [
            [
              -43.37787141429349,
              -22.770147592642502
            ],
            [
              -43.377822726706796,
              -22.770147097764042
            ],
            [
              -43.37782219304918,
              -22.770192248114803
            ],
            [
              -43.377870880651855,
              -22.770192742994347
            ],
            [
              -43.37787141429349,
              -22.770147592642502
            ]
          ]
        ]
      }
    },
    {
      "type": "Feature",
      "properties": {
        "CLASSE": "Média",
        "referenceYear": 2015,
        "overlayColor": "#e4bd59"
      },
      "geometry": {
        "type": "Polygon",
        "coordinates": [
          [
            [
              -43.3709922738619,
              -22.769107946972593
            ],
            [
              -43.37097386732281,
              -22.76872266531575
            ],
            [
              -43.37092584040224,
              -22.768752698725617
            ],
            [
              -43.37085282801918,
              -22.769039881493534
            ],
            [
              -43.370981063122315,
              -22.76942398839405
            ],
            [
              -43.37101398036589,
              -22.769445565517522
            ],
            [
              -43.3709922738619,
              -22.769107946972593
            ]
          ]
        ]
      }
    },
    {
      "type": "Feature",
      "properties": {
        "CLASSE": "Média",
        "referenceYear": 2015,
        "overlayColor": "#e4bd59"
      },
      "geometry": {
        "type": "Polygon",
        "coordinates": [
          [
            [
              -43.37681470501511,
              -22.768917642934746
            ],
            [
              -43.37676601789017,
              -22.768917147759254
            ],
            [
              -43.3767654839171,
              -22.768962298093253
            ],
            [
              -43.37681417105803,
              -22.768962793269843
            ],
            [
              -43.37681470501511,
              -22.768917642934746
            ]
          ]
        ]
      }
    },
    {
      "type": "Feature",
      "properties": {
        "CLASSE": "Média",
        "referenceYear": 2015,
        "overlayColor": "#e4bd59"
      },
      "geometry": {
        "type": "Polygon",
        "coordinates": [
          [
            [
              -43.36382672246776,
              -22.770270623751824
            ],
            [
              -43.36406809054438,
              -22.769892128443654
            ],
            [
              -43.36429249578888,
              -22.76956677790057
            ],
            [
              -43.36460378313592,
              -22.769483333493035
            ],
            [
              -43.364768983253974,
              -22.76949734866192
            ],
            [
              -43.364922189091494,
              -22.76966598350747
            ],
            [
              -43.36530663069425,
              -22.769735091954022
            ],
            [
              -43.36543021617271,
              -22.769999753385346
            ],
            [
              -43.365530502922034,
              -22.770134036876836
            ],
            [
              -43.36550266002382,
              -22.770202017013006
            ],
            [
              -43.36557731165205,
              -22.77018147432206
            ],
            [
              -43.36584707165229,
              -22.77009481858481
            ],
            [
              -43.366125069530575,
              -22.77005161636402
            ],
            [
              -43.36644278861143,
              -22.770262302316134
            ],
            [
              -43.36657862904489,
              -22.770406460351218
            ],
            [
              -43.36675904406628,
              -22.770781865762405
            ],
            [
              -43.366864776900556,
              -22.770967142080345
            ],
            [
              -43.367289509817276,
              -22.771440636110555
            ],
            [
              -43.367635015197116,
              -22.77150950622684
            ],
            [
              -43.36805535626635,
              -22.771374474418433
            ],
            [
              -43.368284707168755,
              -22.771048060602606
            ],
            [
              -43.36824780250398,
              -22.770342997600483
            ],
            [
              -43.36829032713633,
              -22.769784945723696
            ],
            [
              -43.36821441357621,
              -22.769206751344147
            ],
            [
              -43.367962511462714,
              -22.76833320171201
            ],
            [
              -43.3676495162422,
              -22.767673968169554
            ],
            [
              -43.36763004516533,
              -22.76737898689414
            ],
            [
              -43.36757071813498,
              -22.767427063529787
            ],
            [
              -43.36754603297153,
              -22.767750939923562
            ],
            [
              -43.367595460173604,
              -22.768124971560393
            ],
            [
              -43.36768536647802,
              -22.768537426290663
            ],
            [
              -43.36772671069593,
              -22.769327273258888
            ],
            [
              -43.367612135045206,
              -22.769962946069313
            ],
            [
              -43.36738428410145,
              -22.770287224570954
            ],
            [
              -43.36729473723047,
              -22.770291255643304
            ],
            [
              -43.36708657066187,
              -22.769971145932843
            ],
            [
              -43.36673068473493,
              -22.769350387730476
            ],
            [
              -43.36626323943331,
              -22.769075744598688
            ],
            [
              -43.3654479441501,
              -22.768833102440624
            ],
            [
              -43.3654370693942,
              -22.768625248906478
            ],
            [
              -43.365520651302226,
              -22.76846117014161
            ],
            [
              -43.36583442335748,
              -22.76828059407513
            ],
            [
              -43.36632349247259,
              -22.76788427166344
            ],
            [
              -43.366613782100934,
              -22.76740164354184
            ],
            [
              -43.366714659192056,
              -22.767067161712305
            ],
            [
              -43.366783832187956,
              -22.766159590891696
            ],
            [
              -43.36667188679622,
              -22.7656899613332
            ],
            [
              -43.36662804733807,
              -22.765652822403048
            ],
            [
              -43.36669301379415,
              -22.76621626366077
            ],
            [
              -43.36663525393209,
              -22.766983340136314
            ],
            [
              -43.36655880934385,
              -22.767407453006943
            ],
            [
              -43.366094136594164,
              -22.767879159505636
            ],
            [
              -43.365749178577836,
              -22.768015766050777
            ],
            [
              -43.3650172215174,
              -22.768188492225395
            ],
            [
              -43.36462863117569,
              -22.7685033836593
            ],
            [
              -43.36434783966341,
              -22.769054579735897
            ],
            [
              -43.36417505396765,
              -22.769125988183887
            ],
            [
              -43.36407661670212,
              -22.769443609239104
            ],
            [
              -43.36368340181846,
              -22.77019425795108
            ],
            [
              -43.363649851755554,
              -22.77040880796052
            ],
            [
              -43.36382672246776,
              -22.770270623751824
            ]
          ]
        ]
      }
    },
    {
      "type": "Feature",
      "properties": {
        "CLASSE": "Média",
        "referenceYear": 2015,
        "overlayColor": "#e4bd59"
      },
      "geometry": {
        "type": "Polygon",
        "coordinates": [
          [
            [
              -43.376743412612726,
              -22.76884832429872
            ],
            [
              -43.37669445286063,
              -22.76871407883553
            ],
            [
              -43.37664921712798,
              -22.768578573120084
            ],
            [
              -43.37709056267793,
              -22.767329732505168
            ],
            [
              -43.37712764731965,
              -22.767159750144028
            ],
            [
              -43.37698428618092,
              -22.76726384376069
            ],
            [
              -43.3768313653752,
              -22.76758270752611
            ],
            [
              -43.37660574881803,
              -22.768286101286954
            ],
            [
              -43.37664451589673,
              -22.768883591294305
            ],
            [
              -43.37676601789017,
              -22.768917147759254
            ],
            [
              -43.376743412612726,
              -22.76884832429872
            ]
          ]
        ]
      }
    },
    {
      "type": "Feature",
      "properties": {
        "CLASSE": "Média",
        "referenceYear": 2015,
        "overlayColor": "#e4bd59"
      },
      "geometry": {
        "type": "Polygon",
        "coordinates": [
          [
            [
              -43.37717633383013,
              -22.767160245173162
            ],
            [
              -43.37717686762108,
              -22.76711509481975
            ],
            [
              -43.37712818112659,
              -22.767114599791707
            ],
            [
              -43.37712764731965,
              -22.767159750144028
            ],
            [
              -43.37717633383013,
              -22.767160245173162
            ]
          ]
        ]
      }
    },
    {
      "type": "Feature",
      "properties": {
        "CLASSE": "Média",
        "referenceYear": 2015,
        "overlayColor": "#e4bd59"
      },
      "geometry": {
        "type": "Polygon",
        "coordinates": [
          [
            [
              -43.37810724606906,
              -22.766672993777906
            ],
            [
              -43.37810777954119,
              -22.766627843400865
            ],
            [
              -43.37801040685408,
              -22.766626853917703
            ],
            [
              -43.37800987334996,
              -22.76667200429256
            ],
            [
              -43.37810724606906,
              -22.766672993777906
            ]
          ]
        ]
      }
    },
    {
      "type": "Feature",
      "properties": {
        "CLASSE": "Média",
        "referenceYear": 2015,
        "overlayColor": "#e4bd59"
      },
      "geometry": {
        "type": "Polygon",
        "coordinates": [
          [
            [
              -43.36662912177684,
              -22.765562522153754
            ],
            [
              -43.36658043608885,
              -22.765562023941186
            ],
            [
              -43.3665793616181,
              -22.76565232418828
            ],
            [
              -43.36662804733807,
              -22.765652822403048
            ],
            [
              -43.36662912177684,
              -22.765562522153754
            ]
          ]
        ]
      }
    },
    {
      "type": "Feature",
      "properties": {
        "CLASSE": "Média",
        "referenceYear": 2015,
        "overlayColor": "#e4bd59"
      },
      "geometry": {
        "type": "Polygon",
        "coordinates": [
          [
            [
              -43.36658151055417,
              -22.765471723693018
            ],
            [
              -43.36653282489956,
              -22.76547122546781
            ],
            [
              -43.366532287651566,
              -22.765516375590924
            ],
            [
              -43.366580973322215,
              -22.765516873817234
            ],
            [
              -43.36658151055417,
              -22.765471723693018
            ]
          ]
        ]
      }
    },
    {
      "type": "Feature",
      "properties": {
        "CLASSE": "Média",
        "referenceYear": 2015,
        "overlayColor": "#e4bd59"
      },
      "geometry": {
        "type": "Polygon",
        "coordinates": [
          [
            [
              -43.36928352537622,
              -22.765387732903296
            ],
            [
              -43.369528645321225,
              -22.7654780071856
            ],
            [
              -43.36986507300889,
              -22.76561945153187
            ],
            [
              -43.37079044040818,
              -22.765696141037925
            ],
            [
              -43.3710086961434,
              -22.76578790142425
            ],
            [
              -43.37097261192066,
              -22.76567514553675
            ],
            [
              -43.37059643180359,
              -22.76553660772783
            ],
            [
              -43.37007500985289,
              -22.76526690399018
            ],
            [
              -43.369822338042056,
              -22.765348081041605
            ],
            [
              -43.36926083270382,
              -22.765363652677657
            ],
            [
              -43.36928352537622,
              -22.765387732903296
            ]
          ]
        ]
      }
    },
    {
      "type": "Feature",
      "properties": {
        "CLASSE": "Média",
        "referenceYear": 2015,
        "overlayColor": "#e4bd59"
      },
      "geometry": {
        "type": "Polygon",
        "coordinates": [
          [
            [
              -43.36648575102999,
              -22.765335276860082
            ],
            [
              -43.36643706542607,
              -22.765334778608484
            ],
            [
              -43.366436528150196,
              -22.765379928730216
            ],
            [
              -43.36648521377012,
              -22.765380426982905
            ],
            [
              -43.36648575102999,
              -22.765335276860082
            ]
          ]
        ]
      }
    },
    {
      "type": "Feature",
      "properties": {
        "CLASSE": "Média",
        "referenceYear": 2015,
        "overlayColor": "#e4bd59"
      },
      "geometry": {
        "type": "Polygon",
        "coordinates": [
          [
            [
              -43.36643813997374,
              -22.76524447836422
            ],
            [
              -43.36638945440319,
              -22.765243980099996
            ],
            [
              -43.36638891711402,
              -22.765289130221163
            ],
            [
              -43.36643760270061,
              -22.765289628486496
            ],
            [
              -43.36643813997374,
              -22.76524447836422
            ]
          ]
        ]
      }
    },
    {
      "type": "Feature",
      "properties": {
        "CLASSE": "Média",
        "referenceYear": 2015,
        "overlayColor": "#e4bd59"
      },
      "geometry": {
        "type": "Polygon",
        "coordinates": [
          [
            [
              -43.36638999169097,
              -22.765198829978562
            ],
            [
              -43.36634130613774,
              -22.76519833170059
            ],
            [
              -43.366340768833986,
              -22.765243481820917
            ],
            [
              -43.36638945440319,
              -22.765243980099996
            ],
            [
              -43.36638999169097,
              -22.765198829978562
            ]
          ]
        ]
      }
    },
    {
      "type": "Feature",
      "properties": {
        "CLASSE": "Média",
        "referenceYear": 2015,
        "overlayColor": "#e4bd59"
      },
      "geometry": {
        "type": "Polygon",
        "coordinates": [
          [
            [
              -43.36634184344018,
              -22.765153181579986
            ],
            [
              -43.36629315790433,
              -22.765152683288274
            ],
            [
              -43.36629262058592,
              -22.765197833407782
            ],
            [
              -43.36634130613774,
              -22.76519833170059
            ],
            [
              -43.36634184344018,
              -22.765153181579986
            ]
          ]
        ]
      }
    },
    {
      "type": "Feature",
      "properties": {
        "CLASSE": "Média",
        "referenceYear": 2015,
        "overlayColor": "#e4bd59"
      },
      "geometry": {
        "type": "Polygon",
        "coordinates": [
          [
            [
              -43.36629369522138,
              -22.7651075331685
            ],
            [
              -43.36624500970288,
              -22.76510703486305
            ],
            [
              -43.366244472369836,
              -22.765152184981726
            ],
            [
              -43.36629315790433,
              -22.765152683288274
            ],
            [
              -43.36629369522138,
              -22.7651075331685
            ]
          ]
        ]
      }
    },
    {
      "type": "Feature",
      "properties": {
        "CLASSE": "Média",
        "referenceYear": 2015,
        "overlayColor": "#e4bd59"
      },
      "geometry": {
        "type": "Polygon",
        "coordinates": [
          [
            [
              -43.36624554703454,
              -22.765061884744117
            ],
            [
              -43.36619686153342,
              -22.765061386424932
            ],
            [
              -43.36619632418575,
              -22.765106536542763
            ],
            [
              -43.36624500970288,
              -22.76510703486305
            ],
            [
              -43.36624554703454,
              -22.765061884744117
            ]
          ]
        ]
      }
    },
    {
      "type": "Feature",
      "properties": {
        "CLASSE": "Média",
        "referenceYear": 2015,
        "overlayColor": "#e4bd59"
      },
      "geometry": {
        "type": "Polygon",
        "coordinates": [
          [
            [
              -43.372377254469555,
              -22.765350305545713
            ],
            [
              -43.372665186932444,
              -22.765307958830512
            ],
            [
              -43.372553398685206,
              -22.765131742843916
            ],
            [
              -43.372604571615696,
              -22.764940476800696
            ],
            [
              -43.37274669412938,
              -22.764727312028466
            ],
            [
              -43.37263629372877,
              -22.764576947187788
            ],
            [
              -43.37222493150364,
              -22.764516277819368
            ],
            [
              -43.37178611376408,
              -22.764653203285828
            ],
            [
              -43.37163266184391,
              -22.764760569459575
            ],
            [
              -43.37217215839282,
              -22.76525249381069
            ],
            [
              -43.37235634571807,
              -22.76532460818829
            ],
            [
              -43.372377254469555,
              -22.765350305545713
            ]
          ]
        ]
      }
    },
    {
      "type": "Feature",
      "properties": {
        "CLASSE": "Média",
        "referenceYear": 2015,
        "overlayColor": "#e4bd59"
      },
      "geometry": {
        "type": "Polygon",
        "coordinates": [
          [
            [
              -43.33019889094837,
              -22.789631735390707
            ],
            [
              -43.330107387801235,
              -22.78988956369247
            ],
            [
              -43.330045999695095,
              -22.789920763741677
            ],
            [
              -43.33004986146955,
              -22.789996654737845
            ],
            [
              -43.330265817797226,
              -22.789883083913196
            ],
            [
              -43.33029053459368,
              -22.78956004849093
            ],
            [
              -43.330059963856456,
              -22.789315268465558
            ],
            [
              -43.33001438115885,
              -22.789299400111105
            ],
            [
              -43.330018628541985,
              -22.789382869275148
            ],
            [
              -43.33019889094837,
              -22.789631735390707
            ]
          ]
        ]
      }
    },
    {
      "type": "Feature",
      "properties": {
        "CLASSE": "Média",
        "referenceYear": 2015,
        "overlayColor": "#e4bd59"
      },
      "geometry": {
        "type": "Polygon",
        "coordinates": [
          [
            [
              -43.32974925681635,
              -22.767816485813512
            ],
            [
              -43.33012309787637,
              -22.76791354318734
            ],
            [
              -43.3302023429147,
              -22.767918757156753
            ],
            [
              -43.330227793463635,
              -22.767940330402503
            ],
            [
              -43.33027170465681,
              -22.767890640821385
            ],
            [
              -43.33039723471323,
              -22.767799554905164
            ],
            [
              -43.330335082635315,
              -22.767568719899565
            ],
            [
              -43.32996514656119,
              -22.767466555141873
            ],
            [
              -43.32974859588174,
              -22.767489236205964
            ],
            [
              -43.32974925681635,
              -22.767816485813512
            ]
          ]
        ]
      }
    },
    {
      "type": "Feature",
      "properties": {
        "CLASSE": "Média",
        "referenceYear": 2015,
        "overlayColor": "#e4bd59"
      },
      "geometry": {
        "type": "Polygon",
        "coordinates": [
          [
            [
              -43.33128751512528,
              -22.764880870308023
            ],
            [
              -43.331351094857865,
              -22.764856420511794
            ],
            [
              -43.331308261104965,
              -22.76477847132656
            ],
            [
              -43.33128751512528,
              -22.764880870308023
            ]
          ]
        ]
      }
    },
    {
      "type": "Feature",
      "properties": {
        "CLASSE": "Média",
        "referenceYear": 2015,
        "overlayColor": "#e4bd59"
      },
      "geometry": {
        "type": "Polygon",
        "coordinates": [
          [
            [
              -43.330998701160674,
              -22.764606920338466
            ],
            [
              -43.331155704814975,
              -22.764595084842234
            ],
            [
              -43.33101484022178,
              -22.764463025054717
            ],
            [
              -43.330998701160674,
              -22.764606920338466
            ]
          ]
        ]
      }
    },
    {
      "type": "Feature",
      "properties": {
        "CLASSE": "Média",
        "referenceYear": 2015,
        "overlayColor": "#e4bd59"
      },
      "geometry": {
        "type": "Polygon",
        "coordinates": [
          [
            [
              -43.34046710707839,
              -22.764088214094247
            ],
            [
              -43.34058289498623,
              -22.763880293864535
            ],
            [
              -43.34060048413618,
              -22.763803924515095
            ],
            [
              -43.340469093165275,
              -22.763886054648612
            ],
            [
              -43.340401925852646,
              -22.76411794673478
            ],
            [
              -43.34046710707839,
              -22.764088214094247
            ]
          ]
        ]
      }
    },
    {
      "type": "Feature",
      "properties": {
        "CLASSE": "Média",
        "referenceYear": 2015,
        "overlayColor": "#e4bd59"
      },
      "geometry": {
        "type": "Polygon",
        "coordinates": [
          [
            [
              -43.34064916856324,
              -22.76380443061292
            ],
            [
              -43.34064971427618,
              -22.763759281069238
            ],
            [
              -43.34060102986511,
              -22.76375877497253
            ],
            [
              -43.34060048413618,
              -22.763803924515095
            ],
            [
              -43.34064916856324,
              -22.76380443061292
            ]
          ]
        ]
      }
    },
    {
      "type": "Feature",
      "properties": {
        "CLASSE": "Média",
        "referenceYear": 2015,
        "overlayColor": "#e4bd59"
      },
      "geometry": {
        "type": "Polygon",
        "coordinates": [
          [
            [
              -43.33558864997584,
              -22.76558097943981
            ],
            [
              -43.33567526050213,
              -22.765499241018336
            ],
            [
              -43.33542752756375,
              -22.763793238091328
            ],
            [
              -43.33535177143792,
              -22.763071044951744
            ],
            [
              -43.33527307561476,
              -22.762357032752448
            ],
            [
              -43.33514572339537,
              -22.761873639627616
            ],
            [
              -43.33509498299806,
              -22.761670726736142
            ],
            [
              -43.33510470745776,
              -22.761385881426136
            ],
            [
              -43.335306599281346,
              -22.760966152556023
            ],
            [
              -43.33540587665974,
              -22.7608796610883
            ],
            [
              -43.336085912680446,
              -22.76070940816635
            ],
            [
              -43.33611004601987,
              -22.760686630129886
            ],
            [
              -43.335599987038705,
              -22.76071094620887
            ],
            [
              -43.334913627134505,
              -22.76097966815866
            ],
            [
              -43.33452160289248,
              -22.761297229144805
            ],
            [
              -43.33457267968553,
              -22.761381679615813
            ],
            [
              -43.33486523936487,
              -22.76162964656023
            ],
            [
              -43.33483978666834,
              -22.7619625999865
            ],
            [
              -43.3348959403286,
              -22.762323404283077
            ],
            [
              -43.33502912057906,
              -22.763024084730834
            ],
            [
              -43.33505216223505,
              -22.763466305965505
            ],
            [
              -43.334902286683175,
              -22.764082841993037
            ],
            [
              -43.33502011648132,
              -22.764354139182036
            ],
            [
              -43.33506712325299,
              -22.76465617994533
            ],
            [
              -43.33526474164796,
              -22.764914772868266
            ],
            [
              -43.33547343213073,
              -22.765091651152307
            ],
            [
              -43.33554524496978,
              -22.765217563282228
            ],
            [
              -43.335563551948084,
              -22.76560284329405
            ],
            [
              -43.33558864997584,
              -22.76558097943981
            ]
          ]
        ]
      }
    },
    {
      "type": "Feature",
      "properties": {
        "CLASSE": "Média",
        "referenceYear": 2015,
        "overlayColor": "#e4bd59"
      },
      "geometry": {
        "type": "Polygon",
        "coordinates": [
          [
            [
              -43.339024487062545,
              -22.761258842229005
            ],
            [
              -43.33897580357807,
              -22.76125833568928
            ],
            [
              -43.33897525738157,
              -22.761303485208668
            ],
            [
              -43.33902394088201,
              -22.76130399174951
            ],
            [
              -43.339024487062545,
              -22.761258842229005
            ]
          ]
        ]
      }
    },
    {
      "type": "Feature",
      "properties": {
        "CLASSE": "Média",
        "referenceYear": 2015,
        "overlayColor": "#e4bd59"
      },
      "geometry": {
        "type": "Polygon",
        "coordinates": [
          [
            [
              -43.33897634977322,
              -22.76121318616962
            ],
            [
              -43.33892766630616,
              -22.761212679616182
            ],
            [
              -43.33892712009501,
              -22.761257829134724
            ],
            [
              -43.33897580357807,
              -22.76125833568928
            ],
            [
              -43.33897634977322,
              -22.76121318616962
            ]
          ]
        ]
      }
    },
    {
      "type": "Feature",
      "properties": {
        "CLASSE": "Média",
        "referenceYear": 2015,
        "overlayColor": "#e4bd59"
      },
      "geometry": {
        "type": "Polygon",
        "coordinates": [
          [
            [
              -43.33887952906621,
              -22.76116702353023
            ],
            [
              -43.3388308456179,
              -22.761166516948236
            ],
            [
              -43.33883029937617,
              -22.76121166646481
            ],
            [
              -43.33887898284047,
              -22.76121217304791
            ],
            [
              -43.33887952906621,
              -22.76116702353023
            ]
          ]
        ]
      }
    },
    {
      "type": "Feature",
      "properties": {
        "CLASSE": "Média",
        "referenceYear": 2015,
        "overlayColor": "#e4bd59"
      },
      "geometry": {
        "type": "Polygon",
        "coordinates": [
          [
            [
              -43.3551279471571,
              -22.774520653932896
            ],
            [
              -43.35507925857314,
              -22.774520152026874
            ],
            [
              -43.355078717319834,
              -22.774565301839324
            ],
            [
              -43.35512740591979,
              -22.77456580374645
            ],
            [
              -43.3551279471571,
              -22.774520653932896
            ]
          ]
        ]
      }
    },
    {
      "type": "Feature",
      "properties": {
        "CLASSE": "Média",
        "referenceYear": 2015,
        "overlayColor": "#e4bd59"
      },
      "geometry": {
        "type": "Polygon",
        "coordinates": [
          [
            [
              -43.35508142357267,
              -22.774339552774457
            ],
            [
              -43.3550327350541,
              -22.774339050857993
            ],
            [
              -43.35503165252505,
              -22.774429350482528
            ],
            [
              -43.35508034107565,
              -22.774429852401187
            ],
            [
              -43.35508142357267,
              -22.774339552774457
            ]
          ]
        ]
      }
    },
    {
      "type": "Feature",
      "properties": {
        "CLASSE": "Média",
        "referenceYear": 2015,
        "overlayColor": "#e4bd59"
      },
      "geometry": {
        "type": "Polygon",
        "coordinates": [
          [
            [
              -43.35507556498355,
              -22.774059696508168
            ],
            [
              -43.35552900627021,
              -22.773345122089168
            ],
            [
              -43.356017426042335,
              -22.773227225821106
            ],
            [
              -43.356385830871645,
              -22.773019230761115
            ],
            [
              -43.35672091562649,
              -22.77290524567864
            ],
            [
              -43.35682858998572,
              -22.772642397484884
            ],
            [
              -43.35671688605248,
              -22.772446051423344
            ],
            [
              -43.356284606143404,
              -22.772216516786425
            ],
            [
              -43.35587558223159,
              -22.772067739169987
            ],
            [
              -43.35545444401026,
              -22.771723637212027
            ],
            [
              -43.3551430488726,
              -22.771380830769534
            ],
            [
              -43.355117142895665,
              -22.771359664491374
            ],
            [
              -43.35515271012339,
              -22.771635555151803
            ],
            [
              -43.355450958037935,
              -22.772158869799224
            ],
            [
              -43.35590068870972,
              -22.772674619403023
            ],
            [
              -43.35590819694871,
              -22.77277526291672
            ],
            [
              -43.35579836980643,
              -22.772996865709807
            ],
            [
              -43.355269501696974,
              -22.773367635272205
            ],
            [
              -43.35499352817062,
              -22.7736701103805
            ],
            [
              -43.35487133109652,
              -22.773968388186457
            ],
            [
              -43.35485898321792,
              -22.774093485513312
            ],
            [
              -43.35500682856788,
              -22.774317884537577
            ],
            [
              -43.3550327350541,
              -22.774339050857993
            ],
            [
              -43.35507556498355,
              -22.774059696508168
            ]
          ]
        ]
      }
    },
    {
      "type": "Feature",
      "properties": {
        "CLASSE": "Média",
        "referenceYear": 2015,
        "overlayColor": "#e4bd59"
      },
      "geometry": {
        "type": "Polygon",
        "coordinates": [
          [
            [
              -43.36080064223993,
              -22.772501876720014
            ],
            [
              -43.36075195423321,
              -22.772501376586277
            ],
            [
              -43.36075141489917,
              -22.772546526538907
            ],
            [
              -43.360800102921914,
              -22.772547026673713
            ],
            [
              -43.36080064223993,
              -22.772501876720014
            ]
          ]
        ]
      }
    },
    {
      "type": "Feature",
      "properties": {
        "CLASSE": "Média",
        "referenceYear": 2015,
        "overlayColor": "#e4bd59"
      },
      "geometry": {
        "type": "Polygon",
        "coordinates": [
          [
            [
              -43.365233408003,
              -22.772366726549574
            ],
            [
              -43.36518471993604,
              -22.77236622777072
            ],
            [
              -43.36518364418979,
              -22.772456527877893
            ],
            [
              -43.365232332288734,
              -22.77245702665891
            ],
            [
              -43.365233408003,
              -22.772366726549574
            ]
          ]
        ]
      }
    },
    {
      "type": "Feature",
      "properties": {
        "CLASSE": "Média",
        "referenceYear": 2015,
        "overlayColor": "#e4bd59"
      },
      "geometry": {
        "type": "Polygon",
        "coordinates": [
          [
            [
              -43.365187947142054,
              -22.7720953274429
            ],
            [
              -43.36513925917245,
              -22.7720948286558
            ],
            [
              -43.36513764552759,
              -22.772230278817634
            ],
            [
              -43.36518633354516,
              -22.77223077760803
            ],
            [
              -43.365187947142054,
              -22.7720953274429
            ]
          ]
        ]
      }
    },
    {
      "type": "Feature",
      "properties": {
        "CLASSE": "Média",
        "referenceYear": 2015,
        "overlayColor": "#e4bd59"
      },
      "geometry": {
        "type": "Polygon",
        "coordinates": [
          [
            [
              -43.36514141067988,
              -22.771914228436273
            ],
            [
              -43.365092722775664,
              -22.77191372963872
            ],
            [
              -43.36509110909915,
              -22.772049179800472
            ],
            [
              -43.36513979705137,
              -22.772049678601316
            ],
            [
              -43.36514141067988,
              -22.771914228436273
            ]
          ]
        ]
      }
    },
    {
      "type": "Feature",
      "properties": {
        "CLASSE": "Média",
        "referenceYear": 2015,
        "overlayColor": "#e4bd59"
      },
      "geometry": {
        "type": "Polygon",
        "coordinates": [
          [
            [
              -43.36509433643991,
              -22.77177827947457
            ],
            [
              -43.36504564858506,
              -22.771777780665463
            ],
            [
              -43.365045110682345,
              -22.771822930719352
            ],
            [
              -43.36509379855319,
              -22.77182342952955
            ],
            [
              -43.36509433643991,
              -22.77177827947457
            ]
          ]
        ]
      }
    },
    {
      "type": "Feature",
      "properties": {
        "CLASSE": "Média",
        "referenceYear": 2015,
        "overlayColor": "#e4bd59"
      },
      "geometry": {
        "type": "Polygon",
        "coordinates": [
          [
            [
              -43.3550684554332,
              -22.77135916264778
            ],
            [
              -43.355117142895665,
              -22.771359664491374
            ],
            [
              -43.35511768405157,
              -22.771314514659913
            ],
            [
              -43.355068996605105,
              -22.77131401281747
            ],
            [
              -43.3550684554332,
              -22.77135916264778
            ]
          ]
        ]
      }
    },
    {
      "type": "Feature",
      "properties": {
        "CLASSE": "Média",
        "referenceYear": 2015,
        "overlayColor": "#e4bd59"
      },
      "geometry": {
        "type": "Polygon",
        "coordinates": [
          [
            [
              -43.35912930107367,
              -22.771328197255034
            ],
            [
              -43.359370107882775,
              -22.77114007970296
            ],
            [
              -43.35922001398494,
              -22.7704943544528
            ],
            [
              -43.35916954315642,
              -22.770453117337716
            ],
            [
              -43.35914748716651,
              -22.77052353143842
            ],
            [
              -43.35900870288923,
              -22.770731640280783
            ],
            [
              -43.358945845464376,
              -22.77109795655371
            ],
            [
              -43.35899982751357,
              -22.7713555869568
            ],
            [
              -43.35906083190738,
              -22.77140026453773
            ],
            [
              -43.35912930107367,
              -22.771328197255034
            ]
          ]
        ]
      }
    },
    {
      "type": "Feature",
      "properties": {
        "CLASSE": "Média",
        "referenceYear": 2015,
        "overlayColor": "#e4bd59"
      },
      "geometry": {
        "type": "Polygon",
        "coordinates": [
          [
            [
              -43.36293005604593,
              -22.77059422994142
            ],
            [
              -43.36258454494976,
              -22.770213899528393
            ],
            [
              -43.362532736869376,
              -22.770171572087303
            ],
            [
              -43.36256653527015,
              -22.77036928691393
            ],
            [
              -43.36278824059632,
              -22.770641836022936
            ],
            [
              -43.363044649333865,
              -22.77073836027687
            ],
            [
              -43.36330798972901,
              -22.77068680789251
            ],
            [
              -43.36335503564987,
              -22.77063156252453
            ],
            [
              -43.36293005604593,
              -22.77059422994142
            ]
          ]
        ]
      }
    },
    {
      "type": "Feature",
      "properties": {
        "CLASSE": "Média",
        "referenceYear": 2015,
        "overlayColor": "#e4bd59"
      },
      "geometry": {
        "type": "Polygon",
        "coordinates": [
          [
            [
              -43.35504729746848,
              -22.771244377592613
            ],
            [
              -43.3548724999315,
              -22.770787336804844
            ],
            [
              -43.354812422811655,
              -22.770321330693683
            ],
            [
              -43.354777905205346,
              -22.769345073362494
            ],
            [
              -43.35475416453218,
              -22.76914330770564
            ],
            [
              -43.354694832511214,
              -22.76919137923364
            ],
            [
              -43.354670998038365,
              -22.76950369363872
            ],
            [
              -43.35470522785067,
              -22.770158799977683
            ],
            [
              -43.354649546301374,
              -22.77088848177163
            ],
            [
              -43.35471880775747,
              -22.77110499315073
            ],
            [
              -43.355068996605105,
              -22.77131401281747
            ],
            [
              -43.35504729746848,
              -22.771244377592613
            ]
          ]
        ]
      }
    },
    {
      "type": "Feature",
      "properties": {
        "CLASSE": "Média",
        "referenceYear": 2015,
        "overlayColor": "#e4bd59"
      },
      "geometry": {
        "type": "Polygon",
        "coordinates": [
          [
            [
              -43.36249230574345,
              -22.76993842875521
            ],
            [
              -43.36242660592242,
              -22.768749354293185
            ],
            [
              -43.36239253443756,
              -22.7677530416908
            ],
            [
              -43.36236707851159,
              -22.767731473279518
            ],
            [
              -43.362332832569116,
              -22.76833254718078
            ],
            [
              -43.36213274165911,
              -22.76917293237439
            ],
            [
              -43.362097747191484,
              -22.76981266886128
            ],
            [
              -43.36231700618446,
              -22.76996529867866
            ],
            [
              -43.36253327555498,
              -22.77012642208091
            ],
            [
              -43.36249230574345,
              -22.76993842875521
            ]
          ]
        ]
      }
    },
    {
      "type": "Feature",
      "properties": {
        "CLASSE": "Média",
        "referenceYear": 2015,
        "overlayColor": "#e4bd59"
      },
      "geometry": {
        "type": "Polygon",
        "coordinates": [
          [
            [
              -43.35492047164055,
              -22.768555493574965
            ],
            [
              -43.355176865716146,
              -22.768219889392807
            ],
            [
              -43.35535237839929,
              -22.76801886522128
            ],
            [
              -43.35566809968743,
              -22.767842728524972
            ],
            [
              -43.356274440116415,
              -22.767748956489143
            ],
            [
              -43.35672272859465,
              -22.76779599962353
            ],
            [
              -43.357381122621234,
              -22.768042632399805
            ],
            [
              -43.35774771737434,
              -22.76814650820493
            ],
            [
              -43.35863421269435,
              -22.768065073992442
            ],
            [
              -43.35886188725183,
              -22.7680889622272
            ],
            [
              -43.35897489512976,
              -22.76821800871694
            ],
            [
              -43.35900124588815,
              -22.768238768294335
            ],
            [
              -43.359027845177025,
              -22.768065227327963
            ],
            [
              -43.35929646775145,
              -22.767855369000827
            ],
            [
              -43.35920204716456,
              -22.76743139218483
            ],
            [
              -43.359137039577355,
              -22.76707882024778
            ],
            [
              -43.35904799917916,
              -22.767424498876416
            ],
            [
              -43.35878739152901,
              -22.767698810057333
            ],
            [
              -43.358506621723386,
              -22.767791164231294
            ],
            [
              -43.3582539733955,
              -22.767807375784844
            ],
            [
              -43.357842655204536,
              -22.76774491676207
            ],
            [
              -43.35730790500373,
              -22.76763096936093
            ],
            [
              -43.35693807694314,
              -22.76756446747975
            ],
            [
              -43.356277046397864,
              -22.767423607244798
            ],
            [
              -43.35592452383513,
              -22.76739368207176
            ],
            [
              -43.35561079015186,
              -22.767761250206348
            ],
            [
              -43.355146554937654,
              -22.768123905607037
            ],
            [
              -43.354923392216264,
              -22.768409019362878
            ],
            [
              -43.354858031996905,
              -22.76860251340489
            ],
            [
              -43.35492047164055,
              -22.768555493574965
            ]
          ]
        ]
      }
    },
    {
      "type": "Feature",
      "properties": {
        "CLASSE": "Média",
        "referenceYear": 2015,
        "overlayColor": "#e4bd59"
      },
      "geometry": {
        "type": "Polygon",
        "coordinates": [
          [
            [
              -43.362399097688936,
              -22.76735088596139
            ],
            [
              -43.362454891212025,
              -22.766230471333795
            ],
            [
              -43.36238970172153,
              -22.765835172359402
            ],
            [
              -43.36235273742218,
              -22.765864051615452
            ],
            [
              -43.36224806477224,
              -22.766822754914116
            ],
            [
              -43.36233218661935,
              -22.76747501382496
            ],
            [
              -43.36236977187719,
              -22.76750572319472
            ],
            [
              -43.362399097688936,
              -22.76735088596139
            ]
          ]
        ]
      }
    },
    {
      "type": "Feature",
      "properties": {
        "CLASSE": "Média",
        "referenceYear": 2015,
        "overlayColor": "#e4bd59"
      },
      "geometry": {
        "type": "Polygon",
        "coordinates": [
          [
            [
              -43.36379559174117,
              -22.76415793583531
            ],
            [
              -43.36418945999543,
              -22.764217732244546
            ],
            [
              -43.36503975258106,
              -22.764435398614783
            ],
            [
              -43.36558949695145,
              -22.76462652095085
            ],
            [
              -43.36593334236648,
              -22.76485380882789
            ],
            [
              -43.36619686153342,
              -22.765061386424932
            ],
            [
              -43.366111881373435,
              -22.76468999880387
            ],
            [
              -43.365723243593486,
              -22.764553109648556
            ],
            [
              -43.36528836297389,
              -22.764426811669843
            ],
            [
              -43.36442910215304,
              -22.763942125728416
            ],
            [
              -43.364161898676144,
              -22.763919455693248
            ],
            [
              -43.36389766337871,
              -22.764068670900894
            ],
            [
              -43.363773350876414,
              -22.764133450235022
            ],
            [
              -43.36379559174117,
              -22.76415793583531
            ]
          ]
        ]
      }
    },
    {
      "type": "Feature",
      "properties": {
        "CLASSE": "Média",
        "referenceYear": 2015,
        "overlayColor": "#e4bd59"
      },
      "geometry": {
        "type": "Polygon",
        "coordinates": [
          [
            [
              -43.36352938713138,
              -22.7641761048804
            ],
            [
              -43.363529925331484,
              -22.76413095481758
            ],
            [
              -43.36348124022659,
              -22.764130455689592
            ],
            [
              -43.3634807020105,
              -22.764175605751316
            ],
            [
              -43.36352938713138,
              -22.7641761048804
            ]
          ]
        ]
      }
    },
    {
      "type": "Feature",
      "properties": {
        "CLASSE": "Média",
        "referenceYear": 2015,
        "overlayColor": "#e4bd59"
      },
      "geometry": {
        "type": "Polygon",
        "coordinates": [
          [
            [
              -43.35664063796917,
              -22.764012678922565
            ],
            [
              -43.356522799440754,
              -22.763814447964307
            ],
            [
              -43.35584094004455,
              -22.763781009264342
            ],
            [
              -43.35586184534044,
              -22.763806708595965
            ],
            [
              -43.35624879504748,
              -22.763955898671476
            ],
            [
              -43.35640680794344,
              -22.764071627087038
            ],
            [
              -43.356490423820034,
              -22.764174425451305
            ],
            [
              -43.35651766278345,
              -22.764194377363047
            ],
            [
              -43.35664063796917,
              -22.764012678922565
            ]
          ]
        ]
      }
    },
    {
      "type": "Feature",
      "properties": {
        "CLASSE": "Média",
        "referenceYear": 2015,
        "overlayColor": "#e4bd59"
      },
      "geometry": {
        "type": "Polygon",
        "coordinates": [
          [
            [
              -43.351578200163594,
              -22.77234205134484
            ],
            [
              -43.35166154661046,
              -22.772159052505533
            ],
            [
              -43.35160568362957,
              -22.771820141077484
            ],
            [
              -43.35155699608998,
              -22.7718196381533
            ],
            [
              -43.351550487914245,
              -22.77236143510591
            ],
            [
              -43.351578200163594,
              -22.77234205134484
            ]
          ]
        ]
      }
    },
    {
      "type": "Feature",
      "properties": {
        "CLASSE": "Média",
        "referenceYear": 2015,
        "overlayColor": "#e4bd59"
      },
      "geometry": {
        "type": "Polygon",
        "coordinates": [
          [
            [
              -43.35170547358758,
              -22.771420153481422
            ],
            [
              -43.35216925671855,
              -22.77069733925829
            ],
            [
              -43.352263843613144,
              -22.770455729813385
            ],
            [
              -43.3521643414329,
              -22.76971956895573
            ],
            [
              -43.35191018674096,
              -22.76940502414652
            ],
            [
              -43.35183319534131,
              -22.76900702773755
            ],
            [
              -43.35161671261454,
              -22.76895202985698
            ],
            [
              -43.35114199683139,
              -22.768862886992242
            ],
            [
              -43.35081053273211,
              -22.768677539902715
            ],
            [
              -43.35018902062972,
              -22.76814791905979
            ],
            [
              -43.350221957152414,
              -22.7682536210816
            ],
            [
              -43.35063431502401,
              -22.76870761481374
            ],
            [
              -43.35108344573401,
              -22.768974999587712
            ],
            [
              -43.35138893696735,
              -22.76944034481347
            ],
            [
              -43.351591522862414,
              -22.769900707541364
            ],
            [
              -43.35174061533084,
              -22.770570331250333
            ],
            [
              -43.351687286124,
              -22.771258220492594
            ],
            [
              -43.351658709588364,
              -22.771459445979332
            ],
            [
              -43.35170547358758,
              -22.771420153481422
            ]
          ]
        ]
      }
    },
    {
      "type": "Feature",
      "properties": {
        "CLASSE": "Média",
        "referenceYear": 2015,
        "overlayColor": "#e4bd59"
      },
      "geometry": {
        "type": "Polygon",
        "coordinates": [
          [
            [
              -43.34189019652675,
              -22.76472604268759
            ],
            [
              -43.34203162721037,
              -22.764502114574277
            ],
            [
              -43.342057746025716,
              -22.764089998447247
            ],
            [
              -43.342020328251806,
              -22.764119223631422
            ],
            [
              -43.34178082633097,
              -22.764695037764017
            ],
            [
              -43.341756912825176,
              -22.764809357225445
            ],
            [
              -43.34189019652675,
              -22.76472604268759
            ]
          ]
        ]
      }
    },
    {
      "type": "Feature",
      "properties": {
        "CLASSE": "Média",
        "referenceYear": 2015,
        "overlayColor": "#e4bd59"
      },
      "geometry": {
        "type": "Polygon",
        "coordinates": [
          [
            [
              -43.34771277222485,
              -22.763516460134998
            ],
            [
              -43.34766408772554,
              -22.763515956196958
            ],
            [
              -43.34766354432525,
              -22.76356110590256
            ],
            [
              -43.34771222884056,
              -22.76356160984171
            ],
            [
              -43.34771277222485,
              -22.763516460134998
            ]
          ]
        ]
      }
    },
    {
      "type": "Feature",
      "properties": {
        "CLASSE": "Média",
        "referenceYear": 2015,
        "overlayColor": "#e4bd59"
      },
      "geometry": {
        "type": "Polygon",
        "coordinates": [
          [
            [
              -43.34763926504042,
              -22.7634341377092
            ],
            [
              -43.34742158231785,
              -22.763098519192674
            ],
            [
              -43.3471559026825,
              -22.76295372517268
            ],
            [
              -43.346551270533745,
              -22.76270719832436
            ],
            [
              -43.346117062426735,
              -22.762596828889063
            ],
            [
              -43.346235786833475,
              -22.762727555210756
            ],
            [
              -43.34647371027331,
              -22.762853915901047
            ],
            [
              -43.346875654213775,
              -22.763025265781682
            ],
            [
              -43.34755926912259,
              -22.76348550117819
            ],
            [
              -43.34766408772554,
              -22.763515956196958
            ],
            [
              -43.34763926504042,
              -22.7634341377092
            ]
          ]
        ]
      }
    },
    {
      "type": "Feature",
      "properties": {
        "CLASSE": "Média",
        "referenceYear": 2015,
        "overlayColor": "#e4bd59"
      },
      "geometry": {
        "type": "Polygon",
        "coordinates": [
          [
            [
              -43.34611760630983,
              -22.76255167921332
            ],
            [
              -43.34606892219185,
              -22.762551174809087
            ],
            [
              -43.34606837829275,
              -22.762596324483713
            ],
            [
              -43.346117062426735,
              -22.762596828889063
            ],
            [
              -43.34611760630983,
              -22.76255167921332
            ]
          ]
        ]
      }
    },
    {
      "type": "Feature",
      "properties": {
        "CLASSE": "Média",
        "referenceYear": 2015,
        "overlayColor": "#e4bd59"
      },
      "geometry": {
        "type": "Polygon",
        "coordinates": [
          [
            [
              -43.34525217552659,
              -22.761639604496693
            ],
            [
              -43.34520349175326,
              -22.76163909984768
            ],
            [
              -43.345202947593904,
              -22.761684249507653
            ],
            [
              -43.34525163138322,
              -22.76168475415778
            ],
            [
              -43.34525217552659,
              -22.761639604496693
            ]
          ]
        ]
      }
    },
    {
      "type": "Feature",
      "properties": {
        "CLASSE": "Média",
        "referenceYear": 2015,
        "overlayColor": "#e4bd59"
      },
      "geometry": {
        "type": "Polygon",
        "coordinates": [
          [
            [
              -43.34229382565925,
              -22.76276123188164
            ],
            [
              -43.34246457560052,
              -22.762435206336818
            ],
            [
              -43.342602809002,
              -22.762253297610744
            ],
            [
              -43.343181581355296,
              -22.761822187876128
            ],
            [
              -43.343829968128006,
              -22.761325462475646
            ],
            [
              -43.34423474468193,
              -22.76134454955564
            ],
            [
              -43.34477442404034,
              -22.76143747747414
            ],
            [
              -43.34512980072419,
              -22.761616619567928
            ],
            [
              -43.34520349175326,
              -22.76163909984768
            ],
            [
              -43.34492119991062,
              -22.761339418665674
            ],
            [
              -43.344500612068146,
              -22.761121774357527
            ],
            [
              -43.344203663288596,
              -22.76110226715805
            ],
            [
              -43.343966422345254,
              -22.761150870574305
            ],
            [
              -43.34364969934781,
              -22.761252571278693
            ],
            [
              -43.34316200033732,
              -22.761368300154103
            ],
            [
              -43.34297746669897,
              -22.76126025313769
            ],
            [
              -43.342864632290215,
              -22.760535489686607
            ],
            [
              -43.3426838430815,
              -22.760084331262036
            ],
            [
              -43.342334564003046,
              -22.759562184194955
            ],
            [
              -43.34187723530354,
              -22.759325515432366
            ],
            [
              -43.34132837116096,
              -22.75937535955458
            ],
            [
              -43.34080159199599,
              -22.759652511114247
            ],
            [
              -43.34033093655426,
              -22.760033801737773
            ],
            [
              -43.34037602128242,
              -22.760370377040815
            ],
            [
              -43.34065717659148,
              -22.76060866136587
            ],
            [
              -43.34079482659068,
              -22.76081443851376
            ],
            [
              -43.341031192461955,
              -22.760957328477403
            ],
            [
              -43.341181155897864,
              -22.761181515593204
            ],
            [
              -43.3413828674058,
              -22.76128590252549
            ],
            [
              -43.34161854798092,
              -22.76138920068589
            ],
            [
              -43.34172316977983,
              -22.761669447186094
            ],
            [
              -43.34179847819243,
              -22.761985617515105
            ],
            [
              -43.34206644867577,
              -22.76221272186846
            ],
            [
              -43.34203977141311,
              -22.76256188119632
            ],
            [
              -43.342121107300265,
              -22.76264822849391
            ],
            [
              -43.342197468152534,
              -22.76271294415672
            ],
            [
              -43.34224284266733,
              -22.762761111707825
            ],
            [
              -43.34226829434149,
              -22.762782683101857
            ],
            [
              -43.34229382565925,
              -22.76276123188164
            ]
          ],
          [
            [
              -43.341635486533605,
              -22.760520202910904
            ],
            [
              -43.341826781962226,
              -22.760634635751344
            ],
            [
              -43.34156366490231,
              -22.76065306773007
            ],
            [
              -43.34153200041355,
              -22.760582479983796
            ],
            [
              -43.341635486533605,
              -22.760520202910904
            ]
          ]
        ]
      }
    },
    {
      "type": "Feature",
      "properties": {
        "CLASSE": "Média",
        "referenceYear": 2015,
        "overlayColor": "#e4bd59"
      },
      "geometry": {
        "type": "Polygon",
        "coordinates": [
          [
            [
              -43.33874892849853,
              -22.761072945324226
            ],
            [
              -43.33829465451163,
              -22.760884585621362
            ],
            [
              -43.33813185833978,
              -22.760773333699188
            ],
            [
              -43.33771604611232,
              -22.760748516038557
            ],
            [
              -43.33774369535115,
              -22.760778960677822
            ],
            [
              -43.33822021813905,
              -22.760917447056258
            ],
            [
              -43.338756260704045,
              -22.761144843031847
            ],
            [
              -43.3388308456179,
              -22.761166516948236
            ],
            [
              -43.33874892849853,
              -22.761072945324226
            ]
          ]
        ]
      }
    },
    {
      "type": "Feature",
      "properties": {
        "CLASSE": "Média",
        "referenceYear": 2015,
        "overlayColor": "#e4bd59"
      },
      "geometry": {
        "type": "Polygon",
        "coordinates": [
          [
            [
              -43.336450828524484,
              -22.76069018162819
            ],
            [
              -43.336451375534494,
              -22.76064503216335
            ],
            [
              -43.336110593141804,
              -22.760641480672856
            ],
            [
              -43.33611004601987,
              -22.760686630129886
            ],
            [
              -43.336450828524484,
              -22.76069018162819
            ]
          ]
        ]
      }
    },
    {
      "type": "Feature",
      "properties": {
        "CLASSE": "Média",
        "referenceYear": 2015,
        "overlayColor": "#e4bd59"
      },
      "geometry": {
        "type": "Polygon",
        "coordinates": [
          [
            [
              -43.33693820764192,
              -22.76065010446052
            ],
            [
              -43.33693875449064,
              -22.76060495498424
            ],
            [
              -43.336744021695,
              -22.760602926247813
            ],
            [
              -43.33674347478232,
              -22.760648075719626
            ],
            [
              -43.33693820764192,
              -22.76065010446052
            ]
          ]
        ]
      }
    },
    {
      "type": "Feature",
      "properties": {
        "CLASSE": "Média",
        "referenceYear": 2015,
        "overlayColor": "#e4bd59"
      },
      "geometry": {
        "type": "Polygon",
        "coordinates": [
          [
            [
              -43.33367753101053,
              -22.760525792946055
            ],
            [
              -43.33370393867081,
              -22.760505170834893
            ],
            [
              -43.333758330027216,
              -22.760060258888867
            ],
            [
              -43.33403808473002,
              -22.76000437953774
            ],
            [
              -43.33413668303762,
              -22.759170899723017
            ],
            [
              -43.33401305949633,
              -22.75910522838351
            ],
            [
              -43.33377379568428,
              -22.75905218546335
            ],
            [
              -43.33371708138099,
              -22.75874425809207
            ],
            [
              -43.33363897579129,
              -22.758969305347364
            ],
            [
              -43.33368957834353,
              -22.759649121346044
            ],
            [
              -43.33361424353529,
              -22.75987206289779
            ],
            [
              -43.33336751677293,
              -22.760142432752673
            ],
            [
              -43.33341150310697,
              -22.760231187513362
            ],
            [
              -43.3336528500489,
              -22.76033409872618
            ],
            [
              -43.33367753101053,
              -22.760525792946055
            ]
          ]
        ]
      }
    }
  ]
}
