{"type": "FeatureCollection", "features": [{"type": "Feature", "geometry": {"type": "Polygon", "coordinates": [[[-43.37031429999996, -22.80218779999996], [-43.36999989999998, -22.802550399999973], [-43.37051289999994, -22.802687599999956], [-43.370996299999945, -22.802810699999956], [-43.371085799999946, -22.802380299999978], [-43.371094099999944, -22.802340299999976], [-43.371214099999975, -22.802008999999934], [-43.37218399999995, -22.802570199999934], [-43.37348479999997, -22.80330869999994], [-43.373508999999956, -22.80320069999993], [-43.373621999999955, -22.803029599999938], [-43.373684899999944, -22.80293449999994], [-43.37381789999995, -22.802713599999947], [-43.37377279999998, -22.802689699999977], [-43.373119299999985, -22.80216799999993], [-43.37371619999994, -22.801307599999966], [-43.37228939999994, -22.80054529999995], [-43.37193389999993, -22.80034009999996], [-43.37192209999995, -22.80033319999995], [-43.37031429999996, -22.80218779999996]]]}, "properties": {"id": "330510905000001", "name": "Setor 330510905000001", "meanMonthlyBRL": 2618.75, "medianMonthlyBRL": 2000.0, "status": "published", "sourceTerritoryType": "census_sector", "overlayColor": "#6baed6"}}, {"type": "Feature", "geometry": {"type": "Polygon", "coordinates": [[[-43.37381789999995, -22.802713599999947], [-43.37512039999996, -22.803403699999944], [-43.37622619999996, -22.80398959999996], [-43.376571299999966, -22.803535399999927], [-43.37670099999997, -22.803364699999978], [-43.37694829999998, -22.802987299999927], [-43.375756199999955, -22.80239899999998], [-43.37541379999993, -22.802229999999952], [-43.37476839999994, -22.801873699999927], [-43.37416019999995, -22.802145399999972], [-43.37381789999995, -22.802713599999947]]]}, "properties": {"id": "330510905000002", "name": "Setor 330510905000002", "meanMonthlyBRL": 3332.6, "medianMonthlyBRL": 2400.0, "status": "published", "sourceTerritoryType": "census_sector", "overlayColor": "#6baed6"}}, {"type": "Feature", "geometry": {"type": "Polygon", "coordinates": [[[-43.37348479999997, -22.80330869999994], [-43.37331409999996, -22.80407179999998], [-43.373275999999976, -22.804241699999974], [-43.37330939999998, -22.804259299999952], [-43.37463189999994, -22.804955299999957], [-43.37539779999997, -22.805365799999944], [-43.37579019999998, -22.80549789999998], [-43.37639779999995, -22.805537499999957], [-43.37716999999998, -22.805395299999926], [-43.37714219999998, -22.805262799999984], [-43.377129199999956, -22.805201099999973], [-43.37691099999996, -22.804279199999936], [-43.37665349999998, -22.804391499999944], [-43.376311199999975, -22.80464819999997], [-43.37622029999994, -22.804855399999948], [-43.37576379999996, -22.80459819999992], [-43.37622619999996, -22.80398959999996], [-43.37512039999996, -22.803403699999944], [-43.37381789999995, -22.802713599999947], [-43.373684899999944, -22.80293449999994], [-43.373621999999955, -22.803029599999938], [-43.373508999999956, -22.80320069999993], [-43.37348479999997, -22.80330869999994]]]}, "properties": {"id": "330510905000003", "name": "Setor 330510905000003", "meanMonthlyBRL": 2889.85, "medianMonthlyBRL": 2000.0, "status": "published", "sourceTerritoryType": "census_sector", "overlayColor": "#6baed6"}}, {"type": "Feature", "geometry": {"type": "Polygon", "coordinates": [[[-43.374121799999955, -22.800369299999943], [-43.37429449999996, -22.80046179999994], [-43.37431209999994, -22.800471199999944], [-43.37565319999993, -22.800137699999933], [-43.375684999999976, -22.800130199999955], [-43.37665509999994, -22.799476699999953], [-43.375100499999974, -22.79866109999995], [-43.37456969999994, -22.799498999999976], [-43.374121799999955, -22.800369299999943]]]}, "properties": {"id": "330510905000005", "name": "Setor 330510905000005", "meanMonthlyBRL": 2088.51, "medianMonthlyBRL": 1350.0, "status": "published", "sourceTerritoryType": "census_sector", "overlayColor": "#c6dbef"}}, {"type": "Feature", "geometry": {"type": "Polygon", "coordinates": [[[-43.37259749999998, -22.799525599999985], [-43.372224999999965, -22.799978899999925], [-43.37192209999995, -22.80033319999995], [-43.37193389999993, -22.80034009999996], [-43.37228939999994, -22.80054529999995], [-43.37254189999993, -22.800091099999975], [-43.372799199999974, -22.799661299999965], [-43.374121799999955, -22.800369299999943], [-43.37456969999994, -22.799498999999976], [-43.375100499999974, -22.79866109999995], [-43.37379889999994, -22.797924199999958], [-43.37376729999994, -22.79790999999995], [-43.37364319999995, -22.797854299999983], [-43.37340839999996, -22.79843649999998], [-43.37293009999996, -22.79912079999997], [-43.37259749999998, -22.799525599999985]]]}, "properties": {"id": "330510905000006", "name": "Setor 330510905000006", "meanMonthlyBRL": 1754.04, "medianMonthlyBRL": 1600.0, "status": "published", "sourceTerritoryType": "census_sector", "overlayColor": "#9ecae1"}}, {"type": "Feature", "geometry": {"type": "Polygon", "coordinates": [[[-43.372459799999945, -22.797227399999937], [-43.37291179999994, -22.797456799999964], [-43.37316489999995, -22.79756119999996], [-43.373473899999965, -22.797627699999957], [-43.37360979999994, -22.79763089999995], [-43.37367829999994, -22.79763249999996], [-43.37373659999997, -22.797622799999942], [-43.374036899999965, -22.796878299999943], [-43.37391119999995, -22.79681489999996], [-43.37292599999995, -22.79635419999993], [-43.372459799999945, -22.797227399999937]]]}, "properties": {"id": "330510905000007", "name": "Setor 330510905000007", "meanMonthlyBRL": 2034.77, "medianMonthlyBRL": 1400.0, "status": "published", "sourceTerritoryType": "census_sector", "overlayColor": "#c6dbef"}}, {"type": "Feature", "geometry": {"type": "Polygon", "coordinates": [[[-43.37150389999994, -22.796761299999957], [-43.37099019999994, -22.797674299999976], [-43.37052649999998, -22.798540799999948], [-43.371473599999945, -22.798983499999952], [-43.37193929999995, -22.79811739999997], [-43.372459799999945, -22.797227399999937], [-43.37292599999995, -22.79635419999993], [-43.37197829999997, -22.79591069999998], [-43.37150389999994, -22.796761299999957]]]}, "properties": {"id": "330510905000008", "name": "Setor 330510905000008", "meanMonthlyBRL": 2010.83, "medianMonthlyBRL": 1500.0, "status": "published", "sourceTerritoryType": "census_sector", "overlayColor": "#9ecae1"}}, {"type": "Feature", "geometry": {"type": "Polygon", "coordinates": [[[-43.36812269999996, -22.79633539999998], [-43.36906419999997, -22.79677499999996], [-43.37004189999993, -22.79723149999995], [-43.37099019999994, -22.797674299999976], [-43.37150389999994, -22.796761299999957], [-43.37053889999999, -22.79633139999993], [-43.36958819999995, -22.795871099999946], [-43.36890099999994, -22.795559899999947], [-43.36860079999997, -22.795444899999946], [-43.36839229999998, -22.795807099999937], [-43.36812269999996, -22.79633539999998]]]}, "properties": {"id": "330510905000009", "name": "Setor 330510905000009", "meanMonthlyBRL": 1991.95, "medianMonthlyBRL": 1500.0, "status": "published", "sourceTerritoryType": "census_sector", "overlayColor": "#9ecae1"}}, {"type": "Feature", "geometry": {"type": "Polygon", "coordinates": [[[-43.36765839999999, -22.797193999999934], [-43.36863299999993, -22.79765329999998], [-43.36956929999997, -22.798093499999936], [-43.37052649999998, -22.798540799999948], [-43.37099019999994, -22.797674299999976], [-43.37004189999993, -22.79723149999995], [-43.36906419999997, -22.79677499999996], [-43.36812269999996, -22.79633539999998], [-43.367807599999935, -22.796952699999963], [-43.36765839999999, -22.797193999999934]]]}, "properties": {"id": "330510905000010", "name": "Setor 330510905000010", "meanMonthlyBRL": 2468.37, "medianMonthlyBRL": 2000.0, "status": "published", "sourceTerritoryType": "census_sector", "overlayColor": "#6baed6"}}, {"type": "Feature", "geometry": {"type": "Polygon", "coordinates": [[[-43.37003169999997, -22.79945789999994], [-43.37098899999995, -22.79990049999997], [-43.37176889999995, -22.80026119999995], [-43.37192209999995, -22.80033319999995], [-43.372224999999965, -22.799978899999925], [-43.37259749999998, -22.799525599999985], [-43.372508899999964, -22.79946739999997], [-43.371473599999945, -22.798983499999952], [-43.37052649999998, -22.798540799999948], [-43.37003169999997, -22.79945789999994]]]}, "properties": {"id": "330510905000011", "name": "Setor 330510905000011", "meanMonthlyBRL": 1949.26, "medianMonthlyBRL": 1500.0, "status": "published", "sourceTerritoryType": "census_sector", "overlayColor": "#9ecae1"}}, {"type": "Feature", "geometry": {"type": "Polygon", "coordinates": [[[-43.36716469999993, -22.79807169999998], [-43.368106799999964, -22.79853079999998], [-43.36906069999998, -22.798995599999948], [-43.37003169999997, -22.79945789999994], [-43.37052649999998, -22.798540799999948], [-43.36956929999997, -22.798093499999936], [-43.36863299999993, -22.79765329999998], [-43.36765839999999, -22.797193999999934], [-43.36758419999995, -22.797313999999975], [-43.36741779999994, -22.797613499999954], [-43.36716469999993, -22.79807169999998]]]}, "properties": {"id": "330510905000012", "name": "Setor 330510905000012", "meanMonthlyBRL": 2374.99, "medianMonthlyBRL": 1900.0, "status": "published", "sourceTerritoryType": "census_sector", "overlayColor": "#9ecae1"}}, {"type": "Feature", "geometry": {"type": "Polygon", "coordinates": [[[-43.36954769999994, -22.80032249999993], [-43.37046829999997, -22.800767499999953], [-43.37015119999996, -22.801207199999958], [-43.36991169999993, -22.801492599999957], [-43.369511099999954, -22.80194259999996], [-43.370140299999946, -22.802123699999978], [-43.37031429999996, -22.80218779999996], [-43.37192209999995, -22.80033319999995], [-43.37176889999995, -22.80026119999995], [-43.37098899999995, -22.79990049999997], [-43.37003169999997, -22.79945789999994], [-43.36986589999998, -22.79978579999993], [-43.36954769999994, -22.80032249999993]]]}, "properties": {"id": "330510905000013", "name": "Setor 330510905000013", "meanMonthlyBRL": 2683.66, "medianMonthlyBRL": 2000.0, "status": "published", "sourceTerritoryType": "census_sector", "overlayColor": "#6baed6"}}, {"type": "Feature", "geometry": {"type": "Polygon", "coordinates": [[[-43.36873449999996, -22.80171899999993], [-43.369511099999954, -22.80194259999996], [-43.36991169999993, -22.801492599999957], [-43.37015119999996, -22.801207199999958], [-43.37046829999997, -22.800767499999953], [-43.36954769999994, -22.80032249999993], [-43.36857219999996, -22.799850999999926], [-43.368124799999975, -22.800683699999976], [-43.36832099999998, -22.800755599999945], [-43.36909919999994, -22.801116099999938], [-43.36873449999996, -22.80171899999993]]]}, "properties": {"id": "330510905000014", "name": "Setor 330510905000014", "meanMonthlyBRL": 2085.44, "medianMonthlyBRL": 1500.0, "status": "published", "sourceTerritoryType": "census_sector", "overlayColor": "#9ecae1"}}, {"type": "Feature", "geometry": {"type": "Polygon", "coordinates": [[[-43.366592699999956, -22.798971799999947], [-43.36666199999996, -22.798991999999934], [-43.36763739999998, -22.79941929999996], [-43.368083299999974, -22.799614699999946], [-43.36857219999996, -22.799850999999926], [-43.36954769999994, -22.80032249999993], [-43.36986589999998, -22.79978579999993], [-43.37003169999997, -22.79945789999994], [-43.36906069999998, -22.798995599999948], [-43.368106799999964, -22.79853079999998], [-43.36716469999993, -22.79807169999998], [-43.366871499999945, -22.798538599999972], [-43.366592699999956, -22.798971799999947]]]}, "properties": {"id": "330510905000015", "name": "Setor 330510905000015", "meanMonthlyBRL": 1911.46, "medianMonthlyBRL": 1500.0, "status": "published", "sourceTerritoryType": "census_sector", "overlayColor": "#9ecae1"}}, {"type": "Feature", "geometry": {"type": "Polygon", "coordinates": [[[-43.36738619999995, -22.801285699999937], [-43.367438499999935, -22.80134579999998], [-43.36770949999993, -22.801423899999968], [-43.36873449999996, -22.80171899999993], [-43.36909919999994, -22.801116099999938], [-43.36832099999998, -22.800755599999945], [-43.368124799999975, -22.800683699999976], [-43.36857219999996, -22.799850999999926], [-43.368083299999974, -22.799614699999946], [-43.36763739999998, -22.79941929999996], [-43.36666199999996, -22.798991999999934], [-43.366592699999956, -22.798971799999947], [-43.36683769999996, -22.800080199999968], [-43.366952599999934, -22.800649299999968], [-43.36696869999997, -22.800728799999938], [-43.367087699999956, -22.800919199999953], [-43.36723049999995, -22.801106699999927], [-43.36738619999995, -22.801285699999937]]]}, "properties": {"id": "330510905000016", "name": "Setor 330510905000016", "meanMonthlyBRL": 2049.19, "medianMonthlyBRL": 1500.0, "status": "published", "sourceTerritoryType": "census_sector", "overlayColor": "#9ecae1"}}, {"type": "Feature", "geometry": {"type": "Polygon", "coordinates": [[[-43.36763549999995, -22.80239959999994], [-43.36734209999997, -22.803326799999983], [-43.36695759999998, -22.80460649999998], [-43.36693029999998, -22.80468399999996], [-43.366924099999956, -22.804701599999934], [-43.36724809999999, -22.804863599999972], [-43.367327899999964, -22.804903499999966], [-43.367352899999965, -22.80491599999993], [-43.36744799999997, -22.80495439999992], [-43.36747109999993, -22.804963799999936], [-43.36754319999994, -22.804992899999938], [-43.36763709999997, -22.805011499999978], [-43.367776799999945, -22.80503919999995], [-43.36778999999996, -22.805041799999962], [-43.36781129999997, -22.805044299999963], [-43.367817499999944, -22.805044999999943], [-43.36782339999996, -22.80503889999994], [-43.36861449999998, -22.804226799999977], [-43.368852899999986, -22.803926499999935], [-43.369318599999986, -22.803339699999984], [-43.36937489999997, -22.803268699999926], [-43.369454099999984, -22.80317769999993], [-43.36999989999998, -22.802550399999973], [-43.37031429999996, -22.80218779999996], [-43.370140299999946, -22.802123699999978], [-43.369511099999954, -22.80194259999996], [-43.36873449999996, -22.80171899999993], [-43.36770949999993, -22.801423899999968], [-43.367438499999935, -22.80134579999998], [-43.367550499999936, -22.801474599999946], [-43.36761489999998, -22.80158729999993], [-43.36775959999994, -22.80184059999993], [-43.36768109999997, -22.802254699999928], [-43.36763549999995, -22.80239959999994]]]}, "properties": {"id": "330510905000018", "name": "Setor 330510905000018", "meanMonthlyBRL": 2070.07, "medianMonthlyBRL": 1760.0, "status": "published", "sourceTerritoryType": "census_sector", "overlayColor": "#9ecae1"}}, {"type": "Feature", "geometry": {"type": "Polygon", "coordinates": [[[-43.365296599999965, -22.802750999999944], [-43.366324299999974, -22.803040299999964], [-43.36617589999997, -22.803620899999938], [-43.36602739999995, -22.804201499999973], [-43.36601859999996, -22.80423619999993], [-43.36601209999998, -22.80426159999996], [-43.36629949999997, -22.80438929999996], [-43.36632119999996, -22.804400199999975], [-43.366877399999964, -22.804678199999955], [-43.366924099999956, -22.804701599999934], [-43.36693029999998, -22.80468399999996], [-43.36695759999998, -22.80460649999998], [-43.36734209999997, -22.803326799999983], [-43.36763549999995, -22.80239959999994], [-43.36662949999993, -22.802104199999977], [-43.365616999999936, -22.80180689999997], [-43.365296599999965, -22.802750999999944]]]}, "properties": {"id": "330510905000019", "name": "Setor 330510905000019", "meanMonthlyBRL": 2742.05, "medianMonthlyBRL": 2150.0, "status": "published", "sourceTerritoryType": "census_sector", "overlayColor": "#6baed6"}}, {"type": "Feature", "geometry": {"type": "Polygon", "coordinates": [[[-43.36398049999997, -22.803362699999976], [-43.36376939999997, -22.80397419999997], [-43.363738499999954, -22.804063799999938], [-43.36366889999994, -22.804212699999937], [-43.36379699999998, -22.804196999999927], [-43.363877799999955, -22.804187099999968], [-43.36396619999994, -22.80417619999997], [-43.36421829999995, -22.804145299999952], [-43.36436189999995, -22.80412769999998], [-43.36446879999994, -22.804114599999938], [-43.36457559999997, -22.804101399999972], [-43.364859699999954, -22.804078199999932], [-43.36492119999997, -22.80407319999995], [-43.365055899999966, -22.80406209999995], [-43.36513499999995, -22.804055599999973], [-43.36515229999998, -22.804055599999963], [-43.36531409999998, -22.804055599999963], [-43.365318599999966, -22.804055599999966], [-43.36532419999998, -22.804055599999963], [-43.36532959999994, -22.804055599999966], [-43.365331399999945, -22.80405569999993], [-43.36533469999995, -22.804055899999987], [-43.365364399999976, -22.80405789999998], [-43.36539529999993, -22.80405999999994], [-43.365435899999966, -22.804062799999937], [-43.365439099999946, -22.804062999999932], [-43.365475199999935, -22.80406549999998], [-43.36550109999996, -22.804072099999928], [-43.365512799999976, -22.80407509999998], [-43.36555579999998, -22.804086099999946], [-43.36555979999997, -22.80408709999994], [-43.36557329999994, -22.80409059999993], [-43.36558379999997, -22.80409319999995], [-43.36559109999996, -22.804095099999927], [-43.365601599999934, -22.804097799999965], [-43.36560639999993, -22.80409899999995], [-43.36560989999998, -22.80409989999999], [-43.36561249999994, -22.80410059999997], [-43.36561419999998, -22.804100999999953], [-43.36561629999994, -22.804101599999967], [-43.36562059999994, -22.80410309999997], [-43.36566699999997, -22.80411889999994], [-43.36571059999994, -22.804133699999955], [-43.36574929999995, -22.80414689999997], [-43.365769599999965, -22.80415379999994], [-43.36578119999996, -22.80415899999997], [-43.36581399999994, -22.80417349999994], [-43.365881499999944, -22.804203499999968], [-43.36601209999998, -22.80426159999996], [-43.36601859999996, -22.80423619999993], [-43.36602739999995, -22.804201499999973], [-43.36617589999997, -22.803620899999938], [-43.366324299999974, -22.803040299999964], [-43.365296599999965, -22.802750999999944], [-43.364289299999946, -22.802467499999977], [-43.36398049999997, -22.803362699999976]]]}, "properties": {"id": "330510905000020", "name": "Setor 330510905000020", "meanMonthlyBRL": 2276.15, "medianMonthlyBRL": 1735.0, "status": "published", "sourceTerritoryType": "census_sector", "overlayColor": "#9ecae1"}}, {"type": "Feature", "geometry": {"type": "Polygon", "coordinates": [[[-43.37179999999995, -22.805743699999933], [-43.37265139999994, -22.805926199999924], [-43.372589199999936, -22.80633089999998], [-43.372826799999984, -22.806563899999965], [-43.37295089999998, -22.80661669999995], [-43.37311129999995, -22.80560959999997], [-43.37326959999996, -22.804560399999957], [-43.37326319999994, -22.80435989999995], [-43.373275999999976, -22.804241699999974], [-43.37326319999994, -22.80423859999996], [-43.37271499999997, -22.80424509999995], [-43.37233379999998, -22.80424639999995], [-43.372023499999955, -22.804158699999952], [-43.371921499999985, -22.804950199999947], [-43.37179999999995, -22.805743699999933]]]}, "properties": {"id": "330510905000021", "name": "Setor 330510905000021", "meanMonthlyBRL": 2280.33, "medianMonthlyBRL": 1530.0, "status": "published", "sourceTerritoryType": "census_sector", "overlayColor": "#9ecae1"}}, {"type": "Feature", "geometry": {"type": "Polygon", "coordinates": [[[-43.368852899999986, -22.803926499999935], [-43.36861449999998, -22.804226799999977], [-43.36782339999996, -22.80503889999994], [-43.367817499999944, -22.805044999999943], [-43.36806439999998, -22.80507419999998], [-43.36864949999995, -22.80511259999997], [-43.36892859999995, -22.805130999999957], [-43.36963929999996, -22.80522199999995], [-43.36992289999995, -22.80527159999997], [-43.369986799999936, -22.805282799999933], [-43.37020519999993, -22.805354799999975], [-43.37020689999997, -22.80535239999995], [-43.37028779999997, -22.80523789999996], [-43.370441599999936, -22.804623699999983], [-43.37063619999998, -22.803845399999954], [-43.37075489999995, -22.80384879999996], [-43.37078559999998, -22.803716699999935], [-43.37075549999997, -22.803711499999956], [-43.37060879999996, -22.803685899999948], [-43.37025369999998, -22.80360709999996], [-43.36995529999996, -22.803580399999927], [-43.369790499999965, -22.80358719999998], [-43.36956349999997, -22.80363019999993], [-43.369300599999974, -22.803710899999942], [-43.368852899999986, -22.803926499999935]]]}, "properties": {"id": "330510905000022", "name": "Setor 330510905000022", "meanMonthlyBRL": 2153.66, "medianMonthlyBRL": 1600.0, "status": "published", "sourceTerritoryType": "census_sector", "overlayColor": "#9ecae1"}}, {"type": "Feature", "geometry": {"type": "Polygon", "coordinates": [[[-43.37420169999996, -22.806259799999957], [-43.37541599999997, -22.806843999999955], [-43.37574549999994, -22.80564639999994], [-43.375770699999975, -22.80559449999993], [-43.37579019999998, -22.80549789999998], [-43.37539779999997, -22.805365799999944], [-43.37463189999994, -22.804955299999957], [-43.37460679999998, -22.805034099999947], [-43.37459039999993, -22.80508549999996], [-43.37420169999996, -22.806259799999957]]]}, "properties": {"id": "330510905000023", "name": "Setor 330510905000023", "meanMonthlyBRL": 2685.85, "medianMonthlyBRL": 1900.0, "status": "published", "sourceTerritoryType": "census_sector", "overlayColor": "#9ecae1"}}, {"type": "Feature", "geometry": {"type": "Polygon", "coordinates": [[[-43.37179999999995, -22.805743699999933], [-43.37120249999998, -22.80561559999996], [-43.37118909999998, -22.806192299999967], [-43.371342899999945, -22.80633079999996], [-43.37162269999993, -22.80658279999994], [-43.37173729999995, -22.80668599999996], [-43.37187129999995, -22.806794799999974], [-43.37198619999998, -22.80688809999998], [-43.372064799999976, -22.806951899999945], [-43.37218679999996, -22.807050899999975], [-43.37226609999994, -22.807115299999968], [-43.37233999999995, -22.80718349999995], [-43.37257679999993, -22.807248299999966], [-43.37260999999995, -22.807257399999973], [-43.37261209999997, -22.80725769999998], [-43.37281959999996, -22.807289699999952], [-43.37302919999996, -22.807322099999965], [-43.37321939999998, -22.807351399999952], [-43.373292299999946, -22.80736259999997], [-43.37337359999998, -22.807376899999944], [-43.37368969999994, -22.807432599999974], [-43.37370059999995, -22.80743419999993], [-43.37383879999993, -22.80745469999994], [-43.37383959999994, -22.807452399999935], [-43.373882899999955, -22.807288999999965], [-43.37397889999994, -22.80692759999993], [-43.37401999999997, -22.806772999999968], [-43.37420169999996, -22.806259799999957], [-43.37311129999995, -22.80560959999997], [-43.37295089999998, -22.80661669999995], [-43.372826799999984, -22.806563899999965], [-43.372589199999936, -22.80633089999998], [-43.37265139999994, -22.805926199999924], [-43.37179999999995, -22.805743699999933]]]}, "properties": {"id": "330510905000024", "name": "Setor 330510905000024", "meanMonthlyBRL": 2526.14, "medianMonthlyBRL": 1950.0, "status": "published", "sourceTerritoryType": "census_sector", "overlayColor": "#9ecae1"}}, {"type": "Feature", "geometry": {"type": "Polygon", "coordinates": [[[-43.37533999999994, -22.80712019999993], [-43.37650129999997, -22.807961199999962], [-43.376047599999936, -22.808631099999953], [-43.37618439999994, -22.808836099999947], [-43.37657349999995, -22.809405699999964], [-43.37725779999994, -22.810324899999948], [-43.377368399999966, -22.81014439999996], [-43.377446599999985, -22.809878699999956], [-43.377480899999966, -22.809559899999957], [-43.37746629999998, -22.809168799999945], [-43.377211999999986, -22.808574599999925], [-43.377121699999975, -22.808327399999936], [-43.37706829999996, -22.80782729999992], [-43.377045599999974, -22.807614399999977], [-43.376891099999966, -22.806990799999934], [-43.37618979999996, -22.806979699999946], [-43.37541599999997, -22.806843999999955], [-43.37533999999994, -22.80712019999993]]]}, "properties": {"id": "330510905000025", "name": "Setor 330510905000025", "meanMonthlyBRL": 1716.13, "medianMonthlyBRL": 1212.0, "status": "published", "sourceTerritoryType": "census_sector", "overlayColor": "#c6dbef"}}, {"type": "Feature", "geometry": {"type": "Polygon", "coordinates": [[[-43.37541599999997, -22.806843999999955], [-43.37618979999996, -22.806979699999946], [-43.376891099999966, -22.806990799999934], [-43.377045599999974, -22.807614399999977], [-43.37706829999996, -22.80782729999992], [-43.377121699999975, -22.808327399999936], [-43.377211999999986, -22.808574599999925], [-43.37794939999998, -22.808862199999965], [-43.37835769999998, -22.807784499999972], [-43.37819339999993, -22.807751099999955], [-43.37802379999994, -22.807745499999953], [-43.37767469999994, -22.80774819999994], [-43.37765899999994, -22.80757129999995], [-43.37760319999995, -22.807201699999947], [-43.37758359999998, -22.807087199999955], [-43.37757929999998, -22.80647929999997], [-43.376820399999986, -22.80608049999995], [-43.376659399999944, -22.806055499999957], [-43.37664629999995, -22.806002899999957], [-43.37644749999998, -22.80562959999998], [-43.37642809999994, -22.805593699999974], [-43.37639779999995, -22.805537499999957], [-43.37579019999998, -22.80549789999998], [-43.375770699999975, -22.80559449999993], [-43.37574549999994, -22.80564639999994], [-43.37541599999997, -22.806843999999955]]]}, "properties": {"id": "330510905000026", "name": "Setor 330510905000026", "meanMonthlyBRL": 1820.73, "medianMonthlyBRL": 1212.0, "status": "published", "sourceTerritoryType": "census_sector", "overlayColor": "#c6dbef"}}, {"type": "Feature", "geometry": {"type": "Polygon", "coordinates": [[[-43.37716999999998, -22.805395299999926], [-43.37639779999995, -22.805537499999957], [-43.37642809999994, -22.805593699999974], [-43.37644749999998, -22.80562959999998], [-43.37664629999995, -22.806002899999957], [-43.376659399999944, -22.806055499999957], [-43.376820399999986, -22.80608049999995], [-43.37757929999998, -22.80647929999997], [-43.37758359999998, -22.807087199999955], [-43.37760319999995, -22.807201699999947], [-43.37765899999994, -22.80757129999995], [-43.37767469999994, -22.80774819999994], [-43.37802379999994, -22.807745499999953], [-43.37819339999993, -22.807751099999955], [-43.37835769999998, -22.807784499999972], [-43.378629599999954, -22.807038099999936], [-43.378711299999964, -22.80708179999994], [-43.37927979999995, -22.80524239999994], [-43.37928729999993, -22.80521899999996], [-43.37931309999993, -22.805138399999976], [-43.379237699999976, -22.805133499999954], [-43.37910149999993, -22.80512469999996], [-43.379010999999934, -22.80512059999995], [-43.378848199999936, -22.80511319999994], [-43.37847919999996, -22.805137999999943], [-43.37840139999997, -22.805146199999964], [-43.37822589999996, -22.805171599999934], [-43.377710399999955, -22.80527589999997], [-43.37749599999995, -22.805319499999936], [-43.37716999999998, -22.805395299999926]]]}, "properties": {"id": "330510905000027", "name": "Setor 330510905000027", "meanMonthlyBRL": 1974.0, "medianMonthlyBRL": 1500.0, "status": "published", "sourceTerritoryType": "census_sector", "overlayColor": "#9ecae1"}}, {"type": "Feature", "geometry": {"type": "Polygon", "coordinates": [[[-43.37691099999996, -22.804279199999936], [-43.377129199999956, -22.805201099999973], [-43.37714219999998, -22.805262799999984], [-43.37716999999998, -22.805395299999926], [-43.37749599999995, -22.805319499999936], [-43.377710399999955, -22.80527589999997], [-43.37822589999996, -22.805171599999934], [-43.37840139999997, -22.805146199999964], [-43.37847919999996, -22.805137999999943], [-43.378848199999936, -22.80511319999994], [-43.379010999999934, -22.80512059999995], [-43.37910149999993, -22.80512469999996], [-43.379237699999976, -22.805133499999954], [-43.379260699999975, -22.80495819999993], [-43.379678499999955, -22.803187199999968], [-43.37972739999998, -22.80298009999996], [-43.379447099999936, -22.802921199999957], [-43.37890299999998, -22.802806899999958], [-43.37869909999995, -22.802764099999937], [-43.37845969999995, -22.802730699999927], [-43.378435999999965, -22.803472599999957], [-43.37829819999996, -22.803469299999957], [-43.37702419999994, -22.804229899999935], [-43.37691099999996, -22.804279199999936]]]}, "properties": {"id": "330510905000028", "name": "Setor 330510905000028", "meanMonthlyBRL": 2273.03, "medianMonthlyBRL": 1800.0, "status": "published", "sourceTerritoryType": "census_sector", "overlayColor": "#9ecae1"}}, {"type": "Feature", "geometry": {"type": "Polygon", "coordinates": [[[-43.37476839999994, -22.801873699999927], [-43.37541379999993, -22.802229999999952], [-43.375756199999955, -22.80239899999998], [-43.37694829999998, -22.802987299999927], [-43.37706229999998, -22.80281329999996], [-43.37738079999997, -22.80255179999995], [-43.37764269999997, -22.802598999999923], [-43.37780769999995, -22.80262869999996], [-43.377943399999936, -22.802230799999958], [-43.37815009999997, -22.80160609999996], [-43.37671499999993, -22.80137719999993], [-43.37600039999995, -22.801368899999943], [-43.37566839999994, -22.801465199999942], [-43.375243299999966, -22.80162459999996], [-43.37476839999994, -22.801873699999927]]]}, "properties": {"id": "330510905000029", "name": "Setor 330510905000029", "meanMonthlyBRL": 2777.82, "medianMonthlyBRL": 2000.0, "status": "published", "sourceTerritoryType": "census_sector", "overlayColor": "#6baed6"}}, {"type": "Feature", "geometry": {"type": "Polygon", "coordinates": [[[-43.37694829999998, -22.802987299999927], [-43.37670099999997, -22.803364699999978], [-43.376571299999966, -22.803535399999927], [-43.37622619999996, -22.80398959999996], [-43.37576379999996, -22.80459819999992], [-43.37622029999994, -22.804855399999948], [-43.376311199999975, -22.80464819999997], [-43.37665349999998, -22.804391499999944], [-43.37691099999996, -22.804279199999936], [-43.37702419999994, -22.804229899999935], [-43.37829819999996, -22.803469299999957], [-43.378435999999965, -22.803472599999957], [-43.37845969999995, -22.802730699999927], [-43.378337699999975, -22.802712799999938], [-43.37809829999998, -22.802674199999945], [-43.37804559999995, -22.802665999999935], [-43.37787939999998, -22.80263999999994], [-43.37780769999995, -22.80262869999996], [-43.37764269999997, -22.802598999999923], [-43.37738079999997, -22.80255179999995], [-43.37706229999998, -22.80281329999996], [-43.37694829999998, -22.802987299999927]]]}, "properties": {"id": "330510905000030", "name": "Setor 330510905000030", "meanMonthlyBRL": 2966.36, "medianMonthlyBRL": 2000.0, "status": "published", "sourceTerritoryType": "census_sector", "overlayColor": "#6baed6"}}, {"type": "Feature", "geometry": {"type": "Polygon", "coordinates": [[[-43.37968659999996, -22.799896299999943], [-43.378997499999976, -22.800465799999923], [-43.37873929999995, -22.80057579999993], [-43.37859499999996, -22.80065229999996], [-43.37837489999998, -22.800742999999944], [-43.378183099999944, -22.80089869999995], [-43.37802279999994, -22.80108769999998], [-43.377810899999986, -22.80122779999994], [-43.377537899999936, -22.801357099999958], [-43.37721279999994, -22.80142179999996], [-43.37671499999993, -22.80137719999993], [-43.37815009999997, -22.80160609999996], [-43.378932099999986, -22.801734199999935], [-43.37985249999997, -22.80189259999998], [-43.380231599999945, -22.799931599999972], [-43.37975499999993, -22.79983939999994], [-43.37968659999996, -22.799896299999943]]]}, "properties": {"id": "330510905000031", "name": "Setor 330510905000031", "meanMonthlyBRL": 2426.07, "medianMonthlyBRL": 1500.0, "status": "published", "sourceTerritoryType": "census_sector", "overlayColor": "#9ecae1"}}, {"type": "Feature", "geometry": {"type": "Polygon", "coordinates": [[[-43.37431209999994, -22.800471199999944], [-43.37600039999995, -22.801368899999943], [-43.37671499999993, -22.80137719999993], [-43.37721279999994, -22.80142179999996], [-43.377537899999936, -22.801357099999958], [-43.377810899999986, -22.80122779999994], [-43.37802279999994, -22.80108769999998], [-43.378183099999944, -22.80089869999995], [-43.37837489999998, -22.800742999999944], [-43.37859499999996, -22.80065229999996], [-43.37873929999995, -22.80057579999993], [-43.377558499999964, -22.799964799999945], [-43.37665509999994, -22.799476699999953], [-43.375684999999976, -22.800130199999955], [-43.37565319999993, -22.800137699999933], [-43.37431209999994, -22.800471199999944]]]}, "properties": {"id": "330510905000032", "name": "Setor 330510905000032", "meanMonthlyBRL": 2221.48, "medianMonthlyBRL": 1500.0, "status": "published", "sourceTerritoryType": "census_sector", "overlayColor": "#9ecae1"}}, {"type": "Feature", "geometry": {"type": "Polygon", "coordinates": [[[-43.375100499999974, -22.79866109999995], [-43.37665509999994, -22.799476699999953], [-43.377558499999964, -22.799964799999945], [-43.37873929999995, -22.80057579999993], [-43.378997499999976, -22.800465799999923], [-43.37968659999996, -22.799896299999943], [-43.37718249999995, -22.798597799999975], [-43.375648499999954, -22.79780489999996], [-43.375100499999974, -22.79866109999995]]]}, "properties": {"id": "330510905000033", "name": "Setor 330510905000033", "meanMonthlyBRL": 2257.76, "medianMonthlyBRL": 1400.0, "status": "published", "sourceTerritoryType": "census_sector", "overlayColor": "#c6dbef"}}, {"type": "Feature", "geometry": {"type": "Polygon", "coordinates": [[[-43.37438219999996, -22.796022199999975], [-43.374036899999965, -22.796878299999943], [-43.37373659999997, -22.797622799999942], [-43.37364319999995, -22.797854299999983], [-43.37376729999994, -22.79790999999995], [-43.37379889999994, -22.797924199999958], [-43.375100499999974, -22.79866109999995], [-43.375648499999954, -22.79780489999996], [-43.37616419999995, -22.79695339999995], [-43.37506799999994, -22.79633329999996], [-43.37502189999998, -22.79624069999995], [-43.374658299999965, -22.796105999999945], [-43.37452939999997, -22.796058199999948], [-43.37446879999993, -22.796033099999924], [-43.37439089999998, -22.79600069999998], [-43.37438219999996, -22.796022199999975]]]}, "properties": {"id": "330510905000034", "name": "Setor 330510905000034", "meanMonthlyBRL": 2134.87, "medianMonthlyBRL": 1500.0, "status": "published", "sourceTerritoryType": "census_sector", "overlayColor": "#9ecae1"}}, {"type": "Feature", "geometry": {"type": "Polygon", "coordinates": [[[-43.37770059999997, -22.79773479999994], [-43.377955499999985, -22.79787039999996], [-43.37859769999994, -22.798216599999936], [-43.37952229999997, -22.798687199999957], [-43.380033899999944, -22.798901799999946], [-43.380078399999945, -22.798233199999963], [-43.38014199999998, -22.797802499999932], [-43.379669999999976, -22.797626699999967], [-43.37822239999997, -22.79686729999997], [-43.37770059999997, -22.79773479999994]]]}, "properties": {"id": "330510905000035", "name": "Setor 330510905000035", "meanMonthlyBRL": 1577.46, "medianMonthlyBRL": 1212.0, "status": "published", "sourceTerritoryType": "census_sector", "overlayColor": "#c6dbef"}}, {"type": "Feature", "geometry": {"type": "Polygon", "coordinates": [[[-43.375648499999954, -22.79780489999996], [-43.37718249999995, -22.798597799999975], [-43.37968659999996, -22.799896299999943], [-43.37975499999993, -22.79983939999994], [-43.37979319999994, -22.799754399999976], [-43.38002609999995, -22.799017499999934], [-43.380033899999944, -22.798901799999946], [-43.37952229999997, -22.798687199999957], [-43.37859769999994, -22.798216599999936], [-43.377955499999985, -22.79787039999996], [-43.37770059999997, -22.79773479999994], [-43.37616419999995, -22.79695339999995], [-43.375648499999954, -22.79780489999996]]]}, "properties": {"id": "330510905000036", "name": "Setor 330510905000036", "meanMonthlyBRL": 2080.66, "medianMonthlyBRL": 1500.0, "status": "published", "sourceTerritoryType": "census_sector", "overlayColor": "#9ecae1"}}, {"type": "Feature", "geometry": {"type": "Polygon", "coordinates": [[[-43.37439089999998, -22.79600069999998], [-43.37446879999993, -22.796033099999924], [-43.37452939999997, -22.796058199999948], [-43.374658299999965, -22.796105999999945], [-43.37502189999998, -22.79624069999995], [-43.37533429999996, -22.79535159999994], [-43.376721299999986, -22.796079099999922], [-43.37706849999995, -22.79549719999994], [-43.37723509999996, -22.795217999999974], [-43.37618659999998, -22.794672299999938], [-43.37643579999997, -22.794521799999924], [-43.37715929999996, -22.79419849999993], [-43.377024999999946, -22.794188799999972], [-43.37693359999997, -22.79416689999993], [-43.376868799999954, -22.79415309999996], [-43.37544169999995, -22.79372679999994], [-43.37479339999993, -22.79506719999995], [-43.37463679999996, -22.795390899999976], [-43.37439089999998, -22.79600069999998]]]}, "properties": {"id": "330510905000037", "name": "Setor 330510905000037", "meanMonthlyBRL": 2347.92, "medianMonthlyBRL": 1600.0, "status": "published", "sourceTerritoryType": "census_sector", "overlayColor": "#9ecae1"}}, {"type": "Feature", "geometry": {"type": "Polygon", "coordinates": [[[-43.37292669999994, -22.79420159999995], [-43.37241349999994, -22.795093199999943], [-43.373360899999966, -22.795536999999968], [-43.37434859999996, -22.795997199999928], [-43.37438219999996, -22.796022199999975], [-43.37439089999998, -22.79600069999998], [-43.37463679999996, -22.795390899999976], [-43.37479339999993, -22.79506719999995], [-43.37544169999995, -22.79372679999994], [-43.37563149999994, -22.79334219999992], [-43.37549869999998, -22.793266899999928], [-43.375383399999976, -22.793230399999974], [-43.37496889999994, -22.79303429999993], [-43.374571999999944, -22.793724999999938], [-43.374035799999945, -22.79472509999994], [-43.37384169999996, -22.79463349999998], [-43.37325589999995, -22.794356999999938], [-43.37292669999994, -22.79420159999995]]]}, "properties": {"id": "330510905000038", "name": "Setor 330510905000038", "meanMonthlyBRL": 2119.68, "medianMonthlyBRL": 1400.0, "status": "published", "sourceTerritoryType": "census_sector", "overlayColor": "#c6dbef"}}, {"type": "Feature", "geometry": {"type": "Polygon", "coordinates": [[[-43.37100319999996, -22.795450199999944], [-43.37197829999997, -22.79591069999998], [-43.37292599999995, -22.79635419999993], [-43.37391119999995, -22.79681489999996], [-43.374036899999965, -22.796878299999943], [-43.37438219999996, -22.796022199999975], [-43.37434859999996, -22.795997199999928], [-43.373360899999966, -22.795536999999968], [-43.37241349999994, -22.795093199999943], [-43.371461299999964, -22.794630499999982], [-43.37100319999996, -22.795450199999944]]]}, "properties": {"id": "330510905000039", "name": "Setor 330510905000039", "meanMonthlyBRL": 1877.1, "medianMonthlyBRL": 1300.0, "status": "published", "sourceTerritoryType": "census_sector", "overlayColor": "#c6dbef"}}, {"type": "Feature", "geometry": {"type": "Polygon", "coordinates": [[[-43.37009189999998, -22.79280389999996], [-43.37086419999997, -22.793216399999952], [-43.370995499999935, -22.793276499999934], [-43.37162099999995, -22.793562899999923], [-43.372572299999945, -22.791904199999976], [-43.37177109999993, -22.791519999999938], [-43.37098299999997, -22.79114379999993], [-43.37009189999998, -22.79280389999996]]]}, "properties": {"id": "330510905000040", "name": "Setor 330510905000040", "meanMonthlyBRL": 2474.18, "medianMonthlyBRL": 2000.0, "status": "published", "sourceTerritoryType": "census_sector", "overlayColor": "#6baed6"}}, {"type": "Feature", "geometry": {"type": "Polygon", "coordinates": [[[-43.37162099999995, -22.793562899999923], [-43.37196819999997, -22.793732099999936], [-43.371461299999964, -22.794630499999982], [-43.37241349999994, -22.795093199999943], [-43.37292669999994, -22.79420159999995], [-43.372432499999945, -22.793959799999985], [-43.37313169999993, -22.792631699999955], [-43.37331699999993, -22.792370299999963], [-43.373367299999984, -22.792277299999967], [-43.372572299999945, -22.791904199999976], [-43.37162099999995, -22.793562899999923]]]}, "properties": {"id": "330510905000041", "name": "Setor 330510905000041", "meanMonthlyBRL": 2281.97, "medianMonthlyBRL": 1500.0, "status": "published", "sourceTerritoryType": "census_sector", "overlayColor": "#9ecae1"}}, {"type": "Feature", "geometry": {"type": "Polygon", "coordinates": [[[-43.369101899999976, -22.794552299999964], [-43.37005979999998, -22.79500459999997], [-43.37100319999996, -22.795450199999944], [-43.371461299999964, -22.794630499999982], [-43.37196819999997, -22.793732099999936], [-43.37162099999995, -22.793562899999923], [-43.370995499999935, -22.793276499999934], [-43.37086419999997, -22.793216399999952], [-43.37009189999998, -22.79280389999996], [-43.36954959999997, -22.79376419999994], [-43.369101899999976, -22.794552299999964]]]}, "properties": {"id": "330510905000042", "name": "Setor 330510905000042", "meanMonthlyBRL": 1662.63, "medianMonthlyBRL": 1220.0, "status": "published", "sourceTerritoryType": "census_sector", "overlayColor": "#c6dbef"}}, {"type": "Feature", "geometry": {"type": "Polygon", "coordinates": [[[-43.36894569999998, -22.794821699999936], [-43.36860079999997, -22.795444899999946], [-43.36890099999994, -22.795559899999947], [-43.36958819999995, -22.795871099999946], [-43.37053889999999, -22.79633139999993], [-43.37100319999996, -22.795450199999944], [-43.37005979999998, -22.79500459999997], [-43.369101899999976, -22.794552299999964], [-43.36894569999998, -22.794821699999936]]]}, "properties": {"id": "330510905000043", "name": "Setor 330510905000043", "meanMonthlyBRL": 1921.43, "medianMonthlyBRL": 1300.0, "status": "published", "sourceTerritoryType": "census_sector", "overlayColor": "#c6dbef"}}, {"type": "Feature", "geometry": {"type": "Polygon", "coordinates": [[[-43.366094199999964, -22.796858699999966], [-43.36625649999996, -22.79764699999993], [-43.366592699999956, -22.798971799999947], [-43.366871499999945, -22.798538599999972], [-43.36716469999993, -22.79807169999998], [-43.36741779999994, -22.797613499999954], [-43.36758419999995, -22.797313999999975], [-43.36765839999999, -22.797193999999934], [-43.367807599999935, -22.796952699999963], [-43.36812269999996, -22.79633539999998], [-43.36839229999998, -22.795807099999937], [-43.36860079999997, -22.795444899999946], [-43.36794089999995, -22.795277199999926], [-43.367156499999965, -22.795096999999945], [-43.36620009999996, -22.79485829999993], [-43.36595379999995, -22.794791199999967], [-43.365880199999935, -22.79476289999997], [-43.365644299999985, -22.794672599999963], [-43.36577149999994, -22.795290499999965], [-43.366094199999964, -22.796858699999966]]]}, "properties": {"id": "330510905000044", "name": "Setor 330510905000044", "meanMonthlyBRL": 2088.5, "medianMonthlyBRL": 1600.0, "status": "published", "sourceTerritoryType": "census_sector", "overlayColor": "#9ecae1"}}, {"type": "Feature", "geometry": {"type": "Polygon", "coordinates": [[[-43.36494589999995, -22.79379789999996], [-43.363460299999986, -22.794643899999983], [-43.361873499999945, -22.795547799999955], [-43.36224639999995, -22.795658499999952], [-43.36311509999996, -22.79591649999997], [-43.36280449999998, -22.796833999999937], [-43.363819099999944, -22.797130799999934], [-43.364841299999966, -22.797429799999975], [-43.36582029999994, -22.797716199999968], [-43.366094199999964, -22.796858699999966], [-43.36577149999994, -22.795290499999965], [-43.365644299999985, -22.794672599999963], [-43.365477699999985, -22.793862799999943], [-43.36541009999996, -22.793533499999967], [-43.36494589999995, -22.79379789999996]]]}, "properties": {"id": "330510905000045", "name": "Setor 330510905000045", "meanMonthlyBRL": 1913.71, "medianMonthlyBRL": 1400.0, "status": "published", "sourceTerritoryType": "census_sector", "overlayColor": "#c6dbef"}}, {"type": "Feature", "geometry": {"type": "Polygon", "coordinates": [[[-43.364841299999966, -22.797429799999975], [-43.364519399999956, -22.798384199999926], [-43.36554449999995, -22.798665899999946], [-43.366592699999956, -22.798971799999947], [-43.36625649999996, -22.79764699999993], [-43.366094199999964, -22.796858699999966], [-43.36582029999994, -22.797716199999968], [-43.364841299999966, -22.797429799999975]]]}, "properties": {"id": "330510905000046", "name": "Setor 330510905000046", "meanMonthlyBRL": 1598.0, "medianMonthlyBRL": 1212.0, "status": "published", "sourceTerritoryType": "census_sector", "overlayColor": "#c6dbef"}}, {"type": "Feature", "geometry": {"type": "Polygon", "coordinates": [[[-43.36387499999995, -22.800295099999975], [-43.364809199999975, -22.800587599999968], [-43.364905299999975, -22.80061539999997], [-43.36592159999998, -22.800909399999963], [-43.36593419999998, -22.80087239999995], [-43.36627599999997, -22.799865399999923], [-43.366592699999956, -22.798971799999947], [-43.36554449999995, -22.798665899999946], [-43.364519399999956, -22.798384199999926], [-43.36423179999997, -22.799237099999964], [-43.36387499999995, -22.800295099999975]]]}, "properties": {"id": "330510905000047", "name": "Setor 330510905000047", "meanMonthlyBRL": 1774.42, "medianMonthlyBRL": 1237.5, "status": "published", "sourceTerritoryType": "census_sector", "overlayColor": "#c6dbef"}}, {"type": "Feature", "geometry": {"type": "Polygon", "coordinates": [[[-43.362149099999954, -22.798764299999956], [-43.36184479999997, -22.799695699999972], [-43.362851199999966, -22.80000239999998], [-43.36387499999995, -22.800295099999975], [-43.36423179999997, -22.799237099999964], [-43.364519399999956, -22.798384199999926], [-43.36349179999996, -22.798101899999946], [-43.36247019999996, -22.797821199999923], [-43.362149099999954, -22.798764299999956]]]}, "properties": {"id": "330510905000048", "name": "Setor 330510905000048", "meanMonthlyBRL": 1591.48, "medianMonthlyBRL": 1200.0, "status": "published", "sourceTerritoryType": "census_sector", "overlayColor": "#c6dbef"}}, {"type": "Feature", "geometry": {"type": "Polygon", "coordinates": [[[-43.364289299999946, -22.802467499999977], [-43.365296599999965, -22.802750999999944], [-43.365616999999936, -22.80180689999997], [-43.36592159999998, -22.800909399999963], [-43.364905299999975, -22.80061539999997], [-43.36461149999997, -22.801511699999935], [-43.364289299999946, -22.802467499999977]]]}, "properties": {"id": "330510905000049", "name": "Setor 330510905000049", "meanMonthlyBRL": 2156.86, "medianMonthlyBRL": 1500.0, "status": "published", "sourceTerritoryType": "census_sector", "overlayColor": "#9ecae1"}}, {"type": "Feature", "geometry": {"type": "Polygon", "coordinates": [[[-43.362216899999964, -22.801884099999935], [-43.36324179999997, -22.802172599999942], [-43.36339129999993, -22.80172929999997], [-43.36356809999995, -22.80120529999994], [-43.36387499999995, -22.800295099999975], [-43.362851199999966, -22.80000239999998], [-43.36254679999996, -22.800905399999976], [-43.362527899999975, -22.800961699999963], [-43.362347599999964, -22.801496399999962], [-43.36232359999997, -22.801567799999923], [-43.362216899999964, -22.801884099999935]]]}, "properties": {"id": "330510905000050", "name": "Setor 330510905000050", "meanMonthlyBRL": 1686.93, "medianMonthlyBRL": 1500.0, "status": "published", "sourceTerritoryType": "census_sector", "overlayColor": "#9ecae1"}}, {"type": "Feature", "geometry": {"type": "Polygon", "coordinates": [[[-43.36150129999993, -22.804334499999985], [-43.36161509999994, -22.80441759999996], [-43.36163469999997, -22.804431799999975], [-43.361739399999976, -22.804451499999967], [-43.36190949999997, -22.804428599999937], [-43.36199499999998, -22.804418099999957], [-43.36251459999994, -22.804354299999936], [-43.36311969999997, -22.80428009999997], [-43.36366889999994, -22.804212699999937], [-43.363738499999954, -22.804063799999938], [-43.36376939999997, -22.80397419999997], [-43.36398049999997, -22.803362699999976], [-43.36294909999998, -22.80304069999994], [-43.36324179999997, -22.802172599999942], [-43.362216899999964, -22.801884099999935], [-43.36146199999996, -22.804007799999958], [-43.361461099999985, -22.804266199999965], [-43.36149899999998, -22.804330699999984], [-43.36150129999993, -22.804334499999985]]]}, "properties": {"id": "330510905000051", "name": "Setor 330510905000051", "meanMonthlyBRL": 2235.62, "medianMonthlyBRL": 1800.0, "status": "published", "sourceTerritoryType": "census_sector", "overlayColor": "#9ecae1"}}, {"type": "Feature", "geometry": {"type": "Polygon", "coordinates": [[[-43.36398049999997, -22.803362699999976], [-43.364289299999946, -22.802467499999977], [-43.36324179999997, -22.802172599999942], [-43.36294909999998, -22.80304069999994], [-43.36398049999997, -22.803362699999976]]]}, "properties": {"id": "330510905000052", "name": "Setor 330510905000052", "meanMonthlyBRL": 3008.2, "medianMonthlyBRL": 1700.0, "status": "published", "sourceTerritoryType": "census_sector", "overlayColor": "#9ecae1"}}, {"type": "Feature", "geometry": {"type": "Polygon", "coordinates": [[[-43.37723509999996, -22.795217999999974], [-43.37876129999995, -22.796002699999967], [-43.379339199999954, -22.795083999999967], [-43.37945429999996, -22.79483169999997], [-43.37715929999996, -22.79419849999993], [-43.37643579999997, -22.794521799999924], [-43.37618659999998, -22.794672299999938], [-43.37723509999996, -22.795217999999974]]]}, "properties": {"id": "330510905000053", "name": "Setor 330510905000053", "meanMonthlyBRL": 2183.3, "medianMonthlyBRL": 1501.0, "status": "published", "sourceTerritoryType": "census_sector", "overlayColor": "#9ecae1"}}, {"type": "Feature", "geometry": {"type": "Polygon", "coordinates": [[[-43.376721299999986, -22.796079099999922], [-43.37822239999997, -22.79686729999997], [-43.379669999999976, -22.797626699999967], [-43.38014199999998, -22.797802499999932], [-43.38016399999998, -22.797653299999983], [-43.38036949999997, -22.797218699999966], [-43.38051119999995, -22.79691899999994], [-43.379649599999944, -22.79645929999998], [-43.37876129999995, -22.796002699999967], [-43.37723509999996, -22.795217999999974], [-43.37706849999995, -22.79549719999994], [-43.376721299999986, -22.796079099999922]]]}, "properties": {"id": "330510905000054", "name": "Setor 330510905000054", "meanMonthlyBRL": 2034.29, "medianMonthlyBRL": 1212.0, "status": "published", "sourceTerritoryType": "census_sector", "overlayColor": "#c6dbef"}}, {"type": "Feature", "geometry": {"type": "Polygon", "coordinates": [[[-43.37715929999996, -22.79419849999993], [-43.37945429999996, -22.79483169999997], [-43.379339199999954, -22.795083999999967], [-43.37876129999995, -22.796002699999967], [-43.379649599999944, -22.79645929999998], [-43.38005949999996, -22.795773299999947], [-43.38024489999998, -22.795526099999954], [-43.38042839999997, -22.795111999999957], [-43.380583299999955, -22.794586399999954], [-43.37967599999997, -22.79434569999995], [-43.37789619999995, -22.79384209999995], [-43.37770199999994, -22.793955899999958], [-43.37715929999996, -22.79419849999993]]]}, "properties": {"id": "330510905000055", "name": "Setor 330510905000055", "meanMonthlyBRL": 2032.55, "medianMonthlyBRL": 1300.0, "status": "published", "sourceTerritoryType": "census_sector", "overlayColor": "#c6dbef"}}, {"type": "Feature", "geometry": {"type": "Polygon", "coordinates": [[[-43.380583299999955, -22.794586399999954], [-43.38042839999997, -22.795111999999957], [-43.38024489999998, -22.795526099999954], [-43.38005949999996, -22.795773299999947], [-43.379649599999944, -22.79645929999998], [-43.38051119999995, -22.79691899999994], [-43.38057749999996, -22.79677859999998], [-43.38058279999996, -22.79677009999994], [-43.38082469999995, -22.796374599999986], [-43.381124599999964, -22.79605689999994], [-43.38130479999995, -22.795865899999967], [-43.38158079999994, -22.795443599999935], [-43.38177069999995, -22.795152899999945], [-43.38197659999997, -22.794956099999975], [-43.38198459999995, -22.794948499999972], [-43.38235619999995, -22.79438339999996], [-43.382041699999945, -22.79424489999997], [-43.380853299999956, -22.793940699999943], [-43.380747499999984, -22.794197699999916], [-43.380583299999955, -22.794586399999954]]]}, "properties": {"id": "330510905000056", "name": "Setor 330510905000056", "meanMonthlyBRL": 1746.68, "medianMonthlyBRL": 1220.0, "status": "published", "sourceTerritoryType": "census_sector", "overlayColor": "#c6dbef"}}, {"type": "Feature", "geometry": {"type": "Polygon", "coordinates": [[[-43.37789619999995, -22.79384209999995], [-43.37967599999997, -22.79434569999995], [-43.380583299999955, -22.794586399999954], [-43.380747499999984, -22.794197699999916], [-43.380853299999956, -22.793940699999943], [-43.382041699999945, -22.79424489999997], [-43.38235619999995, -22.79438339999996], [-43.38256979999994, -22.79405869999993], [-43.38168479999996, -22.793587499999937], [-43.38075059999994, -22.79309009999997], [-43.37924149999998, -22.792286599999954], [-43.37877419999995, -22.792950199999954], [-43.37856979999998, -22.793287699999954], [-43.378160899999955, -22.793686999999977], [-43.37789619999995, -22.79384209999995]]]}, "properties": {"id": "330510905000057", "name": "Setor 330510905000057", "meanMonthlyBRL": 1914.83, "medianMonthlyBRL": 1500.0, "status": "published", "sourceTerritoryType": "census_sector", "overlayColor": "#9ecae1"}}, {"type": "Feature", "geometry": {"type": "Polygon", "coordinates": [[[-43.37292669999994, -22.79420159999995], [-43.37325589999995, -22.794356999999938], [-43.37384169999996, -22.79463349999998], [-43.374035799999945, -22.79472509999994], [-43.374571999999944, -22.793724999999938], [-43.37496889999994, -22.79303429999993], [-43.37418139999994, -22.792652899999947], [-43.373367299999984, -22.792277299999967], [-43.37331699999993, -22.792370299999963], [-43.37313169999993, -22.792631699999955], [-43.372432499999945, -22.793959799999985], [-43.37292669999994, -22.79420159999995]]]}, "properties": {"id": "330510905000058", "name": "Setor 330510905000058", "meanMonthlyBRL": 2163.21, "medianMonthlyBRL": 1800.0, "status": "published", "sourceTerritoryType": "census_sector", "overlayColor": "#9ecae1"}}, {"type": "Feature", "geometry": {"type": "Polygon", "coordinates": [[[-43.368597799999975, -22.79172039999997], [-43.36684489999993, -22.792716399999957], [-43.36698069999994, -22.792965699999964], [-43.36730819999997, -22.793443299999975], [-43.36770039999993, -22.794015199999926], [-43.36806309999997, -22.794543999999966], [-43.36822179999996, -22.79477539999994], [-43.36836869999996, -22.794537699999978], [-43.36894569999998, -22.794821699999936], [-43.369101899999976, -22.794552299999964], [-43.36954959999997, -22.79376419999994], [-43.37009189999998, -22.79280389999996], [-43.37098299999997, -22.79114379999993], [-43.37142259999996, -22.790412499999945], [-43.37131709999994, -22.790166799999948], [-43.37046189999995, -22.79066149999994], [-43.368597799999975, -22.79172039999997]]]}, "properties": {"id": "330510905000059", "name": "Setor 330510905000059", "meanMonthlyBRL": 2015.06, "medianMonthlyBRL": 1500.0, "status": "published", "sourceTerritoryType": "census_sector", "overlayColor": "#9ecae1"}}, {"type": "Feature", "geometry": {"type": "Polygon", "coordinates": [[[-43.361174999999946, -22.801590899999944], [-43.36054359999997, -22.803526299999927], [-43.36049329999997, -22.803617199999966], [-43.36056039999994, -22.80366489999994], [-43.36097579999995, -22.803960399999937], [-43.361477699999966, -22.804317399999942], [-43.36150129999993, -22.804334499999985], [-43.36149899999998, -22.804330699999984], [-43.361461099999985, -22.804266199999965], [-43.36146199999996, -22.804007799999958], [-43.362216899999964, -22.801884099999935], [-43.36232359999997, -22.801567799999923], [-43.362347599999964, -22.801496399999962], [-43.362527899999975, -22.800961699999963], [-43.36254679999996, -22.800905399999976], [-43.362851199999966, -22.80000239999998], [-43.36184479999997, -22.799695699999972], [-43.36149899999998, -22.80059769999997], [-43.361174999999946, -22.801590899999944]]]}, "properties": {"id": "330510905000060", "name": "Setor 330510905000060", "meanMonthlyBRL": 1780.58, "medianMonthlyBRL": 1500.0, "status": "published", "sourceTerritoryType": "census_sector", "overlayColor": "#9ecae1"}}, {"type": "Feature", "geometry": {"type": "Polygon", "coordinates": [[[-43.35930269999995, -22.79701579999994], [-43.35926009999997, -22.79740369999996], [-43.35901569999993, -22.797919899999954], [-43.35935399999994, -22.797993999999964], [-43.35956909999993, -22.79811669999998], [-43.359666699999934, -22.798304499999965], [-43.35976169999998, -22.798793299999943], [-43.35979229999998, -22.799025099999938], [-43.359806899999974, -22.79913589999995], [-43.360122399999966, -22.800488299999923], [-43.360240499999975, -22.800228199999935], [-43.36066499999998, -22.79932189999994], [-43.36052609999996, -22.798671299999967], [-43.36039619999997, -22.797864799999957], [-43.36052909999995, -22.797611399999937], [-43.36097189999998, -22.796767199999977], [-43.36128759999997, -22.795882299999956], [-43.35955899999993, -22.79686949999995], [-43.35944129999996, -22.79693669999994], [-43.35930269999995, -22.79701579999994]]]}, "properties": {"id": "330510905000061", "name": "Setor 330510905000061", "meanMonthlyBRL": 1755.29, "medianMonthlyBRL": 1500.0, "status": "published", "sourceTerritoryType": "census_sector", "overlayColor": "#9ecae1"}}, {"type": "Feature", "geometry": {"type": "Polygon", "coordinates": [[[-43.360122399999966, -22.800488299999923], [-43.36020129999997, -22.800826299999986], [-43.360245299999974, -22.80095499999993], [-43.36026309999994, -22.801006899999955], [-43.360162799999955, -22.801307599999966], [-43.36088479999995, -22.801509699999933], [-43.361174999999946, -22.801590899999944], [-43.36149899999998, -22.80059769999997], [-43.36184479999997, -22.799695699999972], [-43.36066499999998, -22.79932189999994], [-43.360240499999975, -22.800228199999935], [-43.360122399999966, -22.800488299999923]]]}, "properties": {"id": "330510905000062", "name": "Setor 330510905000062", "meanMonthlyBRL": 1920.87, "medianMonthlyBRL": 1356.0, "status": "published", "sourceTerritoryType": "census_sector", "overlayColor": "#c6dbef"}}, {"type": "Feature", "geometry": {"type": "Polygon", "coordinates": [[[-43.37563149999994, -22.79334219999992], [-43.37544169999995, -22.79372679999994], [-43.376868799999954, -22.79415309999996], [-43.37693359999997, -22.79416689999993], [-43.377024999999946, -22.794188799999972], [-43.37715929999996, -22.79419849999993], [-43.37770199999994, -22.793955899999958], [-43.37789619999995, -22.79384209999995], [-43.378160899999955, -22.793686999999977], [-43.37856979999998, -22.793287699999954], [-43.37877419999995, -22.792950199999954], [-43.37924149999998, -22.792286599999954], [-43.37889469999994, -22.792156199999972], [-43.378864599999986, -22.79214709999997], [-43.37875679999996, -22.79211459999994], [-43.378417199999944, -22.792320499999963], [-43.37816689999994, -22.792402099999947], [-43.37781579999995, -22.792460199999937], [-43.37713139999994, -22.792467199999972], [-43.37672189999995, -22.79250629999995], [-43.376355099999955, -22.792618799999953], [-43.376219499999934, -22.792695699999967], [-43.376027499999964, -22.792804599999958], [-43.37601549999994, -22.79281859999998], [-43.375733699999955, -22.79314749999997], [-43.37563149999994, -22.79334219999992]]]}, "properties": {"id": "330510905000063", "name": "Setor 330510905000063", "meanMonthlyBRL": 1796.32, "medianMonthlyBRL": 1220.0, "status": "published", "sourceTerritoryType": "census_sector", "overlayColor": "#c6dbef"}}, {"type": "Feature", "geometry": {"type": "Polygon", "coordinates": [[[-43.37509679999994, -22.79096849999996], [-43.37588299999994, -22.791352499999956], [-43.37665329999993, -22.791727499999972], [-43.37681629999997, -22.79145229999995], [-43.37698679999994, -22.79114859999993], [-43.37746699999997, -22.790233999999938], [-43.37760469999995, -22.789997299999985], [-43.37683409999994, -22.789654299999942], [-43.37602119999997, -22.789267399999964], [-43.37574609999996, -22.789808099999966], [-43.37509679999994, -22.79096849999996]]]}, "properties": {"id": "330510905000065", "name": "Setor 330510905000065", "meanMonthlyBRL": 1757.83, "medianMonthlyBRL": 1212.0, "status": "published", "sourceTerritoryType": "census_sector", "overlayColor": "#c6dbef"}}, {"type": "Feature", "geometry": {"type": "Polygon", "coordinates": [[[-43.372572299999945, -22.791904199999976], [-43.373367299999984, -22.792277299999967], [-43.37418139999994, -22.792652899999947], [-43.37509679999994, -22.79096849999996], [-43.37430599999993, -22.790592299999958], [-43.37351869999998, -22.790217699999975], [-43.373121799999986, -22.790959799999936], [-43.372572299999945, -22.791904199999976]]]}, "properties": {"id": "330510905000066", "name": "Setor 330510905000066", "meanMonthlyBRL": 2553.2, "medianMonthlyBRL": 2000.0, "status": "published", "sourceTerritoryType": "census_sector", "overlayColor": "#6baed6"}}, {"type": "Feature", "geometry": {"type": "Polygon", "coordinates": [[[-43.37351869999998, -22.790217699999975], [-43.37430599999993, -22.790592299999958], [-43.37509679999994, -22.79096849999996], [-43.37574609999996, -22.789808099999966], [-43.37602119999997, -22.789267399999964], [-43.37520779999994, -22.788881099999962], [-43.37455649999998, -22.788586199999937], [-43.37446099999994, -22.788627699999946], [-43.37438179999998, -22.78866719999996], [-43.37404909999998, -22.78917109999998], [-43.37351869999998, -22.790217699999975]]]}, "properties": {"id": "330510905000067", "name": "Setor 330510905000067", "meanMonthlyBRL": 2566.74, "medianMonthlyBRL": 2000.0, "status": "published", "sourceTerritoryType": "census_sector", "overlayColor": "#6baed6"}}, {"type": "Feature", "geometry": {"type": "Polygon", "coordinates": [[[-43.371689199999935, -22.78994819999996], [-43.371430499999974, -22.790100199999923], [-43.37131709999994, -22.790166799999948], [-43.37142259999996, -22.790412499999945], [-43.37098299999997, -22.79114379999993], [-43.37177109999993, -22.791519999999938], [-43.372572299999945, -22.791904199999976], [-43.373121799999986, -22.790959799999936], [-43.37351869999998, -22.790217699999975], [-43.37272139999994, -22.789838299999925], [-43.37256299999996, -22.789769899999946], [-43.372450699999945, -22.78950069999996], [-43.371689199999935, -22.78994819999996]]]}, "properties": {"id": "330510905000068", "name": "Setor 330510905000068", "meanMonthlyBRL": 2006.32, "medianMonthlyBRL": 1300.0, "status": "published", "sourceTerritoryType": "census_sector", "overlayColor": "#c6dbef"}}, {"type": "Feature", "geometry": {"type": "Polygon", "coordinates": [[[-43.36961229999997, -22.788314299999968], [-43.36867939999996, -22.788857499999946], [-43.36726569999996, -22.78965339999996], [-43.36770319999994, -22.790326499999942], [-43.36810899999995, -22.790950799999955], [-43.36850799999996, -22.791564099999956], [-43.368597799999975, -22.79172039999997], [-43.37046189999995, -22.79066149999994], [-43.37131709999994, -22.790166799999948], [-43.371430499999974, -22.790100199999923], [-43.37129239999996, -22.78989079999997], [-43.37096679999997, -22.789352699999938], [-43.370530299999984, -22.78869689999993], [-43.370099299999936, -22.788036299999927], [-43.36961229999997, -22.788314299999968]]]}, "properties": {"id": "330510905000069", "name": "Setor 330510905000069", "meanMonthlyBRL": 2277.26, "medianMonthlyBRL": 1500.0, "status": "published", "sourceTerritoryType": "census_sector", "overlayColor": "#9ecae1"}}, {"type": "Feature", "geometry": {"type": "Polygon", "coordinates": [[[-43.364701699999955, -22.791128199999946], [-43.36505609999995, -22.791985399999934], [-43.365200799999975, -22.792478699999947], [-43.36526119999996, -22.792684399999924], [-43.365378799999974, -22.793361299999955], [-43.36541009999996, -22.793533499999967], [-43.365644299999985, -22.79340019999995], [-43.36666199999996, -22.79282049999994], [-43.366790599999945, -22.792747399999946], [-43.36684489999993, -22.792716399999957], [-43.368597799999975, -22.79172039999997], [-43.36850799999996, -22.791564099999956], [-43.36810899999995, -22.790950799999955], [-43.36770319999994, -22.790326499999942], [-43.36726569999996, -22.78965339999996], [-43.36558299999996, -22.790597199999983], [-43.36532409999995, -22.790768799999963], [-43.365117099999964, -22.79090609999998], [-43.364701699999955, -22.791128199999946]]]}, "properties": {"id": "330510905000070", "name": "Setor 330510905000070", "meanMonthlyBRL": 2503.3, "medianMonthlyBRL": 1800.0, "status": "published", "sourceTerritoryType": "census_sector", "overlayColor": "#9ecae1"}}, {"type": "Feature", "geometry": {"type": "Polygon", "coordinates": [[[-43.36121529999997, -22.791775999999967], [-43.36195879999997, -22.792061199999974], [-43.36263279999997, -22.792319699999947], [-43.362660699999935, -22.792337599999943], [-43.36270979999995, -22.792369099999974], [-43.36330779999997, -22.79275229999996], [-43.36338359999997, -22.792775299999967], [-43.36399339999997, -22.792966699999965], [-43.36387499999995, -22.793238699999957], [-43.36426769999998, -22.79337619999996], [-43.364561299999934, -22.79329899999993], [-43.36458029999994, -22.79331159999999], [-43.36462899999999, -22.79334379999995], [-43.364658099999986, -22.79336309999996], [-43.36480169999993, -22.79350919999995], [-43.364854199999975, -22.793614199999983], [-43.36487079999995, -22.793647399999944], [-43.36494589999995, -22.79379789999996], [-43.36541009999996, -22.793533499999967], [-43.365378799999974, -22.793361299999955], [-43.36526119999996, -22.792684399999924], [-43.365200799999975, -22.792478699999947], [-43.36505609999995, -22.791985399999934], [-43.364701699999955, -22.791128199999946], [-43.36455909999995, -22.79130629999997], [-43.36417099999994, -22.791791299999932], [-43.36387819999993, -22.791525899999957], [-43.363508999999965, -22.791367399999956], [-43.363148799999976, -22.791212799999972], [-43.36290369999995, -22.79110759999998], [-43.36238539999994, -22.790923599999925], [-43.36163449999998, -22.790657099999972], [-43.36121529999997, -22.791775999999967]]]}, "properties": {"id": "330510905000071", "name": "Setor 330510905000071", "meanMonthlyBRL": 2025.35, "medianMonthlyBRL": 1500.0, "status": "published", "sourceTerritoryType": "census_sector", "overlayColor": "#9ecae1"}}, {"type": "Feature", "geometry": {"type": "Polygon", "coordinates": [[[-43.36041159999996, -22.793978199999966], [-43.36116969999995, -22.79443479999998], [-43.36153809999996, -22.794568599999938], [-43.36177939999993, -22.794656199999963], [-43.36181749999997, -22.794675099999946], [-43.36194169999993, -22.794707199999944], [-43.36211909999997, -22.79471109999998], [-43.362253599999974, -22.794687699999937], [-43.36286599999994, -22.794498299999926], [-43.363358699999935, -22.79435539999997], [-43.36336959999994, -22.794384899999958], [-43.36339419999996, -22.794451299999935], [-43.363405599999965, -22.794482199999948], [-43.363460299999986, -22.794643899999983], [-43.36494589999995, -22.79379789999996], [-43.36487079999995, -22.793647399999944], [-43.364854199999975, -22.793614199999983], [-43.36480169999993, -22.79350919999995], [-43.364658099999986, -22.79336309999996], [-43.36462899999999, -22.79334379999995], [-43.36458029999994, -22.79331159999999], [-43.364561299999934, -22.79329899999993], [-43.36426769999998, -22.79337619999996], [-43.36387499999995, -22.793238699999957], [-43.36399339999997, -22.792966699999965], [-43.36338359999997, -22.792775299999967], [-43.36330779999997, -22.79275229999996], [-43.36270979999995, -22.792369099999974], [-43.362660699999935, -22.792337599999943], [-43.36263279999997, -22.792319699999947], [-43.36195879999997, -22.792061199999974], [-43.36121529999997, -22.791775999999967], [-43.360775399999966, -22.79294989999994], [-43.36062449999997, -22.793229599999954], [-43.36036059999998, -22.793612699999983], [-43.36036169999994, -22.793796999999927], [-43.36041159999996, -22.793978199999966]]]}, "properties": {"id": "330510905000072", "name": "Setor 330510905000072", "meanMonthlyBRL": 1830.02, "medianMonthlyBRL": 1500.0, "status": "published", "sourceTerritoryType": "census_sector", "overlayColor": "#9ecae1"}}, {"type": "Feature", "geometry": {"type": "Polygon", "coordinates": [[[-43.360113499999954, -22.79483809999993], [-43.35987249999994, -22.795485499999923], [-43.35939599999995, -22.79676479999994], [-43.35930269999995, -22.79701579999994], [-43.35944129999996, -22.79693669999994], [-43.35955899999993, -22.79686949999995], [-43.36128759999997, -22.795882299999956], [-43.361873499999945, -22.795547799999955], [-43.363460299999986, -22.794643899999983], [-43.363405599999965, -22.794482199999948], [-43.36339419999996, -22.794451299999935], [-43.36336959999994, -22.794384899999958], [-43.363358699999935, -22.79435539999997], [-43.36286599999994, -22.794498299999926], [-43.362253599999974, -22.794687699999937], [-43.36211909999997, -22.79471109999998], [-43.36194169999993, -22.794707199999944], [-43.36181749999997, -22.794675099999946], [-43.36177939999993, -22.794656199999963], [-43.36153809999996, -22.794568599999938], [-43.36116969999995, -22.79443479999998], [-43.36041159999996, -22.793978199999966], [-43.36041759999995, -22.794021499999925], [-43.360113499999954, -22.79483809999993]]]}, "properties": {"id": "330510905000073", "name": "Setor 330510905000073", "meanMonthlyBRL": 1880.6, "medianMonthlyBRL": 1500.0, "status": "published", "sourceTerritoryType": "census_sector", "overlayColor": "#9ecae1"}}, {"type": "Feature", "geometry": {"type": "Polygon", "coordinates": [[[-43.362149099999954, -22.798764299999956], [-43.36247019999996, -22.797821199999923], [-43.36280449999998, -22.796833999999937], [-43.36311509999996, -22.79591649999997], [-43.36224639999995, -22.795658499999952], [-43.36126929999995, -22.79791539999997], [-43.36135129999997, -22.798495099999965], [-43.36191829999996, -22.79870449999993], [-43.362149099999954, -22.798764299999956]]]}, "properties": {"id": "330510905000074", "name": "Setor 330510905000074", "meanMonthlyBRL": 1774.18, "medianMonthlyBRL": 1300.0, "status": "published", "sourceTerritoryType": "census_sector", "overlayColor": "#c6dbef"}}, {"type": "Feature", "geometry": {"type": "Polygon", "coordinates": [[[-43.36128759999997, -22.795882299999956], [-43.36097189999998, -22.796767199999977], [-43.36052909999995, -22.797611399999937], [-43.36039619999997, -22.797864799999957], [-43.36052609999996, -22.798671299999967], [-43.36066499999998, -22.79932189999994], [-43.36184479999997, -22.799695699999972], [-43.362149099999954, -22.798764299999956], [-43.36191829999996, -22.79870449999993], [-43.36135129999997, -22.798495099999965], [-43.36126929999995, -22.79791539999997], [-43.36224639999995, -22.795658499999952], [-43.361873499999945, -22.795547799999955], [-43.36128759999997, -22.795882299999956]]]}, "properties": {"id": "330510905000075", "name": "Setor 330510905000075", "meanMonthlyBRL": 1694.24, "medianMonthlyBRL": 1300.0, "status": "published", "sourceTerritoryType": "census_sector", "overlayColor": "#c6dbef"}}, {"type": "Feature", "geometry": {"type": "Polygon", "coordinates": [[[-43.35248009999998, -22.800875599999923], [-43.351720099999966, -22.801291199999977], [-43.35100229999995, -22.801683799999967], [-43.34809649999994, -22.803287499999954], [-43.34755569999993, -22.80358619999993], [-43.34745849999996, -22.803635999999987], [-43.34740409999995, -22.803673399999976], [-43.34763229999993, -22.80369399999995], [-43.34824969999994, -22.803749799999938], [-43.348357299999975, -22.803759599999974], [-43.34841099999994, -22.80376439999997], [-43.348458799999946, -22.80376869999998], [-43.34846479999993, -22.80376929999994], [-43.34856449999995, -22.803657299999934], [-43.34866419999997, -22.80354529999994], [-43.34871179999993, -22.80351559999997], [-43.34892589999998, -22.803381799999958], [-43.34903079999999, -22.803340699999975], [-43.34922679999994, -22.803263999999956], [-43.349586699999975, -22.80319199999997], [-43.34986879999997, -22.803140099999954], [-43.35004809999999, -22.803107199999946], [-43.35015589999995, -22.80308739999999], [-43.35021939999996, -22.80307959999993], [-43.35087079999994, -22.80299989999997], [-43.35114489999995, -22.80296639999994], [-43.35165409999996, -22.80290419999995], [-43.35209409999993, -22.802805299999935], [-43.35224549999998, -22.802771299999957], [-43.352396899999974, -22.80273719999997], [-43.35281869999994, -22.802642499999934], [-43.35356449999995, -22.80245929999995], [-43.35375749999997, -22.80242659999993], [-43.35395049999994, -22.802393799999944], [-43.35401009999998, -22.802398299999933], [-43.35438889999995, -22.80242659999994], [-43.35469379999995, -22.802491899999954], [-43.354755299999965, -22.802505099999962], [-43.35475789999998, -22.802505399999973], [-43.35480689999997, -22.802510999999974], [-43.35510819999996, -22.80254569999994], [-43.355404299999975, -22.80257969999997], [-43.355409399999985, -22.802580299999935], [-43.35541989999996, -22.802581699999966], [-43.355884999999944, -22.802645399999957], [-43.35595909999995, -22.802655499999954], [-43.35599799999994, -22.802660499999945], [-43.355999199999985, -22.802649999999968], [-43.35599989999997, -22.802643999999926], [-43.35597149999995, -22.802590699999932], [-43.35613699999993, -22.80095459999996], [-43.35562659999994, -22.80079799999993], [-43.35546849999997, -22.80080239999995], [-43.35529999999994, -22.80086619999997], [-43.355212499999936, -22.80091949999996], [-43.35509039999994, -22.800993799999954], [-43.35496409999996, -22.801056899999924], [-43.354917299999954, -22.80108039999993], [-43.35460749999993, -22.801194299999967], [-43.35436599999998, -22.80118509999993], [-43.35393779999998, -22.801052999999964], [-43.35366899999997, -22.800984699999955], [-43.35350959999994, -22.800970699999933], [-43.35296209999996, -22.80092019999995], [-43.35248009999998, -22.800875599999923]]]}, "properties": {"id": "330510905000077", "name": "Setor 330510905000077", "meanMonthlyBRL": 1895.36, "medianMonthlyBRL": 1500.0, "status": "published", "sourceTerritoryType": "census_sector", "overlayColor": "#9ecae1"}}, {"type": "Feature", "geometry": {"type": "Polygon", "coordinates": [[[-43.35792509999994, -22.80116469999996], [-43.359121899999934, -22.80101629999996], [-43.35954779999997, -22.801135499999923], [-43.360162799999955, -22.801307599999966], [-43.36026309999994, -22.801006899999955], [-43.360245299999974, -22.80095499999993], [-43.36020129999997, -22.800826299999986], [-43.360122399999966, -22.800488299999923], [-43.359806899999974, -22.79913589999995], [-43.35979229999998, -22.799025099999938], [-43.35976169999998, -22.798793299999943], [-43.359666699999934, -22.798304499999965], [-43.35956909999993, -22.79811669999998], [-43.35935399999994, -22.797993999999964], [-43.35901569999993, -22.797919899999954], [-43.35872859999995, -22.798769799999953], [-43.35824969999993, -22.800242599999926], [-43.35792509999994, -22.80116469999996]]]}, "properties": {"id": "330510905000078", "name": "Setor 330510905000078", "meanMonthlyBRL": 2016.49, "medianMonthlyBRL": 1300.0, "status": "published", "sourceTerritoryType": "census_sector", "overlayColor": "#c6dbef"}}, {"type": "Feature", "geometry": {"type": "Polygon", "coordinates": [[[-43.35852929999993, -22.802785699999955], [-43.35861649999998, -22.802802399999962], [-43.35861859999994, -22.802802799999938], [-43.35863059999997, -22.80280519999997], [-43.35906579999994, -22.80289249999992], [-43.359300099999984, -22.80293939999996], [-43.35930149999996, -22.802939899999956], [-43.359511699999985, -22.80300559999995], [-43.35969199999994, -22.803083999999956], [-43.35973739999998, -22.803103699999944], [-43.35993689999998, -22.80322149999995], [-43.36049329999997, -22.803617199999966], [-43.36054359999997, -22.803526299999927], [-43.361174999999946, -22.801590899999944], [-43.36088479999995, -22.801509699999933], [-43.360162799999955, -22.801307599999966], [-43.35954779999997, -22.801135499999923], [-43.359121899999934, -22.80101629999996], [-43.35885489999998, -22.801815399999953], [-43.35875149999998, -22.802125199999974], [-43.358579599999985, -22.802639799999948], [-43.35853099999997, -22.802781399999954], [-43.35852929999993, -22.802785699999955]]]}, "properties": {"id": "330510905000079", "name": "Setor 330510905000079", "meanMonthlyBRL": 2029.56, "medianMonthlyBRL": 1600.0, "status": "published", "sourceTerritoryType": "census_sector", "overlayColor": "#9ecae1"}}, {"type": "Feature", "geometry": {"type": "Polygon", "coordinates": [[[-43.35599799999994, -22.802660499999945], [-43.35618629999993, -22.802684699999926], [-43.35631569999998, -22.80270129999996], [-43.35652169999997, -22.802711199999976], [-43.35668039999996, -22.802693199999965], [-43.356839099999945, -22.80267519999995], [-43.35708699999998, -22.802646499999977], [-43.35740499999997, -22.802609799999967], [-43.357614299999966, -22.802619599999954], [-43.35795129999997, -22.802675199999957], [-43.35828499999997, -22.802738999999967], [-43.35852929999993, -22.802785699999955], [-43.35853099999997, -22.802781399999954], [-43.358579599999985, -22.802639799999948], [-43.35875149999998, -22.802125199999974], [-43.35885489999998, -22.801815399999953], [-43.359121899999934, -22.80101629999996], [-43.35792509999994, -22.80116469999996], [-43.35712569999998, -22.80119229999997], [-43.35685509999996, -22.801176799999947], [-43.35613699999993, -22.80095459999996], [-43.35597149999995, -22.802590699999932], [-43.35599989999997, -22.802643999999926], [-43.355999199999985, -22.802649999999968], [-43.35599799999994, -22.802660499999945]]]}, "properties": {"id": "330510905000080", "name": "Setor 330510905000080", "meanMonthlyBRL": 1817.84, "medianMonthlyBRL": 1800.0, "status": "published", "sourceTerritoryType": "census_sector", "overlayColor": "#9ecae1"}}, {"type": "Feature", "geometry": {"type": "Polygon", "coordinates": [[[-43.38129939999994, -22.792237499999942], [-43.38223259999995, -22.79272379999998], [-43.38313859999994, -22.793195999999966], [-43.38342679999994, -22.792763799999936], [-43.383695099999954, -22.79236129999999], [-43.38426869999995, -22.79150089999996], [-43.383290399999964, -22.790984199999972], [-43.38236899999998, -22.790497499999958], [-43.38209969999997, -22.790943499999965], [-43.38183719999995, -22.791378099999974], [-43.38129939999994, -22.792237499999942]]]}, "properties": {"id": "330510905000081", "name": "Setor 330510905000081", "meanMonthlyBRL": 1851.23, "medianMonthlyBRL": 1250.0, "status": "published", "sourceTerritoryType": "census_sector", "overlayColor": "#c6dbef"}}, {"type": "Feature", "geometry": {"type": "Polygon", "coordinates": [[[-43.37952569999993, -22.791303999999965], [-43.378885699999955, -22.792036499999945], [-43.37875679999996, -22.79211459999994], [-43.378864599999986, -22.79214709999997], [-43.37889469999994, -22.792156199999972], [-43.37924149999998, -22.792286599999954], [-43.37939689999996, -22.792065999999984], [-43.37980239999996, -22.79142999999993], [-43.38087569999993, -22.79201669999998], [-43.38129939999994, -22.792237499999942], [-43.38183719999995, -22.791378099999974], [-43.38209969999997, -22.790943499999965], [-43.38236899999998, -22.790497499999958], [-43.381219999999985, -22.789890599999975], [-43.38099429999994, -22.789771199999965], [-43.38076859999995, -22.78965189999996], [-43.38075689999994, -22.789645599999968], [-43.38050789999994, -22.790080699999972], [-43.38013519999999, -22.790609599999982], [-43.37952569999993, -22.791303999999965]]]}, "properties": {"id": "330510905000082", "name": "Setor 330510905000082", "meanMonthlyBRL": 1915.15, "medianMonthlyBRL": 1600.0, "status": "published", "sourceTerritoryType": "census_sector", "overlayColor": "#9ecae1"}}, {"type": "Feature", "geometry": {"type": "Polygon", "coordinates": [[[-43.378018699999984, -22.79052769999993], [-43.37933209999994, -22.791226999999942], [-43.37952569999993, -22.791303999999965], [-43.38013519999999, -22.790609599999982], [-43.38050789999994, -22.790080699999972], [-43.38075689999994, -22.789645599999968], [-43.38068709999993, -22.789610399999958], [-43.380637699999966, -22.789585399999968], [-43.37909719999993, -22.788730599999948], [-43.37892149999993, -22.789028599999934], [-43.37876939999995, -22.78930889999998], [-43.37855269999994, -22.789632799999932], [-43.378018699999984, -22.79052769999993]]]}, "properties": {"id": "330510905000083", "name": "Setor 330510905000083", "meanMonthlyBRL": 2066.59, "medianMonthlyBRL": 1450.0, "status": "published", "sourceTerritoryType": "census_sector", "overlayColor": "#c6dbef"}}, {"type": "Feature", "geometry": {"type": "Polygon", "coordinates": [[[-43.37698679999994, -22.79114859999993], [-43.37745739999997, -22.79141039999996], [-43.37761899999998, -22.79150029999994], [-43.37814599999996, -22.791677699999976], [-43.37856849999997, -22.791971899999957], [-43.37875679999996, -22.79211459999994], [-43.378885699999955, -22.792036499999945], [-43.37952569999993, -22.791303999999965], [-43.37933209999994, -22.791226999999942], [-43.378018699999984, -22.79052769999993], [-43.37746699999997, -22.790233999999938], [-43.37698679999994, -22.79114859999993]]]}, "properties": {"id": "330510905000084", "name": "Setor 330510905000084", "meanMonthlyBRL": 2065.91, "medianMonthlyBRL": 1250.0, "status": "published", "sourceTerritoryType": "census_sector", "overlayColor": "#c6dbef"}}, {"type": "Feature", "geometry": {"type": "Polygon", "coordinates": [[[-43.37602119999997, -22.789267399999964], [-43.37683409999994, -22.789654299999942], [-43.37760469999995, -22.789997299999985], [-43.37777969999996, -22.789701299999933], [-43.377984399999946, -22.78932969999994], [-43.37826049999995, -22.788828399999936], [-43.37848159999993, -22.788415199999974], [-43.37854129999994, -22.788303699999968], [-43.37775779999998, -22.787939499999943], [-43.37694709999994, -22.787562599999937], [-43.37642429999994, -22.788505399999956], [-43.37633749999998, -22.788661899999965], [-43.37602119999997, -22.789267399999964]]]}, "properties": {"id": "330510905000085", "name": "Setor 330510905000085", "meanMonthlyBRL": 1893.79, "medianMonthlyBRL": 1300.0, "status": "published", "sourceTerritoryType": "census_sector", "overlayColor": "#c6dbef"}}, {"type": "Feature", "geometry": {"type": "Polygon", "coordinates": [[[-43.372450699999945, -22.78950069999996], [-43.37256299999996, -22.789769899999946], [-43.37272139999994, -22.789838299999925], [-43.37351869999998, -22.790217699999975], [-43.37404909999998, -22.78917109999998], [-43.37438179999998, -22.78866719999996], [-43.37446099999994, -22.788627699999946], [-43.37455649999998, -22.788586199999937], [-43.37520779999994, -22.788881099999962], [-43.37602119999997, -22.789267399999964], [-43.37633749999998, -22.788661899999965], [-43.37642429999994, -22.788505399999956], [-43.37694709999994, -22.787562599999937], [-43.37667129999994, -22.787434399999935], [-43.37658279999994, -22.78739319999994], [-43.376478299999974, -22.78734149999997], [-43.37632999999994, -22.787268199999975], [-43.373904799999934, -22.78864709999993], [-43.372450699999945, -22.78950069999996]]]}, "properties": {"id": "330510905000086", "name": "Setor 330510905000086", "meanMonthlyBRL": 2348.33, "medianMonthlyBRL": 1800.0, "status": "published", "sourceTerritoryType": "census_sector", "overlayColor": "#9ecae1"}}, {"type": "Feature", "geometry": {"type": "Polygon", "coordinates": [[[-43.371689199999935, -22.78994819999996], [-43.372450699999945, -22.78950069999996], [-43.373904799999934, -22.78864709999993], [-43.37632999999994, -22.787268199999975], [-43.376125299999956, -22.787166899999935], [-43.37533419999994, -22.786804199999942], [-43.374558899999954, -22.78645019999994], [-43.373770399999955, -22.78608299999996], [-43.37364029999998, -22.786299899999964], [-43.37284129999995, -22.78776899999997], [-43.372537499999964, -22.788310699999954], [-43.371906199999955, -22.789538399999966], [-43.371689199999935, -22.78994819999996]]]}, "properties": {"id": "330510905000087", "name": "Setor 330510905000087", "meanMonthlyBRL": 1891.97, "medianMonthlyBRL": 1500.0, "status": "published", "sourceTerritoryType": "census_sector", "overlayColor": "#9ecae1"}}, {"type": "Feature", "geometry": {"type": "Polygon", "coordinates": [[[-43.364192199999934, -22.787341299999976], [-43.36421389999998, -22.78740279999994], [-43.36419029999996, -22.788434199999983], [-43.36416839999998, -22.788637199999975], [-43.36414739999998, -22.788828799999973], [-43.36413309999995, -22.78924239999997], [-43.36440989999994, -22.790243399999948], [-43.365038899999945, -22.790130599999948], [-43.36510459999994, -22.790118799999963], [-43.36584269999997, -22.789690899999982], [-43.36557579999993, -22.78912109999993], [-43.36554669999998, -22.788873399999943], [-43.36659079999998, -22.78824289999994], [-43.367528999999934, -22.78846929999997], [-43.36785489999994, -22.78852409999996], [-43.36854089999997, -22.78863939999997], [-43.368631799999946, -22.788654699999935], [-43.36961229999997, -22.788314299999968], [-43.370099299999936, -22.788036299999927], [-43.369679599999984, -22.787382799999936], [-43.36931929999997, -22.787564399999955], [-43.369077999999945, -22.787705599999978], [-43.36892949999998, -22.787792499999966], [-43.36864899999995, -22.787859099999935], [-43.36815459999997, -22.78782579999995], [-43.36733229999993, -22.787635699999946], [-43.36697579999998, -22.787583399999956], [-43.36664779999995, -22.787507299999962], [-43.36635299999995, -22.787350499999945], [-43.366020299999946, -22.787150799999942], [-43.36576919999993, -22.78689899999995], [-43.36555819999996, -22.786688599999934], [-43.36548579999994, -22.786604999999952], [-43.365392199999974, -22.786496999999937], [-43.36488529999997, -22.78715059999996], [-43.364192199999934, -22.787341299999976]]]}, "properties": {"id": "330510905000088", "name": "Setor 330510905000088", "meanMonthlyBRL": 1768.42, "medianMonthlyBRL": 1500.0, "status": "published", "sourceTerritoryType": "census_sector", "overlayColor": "#9ecae1"}}, {"type": "Feature", "geometry": {"type": "Polygon", "coordinates": [[[-43.36440989999994, -22.790243399999948], [-43.36444959999994, -22.790386999999953], [-43.364541899999956, -22.79072079999997], [-43.364701699999955, -22.791128199999946], [-43.365117099999964, -22.79090609999998], [-43.36532409999995, -22.790768799999963], [-43.36558299999996, -22.790597199999983], [-43.36726569999996, -22.78965339999996], [-43.36867939999996, -22.788857499999946], [-43.36961229999997, -22.788314299999968], [-43.368631799999946, -22.788654699999935], [-43.36854089999997, -22.78863939999997], [-43.36785489999994, -22.78852409999996], [-43.367528999999934, -22.78846929999997], [-43.36659079999998, -22.78824289999994], [-43.36554669999998, -22.788873399999943], [-43.36557579999993, -22.78912109999993], [-43.36584269999997, -22.789690899999982], [-43.36510459999994, -22.790118799999963], [-43.365038899999945, -22.790130599999948], [-43.36440989999994, -22.790243399999948]]]}, "properties": {"id": "330510905000089", "name": "Setor 330510905000089", "meanMonthlyBRL": 2448.9, "medianMonthlyBRL": 2000.0, "status": "published", "sourceTerritoryType": "census_sector", "overlayColor": "#6baed6"}}, {"type": "Feature", "geometry": {"type": "Polygon", "coordinates": [[[-43.36202419999995, -22.789617199999945], [-43.36278159999995, -22.789850199999936], [-43.36323039999996, -22.789979699999947], [-43.363579899999934, -22.790096199999933], [-43.364317699999965, -22.790342899999935], [-43.36444959999994, -22.790386999999953], [-43.36440989999994, -22.790243399999948], [-43.36413309999995, -22.78924239999997], [-43.36414739999998, -22.788828799999973], [-43.36416839999998, -22.788637199999975], [-43.363290699999936, -22.788380299999968], [-43.362568099999976, -22.78816559999996], [-43.362351899999965, -22.788742599999974], [-43.36202419999995, -22.789617199999945]]]}, "properties": {"id": "330510905000090", "name": "Setor 330510905000090", "meanMonthlyBRL": 2985.41, "medianMonthlyBRL": 2200.0, "status": "published", "sourceTerritoryType": "census_sector", "overlayColor": "#6baed6"}}, {"type": "Feature", "geometry": {"type": "Polygon", "coordinates": [[[-43.36163449999998, -22.790657099999972], [-43.36238539999994, -22.790923599999925], [-43.36290369999995, -22.79110759999998], [-43.363148799999976, -22.791212799999972], [-43.363508999999965, -22.791367399999956], [-43.36387819999993, -22.791525899999957], [-43.36417099999994, -22.791791299999932], [-43.36455909999995, -22.79130629999997], [-43.364701699999955, -22.791128199999946], [-43.364541899999956, -22.79072079999997], [-43.36444959999994, -22.790386999999953], [-43.364317699999965, -22.790342899999935], [-43.363579899999934, -22.790096199999933], [-43.36323039999996, -22.789979699999947], [-43.36278159999995, -22.789850199999936], [-43.36202419999995, -22.789617199999945], [-43.36163449999998, -22.790657099999972]]]}, "properties": {"id": "330510905000091", "name": "Setor 330510905000091", "meanMonthlyBRL": 2211.64, "medianMonthlyBRL": 1900.0, "status": "published", "sourceTerritoryType": "census_sector", "overlayColor": "#9ecae1"}}, {"type": "Feature", "geometry": {"type": "Polygon", "coordinates": [[[-43.35792649999996, -22.78825269999993], [-43.357785699999965, -22.788661999999935], [-43.35738349999997, -22.789631699999973], [-43.35724719999996, -22.790052299999957], [-43.35730199999995, -22.790041799999987], [-43.35756909999998, -22.790016799999933], [-43.35815539999993, -22.789975799999976], [-43.35839029999994, -22.78996259999996], [-43.358912299999986, -22.78988839999994], [-43.35906339999997, -22.789842599999925], [-43.359285899999975, -22.789126899999932], [-43.359342899999945, -22.789007099999942], [-43.35945989999993, -22.788570699999976], [-43.35942559999995, -22.78840239999993], [-43.35929639999995, -22.788187699999984], [-43.35917749999993, -22.788082999999972], [-43.35890059999997, -22.787986299999947], [-43.35813079999997, -22.787729299999967], [-43.35796819999996, -22.788131499999956], [-43.35792649999996, -22.78825269999993]]]}, "properties": {"id": "330510905000092", "name": "Setor 330510905000092", "meanMonthlyBRL": 1816.28, "medianMonthlyBRL": 1400.0, "status": "published", "sourceTerritoryType": "census_sector", "overlayColor": "#c6dbef"}}, {"type": "Feature", "geometry": {"type": "Polygon", "coordinates": [[[-43.35374009999998, -22.794089399999955], [-43.353912399999956, -22.794186599999936], [-43.354020299999945, -22.794216899999974], [-43.35409409999994, -22.794320499999973], [-43.35420499999998, -22.794476099999933], [-43.354569399999946, -22.79455959999996], [-43.355584299999975, -22.794465499999944], [-43.35618159999996, -22.794397299999954], [-43.356272599999954, -22.794395099999978], [-43.356308199999944, -22.794172299999953], [-43.356396699999955, -22.79377589999996], [-43.35645079999995, -22.793579099999935], [-43.356479399999955, -22.793322399999965], [-43.35643939999994, -22.79307999999998], [-43.356322499999976, -22.792697799999928], [-43.35626259999998, -22.79255799999992], [-43.355933499999935, -22.792195299999943], [-43.35574989999998, -22.791967799999952], [-43.35566119999993, -22.79179079999994], [-43.355470699999955, -22.791992199999978], [-43.35529569999994, -22.792164399999933], [-43.355048599999975, -22.792462399999977], [-43.35495919999994, -22.79257229999995], [-43.35475949999994, -22.79284319999994], [-43.354548499999964, -22.793108499999956], [-43.35408359999997, -22.79375309999995], [-43.35389249999997, -22.793966999999956], [-43.35374009999998, -22.794089399999955]]]}, "properties": {"id": "330510905000094", "name": "Setor 330510905000094", "meanMonthlyBRL": 1589.79, "medianMonthlyBRL": 1212.0, "status": "published", "sourceTerritoryType": "census_sector", "overlayColor": "#c6dbef"}}, {"type": "Feature", "geometry": {"type": "Polygon", "coordinates": [[[-43.360821699999974, -22.785789299999966], [-43.360881699999936, -22.785905399999926], [-43.36155669999994, -22.786794299999933], [-43.361860899999954, -22.787107999999936], [-43.36207009999998, -22.78729339999995], [-43.36250259999997, -22.787440799999956], [-43.362850599999945, -22.787411699999947], [-43.36300179999995, -22.787393199999944], [-43.36305729999998, -22.78738799999996], [-43.36325369999997, -22.787369499999954], [-43.363314499999944, -22.78708589999996], [-43.363324999999975, -22.78703669999993], [-43.36340839999997, -22.78677939999994], [-43.36350559999994, -22.786442499999964], [-43.363556899999935, -22.78632809999993], [-43.36365529999995, -22.786108599999974], [-43.36352079999995, -22.785766099999936], [-43.36344209999993, -22.785522499999956], [-43.36332829999998, -22.78516979999995], [-43.36328699999996, -22.78505919999997], [-43.36310169999996, -22.78431799999992], [-43.363002499999936, -22.783942899999943], [-43.36250259999997, -22.78396519999995], [-43.36217689999995, -22.783953299999943], [-43.36174209999996, -22.783937399999953], [-43.36172269999997, -22.783934099999954], [-43.36140439999997, -22.783880599999975], [-43.36137599999995, -22.783951699999918], [-43.361143099999936, -22.784712199999944], [-43.36109079999994, -22.784921399999973], [-43.36093869999996, -22.785358699999954], [-43.36087089999995, -22.78559639999997], [-43.360821699999974, -22.785789299999966]]]}, "properties": {"id": "330510905000095", "name": "Setor 330510905000095", "meanMonthlyBRL": 2079.99, "medianMonthlyBRL": 1500.0, "status": "published", "sourceTerritoryType": "census_sector", "overlayColor": "#9ecae1"}}, {"type": "Feature", "geometry": {"type": "Polygon", "coordinates": [[[-43.362850599999945, -22.787411699999947], [-43.362568099999976, -22.78816559999996], [-43.363290699999936, -22.788380299999968], [-43.36416839999998, -22.788637199999975], [-43.36419029999996, -22.788434199999983], [-43.36421389999998, -22.78740279999994], [-43.364192199999934, -22.787341299999976], [-43.36393349999997, -22.786608899999973], [-43.36365529999995, -22.786108599999974], [-43.363556899999935, -22.78632809999993], [-43.36350559999994, -22.786442499999964], [-43.36340839999997, -22.78677939999994], [-43.363324999999975, -22.78703669999993], [-43.363314499999944, -22.78708589999996], [-43.36325369999997, -22.787369499999954], [-43.36305729999998, -22.78738799999996], [-43.36300179999995, -22.787393199999944], [-43.362850599999945, -22.787411699999947]]]}, "properties": {"id": "330510905000096", "name": "Setor 330510905000096", "meanMonthlyBRL": 2392.06, "medianMonthlyBRL": 1900.0, "status": "published", "sourceTerritoryType": "census_sector", "overlayColor": "#9ecae1"}}, {"type": "Feature", "geometry": {"type": "Polygon", "coordinates": [[[-43.359306199999935, -22.78671369999995], [-43.35964569999993, -22.78717809999995], [-43.35970519999995, -22.787234599999977], [-43.35976459999995, -22.787290999999982], [-43.360275599999966, -22.787475199999964], [-43.36061239999998, -22.787572799999964], [-43.36113719999997, -22.787724799999975], [-43.36170809999993, -22.787907099999927], [-43.36048649999998, -22.786708099999938], [-43.36049239999994, -22.78667029999997], [-43.36051029999993, -22.786555999999948], [-43.360821699999974, -22.785789299999966], [-43.36087089999995, -22.78559639999997], [-43.36093869999996, -22.785358699999954], [-43.36109079999994, -22.784921399999973], [-43.361143099999936, -22.784712199999944], [-43.36137599999995, -22.783951699999918], [-43.36140439999997, -22.783880599999975], [-43.36120489999996, -22.783847099999953], [-43.36111029999995, -22.78380989999994], [-43.360599899999954, -22.783607699999944], [-43.36020599999995, -22.783441099999955], [-43.36018759999996, -22.783637899999967], [-43.36034449999994, -22.783742499999953], [-43.36049189999994, -22.783908899999968], [-43.36052989999996, -22.78407049999993], [-43.360472899999934, -22.784251099999956], [-43.36037299999998, -22.78439849999996], [-43.360182899999984, -22.784579099999977], [-43.35998319999994, -22.784745499999932], [-43.36011609999997, -22.784871299999963], [-43.36018039999993, -22.784962899999975], [-43.36024469999995, -22.785054499999944], [-43.360311199999956, -22.78532539999998], [-43.36032069999993, -22.785525099999973], [-43.360178099999985, -22.78581509999998], [-43.36000229999996, -22.78602899999993], [-43.359807399999966, -22.786157299999953], [-43.359602999999936, -22.786219099999986], [-43.35940809999994, -22.786299899999957], [-43.35934629999997, -22.786461499999966], [-43.359306199999935, -22.78671369999995]]]}, "properties": {"id": "330510905000097", "name": "Setor 330510905000097", "meanMonthlyBRL": 1868.79, "medianMonthlyBRL": 1500.0, "status": "published", "sourceTerritoryType": "census_sector", "overlayColor": "#9ecae1"}}, {"type": "Feature", "geometry": {"type": "Polygon", "coordinates": [[[-43.35813109999998, -22.786724499999934], [-43.358221999999955, -22.786734899999942], [-43.35847869999998, -22.78692029999996], [-43.35874019999994, -22.78721969999998], [-43.35902539999995, -22.78773789999996], [-43.35929639999995, -22.788187699999984], [-43.35942559999995, -22.78840239999993], [-43.35945989999993, -22.788570699999976], [-43.359342899999945, -22.789007099999942], [-43.359285899999975, -22.789126899999932], [-43.35906339999997, -22.789842599999925], [-43.35993899999994, -22.789566099999945], [-43.360285799999986, -22.789474299999938], [-43.35989039999998, -22.78799589999994], [-43.35970519999995, -22.787234599999977], [-43.35964569999993, -22.78717809999995], [-43.359306199999935, -22.78671369999995], [-43.359241699999984, -22.78662549999995], [-43.358464099999935, -22.78602409999996], [-43.35813109999998, -22.786724499999934]]]}, "properties": {"id": "330510905000098", "name": "Setor 330510905000098", "meanMonthlyBRL": 1580.61, "medianMonthlyBRL": 1450.0, "status": "published", "sourceTerritoryType": "census_sector", "overlayColor": "#c6dbef"}}, {"type": "Feature", "geometry": {"type": "Polygon", "coordinates": [[[-43.35565589999993, -22.77807159999998], [-43.35602039999998, -22.77884109999996], [-43.35581429999996, -22.77890569999994], [-43.355362799999966, -22.778962799999924], [-43.35508489999995, -22.779021399999976], [-43.35509889999997, -22.779100599999932], [-43.355322299999955, -22.77922899999993], [-43.355669399999954, -22.77935729999996], [-43.35593559999995, -22.779571199999964], [-43.35613049999995, -22.779960999999954], [-43.35616369999997, -22.780246199999965], [-43.35615399999995, -22.780421599999954], [-43.35614179999993, -22.78064119999993], [-43.356208299999935, -22.780860699999945], [-43.35628299999996, -22.78097979999995], [-43.35640009999997, -22.780991299999982], [-43.35664859999997, -22.78089269999998], [-43.35745199999997, -22.780464899999977], [-43.35789399999993, -22.780132099999943], [-43.35813109999998, -22.77986359999994], [-43.35825669999997, -22.779721399999968], [-43.35828859999998, -22.779685299999986], [-43.35841319999997, -22.77957739999993], [-43.35856339999999, -22.77941419999996], [-43.35864389999995, -22.779360899999975], [-43.358649499999956, -22.779351999999967], [-43.358667099999934, -22.779280199999953], [-43.35861659999995, -22.778986499999966], [-43.35859419999997, -22.778934699999976], [-43.35849769999993, -22.778710799999942], [-43.35828379999998, -22.778416099999962], [-43.358190699999966, -22.77833659999993], [-43.35776089999996, -22.777969299999942], [-43.35759459999997, -22.777584199999982], [-43.35761359999998, -22.77727519999997], [-43.35767059999995, -22.777028099999935], [-43.35725469999994, -22.777251499999974], [-43.35710259999997, -22.77738459999995], [-43.357063299999936, -22.77743509999993], [-43.35700269999995, -22.77751289999997], [-43.356964699999935, -22.777722099999952], [-43.356997999999976, -22.777883699999954], [-43.357173899999964, -22.77838759999997], [-43.35710729999994, -22.778549199999937], [-43.35708359999995, -22.778943799999983], [-43.35695039999996, -22.77921949999995], [-43.35685779999994, -22.779274099999952], [-43.35652259999995, -22.778242599999935], [-43.356318199999976, -22.77799539999995], [-43.356035399999946, -22.777536699999928], [-43.35596879999998, -22.777712599999973], [-43.35572639999998, -22.77802629999996], [-43.35565589999993, -22.77807159999998]]]}, "properties": {"id": "330510905000099", "name": "Setor 330510905000099", "meanMonthlyBRL": 1751.05, "medianMonthlyBRL": 1212.0, "status": "published", "sourceTerritoryType": "census_sector", "overlayColor": "#c6dbef"}}, {"type": "Feature", "geometry": {"type": "Polygon", "coordinates": [[[-43.353596799999934, -22.779195699999946], [-43.35336959999995, -22.779293099999965], [-43.35284119999994, -22.779468199999933], [-43.35267939999994, -22.779528399999943], [-43.35255799999993, -22.779741599999962], [-43.35250769999993, -22.779829899999978], [-43.35243709999998, -22.77997929999998], [-43.35252189999994, -22.78003829999994], [-43.352629399999955, -22.780113099999934], [-43.35273479999996, -22.78013879999998], [-43.35280529999995, -22.780155899999954], [-43.35287249999993, -22.780230599999975], [-43.35289089999998, -22.78025099999996], [-43.352912499999945, -22.780371399999975], [-43.35287729999993, -22.78050709999997], [-43.35284909999996, -22.780585899999945], [-43.352800599999966, -22.78072159999993], [-43.35275779999995, -22.780859399999947], [-43.35285429999993, -22.78103409999994], [-43.353006499999935, -22.78126509999992], [-43.35312619999996, -22.781446499999948], [-43.35324009999994, -22.781629799999966], [-43.35332039999997, -22.781713499999967], [-43.35345609999996, -22.781643399999947], [-43.35360709999998, -22.78161969999997], [-43.353796399999965, -22.78159629999993], [-43.35379169999993, -22.781320499999932], [-43.35380689999994, -22.78129339999998], [-43.35388779999994, -22.781149699999958], [-43.35391999999996, -22.781092399999977], [-43.354043599999954, -22.780845199999927], [-43.35417669999998, -22.78071209999996], [-43.35428609999997, -22.780612299999966], [-43.35462359999997, -22.780317499999967], [-43.35477839999993, -22.780202799999934], [-43.354880299999934, -22.780127399999966], [-43.35513699999996, -22.779989499999942], [-43.35536039999994, -22.779960999999965], [-43.35537799999997, -22.779963599999977], [-43.35558379999998, -22.779994299999938], [-43.35579299999995, -22.78008459999996], [-43.355849999999975, -22.780161999999955], [-43.35594029999993, -22.780284299999938], [-43.35597819999998, -22.780351399999972], [-43.35614179999993, -22.78064119999993], [-43.35615399999995, -22.780421599999954], [-43.35616369999997, -22.780246199999965], [-43.35613049999995, -22.779960999999954], [-43.35593559999995, -22.779571199999964], [-43.355669399999954, -22.77935729999996], [-43.355322299999955, -22.77922899999993], [-43.35509889999997, -22.779100599999932], [-43.35508489999995, -22.779021399999976], [-43.355362799999966, -22.778962799999924], [-43.35581429999996, -22.77890569999994], [-43.35602039999998, -22.77884109999996], [-43.35565589999993, -22.77807159999998], [-43.35544779999998, -22.77820229999998], [-43.354661599999986, -22.77853019999997], [-43.35440489999996, -22.77865379999997], [-43.35380599999996, -22.779024599999957], [-43.353596799999934, -22.779195699999946]]]}, "properties": {"id": "330510905000100", "name": "Setor 330510905000100", "meanMonthlyBRL": 2106.94, "medianMonthlyBRL": 1500.0, "status": "published", "sourceTerritoryType": "census_sector", "overlayColor": "#9ecae1"}}, {"type": "Feature", "geometry": {"type": "Polygon", "coordinates": [[[-43.35384469999997, -22.781700899999976], [-43.35405309999993, -22.782152399999976], [-43.354079799999965, -22.782193399999986], [-43.35433839999996, -22.782584999999987], [-43.354457199999956, -22.782922499999927], [-43.35450609999998, -22.78305199999994], [-43.354633099999944, -22.78338839999998], [-43.35483279999994, -22.783660899999973], [-43.35507979999995, -22.78381959999996], [-43.35525579999995, -22.783901699999948], [-43.35563609999997, -22.784087099999958], [-43.35596879999998, -22.784243999999937], [-43.35600759999994, -22.78428529999996], [-43.356111399999975, -22.784396099999967], [-43.356211299999984, -22.78454819999996], [-43.35631579999995, -22.78475259999994], [-43.35656379999995, -22.785243699999963], [-43.356591899999955, -22.78525839999997], [-43.35674369999998, -22.785337299999984], [-43.35828379999998, -22.785883999999953], [-43.358311999999955, -22.78590619999994], [-43.35812929999997, -22.785653399999944], [-43.35804379999996, -22.78548709999995], [-43.35791849999998, -22.785304599999957], [-43.35782509999996, -22.78516859999996], [-43.35772529999998, -22.784921399999966], [-43.35761389999993, -22.784764299999946], [-43.35753989999995, -22.784659899999944], [-43.35752409999998, -22.784616699999955], [-43.35751969999996, -22.784604599999973], [-43.35737739999996, -22.784538799999957], [-43.35718439999994, -22.78429869999996], [-43.357119599999976, -22.78423699999997], [-43.35697639999995, -22.78410059999993], [-43.35689119999995, -22.78403879999997], [-43.35670659999994, -22.783905099999963], [-43.35668159999995, -22.783744299999967], [-43.356671999999946, -22.78368229999995], [-43.35656549999993, -22.783464499999976], [-43.35649809999995, -22.78324229999993], [-43.35648139999995, -22.783187299999955], [-43.356476499999985, -22.783080399999957], [-43.356466499999954, -22.782860499999966], [-43.356466499999954, -22.782419999999938], [-43.35645349999994, -22.782324699999943], [-43.35643679999999, -22.78220209999995], [-43.35639719999995, -22.782028899999943], [-43.35634029999994, -22.781959599999933], [-43.35628339999994, -22.781890299999926], [-43.35614719999995, -22.78180769999995], [-43.356147599999986, -22.78180549999997], [-43.35596849999996, -22.78172679999994], [-43.35590219999995, -22.781697199999932], [-43.355674499999964, -22.78145459999997], [-43.35554289999994, -22.781333899999936], [-43.35537249999993, -22.781177399999926], [-43.355298999999945, -22.781134399999928], [-43.35516949999993, -22.78105859999993], [-43.355088799999976, -22.781036399999945], [-43.35497149999998, -22.78100409999996], [-43.35494879999993, -22.78100579999994], [-43.35478269999993, -22.781018299999968], [-43.35477869999994, -22.781017899999934], [-43.354773499999965, -22.781018999999958], [-43.35452099999998, -22.78113279999996], [-43.35434769999995, -22.781246699999947], [-43.354161199999965, -22.781429599999964], [-43.35409029999994, -22.781499199999924], [-43.35394179999997, -22.78163779999994], [-43.35384469999997, -22.781700899999976]]]}, "properties": {"id": "330510905000101", "name": "Setor 330510905000101", "meanMonthlyBRL": 1555.74, "medianMonthlyBRL": 1400.0, "status": "published", "sourceTerritoryType": "census_sector", "overlayColor": "#c6dbef"}}, {"type": "Feature", "geometry": {"type": "Polygon", "coordinates": [[[-43.34944879999995, -22.784694599999966], [-43.34949009999997, -22.78482429999997], [-43.34955149999996, -22.78501689999996], [-43.34977189999995, -22.785343499999946], [-43.34978249999995, -22.78535919999996], [-43.349870899999985, -22.785524599999977], [-43.34990259999995, -22.785607599999935], [-43.35014189999998, -22.785598799999942], [-43.35042429999993, -22.78560449999998], [-43.35049269999996, -22.785655799999972], [-43.35050179999996, -22.785689299999948], [-43.350526899999984, -22.785781299999933], [-43.35059089999993, -22.785890899999963], [-43.35066669999998, -22.786020899999976], [-43.35078079999994, -22.786183499999932], [-43.35079339999993, -22.78619819999994], [-43.35100319999998, -22.786442999999963], [-43.35103589999994, -22.786494699999935], [-43.351405399999976, -22.78642109999993], [-43.351567399999965, -22.78639509999993], [-43.351671599999975, -22.786378399999933], [-43.35181479999994, -22.786383599999965], [-43.35170499999998, -22.786150699999943], [-43.35181469999998, -22.78618689999996], [-43.35199019999993, -22.78617509999998], [-43.35215819999996, -22.786135299999952], [-43.352411699999955, -22.78602179999996], [-43.35256499999997, -22.78590089999994], [-43.35274039999996, -22.785831599999927], [-43.35290909999998, -22.785704699999933], [-43.35295709999997, -22.78563849999995], [-43.353008099999954, -22.785504899999975], [-43.35299249999997, -22.78540559999993], [-43.35294239999996, -22.78531309999994], [-43.35286619999994, -22.785220799999937], [-43.35269349999993, -22.785135199999957], [-43.351547299999936, -22.784352199999944], [-43.35083289999994, -22.78425019999997], [-43.35074759999998, -22.784172399999935], [-43.35053339999996, -22.784024699999964], [-43.35064669999997, -22.783935999999976], [-43.35084349999994, -22.78373629999992], [-43.351014599999985, -22.783550899999963], [-43.35119629999997, -22.783406799999966], [-43.35128559999998, -22.78342829999997], [-43.35195459999994, -22.78365109999993], [-43.35239649999994, -22.783760199999953], [-43.35249269999997, -22.78379049999995], [-43.35248679999995, -22.783693599999932], [-43.35240699999997, -22.78353459999994], [-43.35235229999995, -22.78351379999998], [-43.351918799999964, -22.783091699999943], [-43.351721699999985, -22.782957299999964], [-43.35149819999998, -22.782715799999956], [-43.35143869999996, -22.78265149999993], [-43.35133989999997, -22.782576099999975], [-43.35117719999994, -22.782451899999952], [-43.35090769999994, -22.782253099999934], [-43.35078869999995, -22.782178499999933], [-43.35072369999995, -22.782398699999938], [-43.35069279999993, -22.782464199999936], [-43.35064019999993, -22.782575299999962], [-43.35057539999997, -22.782712399999983], [-43.350531899999964, -22.78279739999994], [-43.35051269999997, -22.782834999999974], [-43.35035489999996, -22.783189499999928], [-43.350255999999945, -22.783302799999937], [-43.350148099999956, -22.783466499999964], [-43.35000779999996, -22.78367929999996], [-43.349850999999944, -22.783910299999945], [-43.34975459999998, -22.784063299999957], [-43.34958859999995, -22.78432669999995], [-43.349485899999934, -22.784549199999965], [-43.34944879999995, -22.784694599999966]]]}, "properties": {"id": "330510905000103", "name": "Setor 330510905000103", "meanMonthlyBRL": 1489.06, "medianMonthlyBRL": 1212.0, "status": "published", "sourceTerritoryType": "census_sector", "overlayColor": "#c6dbef"}}, {"type": "Feature", "geometry": {"type": "Polygon", "coordinates": [[[-43.35463669999996, -22.786059699999953], [-43.35471959999995, -22.786120699999966], [-43.35493349999996, -22.786169199999964], [-43.35515309999994, -22.786200599999972], [-43.35543259999997, -22.786157799999962], [-43.35551529999998, -22.78612359999994], [-43.35595459999996, -22.78629749999993], [-43.356231199999975, -22.786519999999935], [-43.35643939999994, -22.78669109999993], [-43.35660199999995, -22.786847999999964], [-43.35682729999996, -22.787073299999975], [-43.357038099999954, -22.78739349999995], [-43.35713819999995, -22.787395599999964], [-43.35734639999999, -22.787489699999977], [-43.35768009999998, -22.787580999999935], [-43.35813079999997, -22.787729299999967], [-43.35890059999997, -22.787986299999947], [-43.35917749999993, -22.788082999999972], [-43.35929639999995, -22.788187699999984], [-43.35902539999995, -22.78773789999996], [-43.35874019999994, -22.78721969999998], [-43.35847869999998, -22.78692029999996], [-43.358221999999955, -22.786734899999942], [-43.35813109999998, -22.786724499999934], [-43.35776569999996, -22.786682599999946], [-43.35727609999998, -22.786520999999933], [-43.35694069999994, -22.786235399999953], [-43.356875199999934, -22.786235799999933], [-43.356812899999966, -22.786265899999922], [-43.35674839999996, -22.786340299999946], [-43.356296799999946, -22.785972499999954], [-43.35628729999996, -22.78596479999993], [-43.35610189999994, -22.785793699999942], [-43.35594029999993, -22.785684299999968], [-43.35563129999997, -22.78553219999998], [-43.35535559999994, -22.78532309999997], [-43.35505139999998, -22.78508059999995], [-43.354889799999974, -22.784947499999923], [-43.35482889999997, -22.78489989999997], [-43.35475919999993, -22.784845199999943], [-43.35466349999996, -22.78478449999994], [-43.35455559999997, -22.78483879999993], [-43.35443589999994, -22.784897299999958], [-43.35429669999996, -22.784936699999943], [-43.35419269999995, -22.784937099999976], [-43.35410129999997, -22.784889399999937], [-43.35400499999997, -22.784733099999986], [-43.35391449999997, -22.784620599999982], [-43.35377579999994, -22.784495899999964], [-43.35354749999994, -22.784589599999947], [-43.353454599999964, -22.784595899999935], [-43.35338569999993, -22.784545799999933], [-43.35316499999993, -22.784862899999958], [-43.35346249999998, -22.785054899999984], [-43.35368999999997, -22.78525079999997], [-43.35392099999996, -22.78549319999997], [-43.35397399999994, -22.78553119999998], [-43.35426319999994, -22.785738499999976], [-43.35450279999998, -22.785960999999922], [-43.35463669999996, -22.786059699999953]]]}, "properties": {"id": "330510905000104", "name": "Setor 330510905000104", "meanMonthlyBRL": 1957.46, "medianMonthlyBRL": 1500.0, "status": "published", "sourceTerritoryType": "census_sector", "overlayColor": "#9ecae1"}}, {"type": "Feature", "geometry": {"type": "Polygon", "coordinates": [[[-43.352318999999966, -22.78848099999993], [-43.352601599999964, -22.78883119999994], [-43.35262609999996, -22.78886159999997], [-43.35279559999998, -22.789003399999956], [-43.35317089999995, -22.78888439999997], [-43.355218399999956, -22.78850889999995], [-43.35564889999995, -22.78843439999997], [-43.356088599999964, -22.788373899999954], [-43.356123699999955, -22.788360799999968], [-43.35696269999994, -22.78812649999998], [-43.35732929999995, -22.78804879999995], [-43.35792649999996, -22.78825269999993], [-43.35796819999996, -22.788131499999956], [-43.35813079999997, -22.787729299999967], [-43.35768009999998, -22.787580999999935], [-43.35734639999999, -22.787489699999977], [-43.35713819999995, -22.787395599999964], [-43.357038099999954, -22.78739349999995], [-43.35700129999998, -22.787392799999964], [-43.35675719999995, -22.78745699999996], [-43.356516399999975, -22.787529699999933], [-43.35589179999994, -22.787683699999945], [-43.35548679999994, -22.78782919999998], [-43.35526719999996, -22.78780919999997], [-43.35524849999996, -22.787793999999963], [-43.35516169999994, -22.787723599999932], [-43.354947799999934, -22.787586699999967], [-43.354816599999936, -22.787435599999984], [-43.354794099999935, -22.78787509999995], [-43.35443539999994, -22.787632199999965], [-43.354351099999974, -22.787544699999955], [-43.354304199999945, -22.787541599999944], [-43.35422619999997, -22.787557199999974], [-43.35419179999997, -22.787703999999962], [-43.35419179999997, -22.787797599999966], [-43.354110799999944, -22.787904399999938], [-43.352318999999966, -22.78848099999993]]]}, "properties": {"id": "330510905000105", "name": "Setor 330510905000105", "meanMonthlyBRL": 1510.4, "medianMonthlyBRL": 1200.0, "status": "published", "sourceTerritoryType": "census_sector", "overlayColor": "#c6dbef"}}, {"type": "Feature", "geometry": {"type": "Polygon", "coordinates": [[[-43.35400979999997, -22.78633449999995], [-43.35399129999996, -22.786639799999925], [-43.35394859999997, -22.78686319999997], [-43.35382499999997, -22.786962999999954], [-43.35370999999998, -22.78701859999995], [-43.35342119999996, -22.787158099999942], [-43.35340189999994, -22.78716749999995], [-43.35315469999995, -22.787371899999982], [-43.352750699999945, -22.787595299999964], [-43.35259849999994, -22.787661799999967], [-43.35246539999997, -22.787528699999935], [-43.35228009999997, -22.78732429999996], [-43.35218969999994, -22.78731009999996], [-43.35180699999995, -22.78754769999994], [-43.351268199999936, -22.78784479999996], [-43.35135409999998, -22.787946099999946], [-43.35168489999995, -22.788142899999965], [-43.35205279999997, -22.788311899999936], [-43.35228099999995, -22.78843379999995], [-43.352318999999966, -22.78848099999993], [-43.354110799999944, -22.787904399999938], [-43.35419179999997, -22.787797599999966], [-43.35419179999997, -22.787703999999962], [-43.35422619999997, -22.787557199999974], [-43.354304199999945, -22.787541599999944], [-43.354351099999974, -22.787544699999955], [-43.35443539999994, -22.787632199999965], [-43.354794099999935, -22.78787509999995], [-43.354816599999936, -22.787435599999984], [-43.354947799999934, -22.787586699999967], [-43.35516169999994, -22.787723599999932], [-43.35524849999996, -22.787793999999963], [-43.35526719999996, -22.78780919999997], [-43.35548679999994, -22.78782919999998], [-43.35589179999994, -22.787683699999945], [-43.356516399999975, -22.787529699999933], [-43.35675719999995, -22.78745699999996], [-43.35700129999998, -22.787392799999964], [-43.357038099999954, -22.78739349999995], [-43.35682729999996, -22.787073299999975], [-43.35660199999995, -22.786847999999964], [-43.35643939999994, -22.78669109999993], [-43.356231199999975, -22.786519999999935], [-43.35595459999996, -22.78629749999993], [-43.35551529999998, -22.78612359999994], [-43.35543259999997, -22.786157799999962], [-43.35515309999994, -22.786200599999972], [-43.35493349999996, -22.786169199999964], [-43.35471959999995, -22.786120699999966], [-43.35463669999996, -22.786059699999953], [-43.35444849999993, -22.786216999999965], [-43.35431919999996, -22.786280899999948], [-43.35415299999994, -22.786321299999933], [-43.35400979999997, -22.78633449999995]]]}, "properties": {"id": "330510905000106", "name": "Setor 330510905000106", "meanMonthlyBRL": 1869.26, "medianMonthlyBRL": 1500.0, "status": "published", "sourceTerritoryType": "census_sector", "overlayColor": "#9ecae1"}}, {"type": "Feature", "geometry": {"type": "Polygon", "coordinates": [[[-43.34990259999995, -22.785607599999935], [-43.34996789999997, -22.785778499999935], [-43.35000209999998, -22.786097899999955], [-43.35007909999996, -22.78635739999993], [-43.35017329999994, -22.786474399999967], [-43.35022459999993, -22.78660839999998], [-43.35042709999993, -22.786830899999927], [-43.35068659999996, -22.787027699999946], [-43.350877099999934, -22.787251599999934], [-43.350994699999944, -22.787389899999933], [-43.35110019999996, -22.78764659999996], [-43.351268199999936, -22.78784479999996], [-43.35180699999995, -22.78754769999994], [-43.35218969999994, -22.78731009999996], [-43.35228009999997, -22.78732429999996], [-43.35246539999997, -22.787528699999935], [-43.35259849999994, -22.787661799999967], [-43.352750699999945, -22.787595299999964], [-43.35315469999995, -22.787371899999982], [-43.35340189999994, -22.78716749999995], [-43.35342119999996, -22.787158099999942], [-43.35370999999998, -22.78701859999995], [-43.35382499999997, -22.786962999999954], [-43.35394859999997, -22.78686319999997], [-43.35399129999996, -22.786639799999925], [-43.35400979999997, -22.78633449999995], [-43.35294729999998, -22.786384999999935], [-43.35181479999994, -22.786383599999965], [-43.351671599999975, -22.786378399999933], [-43.351567399999965, -22.78639509999993], [-43.351405399999976, -22.78642109999993], [-43.35103589999994, -22.786494699999935], [-43.35100319999998, -22.786442999999963], [-43.35079339999993, -22.78619819999994], [-43.35078079999994, -22.786183499999932], [-43.35066669999998, -22.786020899999976], [-43.35059089999993, -22.785890899999963], [-43.350526899999984, -22.785781299999933], [-43.35050179999996, -22.785689299999948], [-43.35049269999996, -22.785655799999972], [-43.35042429999993, -22.78560449999998], [-43.35014189999998, -22.785598799999942], [-43.34990259999995, -22.785607599999935]]]}, "properties": {"id": "330510905000107", "name": "Setor 330510905000107", "meanMonthlyBRL": 1479.32, "medianMonthlyBRL": 1001.0, "status": "published", "sourceTerritoryType": "census_sector", "overlayColor": "#c6dbef"}}, {"type": "Feature", "geometry": {"type": "Polygon", "coordinates": [[[-43.356123699999955, -22.788360799999968], [-43.35626259999998, -22.78910119999995], [-43.35620269999998, -22.789360799999937], [-43.35606299999995, -22.789665899999928], [-43.35594069999996, -22.790038199999966], [-43.35613139999998, -22.790082399999957], [-43.356268299999954, -22.79014219999993], [-43.35704229999993, -22.790094799999956], [-43.35724719999996, -22.790052299999957], [-43.35738349999997, -22.789631699999973], [-43.357785699999965, -22.788661999999935], [-43.35792649999996, -22.78825269999993], [-43.35732929999995, -22.78804879999995], [-43.35696269999994, -22.78812649999998], [-43.356123699999955, -22.788360799999968]]]}, "properties": {"id": "330510905000108", "name": "Setor 330510905000108", "meanMonthlyBRL": 1841.72, "medianMonthlyBRL": 1500.0, "status": "published", "sourceTerritoryType": "census_sector", "overlayColor": "#9ecae1"}}, {"type": "Feature", "geometry": {"type": "Polygon", "coordinates": [[[-43.35279559999998, -22.789003399999956], [-43.35292449999997, -22.789111599999952], [-43.35309959999995, -22.78929519999997], [-43.35321369999997, -22.78948909999997], [-43.35322259999998, -22.789724499999977], [-43.35322789999998, -22.78986269999995], [-43.353173599999934, -22.790126299999944], [-43.35317089999995, -22.790139399999926], [-43.353259299999934, -22.790347599999954], [-43.35327599999994, -22.79037919999996], [-43.35356449999995, -22.790296299999973], [-43.35385299999996, -22.79022989999993], [-43.35388679999994, -22.79022209999994], [-43.35425749999996, -22.790213599999955], [-43.35464539999998, -22.790153699999966], [-43.35497339999995, -22.790062299999924], [-43.355147399999964, -22.79001389999996], [-43.35546119999998, -22.789988199999982], [-43.35594069999996, -22.790038199999966], [-43.35606299999995, -22.789665899999928], [-43.35620269999998, -22.789360799999937], [-43.35626259999998, -22.78910119999995], [-43.356123699999955, -22.788360799999968], [-43.356088599999964, -22.788373899999954], [-43.35564889999995, -22.78843439999997], [-43.355218399999956, -22.78850889999995], [-43.35317089999995, -22.78888439999997], [-43.35279559999998, -22.789003399999956]]]}, "properties": {"id": "330510905000109", "name": "Setor 330510905000109", "meanMonthlyBRL": 1885.19, "medianMonthlyBRL": 1250.0, "status": "published", "sourceTerritoryType": "census_sector", "overlayColor": "#c6dbef"}}, {"type": "Feature", "geometry": {"type": "Polygon", "coordinates": [[[-43.33542059999996, -22.800336799999965], [-43.33520519999996, -22.80069349999997], [-43.334936499999976, -22.80117439999998], [-43.33491639999994, -22.801210399999942], [-43.334741699999945, -22.80150989999993], [-43.33456339999998, -22.80179869999995], [-43.33443509999995, -22.80196269999994], [-43.334338799999955, -22.802105299999933], [-43.33427819999997, -22.80218369999994], [-43.33418439999997, -22.802370599999964], [-43.33588659999998, -22.802453399999926], [-43.336036899999954, -22.802263199999967], [-43.33636289999998, -22.801850399999978], [-43.336562999999956, -22.801597299999973], [-43.33693069999998, -22.801131999999935], [-43.33720809999994, -22.800737899999937], [-43.33734879999997, -22.800537799999976], [-43.33798829999995, -22.79973579999995], [-43.33767999999998, -22.799325399999926], [-43.33732719999995, -22.79969969999996], [-43.33711919999996, -22.79990529999997], [-43.33671089999996, -22.800321499999942], [-43.336230299999954, -22.800069899999983], [-43.335798799999964, -22.799843999999947], [-43.335704299999975, -22.79994479999993], [-43.33556349999998, -22.800139099999967], [-43.33542059999996, -22.800336799999965]]]}, "properties": {"id": "330510905000112", "name": "Setor 330510905000112", "meanMonthlyBRL": 1437.35, "medianMonthlyBRL": 1250.0, "status": "published", "sourceTerritoryType": "census_sector", "overlayColor": "#c6dbef"}}, {"type": "Feature", "geometry": {"type": "Polygon", "coordinates": [[[-43.35862849999995, -22.782896399999974], [-43.35868549999998, -22.782896399999974], [-43.35913709999994, -22.783038999999974], [-43.35935099999995, -22.78314349999993], [-43.36003079999995, -22.783366999999945], [-43.36020599999995, -22.783441099999955], [-43.360599899999954, -22.783607699999944], [-43.36111029999995, -22.78380989999994], [-43.36120489999996, -22.783847099999953], [-43.36140439999997, -22.783880599999975], [-43.36172269999997, -22.783934099999954], [-43.36174209999996, -22.783937399999953], [-43.36217689999995, -22.783953299999943], [-43.36250259999997, -22.78396519999995], [-43.363002499999936, -22.783942899999943], [-43.362958599999956, -22.783777399999956], [-43.36280689999996, -22.783205299999963], [-43.36265819999994, -22.782722299999925], [-43.36262799999997, -22.782623999999938], [-43.362523299999964, -22.782272999999982], [-43.36245809999997, -22.78205179999997], [-43.36214609999996, -22.782275999999964], [-43.36212279999995, -22.782273299999932], [-43.36188499999997, -22.78224579999995], [-43.36169449999994, -22.78222369999997], [-43.361442599999975, -22.782209499999958], [-43.36143079999994, -22.782211599999986], [-43.361233399999946, -22.782247499999976], [-43.36114679999997, -22.782278299999973], [-43.36101949999994, -22.782323499999958], [-43.36099869999998, -22.78237319999994], [-43.36087219999997, -22.78267529999993], [-43.36068199999994, -22.782836899999943], [-43.36044429999999, -22.782879699999963], [-43.36023519999998, -22.782832199999977], [-43.36016239999998, -22.78278939999995], [-43.360073599999964, -22.782737099999963], [-43.36000229999996, -22.782565999999978], [-43.36000309999997, -22.78250349999996], [-43.36000439999998, -22.782413799999976], [-43.36000699999994, -22.782223699999978], [-43.36008469999996, -22.782034299999964], [-43.359339699999964, -22.78222809999994], [-43.35924899999998, -22.782275599999934], [-43.35862849999995, -22.782896399999974]]]}, "properties": {"id": "330510905000113", "name": "Setor 330510905000113", "meanMonthlyBRL": 1878.07, "medianMonthlyBRL": 1400.0, "status": "published", "sourceTerritoryType": "census_sector", "overlayColor": "#c6dbef"}}, {"type": "Feature", "geometry": {"type": "Polygon", "coordinates": [[[-43.35864389999995, -22.779360899999975], [-43.358635499999934, -22.77937399999996], [-43.358627199999944, -22.779387099999948], [-43.35859369999997, -22.779462099999925], [-43.35855239999995, -22.779713799999968], [-43.358538099999976, -22.779918199999944], [-43.35850009999996, -22.780136899999942], [-43.358497099999965, -22.78020569999995], [-43.35849059999998, -22.780355599999954], [-43.358618999999976, -22.78054569999994], [-43.35885659999997, -22.78100679999994], [-43.35898499999996, -22.78126349999997], [-43.35913879999998, -22.78150469999997], [-43.35919409999997, -22.781591499999934], [-43.35923359999998, -22.78170339999997], [-43.35925119999996, -22.78175309999995], [-43.35975509999997, -22.781890999999977], [-43.36008469999996, -22.782034299999964], [-43.360159099999976, -22.781852899999933], [-43.36019709999994, -22.78152019999993], [-43.36017709999993, -22.78137019999997], [-43.36016859999995, -22.781306299999976], [-43.360063999999966, -22.781092399999977], [-43.360040399999946, -22.78106009999993], [-43.35990719999995, -22.78087849999997], [-43.35984939999997, -22.780829299999933], [-43.35968379999997, -22.780688299999948], [-43.35956249999998, -22.780633699999953], [-43.35944129999996, -22.78057899999993], [-43.359284499999944, -22.78039359999997], [-43.35928999999994, -22.780292699999958], [-43.35929969999995, -22.78022699999997], [-43.35975029999997, -22.779908699999957], [-43.35996419999998, -22.77969479999996], [-43.36001179999994, -22.77948089999995], [-43.35999319999996, -22.77926199999996], [-43.35998799999993, -22.77920039999997], [-43.35988819999995, -22.77895799999994], [-43.35975169999995, -22.77874529999997], [-43.359726499999965, -22.778706099999958], [-43.35950789999998, -22.77845889999997], [-43.35916559999998, -22.77815939999994], [-43.359015899999974, -22.77802629999996], [-43.35886609999994, -22.777893199999937], [-43.35865699999994, -22.777688799999964], [-43.35849539999998, -22.77739879999996], [-43.35837619999995, -22.777175199999927], [-43.35821009999995, -22.777099399999937], [-43.358111399999984, -22.77708879999995], [-43.35807699999998, -22.777085099999965], [-43.35788689999998, -22.777051799999978], [-43.35767059999995, -22.777028099999935], [-43.35761359999998, -22.77727519999997], [-43.35759459999997, -22.777584199999982], [-43.35776089999996, -22.777969299999942], [-43.358190699999966, -22.77833659999993], [-43.35828379999998, -22.778416099999962], [-43.35849769999993, -22.778710799999942], [-43.35859419999997, -22.778934699999976], [-43.35861659999995, -22.778986499999966], [-43.358667099999934, -22.779280199999953], [-43.358649499999956, -22.779351999999967], [-43.35864389999995, -22.779360899999975]]]}, "properties": {"id": "330510905000114", "name": "Setor 330510905000114", "meanMonthlyBRL": 1649.33, "medianMonthlyBRL": 1220.0, "status": "published", "sourceTerritoryType": "census_sector", "overlayColor": "#c6dbef"}}, {"type": "Feature", "geometry": {"type": "Polygon", "coordinates": [[[-43.360040399999946, -22.78106009999993], [-43.360063999999966, -22.781092399999977], [-43.36016859999995, -22.781306299999976], [-43.36017709999993, -22.78137019999997], [-43.36019709999994, -22.78152019999993], [-43.360159099999976, -22.781852899999933], [-43.36008469999996, -22.782034299999964], [-43.36000699999994, -22.782223699999978], [-43.36000439999998, -22.782413799999976], [-43.36000309999997, -22.78250349999996], [-43.36000229999996, -22.782565999999978], [-43.360073599999964, -22.782737099999963], [-43.36016239999998, -22.78278939999995], [-43.36023519999998, -22.782832199999977], [-43.36044429999999, -22.782879699999963], [-43.36068199999994, -22.782836899999943], [-43.36087219999997, -22.78267529999993], [-43.36099869999998, -22.78237319999994], [-43.36101949999994, -22.782323499999958], [-43.36114679999997, -22.782278299999973], [-43.361233399999946, -22.782247499999976], [-43.36143079999994, -22.782211599999986], [-43.361442599999975, -22.782209499999958], [-43.36169449999994, -22.78222369999997], [-43.36188499999997, -22.78224579999995], [-43.36212279999995, -22.782273299999932], [-43.36214609999996, -22.782275999999964], [-43.36245809999997, -22.78205179999997], [-43.362196799999936, -22.78119139999995], [-43.36202709999998, -22.780648299999946], [-43.36199469999997, -22.78053449999993], [-43.36082269999997, -22.780849799999945], [-43.360040399999946, -22.78106009999993]]]}, "properties": {"id": "330510905000115", "name": "Setor 330510905000115", "meanMonthlyBRL": 2171.8, "medianMonthlyBRL": 1602.0, "status": "published", "sourceTerritoryType": "census_sector", "overlayColor": "#9ecae1"}}, {"type": "Feature", "geometry": {"type": "Polygon", "coordinates": [[[-43.360040399999946, -22.78106009999993], [-43.36082269999997, -22.780849799999945], [-43.36199469999997, -22.78053449999993], [-43.36181779999998, -22.779903799999943], [-43.36136899999997, -22.78000309999993], [-43.361238199999946, -22.77942859999996], [-43.36089119999997, -22.779005499999986], [-43.360648699999956, -22.77883919999993], [-43.36054419999994, -22.77862049999993], [-43.36048169999998, -22.778380599999927], [-43.36045379999996, -22.77827349999995], [-43.36030169999998, -22.777931199999955], [-43.36010209999995, -22.777798099999927], [-43.360071199999936, -22.777795199999954], [-43.35994999999997, -22.77778389999997], [-43.359488899999974, -22.777698299999944], [-43.35910379999996, -22.777565199999977], [-43.358851899999934, -22.777403599999953], [-43.35837619999995, -22.777175199999927], [-43.35849539999998, -22.77739879999996], [-43.35865699999994, -22.777688799999964], [-43.35886609999994, -22.777893199999937], [-43.359015899999974, -22.77802629999996], [-43.35916559999998, -22.77815939999994], [-43.35950789999998, -22.77845889999997], [-43.359726499999965, -22.778706099999958], [-43.35975169999995, -22.77874529999997], [-43.35988819999995, -22.77895799999994], [-43.35998799999993, -22.77920039999997], [-43.35999319999996, -22.77926199999996], [-43.36001179999994, -22.77948089999995], [-43.35996419999998, -22.77969479999996], [-43.35975029999997, -22.779908699999957], [-43.35929969999995, -22.78022699999997], [-43.35928999999994, -22.780292699999958], [-43.359284499999944, -22.78039359999997], [-43.35944129999996, -22.78057899999993], [-43.35956249999998, -22.780633699999953], [-43.35968379999997, -22.780688299999948], [-43.35984939999997, -22.780829299999933], [-43.35990719999995, -22.78087849999997], [-43.360040399999946, -22.78106009999993]]]}, "properties": {"id": "330510905000116", "name": "Setor 330510905000116", "meanMonthlyBRL": 2535.35, "medianMonthlyBRL": 1815.0, "status": "published", "sourceTerritoryType": "census_sector", "overlayColor": "#9ecae1"}}, {"type": "Feature", "geometry": {"type": "Polygon", "coordinates": [[[-43.34992749999998, -22.79031729999997], [-43.349848099999974, -22.790587199999944], [-43.34988409999994, -22.791028499999978], [-43.35135319999995, -22.790570399999982], [-43.35165639999997, -22.790498799999963], [-43.35189879999996, -22.790398899999957], [-43.35253259999996, -22.79028089999997], [-43.35257759999996, -22.790806799999924], [-43.35248349999995, -22.79103209999993], [-43.35246069999994, -22.79125169999998], [-43.35262739999996, -22.791735299999974], [-43.35276609999994, -22.79221069999994], [-43.353133799999966, -22.79190199999993], [-43.35316369999998, -22.79183069999993], [-43.35318509999996, -22.79177979999997], [-43.35319369999996, -22.791759399999936], [-43.35321399999998, -22.791714199999944], [-43.35333629999997, -22.791442799999967], [-43.35334859999995, -22.791313499999944], [-43.353349599999945, -22.791302899999952], [-43.353353399999946, -22.791263099999988], [-43.35337049999998, -22.791083499999957], [-43.35333919999994, -22.790498799999963], [-43.35327599999994, -22.79037919999996], [-43.353259299999934, -22.790347599999954], [-43.35317089999995, -22.790139399999926], [-43.353173599999934, -22.790126299999944], [-43.35322789999998, -22.78986269999995], [-43.35322259999998, -22.789724499999977], [-43.35321369999997, -22.78948909999997], [-43.35309959999995, -22.78929519999997], [-43.35292449999997, -22.789111599999952], [-43.35279559999998, -22.789003399999956], [-43.35262609999996, -22.78886159999997], [-43.352601599999964, -22.78883119999994], [-43.35221569999993, -22.788935999999975], [-43.352315199999964, -22.789289499999935], [-43.35240829999998, -22.78957979999996], [-43.35006199999998, -22.79030199999994], [-43.34992749999998, -22.79031729999997]]]}, "properties": {"id": "330510905000117", "name": "Setor 330510905000117", "meanMonthlyBRL": 1562.98, "medianMonthlyBRL": 1212.0, "status": "published", "sourceTerritoryType": "census_sector", "overlayColor": "#c6dbef"}}, {"type": "Feature", "geometry": {"type": "Polygon", "coordinates": [[[-43.35012699999993, -22.791681799999935], [-43.350702799999965, -22.792310699999973], [-43.350797899999975, -22.792309899999964], [-43.35111159999997, -22.792344099999987], [-43.35135409999998, -22.79235549999992], [-43.35144529999997, -22.792392599999978], [-43.35183889999997, -22.792475299999968], [-43.35209869999994, -22.792425099999946], [-43.35205279999997, -22.79221289999997], [-43.35194439999998, -22.791867799999974], [-43.35187029999997, -22.791605399999973], [-43.35174189999998, -22.79142569999994], [-43.35158219999994, -22.79132869999995], [-43.35132839999994, -22.79129449999994], [-43.351048299999945, -22.791364099999953], [-43.35012699999993, -22.791681799999935]]]}, "properties": {"id": "330510905000118", "name": "Setor 330510905000118", "meanMonthlyBRL": 1532.23, "medianMonthlyBRL": 1250.0, "status": "published", "sourceTerritoryType": "census_sector", "overlayColor": "#c6dbef"}}, {"type": "Feature", "geometry": {"type": "Polygon", "coordinates": [[[-43.34994909999995, -22.78829179999997], [-43.35008769999996, -22.788884399999972], [-43.35008769999996, -22.788936399999944], [-43.35008769999996, -22.78909839999994], [-43.35007059999999, -22.789266599999962], [-43.35002209999993, -22.789392099999933], [-43.35000499999995, -22.789568999999968], [-43.350002899999936, -22.789594199999954], [-43.34994789999996, -22.790247799999975], [-43.34992749999998, -22.79031729999997], [-43.35006199999998, -22.79030199999994], [-43.35240829999998, -22.78957979999996], [-43.352315199999964, -22.789289499999935], [-43.35221569999993, -22.788935999999975], [-43.352601599999964, -22.78883119999994], [-43.352318999999966, -22.78848099999993], [-43.35228099999995, -22.78843379999995], [-43.35205279999997, -22.788311899999936], [-43.35168489999995, -22.788142899999965], [-43.35135409999998, -22.787946099999946], [-43.351268199999936, -22.78784479999996], [-43.351000399999975, -22.787997399999938], [-43.350683799999956, -22.788057299999934], [-43.34994909999995, -22.78829179999997]]]}, "properties": {"id": "330510905000119", "name": "Setor 330510905000119", "meanMonthlyBRL": 1706.89, "medianMonthlyBRL": 1212.0, "status": "published", "sourceTerritoryType": "census_sector", "overlayColor": "#c6dbef"}}, {"type": "Feature", "geometry": {"type": "Polygon", "coordinates": [[[-43.34818219999994, -22.78838779999996], [-43.34783119999997, -22.788654699999935], [-43.34780019999994, -22.788704499999938], [-43.34773809999996, -22.78880239999995], [-43.34771469999998, -22.788872999999967], [-43.34784589999998, -22.789018499999944], [-43.34797709999998, -22.789163999999968], [-43.34842489999994, -22.789725799999935], [-43.34865729999996, -22.789985399999978], [-43.34888979999994, -22.790244899999944], [-43.34918929999998, -22.790587199999937], [-43.34967169999993, -22.791155899999975], [-43.34985379999995, -22.791037799999966], [-43.34988409999994, -22.791028499999978], [-43.349848099999974, -22.790587199999944], [-43.34992749999998, -22.79031729999997], [-43.34994789999996, -22.790247799999975], [-43.350002899999936, -22.789594199999954], [-43.35000499999995, -22.789568999999968], [-43.35002209999993, -22.789392099999933], [-43.35007059999999, -22.789266599999962], [-43.35008769999996, -22.78909839999994], [-43.35008769999996, -22.788936399999944], [-43.35008769999996, -22.788884399999972], [-43.34994909999995, -22.78829179999997], [-43.34915059999997, -22.788553499999974], [-43.34851619999995, -22.78879729999994], [-43.34818219999994, -22.78838779999996]]]}, "properties": {"id": "330510905000120", "name": "Setor 330510905000120", "meanMonthlyBRL": 1894.0, "medianMonthlyBRL": 1200.0, "status": "published", "sourceTerritoryType": "census_sector", "overlayColor": "#c6dbef"}}, {"type": "Feature", "geometry": {"type": "Polygon", "coordinates": [[[-43.33091449999995, -22.80266579999995], [-43.33166389999997, -22.80272069999995], [-43.33221919999994, -22.802761299999933], [-43.33383709999998, -22.802879599999976], [-43.333920999999975, -22.802885799999952], [-43.33444069999996, -22.80292379999997], [-43.33479049999994, -22.802941199999967], [-43.33732599999996, -22.803067699999925], [-43.33810349999993, -22.80309949999997], [-43.340035099999966, -22.80317849999994], [-43.34153879999997, -22.803292299999956], [-43.34250359999993, -22.803365399999965], [-43.345240899999965, -22.80355519999995], [-43.34541459999997, -22.803567299999937], [-43.34544119999998, -22.803567599999948], [-43.34629579999995, -22.803577999999955], [-43.34674469999993, -22.803616299999934], [-43.34681599999993, -22.803622299999976], [-43.34690749999993, -22.80363009999996], [-43.34696289999994, -22.80363479999994], [-43.347009499999956, -22.803638799999934], [-43.34707009999994, -22.803643899999944], [-43.34721829999995, -22.803656599999957], [-43.34740409999995, -22.803673399999976], [-43.34745849999996, -22.803635999999987], [-43.34755569999993, -22.80358619999993], [-43.34809649999994, -22.803287499999954], [-43.34758379999994, -22.803279699999965], [-43.34709779999997, -22.803264599999977], [-43.34472889999995, -22.803060299999963], [-43.34469089999993, -22.803054499999973], [-43.344262399999934, -22.802951199999928], [-43.343722699999944, -22.802820999999938], [-43.343253499999946, -22.802776499999933], [-43.33894939999993, -22.802587699999943], [-43.33588659999998, -22.802453399999926], [-43.33418439999997, -22.802370599999964], [-43.33352519999994, -22.802336299999972], [-43.33207009999995, -22.802260999999937], [-43.33087439999997, -22.802195099999945], [-43.33091449999995, -22.80266579999995]]]}, "properties": {"id": "330510905000121", "name": "Setor 330510905000121", "meanMonthlyBRL": null, "medianMonthlyBRL": null, "status": "no_record", "sourceTerritoryType": "census_sector", "overlayColor": "#888888"}}, {"type": "Feature", "geometry": {"type": "Polygon", "coordinates": [[[-43.35816369999998, -22.77616359999996], [-43.35792729999997, -22.776490899999942], [-43.35767059999995, -22.777028099999935], [-43.35788689999998, -22.777051799999978], [-43.35807699999998, -22.777085099999965], [-43.358111399999984, -22.77708879999995], [-43.35821009999995, -22.777099399999937], [-43.35837619999995, -22.777175199999927], [-43.358851899999934, -22.777403599999953], [-43.35910379999996, -22.777565199999977], [-43.359488899999974, -22.777698299999944], [-43.35994999999997, -22.77778389999997], [-43.360071199999936, -22.777795199999954], [-43.36010209999995, -22.777798099999927], [-43.36030169999998, -22.777931199999955], [-43.36045379999996, -22.77827349999995], [-43.36048169999998, -22.778380599999927], [-43.36054419999994, -22.77862049999993], [-43.360648699999956, -22.77883919999993], [-43.36089119999997, -22.779005499999986], [-43.361238199999946, -22.77942859999996], [-43.36136899999997, -22.78000309999993], [-43.36181779999998, -22.779903799999943], [-43.361725099999944, -22.779573399999947], [-43.36166749999995, -22.77933089999993], [-43.36158729999994, -22.778993399999933], [-43.36135439999998, -22.778289899999955], [-43.361321499999974, -22.778139599999978], [-43.36120319999998, -22.777736599999972], [-43.361077199999954, -22.77730709999997], [-43.36101309999998, -22.777088699999982], [-43.36096999999995, -22.77589789999996], [-43.36008259999994, -22.775817299999964], [-43.358743199999935, -22.775633499999966], [-43.358606899999984, -22.775614699999952], [-43.358450199999936, -22.775896699999976], [-43.35816369999998, -22.77616359999996]]]}, "properties": {"id": "330510905000122", "name": "Setor 330510905000122", "meanMonthlyBRL": 2194.55, "medianMonthlyBRL": 1750.0, "status": "published", "sourceTerritoryType": "census_sector", "overlayColor": "#9ecae1"}}, {"type": "Feature", "geometry": {"type": "Polygon", "coordinates": [[[-43.352700899999945, -22.777469299999943], [-43.353088199999945, -22.77802699999995], [-43.35347569999993, -22.778584999999968], [-43.35353049999998, -22.778992799999966], [-43.353596799999934, -22.779195699999946], [-43.35380599999996, -22.779024599999957], [-43.35440489999996, -22.77865379999997], [-43.354661599999986, -22.77853019999997], [-43.35544779999998, -22.77820229999998], [-43.35565589999993, -22.77807159999998], [-43.35523989999996, -22.777431399999955], [-43.354426399999966, -22.77637499999997], [-43.35385739999998, -22.77673589999995], [-43.35324659999998, -22.77712329999997], [-43.352700899999945, -22.777469299999943]]]}, "properties": {"id": "330510905000123", "name": "Setor 330510905000123", "meanMonthlyBRL": 1982.22, "medianMonthlyBRL": 1220.0, "status": "published", "sourceTerritoryType": "census_sector", "overlayColor": "#c6dbef"}}, {"type": "Feature", "geometry": {"type": "Polygon", "coordinates": [[[-43.35090769999994, -22.782253099999934], [-43.35117719999994, -22.782451899999952], [-43.35133989999997, -22.782576099999975], [-43.35143869999996, -22.78265149999993], [-43.35149819999998, -22.782715799999956], [-43.351721699999985, -22.782957299999964], [-43.351918799999964, -22.783091699999943], [-43.35235229999995, -22.78351379999998], [-43.35240699999997, -22.78353459999994], [-43.352346599999976, -22.78324569999995], [-43.352331399999976, -22.78321899999997], [-43.352165999999954, -22.782927299999983], [-43.352085099999954, -22.782771199999953], [-43.35203289999998, -22.782670599999957], [-43.35191419999995, -22.782445399999975], [-43.351894999999956, -22.78240909999994], [-43.35186369999997, -22.78219799999993], [-43.35185699999994, -22.782152399999976], [-43.35194249999995, -22.781905199999976], [-43.352107399999966, -22.781714799999968], [-43.35215649999998, -22.781657999999933], [-43.35238309999994, -22.781535999999956], [-43.35239409999997, -22.781372799999932], [-43.352232499999964, -22.781158899999976], [-43.35215309999995, -22.780928599999978], [-43.35213739999995, -22.78088319999995], [-43.35213269999997, -22.780811899999946], [-43.35219449999994, -22.780450599999945], [-43.35219929999994, -22.780441399999976], [-43.35239889999997, -22.78006079999994], [-43.35243709999998, -22.77997929999998], [-43.35250769999993, -22.779829899999978], [-43.35255799999993, -22.779741599999962], [-43.35267939999994, -22.779528399999943], [-43.35284119999994, -22.779468199999933], [-43.35336959999995, -22.779293099999965], [-43.353596799999934, -22.779195699999946], [-43.35353049999998, -22.778992799999966], [-43.35347569999993, -22.778584999999968], [-43.35341169999998, -22.778628999999963], [-43.35277919999993, -22.77901029999998], [-43.35246539999997, -22.779219499999954], [-43.35205659999997, -22.779623499999957], [-43.351932999999974, -22.77978989999997], [-43.35173809999998, -22.779984799999973], [-43.35150999999996, -22.780203499999967], [-43.351424399999985, -22.780417399999983], [-43.35141199999999, -22.780644199999976], [-43.35144339999994, -22.780973499999956], [-43.35150049999993, -22.781182699999928], [-43.35149569999993, -22.781453599999963], [-43.35125329999994, -22.781848199999956], [-43.35090769999994, -22.782253099999934]]]}, "properties": {"id": "330510905000124", "name": "Setor 330510905000124", "meanMonthlyBRL": 1778.1, "medianMonthlyBRL": 1450.0, "status": "published", "sourceTerritoryType": "census_sector", "overlayColor": "#c6dbef"}}, {"type": "Feature", "geometry": {"type": "Polygon", "coordinates": [[[-43.34788579999997, -22.78495989999993], [-43.34808829999997, -22.785558799999926], [-43.34832359999996, -22.786024499999936], [-43.348370699999975, -22.78611789999996], [-43.348478899999975, -22.786294599999962], [-43.348999299999946, -22.78719689999997], [-43.34998289999993, -22.78672449999993], [-43.35022459999993, -22.78660839999998], [-43.35017329999994, -22.786474399999967], [-43.35007909999996, -22.78635739999993], [-43.35000209999998, -22.786097899999955], [-43.34996789999997, -22.785778499999935], [-43.34990259999995, -22.785607599999935], [-43.349870899999985, -22.785524599999977], [-43.34978249999995, -22.78535919999996], [-43.34977189999995, -22.785343499999946], [-43.34955149999996, -22.78501689999996], [-43.34949009999997, -22.78482429999997], [-43.34927049999993, -22.78488749999996], [-43.34913249999994, -22.78481669999996], [-43.348886899999975, -22.784822999999957], [-43.34832199999994, -22.78479159999994], [-43.347887699999944, -22.78478489999998], [-43.34792429999993, -22.78486679999997], [-43.34788579999997, -22.78495989999993]]]}, "properties": {"id": "330510905000125", "name": "Setor 330510905000125", "meanMonthlyBRL": 1860.3, "medianMonthlyBRL": 1500.0, "status": "published", "sourceTerritoryType": "census_sector", "overlayColor": "#9ecae1"}}, {"type": "Feature", "geometry": {"type": "Polygon", "coordinates": [[[-43.347423799999945, -22.787561099999948], [-43.347451399999954, -22.787586199999964], [-43.34761199999997, -22.787732199999933], [-43.34792009999995, -22.788100099999948], [-43.348054099999956, -22.78823129999995], [-43.34818219999994, -22.78838779999996], [-43.34851619999995, -22.78879729999994], [-43.34915059999997, -22.788553499999974], [-43.34994909999995, -22.78829179999997], [-43.350683799999956, -22.788057299999934], [-43.351000399999975, -22.787997399999938], [-43.351268199999936, -22.78784479999996], [-43.35110019999996, -22.78764659999996], [-43.350994699999944, -22.787389899999933], [-43.350877099999934, -22.787251599999934], [-43.35068659999996, -22.787027699999946], [-43.35042709999993, -22.786830899999927], [-43.35022459999993, -22.78660839999998], [-43.34998289999993, -22.78672449999993], [-43.348999299999946, -22.78719689999997], [-43.348478899999975, -22.786294599999962], [-43.348370699999975, -22.78611789999996], [-43.34832359999996, -22.786024499999936], [-43.34808829999997, -22.785558799999926], [-43.34788579999997, -22.78495989999993], [-43.34754069999997, -22.78521939999996], [-43.34742659999995, -22.78535629999993], [-43.34730689999998, -22.78559589999998], [-43.34720989999994, -22.785943899999953], [-43.34698169999996, -22.78643159999996], [-43.34680629999997, -22.78655149999998], [-43.34666279999993, -22.786636599999948], [-43.34663009999997, -22.786655999999937], [-43.34659369999997, -22.786682599999953], [-43.34657109999995, -22.78675709999993], [-43.34655129999993, -22.78687659999997], [-43.34658009999998, -22.786911799999928], [-43.34663469999998, -22.78697759999994], [-43.346685099999945, -22.78704769999996], [-43.34670909999994, -22.78707049999997], [-43.34685909999996, -22.787213099999974], [-43.347038699999985, -22.78737279999995], [-43.34718749999996, -22.787460599999974], [-43.34721269999994, -22.787475499999967], [-43.347423799999945, -22.787561099999948]]]}, "properties": {"id": "330510905000126", "name": "Setor 330510905000126", "meanMonthlyBRL": 1517.73, "medianMonthlyBRL": 1300.0, "status": "published", "sourceTerritoryType": "census_sector", "overlayColor": "#c6dbef"}}, {"type": "Feature", "geometry": {"type": "Polygon", "coordinates": [[[-43.345056099999965, -22.787166299999964], [-43.34512229999996, -22.78742049999994], [-43.34520119999996, -22.787565599999937], [-43.34539589999997, -22.78801739999994], [-43.34605189999996, -22.789340799999934], [-43.34616879999993, -22.78964029999997], [-43.34640839999997, -22.79007949999993], [-43.34678489999993, -22.790244899999937], [-43.347198499999934, -22.79031049999997], [-43.34730109999998, -22.790010999999932], [-43.34737529999995, -22.78991689999998], [-43.34709579999998, -22.78974579999993], [-43.34684199999998, -22.789406399999958], [-43.346439799999985, -22.78852219999992], [-43.34638559999996, -22.788428099999976], [-43.34637419999996, -22.788248399999922], [-43.34642269999995, -22.787985999999933], [-43.34647689999997, -22.78786619999994], [-43.34655099999998, -22.787789199999956], [-43.346667999999966, -22.787786399999952], [-43.346782099999984, -22.787866199999936], [-43.346887599999945, -22.788102999999982], [-43.34698739999993, -22.788373899999964], [-43.347522899999944, -22.788256699999973], [-43.34783119999997, -22.788654699999935], [-43.34818219999994, -22.78838779999996], [-43.348054099999956, -22.78823129999995], [-43.34792009999995, -22.788100099999948], [-43.34761199999997, -22.787732199999933], [-43.347451399999954, -22.787586199999964], [-43.347423799999945, -22.787561099999948], [-43.34701719999998, -22.787605699999965], [-43.346409499999936, -22.78700039999995], [-43.34631649999994, -22.786735899999943], [-43.34623549999998, -22.786712699999946], [-43.346165499999984, -22.786692699999936], [-43.34607569999997, -22.78693139999996], [-43.34580299999993, -22.78706509999995], [-43.34543149999996, -22.787139399999944], [-43.345056099999965, -22.787166299999964]]]}, "properties": {"id": "330510905000127", "name": "Setor 330510905000127", "meanMonthlyBRL": 1214.88, "medianMonthlyBRL": 1200.0, "status": "published", "sourceTerritoryType": "census_sector", "overlayColor": "#c6dbef"}}, {"type": "Feature", "geometry": {"type": "Polygon", "coordinates": [[[-43.35880179999998, -22.769988299999962], [-43.35875509999994, -22.77006019999993], [-43.35873049999998, -22.77016779999996], [-43.35874489999998, -22.770270899999964], [-43.35877499999998, -22.770366499999962], [-43.35865729999995, -22.77034249999997], [-43.358501099999955, -22.770285399999977], [-43.35839189999996, -22.770238799999955], [-43.35832719999996, -22.77024679999994], [-43.35881459999996, -22.770978799999966], [-43.35887569999994, -22.771064699999958], [-43.35903979999995, -22.77138399999995], [-43.359108599999956, -22.771506799999933], [-43.35996669999997, -22.771828399999947], [-43.36073429999993, -22.772134199999982], [-43.36109189999996, -22.77216769999995], [-43.36112339999994, -22.771088799999973], [-43.36115559999996, -22.769985099999932], [-43.36116089999996, -22.769803499999966], [-43.36117679999995, -22.769280399999957], [-43.361303299999975, -22.76891239999997], [-43.36139009999994, -22.768662699999936], [-43.361225299999944, -22.768776699999933], [-43.361126199999944, -22.768820799999954], [-43.35979159999994, -22.769599499999973], [-43.35915819999997, -22.770007599999925], [-43.35908869999997, -22.770047899999955], [-43.35896999999994, -22.77005269999995], [-43.358883299999945, -22.770009299999966], [-43.35880179999998, -22.769988299999962]]]}, "properties": {"id": "330510905000128", "name": "Setor 330510905000128", "meanMonthlyBRL": 2627.7, "medianMonthlyBRL": 2400.0, "status": "published", "sourceTerritoryType": "census_sector", "overlayColor": "#6baed6"}}, {"type": "Feature", "geometry": {"type": "Polygon", "coordinates": [[[-43.35906959999994, -22.77330609999996], [-43.359733999999946, -22.773386499999955], [-43.36057529999994, -22.773488399999966], [-43.36105159999994, -22.77354599999995], [-43.36109189999996, -22.77216769999995], [-43.36073429999993, -22.772134199999982], [-43.35996669999997, -22.771828399999947], [-43.359108599999956, -22.771506799999933], [-43.35904679999993, -22.77231489999996], [-43.35902299999998, -22.77293759999998], [-43.35906959999994, -22.77330609999996]]]}, "properties": {"id": "330510905000129", "name": "Setor 330510905000129", "meanMonthlyBRL": 1764.8, "medianMonthlyBRL": 1212.0, "status": "published", "sourceTerritoryType": "census_sector", "overlayColor": "#c6dbef"}}, {"type": "Feature", "geometry": {"type": "Polygon", "coordinates": [[[-43.358743199999935, -22.775633499999966], [-43.36008259999994, -22.775817299999964], [-43.36096999999995, -22.77589789999996], [-43.360955099999956, -22.775485299999957], [-43.36098769999996, -22.77478969999992], [-43.36099109999998, -22.77471709999997], [-43.36099859999996, -22.77455659999999], [-43.36102009999996, -22.774116199999984], [-43.36105159999994, -22.77354599999995], [-43.36057529999994, -22.773488399999966], [-43.359733999999946, -22.773386499999955], [-43.35906959999994, -22.77330609999996], [-43.35908009999997, -22.773389199999936], [-43.35911429999993, -22.77351339999996], [-43.35915609999995, -22.773664899999975], [-43.35915609999995, -22.773809599999932], [-43.35915609999995, -22.77400719999997], [-43.359051499999964, -22.77434939999995], [-43.35908939999996, -22.774512699999942], [-43.35914189999994, -22.774739199999942], [-43.35928919999998, -22.77510999999992], [-43.358743199999935, -22.775633499999966]]]}, "properties": {"id": "330510905000130", "name": "Setor 330510905000130", "meanMonthlyBRL": 2048.38, "medianMonthlyBRL": 1600.0, "status": "published", "sourceTerritoryType": "census_sector", "overlayColor": "#9ecae1"}}, {"type": "Feature", "geometry": {"type": "Polygon", "coordinates": [[[-43.35779009999993, -22.771464699999964], [-43.35772549999996, -22.77173859999994], [-43.35764659999995, -22.772067499999935], [-43.35759269999994, -22.77241329999998], [-43.35790339999994, -22.772467199999937], [-43.35798939999995, -22.77364169999992], [-43.35816369999998, -22.775579099999963], [-43.358527899999956, -22.775604999999928], [-43.358606899999984, -22.775614699999952], [-43.358743199999935, -22.775633499999966], [-43.35928919999998, -22.77510999999992], [-43.35914189999994, -22.774739199999942], [-43.35908939999996, -22.774512699999942], [-43.359051499999964, -22.77434939999995], [-43.35915609999995, -22.77400719999997], [-43.35915609999995, -22.773809599999932], [-43.35915609999995, -22.773664899999975], [-43.35911429999993, -22.77351339999996], [-43.35908009999997, -22.773389199999936], [-43.35906959999994, -22.77330609999996], [-43.35902299999998, -22.77293759999998], [-43.35904679999993, -22.77231489999996], [-43.359108599999956, -22.771506799999933], [-43.35903979999995, -22.77138399999995], [-43.35781789999993, -22.77135599999996], [-43.35779009999993, -22.771464699999964]]]}, "properties": {"id": "330510905000131", "name": "Setor 330510905000131", "meanMonthlyBRL": 1883.2, "medianMonthlyBRL": 1500.0, "status": "published", "sourceTerritoryType": "census_sector", "overlayColor": "#9ecae1"}}, {"type": "Feature", "geometry": {"type": "Polygon", "coordinates": [[[-43.35692489999997, -22.77558189999996], [-43.35787439999996, -22.775558599999957], [-43.35816369999998, -22.775579099999963], [-43.35798939999995, -22.77364169999992], [-43.35790339999994, -22.772467199999937], [-43.35759269999994, -22.77241329999998], [-43.35717249999993, -22.772340399999962], [-43.35680989999997, -22.773921399999942], [-43.35668939999994, -22.774496399999975], [-43.35646559999998, -22.774457599999945], [-43.35626979999995, -22.77441449999997], [-43.35618629999993, -22.77440439999998], [-43.35613499999994, -22.774559499999953], [-43.35608519999994, -22.77460989999997], [-43.35595989999996, -22.77458329999996], [-43.35586919999997, -22.77480029999998], [-43.35607079999994, -22.774878499999943], [-43.35626799999994, -22.774948099999953], [-43.35650519999996, -22.775106299999948], [-43.35658179999996, -22.775157299999922], [-43.35692489999997, -22.77558189999996]]]}, "properties": {"id": "330510905000132", "name": "Setor 330510905000132", "meanMonthlyBRL": 2011.08, "medianMonthlyBRL": 1212.0, "status": "published", "sourceTerritoryType": "census_sector", "overlayColor": "#c6dbef"}}, {"type": "Feature", "geometry": {"type": "Polygon", "coordinates": [[[-43.35692489999997, -22.77558189999996], [-43.356073899999956, -22.77560269999998], [-43.35593499999993, -22.775606099999948], [-43.35553779999998, -22.775717899999954], [-43.355402599999934, -22.775755899999975], [-43.35535679999999, -22.77578499999992], [-43.355008099999964, -22.77600609999996], [-43.354426399999966, -22.77637499999997], [-43.35523989999996, -22.777431399999955], [-43.35580879999998, -22.777065699999977], [-43.35650359999994, -22.776621599999935], [-43.35662959999996, -22.77654319999994], [-43.35674889999996, -22.77648419999997], [-43.35702409999993, -22.776348299999928], [-43.35734089999994, -22.77626159999994], [-43.35742339999996, -22.776238999999975], [-43.357851299999936, -22.776224699999947], [-43.35816369999998, -22.77616359999996], [-43.358450199999936, -22.775896699999976], [-43.358606899999984, -22.775614699999952], [-43.358527899999956, -22.775604999999928], [-43.35816369999998, -22.775579099999963], [-43.35787439999996, -22.775558599999957], [-43.35692489999997, -22.77558189999996]]]}, "properties": {"id": "330510905000133", "name": "Setor 330510905000133", "meanMonthlyBRL": 2154.46, "medianMonthlyBRL": 1500.0, "status": "published", "sourceTerritoryType": "census_sector", "overlayColor": "#9ecae1"}}, {"type": "Feature", "geometry": {"type": "Polygon", "coordinates": [[[-43.35523989999996, -22.777431399999955], [-43.35565589999993, -22.77807159999998], [-43.35572639999998, -22.77802629999996], [-43.35596879999998, -22.777712599999973], [-43.356035399999946, -22.777536699999928], [-43.356318199999976, -22.77799539999995], [-43.35652259999995, -22.778242599999935], [-43.35685779999994, -22.779274099999952], [-43.35695039999996, -22.77921949999995], [-43.35708359999995, -22.778943799999983], [-43.35710729999994, -22.778549199999937], [-43.357173899999964, -22.77838759999997], [-43.356997999999976, -22.777883699999954], [-43.356964699999935, -22.777722099999952], [-43.35700269999995, -22.77751289999997], [-43.357063299999936, -22.77743509999993], [-43.35710259999997, -22.77738459999995], [-43.35725469999994, -22.777251499999974], [-43.35767059999995, -22.777028099999935], [-43.35792729999997, -22.776490899999942], [-43.35816369999998, -22.77616359999996], [-43.357851299999936, -22.776224699999947], [-43.35742339999996, -22.776238999999975], [-43.35734089999994, -22.77626159999994], [-43.35702409999993, -22.776348299999928], [-43.35674889999996, -22.77648419999997], [-43.35662959999996, -22.77654319999994], [-43.35650359999994, -22.776621599999935], [-43.35580879999998, -22.777065699999977], [-43.35523989999996, -22.777431399999955]]]}, "properties": {"id": "330510905000134", "name": "Setor 330510905000134", "meanMonthlyBRL": 2077.74, "medianMonthlyBRL": 1800.0, "status": "published", "sourceTerritoryType": "census_sector", "overlayColor": "#9ecae1"}}, {"type": "Feature", "geometry": {"type": "Polygon", "coordinates": [[[-43.34956949999997, -22.779510799999965], [-43.349684999999965, -22.78003039999993], [-43.34999359999995, -22.781383299999955], [-43.34997669999996, -22.781712999999964], [-43.34996509999996, -22.781939499999968], [-43.34990799999997, -22.782281799999954], [-43.34906659999996, -22.784199799999957], [-43.34944879999995, -22.784694599999966], [-43.349485899999934, -22.784549199999965], [-43.34958859999995, -22.78432669999995], [-43.34975459999998, -22.784063299999957], [-43.349850999999944, -22.783910299999945], [-43.35000779999996, -22.78367929999996], [-43.350148099999956, -22.783466499999964], [-43.350255999999945, -22.783302799999937], [-43.35035489999996, -22.783189499999928], [-43.35051269999997, -22.782834999999974], [-43.350531899999964, -22.78279739999994], [-43.35057539999997, -22.782712399999983], [-43.35064019999993, -22.782575299999962], [-43.35069279999993, -22.782464199999936], [-43.35072369999995, -22.782398699999938], [-43.35078869999995, -22.782178499999933], [-43.350784499999975, -22.781706499999927], [-43.35078649999997, -22.781460299999935], [-43.35072489999993, -22.78120509999997], [-43.35064189999997, -22.781005999999934], [-43.35060459999994, -22.780869399999975], [-43.35057829999994, -22.780772899999935], [-43.35056119999996, -22.780302299999953], [-43.35067569999996, -22.779849299999967], [-43.35094329999998, -22.779636899999957], [-43.35097519999994, -22.77961159999995], [-43.351206899999966, -22.77946629999997], [-43.35125569999997, -22.779435699999958], [-43.35142199999996, -22.77934069999998], [-43.351561199999935, -22.779097099999934], [-43.35171359999998, -22.778825199999968], [-43.35196769999993, -22.778342699999936], [-43.351999399999954, -22.778205499999952], [-43.35196509999997, -22.778057799999946], [-43.35192839999996, -22.77795929999997], [-43.35086299999995, -22.778659099999963], [-43.35033189999996, -22.779008899999948], [-43.350202699999954, -22.779093899999957], [-43.34956949999997, -22.779510799999965]]]}, "properties": {"id": "330510905000135", "name": "Setor 330510905000135", "meanMonthlyBRL": 2180.28, "medianMonthlyBRL": 1700.0, "status": "published", "sourceTerritoryType": "census_sector", "overlayColor": "#9ecae1"}}, {"type": "Feature", "geometry": {"type": "Polygon", "coordinates": [[[-43.349206599999945, -22.77968009999995], [-43.34892569999994, -22.779808099999965], [-43.34890439999998, -22.779817799999936], [-43.34853839999994, -22.779822599999935], [-43.34827569999993, -22.779757599999986], [-43.34822689999993, -22.77974549999993], [-43.348325099999954, -22.780349399999977], [-43.34855319999997, -22.780983999999933], [-43.348809899999935, -22.78142609999997], [-43.349152199999935, -22.781639999999978], [-43.34931099999994, -22.781683099999956], [-43.34997669999996, -22.781712999999964], [-43.34999359999995, -22.781383299999955], [-43.349684999999965, -22.78003039999993], [-43.34956949999997, -22.779510799999965], [-43.34955089999994, -22.779523099999953], [-43.349206599999945, -22.77968009999995]]]}, "properties": {"id": "330510905000136", "name": "Setor 330510905000136", "meanMonthlyBRL": 1716.4, "medianMonthlyBRL": 1245.0, "status": "published", "sourceTerritoryType": "census_sector", "overlayColor": "#c6dbef"}}, {"type": "Feature", "geometry": {"type": "Polygon", "coordinates": [[[-43.347906199999954, -22.78219619999993], [-43.34794879999998, -22.782271099999942], [-43.34831099999997, -22.783032599999956], [-43.34831079999998, -22.78316679999994], [-43.348108999999965, -22.78348899999997], [-43.34825379999995, -22.78350509999996], [-43.34865309999998, -22.783394099999946], [-43.349073799999985, -22.782509899999976], [-43.34931099999994, -22.781683099999956], [-43.349152199999935, -22.781639999999978], [-43.348809899999935, -22.78142609999997], [-43.34855319999997, -22.780983999999933], [-43.348325099999954, -22.780349399999977], [-43.34822689999993, -22.77974549999993], [-43.34766419999994, -22.77960639999997], [-43.34713609999994, -22.779366199999966], [-43.347054699999944, -22.779300799999927], [-43.34661999999997, -22.778950899999924], [-43.34625699999998, -22.779530599999926], [-43.34610489999994, -22.77973979999996], [-43.346114399999976, -22.779777799999973], [-43.34612389999995, -22.779815799999938], [-43.34623799999997, -22.779887099999936], [-43.34699379999995, -22.78021509999996], [-43.347231499999964, -22.780305399999975], [-43.34750239999994, -22.780481299999956], [-43.347716299999945, -22.780785499999983], [-43.34788269999996, -22.781118299999946], [-43.34810609999994, -22.781498599999956], [-43.348418899999956, -22.78209269999996], [-43.348280999999986, -22.782126299999955], [-43.347906199999954, -22.78219619999993]]]}, "properties": {"id": "330510905000137", "name": "Setor 330510905000137", "meanMonthlyBRL": 1335.35, "medianMonthlyBRL": 1212.0, "status": "published", "sourceTerritoryType": "census_sector", "overlayColor": "#c6dbef"}}, {"type": "Feature", "geometry": {"type": "Polygon", "coordinates": [[[-43.344056499999965, -22.779241199999944], [-43.344067199999984, -22.77930149999998], [-43.34407599999997, -22.77938299999993], [-43.344035399999946, -22.77973469999994], [-43.34395269999993, -22.779960099999986], [-43.34386429999995, -22.780279499999946], [-43.343849999999975, -22.78050199999995], [-43.34388979999994, -22.780607899999957], [-43.34393559999995, -22.780730099999968], [-43.343980699999975, -22.78076729999998], [-43.34455669999994, -22.779522099999948], [-43.344740599999966, -22.77923109999994], [-43.34496249999995, -22.77898469999997], [-43.34394669999995, -22.778570399999975], [-43.34352429999996, -22.778500599999965], [-43.34397489999998, -22.77900969999996], [-43.34404589999997, -22.779180999999934], [-43.344056499999965, -22.779241199999944]]]}, "properties": {"id": "330510905000138", "name": "Setor 330510905000138", "meanMonthlyBRL": 1568.99, "medianMonthlyBRL": 1300.0, "status": "published", "sourceTerritoryType": "census_sector", "overlayColor": "#c6dbef"}}, {"type": "Feature", "geometry": {"type": "Polygon", "coordinates": [[[-43.343980699999975, -22.78076729999998], [-43.34408109999998, -22.780849899999964], [-43.34405399999998, -22.78154629999995], [-43.34399689999998, -22.781798299999927], [-43.34400169999998, -22.782064499999937], [-43.343920899999944, -22.782344899999934], [-43.343901899999935, -22.782672899999962], [-43.34399339999993, -22.783149099999942], [-43.34403499999996, -22.78339549999998], [-43.34410859999997, -22.783698499999954], [-43.345380199999965, -22.783935999999983], [-43.34617879999996, -22.783665099999954], [-43.34642839999998, -22.783771999999935], [-43.34663519999998, -22.783750599999962], [-43.34671809999998, -22.783680499999942], [-43.34677839999995, -22.783585299999974], [-43.34689679999997, -22.78345419999994], [-43.347204999999974, -22.783441699999965], [-43.34729829999998, -22.783472199999952], [-43.34748669999993, -22.78349319999995], [-43.348108999999965, -22.78348899999997], [-43.34831079999998, -22.78316679999994], [-43.34831099999997, -22.783032599999956], [-43.34794879999998, -22.782271099999942], [-43.347906199999954, -22.78219619999993], [-43.34787909999994, -22.78215109999996], [-43.34781879999997, -22.782153999999927], [-43.34778619999997, -22.782193399999983], [-43.34778399999993, -22.782380099999962], [-43.34778369999998, -22.782516799999936], [-43.34777219999995, -22.78284499999995], [-43.34744059999997, -22.782777299999967], [-43.34710309999997, -22.782596699999935], [-43.34685589999998, -22.782373199999938], [-43.34667529999996, -22.782244899999963], [-43.346535899999935, -22.78220929999998], [-43.34645189999998, -22.78218789999994], [-43.34631879999995, -22.782240099999967], [-43.34615239999994, -22.78241199999996], [-43.34590799999995, -22.782528899999935], [-43.34568329999996, -22.782548799999976], [-43.34545689999993, -22.782483799999962], [-43.34495919999995, -22.78222589999996], [-43.34481619999997, -22.78210059999998], [-43.344744599999956, -22.781953299999948], [-43.34468019999997, -22.78168939999994], [-43.34474009999997, -22.78153889999993], [-43.34463859999994, -22.781317799999954], [-43.34451229999996, -22.781102799999932], [-43.34442389999998, -22.781004599999964], [-43.34433549999994, -22.780906399999935], [-43.34409229999994, -22.780751599999974], [-43.343980699999975, -22.78076729999998]]]}, "properties": {"id": "330510905000139", "name": "Setor 330510905000139", "meanMonthlyBRL": 1207.26, "medianMonthlyBRL": 1212.0, "status": "published", "sourceTerritoryType": "census_sector", "overlayColor": "#c6dbef"}}, {"type": "Feature", "geometry": {"type": "Polygon", "coordinates": [[[-43.343980699999975, -22.78076729999998], [-43.34409229999994, -22.780751599999974], [-43.34433549999994, -22.780906399999935], [-43.34442389999998, -22.781004599999964], [-43.34451229999996, -22.781102799999932], [-43.34463859999994, -22.781317799999954], [-43.34474009999997, -22.78153889999993], [-43.34490559999995, -22.78129439999998], [-43.344952399999954, -22.78122499999995], [-43.345029599999975, -22.781183399999982], [-43.34507849999994, -22.78111139999993], [-43.34516249999996, -22.781072499999933], [-43.34521689999997, -22.781073999999926], [-43.34527119999996, -22.781075599999948], [-43.345398099999954, -22.78111729999995], [-43.34546459999996, -22.78106949999994], [-43.34550249999995, -22.780991799999985], [-43.34550409999997, -22.780909999999945], [-43.345515699999964, -22.780836299999972], [-43.345527199999935, -22.780762599999946], [-43.345579499999985, -22.78060079999994], [-43.34546309999996, -22.78055259999996], [-43.34541559999997, -22.780262599999958], [-43.34539179999996, -22.77994419999994], [-43.345344299999965, -22.779796799999925], [-43.34524449999998, -22.779682699999963], [-43.345078099999974, -22.779582899999976], [-43.344759599999975, -22.779554399999935], [-43.34463089999997, -22.779531599999924], [-43.34455669999994, -22.779522099999948], [-43.343980699999975, -22.78076729999998]]]}, "properties": {"id": "330510905000140", "name": "Setor 330510905000140", "meanMonthlyBRL": 1159.28, "medianMonthlyBRL": 1212.0, "status": "published", "sourceTerritoryType": "census_sector", "overlayColor": "#c6dbef"}}, {"type": "Feature", "geometry": {"type": "Polygon", "coordinates": [[[-43.34623549999998, -22.786712699999946], [-43.34631649999994, -22.786735899999943], [-43.346409499999936, -22.78700039999995], [-43.34701719999998, -22.787605699999965], [-43.347423799999945, -22.787561099999948], [-43.34721269999994, -22.787475499999967], [-43.34718749999996, -22.787460599999974], [-43.347038699999985, -22.78737279999995], [-43.34685909999996, -22.787213099999974], [-43.34670909999994, -22.78707049999997], [-43.346685099999945, -22.78704769999996], [-43.34663469999998, -22.78697759999994], [-43.34658009999998, -22.786911799999928], [-43.34655129999993, -22.78687659999997], [-43.34657109999995, -22.78675709999993], [-43.34659369999997, -22.786682599999953], [-43.34663009999997, -22.786655999999937], [-43.34666279999993, -22.786636599999948], [-43.34680629999997, -22.78655149999998], [-43.34698169999996, -22.78643159999996], [-43.34720989999994, -22.785943899999953], [-43.34730689999998, -22.78559589999998], [-43.34742659999995, -22.78535629999993], [-43.34754069999997, -22.78521939999996], [-43.34788579999997, -22.78495989999993], [-43.34792429999993, -22.78486679999997], [-43.347887699999944, -22.78478489999998], [-43.34832199999994, -22.78479159999994], [-43.348886899999975, -22.784822999999957], [-43.34913249999994, -22.78481669999996], [-43.34927049999993, -22.78488749999996], [-43.34949009999997, -22.78482429999997], [-43.34944879999995, -22.784694599999966], [-43.34906659999996, -22.784199799999957], [-43.34762649999993, -22.784111799999945], [-43.345920999999976, -22.783994599999975], [-43.34587079999994, -22.784610899999965], [-43.346848199999954, -22.784702799999934], [-43.34672219999993, -22.785025499999957], [-43.34651969999993, -22.78544479999993], [-43.34641129999994, -22.78577849999994], [-43.34627149999994, -22.78610929999996], [-43.346235699999966, -22.78650619999996], [-43.34623549999998, -22.786712699999946]]]}, "properties": {"id": "330510905000141", "name": "Setor 330510905000141", "meanMonthlyBRL": 1900.35, "medianMonthlyBRL": 1300.0, "status": "published", "sourceTerritoryType": "census_sector", "overlayColor": "#c6dbef"}}, {"type": "Feature", "geometry": {"type": "Polygon", "coordinates": [[[-43.34403649999996, -22.784474599999953], [-43.34383429999997, -22.785750599999965], [-43.34374239999994, -22.786529399999946], [-43.343987099999936, -22.78666649999997], [-43.34447419999998, -22.786934599999935], [-43.34465219999999, -22.786960899999936], [-43.34478909999996, -22.786981799999978], [-43.34496679999995, -22.787051399999935], [-43.345056099999965, -22.787166299999964], [-43.34543149999996, -22.787139399999944], [-43.34580299999993, -22.78706509999995], [-43.34607569999997, -22.78693139999996], [-43.346165499999984, -22.786692699999936], [-43.34623549999998, -22.786712699999946], [-43.346235699999966, -22.78650619999996], [-43.34627149999994, -22.78610929999996], [-43.34641129999994, -22.78577849999994], [-43.34651969999993, -22.78544479999993], [-43.34672219999993, -22.785025499999957], [-43.346848199999954, -22.784702799999934], [-43.34587079999994, -22.784610899999965], [-43.345920999999976, -22.783994599999975], [-43.345380199999965, -22.783935999999983], [-43.34410859999997, -22.783698499999954], [-43.34410059999993, -22.783784799999978], [-43.34403649999996, -22.784474599999953]]]}, "properties": {"id": "330510905000142", "name": "Setor 330510905000142", "meanMonthlyBRL": 1656.54, "medianMonthlyBRL": 1212.0, "status": "published", "sourceTerritoryType": "census_sector", "overlayColor": "#c6dbef"}}, {"type": "Feature", "geometry": {"type": "Polygon", "coordinates": [[[-43.341784899999936, -22.786256499999975], [-43.34186079999996, -22.78628969999994], [-43.341993899999984, -22.78631509999997], [-43.34207289999995, -22.78633019999995], [-43.342331799999954, -22.78628339999995], [-43.34247839999995, -22.786386399999977], [-43.342662699999956, -22.78686739999995], [-43.34269949999998, -22.78692389999998], [-43.34279649999996, -22.78708809999994], [-43.34279649999996, -22.787101999999944], [-43.34270419999996, -22.787605499999927], [-43.343206399999985, -22.787389799999964], [-43.34370919999998, -22.787512899999964], [-43.34381069999995, -22.787661599999982], [-43.34399549999995, -22.787937499999934], [-43.34413809999995, -22.78827409999997], [-43.344371999999964, -22.788761799999975], [-43.34453589999998, -22.78906199999994], [-43.34475749999996, -22.789538899999965], [-43.344973799999934, -22.789548999999973], [-43.345330299999944, -22.789600299999957], [-43.34537759999995, -22.789617699999948], [-43.34566369999994, -22.789725699999963], [-43.34580399999993, -22.789787199999974], [-43.34640839999997, -22.79007949999993], [-43.34616879999993, -22.78964029999997], [-43.34605189999996, -22.789340799999934], [-43.34539589999997, -22.78801739999994], [-43.34520119999996, -22.787565599999937], [-43.34512229999996, -22.78742049999994], [-43.345056099999965, -22.787166299999964], [-43.34496679999995, -22.787051399999935], [-43.34478909999996, -22.786981799999978], [-43.34465219999999, -22.786960899999936], [-43.34447419999998, -22.786934599999935], [-43.343987099999936, -22.78666649999997], [-43.34374239999994, -22.786529399999946], [-43.343185499999954, -22.78611989999996], [-43.34259369999995, -22.785599199999975], [-43.34218439999995, -22.785175399999954], [-43.34179149999994, -22.786238699999956], [-43.341784899999936, -22.786256499999975]]]}, "properties": {"id": "330510905000143", "name": "Setor 330510905000143", "meanMonthlyBRL": 1156.69, "medianMonthlyBRL": 1001.0, "status": "published", "sourceTerritoryType": "census_sector", "overlayColor": "#c6dbef"}}, {"type": "Feature", "geometry": {"type": "Polygon", "coordinates": [[[-43.34066349999995, -22.794881099999934], [-43.34127309999997, -22.795294699999946], [-43.34157709999994, -22.79488119999996], [-43.34183439999998, -22.794531199999934], [-43.34245949999996, -22.793680899999963], [-43.34182029999994, -22.793304499999984], [-43.34145619999998, -22.79381919999997], [-43.34115899999995, -22.794239399999977], [-43.34066349999995, -22.794881099999934]]]}, "properties": {"id": "330510905000144", "name": "Setor 330510905000144", "meanMonthlyBRL": 1772.11, "medianMonthlyBRL": 1220.0, "status": "published", "sourceTerritoryType": "census_sector", "overlayColor": "#c6dbef"}}, {"type": "Feature", "geometry": {"type": "Polygon", "coordinates": [[[-43.342556599999966, -22.789576099999973], [-43.34262359999997, -22.78959749999996], [-43.342706299999975, -22.789648799999945], [-43.34286529999998, -22.789786199999977], [-43.34276339999997, -22.791843599999932], [-43.34263499999997, -22.792292799999924], [-43.34198619999995, -22.793069999999943], [-43.34182029999994, -22.793304499999984], [-43.34245949999996, -22.793680899999963], [-43.34260189999998, -22.79348729999997], [-43.34333379999998, -22.792492499999973], [-43.34344079999994, -22.79226429999994], [-43.34352629999995, -22.792028999999957], [-43.34353129999994, -22.791921099999957], [-43.343588799999964, -22.79053379999993], [-43.34362179999994, -22.78973909999996], [-43.34343649999994, -22.78985129999995], [-43.34335979999998, -22.789860899999955], [-43.34252809999998, -22.788064499999958], [-43.342488499999945, -22.788036699999964], [-43.34244249999995, -22.788128699999955], [-43.342556599999966, -22.789576099999973]]]}, "properties": {"id": "330510905000145", "name": "Setor 330510905000145", "meanMonthlyBRL": 1730.3, "medianMonthlyBRL": 1450.0, "status": "published", "sourceTerritoryType": "census_sector", "overlayColor": "#c6dbef"}}, {"type": "Feature", "geometry": {"type": "Polygon", "coordinates": [[[-43.34188599999993, -22.789594299999973], [-43.34215539999997, -22.789585399999968], [-43.342556599999966, -22.789576099999973], [-43.34244249999995, -22.788128699999955], [-43.342488499999945, -22.788036699999964], [-43.34161729999994, -22.787423599999943], [-43.34188599999993, -22.789594299999973]]]}, "properties": {"id": "330510905000146", "name": "Setor 330510905000146", "meanMonthlyBRL": 1138.74, "medianMonthlyBRL": 1001.0, "status": "published", "sourceTerritoryType": "census_sector", "overlayColor": "#c6dbef"}}, {"type": "Feature", "geometry": {"type": "Polygon", "coordinates": [[[-43.33881309999998, -22.787280199999945], [-43.338791699999945, -22.78812869999995], [-43.339311899999984, -22.78881879999994], [-43.339529599999935, -22.78859909999993], [-43.33958739999997, -22.788561399999935], [-43.33967289999998, -22.78854889999996], [-43.33974009999997, -22.78859929999993], [-43.34024629999993, -22.78906989999996], [-43.340688399999976, -22.78918399999998], [-43.34088809999997, -22.789162599999944], [-43.34090699999996, -22.78911939999994], [-43.34098789999996, -22.78893439999996], [-43.34099939999993, -22.788742599999978], [-43.34100929999994, -22.788577899999954], [-43.34120869999998, -22.788253099999956], [-43.34125889999996, -22.788171499999965], [-43.34123749999998, -22.78803599999997], [-43.34113759999997, -22.78791479999995], [-43.33964739999993, -22.787051999999957], [-43.33963419999998, -22.78701399999995], [-43.33940499999994, -22.78635319999995], [-43.33941949999996, -22.786150299999967], [-43.33921819999995, -22.78602569999998], [-43.33921959999998, -22.786082299999975], [-43.33902709999995, -22.786574299999927], [-43.33887729999998, -22.78678099999996], [-43.33881309999998, -22.787280199999945]]]}, "properties": {"id": "330510905000147", "name": "Setor 330510905000147", "meanMonthlyBRL": 1245.57, "medianMonthlyBRL": 1200.0, "status": "published", "sourceTerritoryType": "census_sector", "overlayColor": "#c6dbef"}}, {"type": "Feature", "geometry": {"type": "Polygon", "coordinates": [[[-43.341200399999934, -22.790798999999932], [-43.341389499999934, -22.79114969999995], [-43.34145419999993, -22.79111479999995], [-43.34165669999993, -22.791083499999957], [-43.342089699999974, -22.791091999999942], [-43.342101699999944, -22.79089519999997], [-43.342141599999934, -22.790618599999952], [-43.34215139999998, -22.790213599999955], [-43.341939099999934, -22.79023349999994], [-43.34167099999996, -22.790219299999926], [-43.34152839999996, -22.79026769999996], [-43.341417199999974, -22.790475899999937], [-43.34135159999994, -22.790678499999952], [-43.34128309999995, -22.790769699999938], [-43.341200399999934, -22.790798999999932]]]}, "properties": {"id": "330510905000148", "name": "Setor 330510905000148", "meanMonthlyBRL": 1288.05, "medianMonthlyBRL": 1212.0, "status": "published", "sourceTerritoryType": "census_sector", "overlayColor": "#c6dbef"}}, {"type": "Feature", "geometry": {"type": "Polygon", "coordinates": [[[-43.34066349999995, -22.794881099999934], [-43.340524399999936, -22.79537309999995], [-43.34064559999996, -22.79602909999994], [-43.34101709999993, -22.797191199999933], [-43.341772799999944, -22.796974799999937], [-43.34243539999994, -22.796784999999947], [-43.34225709999998, -22.796193099999986], [-43.34197059999997, -22.79541719999997], [-43.341920399999935, -22.795222199999948], [-43.34188379999995, -22.795025299999956], [-43.341876499999955, -22.79495329999997], [-43.34183439999998, -22.794531199999934], [-43.34157709999994, -22.79488119999996], [-43.34127309999997, -22.795294699999946], [-43.34066349999995, -22.794881099999934]]]}, "properties": {"id": "330510905000150", "name": "Setor 330510905000150", "meanMonthlyBRL": 1538.67, "medianMonthlyBRL": 1220.0, "status": "published", "sourceTerritoryType": "census_sector", "overlayColor": "#c6dbef"}}, {"type": "Feature", "geometry": {"type": "Polygon", "coordinates": [[[-43.33940629999995, -22.79448889999998], [-43.33941089999996, -22.79450639999993], [-43.33963189999997, -22.795155499999968], [-43.33998969999994, -22.79624299999994], [-43.34012279999996, -22.796725799999926], [-43.34062639999996, -22.79823739999994], [-43.34083819999995, -22.79893829999997], [-43.34140739999999, -22.79843389999996], [-43.34101709999993, -22.797191199999933], [-43.34064559999996, -22.79602909999994], [-43.340524399999936, -22.79537309999995], [-43.34066349999995, -22.794881099999934], [-43.34018389999994, -22.794555799999948], [-43.340053799999964, -22.79446759999996], [-43.33940629999995, -22.79448889999998]]]}, "properties": {"id": "330510905000151", "name": "Setor 330510905000151", "meanMonthlyBRL": 1783.08, "medianMonthlyBRL": 1500.0, "status": "published", "sourceTerritoryType": "census_sector", "overlayColor": "#9ecae1"}}, {"type": "Feature", "geometry": {"type": "Polygon", "coordinates": [[[-43.338627299999985, -22.794986499999933], [-43.33861349999995, -22.795936399999956], [-43.338584999999966, -22.79610759999997], [-43.338727699999936, -22.79642639999997], [-43.33877499999994, -22.796532099999975], [-43.33890579999997, -22.79667799999993], [-43.33910579999997, -22.796731899999934], [-43.33931289999998, -22.796762999999945], [-43.34001099999995, -22.796727899999954], [-43.34012279999996, -22.796725799999926], [-43.33998969999994, -22.79624299999994], [-43.33963189999997, -22.795155499999968], [-43.33941089999996, -22.79450639999993], [-43.33940629999995, -22.79448889999998], [-43.33863699999995, -22.794323199999955], [-43.338627299999985, -22.794986499999933]]]}, "properties": {"id": "330510905000152", "name": "Setor 330510905000152", "meanMonthlyBRL": 1576.23, "medianMonthlyBRL": 1212.0, "status": "published", "sourceTerritoryType": "census_sector", "overlayColor": "#c6dbef"}}, {"type": "Feature", "geometry": {"type": "Polygon", "coordinates": [[[-43.338585199999955, -22.798815399999967], [-43.33869939999994, -22.799028599999918], [-43.33887669999996, -22.799276599999924], [-43.33903779999997, -22.79927609999993], [-43.33932169999997, -22.79920249999998], [-43.33931289999998, -22.796762999999945], [-43.33910579999997, -22.796731899999934], [-43.33890579999997, -22.79667799999993], [-43.33877499999994, -22.796532099999975], [-43.338727699999936, -22.79642639999997], [-43.33867609999993, -22.796466599999967], [-43.33865399999996, -22.79647299999994], [-43.338628699999965, -22.796471199999925], [-43.338585199999955, -22.798815399999967]]]}, "properties": {"id": "330510905000153", "name": "Setor 330510905000153", "meanMonthlyBRL": 1614.86, "medianMonthlyBRL": 1212.0, "status": "published", "sourceTerritoryType": "census_sector", "overlayColor": "#c6dbef"}}, {"type": "Feature", "geometry": {"type": "Polygon", "coordinates": [[[-43.33932169999997, -22.79920249999998], [-43.33903779999997, -22.79927609999993], [-43.33887669999996, -22.799276599999924], [-43.33869939999994, -22.799028599999918], [-43.338585199999955, -22.798815399999967], [-43.338210499999946, -22.798250099999954], [-43.33821899999998, -22.798551599999936], [-43.33823719999998, -22.79880269999995], [-43.33825719999993, -22.798975299999938], [-43.33830709999995, -22.799177799999935], [-43.33840809999998, -22.79952009999994], [-43.338496599999985, -22.79987089999997], [-43.338576399999965, -22.800136199999944], [-43.33862259999995, -22.80031859999996], [-43.338738699999965, -22.800415999999927], [-43.33888799999994, -22.800511699999955], [-43.33898199999993, -22.800545499999938], [-43.33928419999995, -22.800647699999956], [-43.33946599999996, -22.800672699999947], [-43.33964069999996, -22.80067269999995], [-43.33982959999997, -22.800619199999968], [-43.34004659999994, -22.800519399999928], [-43.34018219999996, -22.800457099999953], [-43.34082749999993, -22.799925899999945], [-43.34101249999998, -22.79975069999994], [-43.34142999999995, -22.799355499999937], [-43.34164029999994, -22.799175399999964], [-43.34140739999999, -22.79843389999996], [-43.34083819999995, -22.79893829999997], [-43.34062639999996, -22.79823739999994], [-43.34002799999996, -22.798756099999938], [-43.33975739999994, -22.79903119999994], [-43.339508799999976, -22.79914879999995], [-43.33932169999997, -22.79920249999998]]]}, "properties": {"id": "330510905000154", "name": "Setor 330510905000154", "meanMonthlyBRL": 1998.52, "medianMonthlyBRL": 1500.0, "status": "published", "sourceTerritoryType": "census_sector", "overlayColor": "#9ecae1"}}, {"type": "Feature", "geometry": {"type": "Polygon", "coordinates": [[[-43.34101709999993, -22.797191199999933], [-43.34140739999999, -22.79843389999996], [-43.34164029999994, -22.799175399999964], [-43.34185069999995, -22.798995399999963], [-43.34190769999998, -22.79897159999996], [-43.34206459999996, -22.798906199999973], [-43.342210799999975, -22.798856299999954], [-43.342330199999935, -22.798849199999953], [-43.34244959999995, -22.798842099999938], [-43.34278119999993, -22.798927599999956], [-43.34321489999997, -22.799125499999942], [-43.342756099999974, -22.79778879999998], [-43.34243539999994, -22.796784999999947], [-43.341772799999944, -22.796974799999937], [-43.34101709999993, -22.797191199999933]]]}, "properties": {"id": "330510905000155", "name": "Setor 330510905000155", "meanMonthlyBRL": 2233.16, "medianMonthlyBRL": 1900.0, "status": "published", "sourceTerritoryType": "census_sector", "overlayColor": "#9ecae1"}}, {"type": "Feature", "geometry": {"type": "Polygon", "coordinates": [[[-43.35449099999994, -22.774218999999956], [-43.35422399999993, -22.774748499999923], [-43.354173199999934, -22.774791299999947], [-43.35496009999997, -22.775201199999966], [-43.355006299999964, -22.775243899999964], [-43.35504179999998, -22.77527669999995], [-43.35530879999993, -22.775627499999928], [-43.355402599999934, -22.775755899999975], [-43.35553779999998, -22.775717899999954], [-43.35593499999993, -22.775606099999948], [-43.356073899999956, -22.77560269999998], [-43.35692489999997, -22.77558189999996], [-43.35658179999996, -22.775157299999922], [-43.35650519999996, -22.775106299999948], [-43.35626799999994, -22.774948099999953], [-43.35607079999994, -22.774878499999943], [-43.35586919999997, -22.77480029999998], [-43.35595989999996, -22.77458329999996], [-43.35608519999994, -22.77460989999997], [-43.35613499999994, -22.774559499999953], [-43.35618629999993, -22.77440439999998], [-43.35626979999995, -22.77441449999997], [-43.35646559999998, -22.774457599999945], [-43.35668939999994, -22.774496399999975], [-43.35680989999997, -22.773921399999942], [-43.35717249999993, -22.772340399999962], [-43.35610489999994, -22.772151299999962], [-43.35594949999995, -22.772961099999968], [-43.35587769999995, -22.773253599999975], [-43.35561679999995, -22.77431589999998], [-43.35546799999997, -22.774646099999924], [-43.35449099999994, -22.774218999999956]]]}, "properties": {"id": "330510905000156", "name": "Setor 330510905000156", "meanMonthlyBRL": 2182.16, "medianMonthlyBRL": 2000.0, "status": "published", "sourceTerritoryType": "census_sector", "overlayColor": "#6baed6"}}, {"type": "Feature", "geometry": {"type": "Polygon", "coordinates": [[[-43.35550219999993, -22.769978899999952], [-43.35547569999994, -22.770086299999946], [-43.355312599999934, -22.770754899999925], [-43.356241299999965, -22.77091259999997], [-43.356418599999984, -22.77096229999995], [-43.356557599999974, -22.770998799999976], [-43.356671699999936, -22.771027399999973], [-43.356649299999965, -22.77111999999994], [-43.35661389999996, -22.771260499999983], [-43.35779009999993, -22.771464699999964], [-43.35781789999993, -22.77135599999996], [-43.35903979999995, -22.77138399999995], [-43.35887569999994, -22.771064699999958], [-43.35881459999996, -22.770978799999966], [-43.35832719999996, -22.77024679999994], [-43.35822509999997, -22.770252299999974], [-43.358144299999935, -22.770276599999928], [-43.35809919999997, -22.770333299999944], [-43.35800699999993, -22.770624299999955], [-43.357706399999984, -22.770385299999926], [-43.357628999999974, -22.770321599999928], [-43.35728319999998, -22.770332599999964], [-43.35694569999998, -22.770375399999978], [-43.356722299999944, -22.77048469999994], [-43.35646769999994, -22.77058989999995], [-43.35653839999998, -22.77017519999999], [-43.356619799999976, -22.76981899999993], [-43.35614119999997, -22.76973039999996], [-43.355592299999955, -22.769628599999976], [-43.35550219999993, -22.769978899999952]]]}, "properties": {"id": "330510905000157", "name": "Setor 330510905000157", "meanMonthlyBRL": 1864.96, "medianMonthlyBRL": 1800.0, "status": "published", "sourceTerritoryType": "census_sector", "overlayColor": "#9ecae1"}}, {"type": "Feature", "geometry": {"type": "Polygon", "coordinates": [[[-43.35449099999994, -22.774218999999956], [-43.35546799999997, -22.774646099999924], [-43.35561679999995, -22.77431589999998], [-43.35587769999995, -22.773253599999975], [-43.35594949999995, -22.772961099999968], [-43.35610489999994, -22.772151299999962], [-43.35566589999996, -22.77206169999994], [-43.35504609999998, -22.771935299999942], [-43.354927499999974, -22.772509599999978], [-43.35480849999993, -22.772950299999927], [-43.354760699999986, -22.77312699999992], [-43.35472609999994, -22.773255299999953], [-43.354579299999955, -22.773864899999978], [-43.35449969999996, -22.774201799999958], [-43.35449099999994, -22.774218999999956]]]}, "properties": {"id": "330510905000159", "name": "Setor 330510905000159", "meanMonthlyBRL": 1733.87, "medianMonthlyBRL": 1200.0, "status": "published", "sourceTerritoryType": "census_sector", "overlayColor": "#c6dbef"}}, {"type": "Feature", "geometry": {"type": "Polygon", "coordinates": [[[-43.35147569999998, -22.777398099999967], [-43.35192839999996, -22.77795929999997], [-43.352700899999945, -22.777469299999943], [-43.35324659999998, -22.77712329999997], [-43.35385739999998, -22.77673589999995], [-43.354426399999966, -22.77637499999997], [-43.355008099999964, -22.77600609999996], [-43.35535679999999, -22.77578499999992], [-43.355402599999934, -22.775755899999975], [-43.35530879999993, -22.775627499999928], [-43.35504179999998, -22.77527669999995], [-43.355006299999964, -22.775243899999964], [-43.35496009999997, -22.775201199999966], [-43.35283149999998, -22.776540099999973], [-43.35147569999998, -22.777398099999967]]]}, "properties": {"id": "330510905000160", "name": "Setor 330510905000160", "meanMonthlyBRL": 2436.35, "medianMonthlyBRL": 2000.0, "status": "published", "sourceTerritoryType": "census_sector", "overlayColor": "#6baed6"}}, {"type": "Feature", "geometry": {"type": "Polygon", "coordinates": [[[-43.35147569999998, -22.777398099999967], [-43.35131339999998, -22.777197099999963], [-43.351148199999955, -22.776991699999936], [-43.35104929999994, -22.776869399999946], [-43.35045139999994, -22.77721269999995], [-43.35043859999996, -22.777219499999944], [-43.35042409999995, -22.77722719999996], [-43.35034899999994, -22.77742359999996], [-43.35032339999998, -22.777670899999976], [-43.35037459999995, -22.777800499999955], [-43.35048539999997, -22.777863599999932], [-43.35063379999997, -22.777884099999927], [-43.35073199999994, -22.777871499999943], [-43.35080929999998, -22.777879199999965], [-43.35083799999995, -22.777881999999973], [-43.35147569999998, -22.777398099999967]]]}, "properties": {"id": "330510905000161", "name": "Setor 330510905000161", "meanMonthlyBRL": 1396.28, "medianMonthlyBRL": 1212.0, "status": "published", "sourceTerritoryType": "census_sector", "overlayColor": "#c6dbef"}}, {"type": "Feature", "geometry": {"type": "Polygon", "coordinates": [[[-43.350958299999945, -22.77622699999994], [-43.35067929999997, -22.77641069999993], [-43.35042379999993, -22.776578799999978], [-43.35020989999998, -22.777056399999935], [-43.34988189999996, -22.77776719999997], [-43.349586399999964, -22.778599099999944], [-43.349206599999945, -22.77968009999995], [-43.34955089999994, -22.779523099999953], [-43.34956949999997, -22.779510799999965], [-43.350202699999954, -22.779093899999957], [-43.35033189999996, -22.779008899999948], [-43.35086299999995, -22.778659099999963], [-43.35192839999996, -22.77795929999997], [-43.35147569999998, -22.777398099999967], [-43.35083799999995, -22.777881999999973], [-43.35080929999998, -22.777879199999965], [-43.35073199999994, -22.777871499999943], [-43.35063379999997, -22.777884099999927], [-43.35048539999997, -22.777863599999932], [-43.35037459999995, -22.777800499999955], [-43.35032339999998, -22.777670899999976], [-43.35034899999994, -22.77742359999996], [-43.35042409999995, -22.77722719999996], [-43.35043859999996, -22.777219499999944], [-43.35045139999994, -22.77721269999995], [-43.35104929999994, -22.776869399999946], [-43.35242789999995, -22.77597319999995], [-43.35206919999996, -22.775469299999937], [-43.350958299999945, -22.77622699999994]]]}, "properties": {"id": "330510905000162", "name": "Setor 330510905000162", "meanMonthlyBRL": 1964.54, "medianMonthlyBRL": 1500.0, "status": "published", "sourceTerritoryType": "census_sector", "overlayColor": "#9ecae1"}}, {"type": "Feature", "geometry": {"type": "Polygon", "coordinates": [[[-43.34956119999998, -22.777176599999958], [-43.34844629999998, -22.777391699999956], [-43.34775699999995, -22.77738699999998], [-43.34772499999997, -22.77737729999996], [-43.34752869999994, -22.777940599999965], [-43.34732169999995, -22.778534699999962], [-43.34792339999996, -22.778727499999945], [-43.347987399999965, -22.778724099999966], [-43.34868929999993, -22.778682199999935], [-43.349586399999964, -22.778599099999944], [-43.34988189999996, -22.77776719999997], [-43.35020989999998, -22.777056399999935], [-43.34956119999998, -22.777176599999958]]]}, "properties": {"id": "330510905000163", "name": "Setor 330510905000163", "meanMonthlyBRL": 1653.92, "medianMonthlyBRL": 1240.0, "status": "published", "sourceTerritoryType": "census_sector", "overlayColor": "#c6dbef"}}, {"type": "Feature", "geometry": {"type": "Polygon", "coordinates": [[[-43.34675469999996, -22.77809639999998], [-43.34670699999998, -22.778225199999945], [-43.346473499999945, -22.77885639999993], [-43.346527599999945, -22.77887659999993], [-43.34661999999997, -22.778950899999924], [-43.347054699999944, -22.779300799999927], [-43.34713609999994, -22.779366199999966], [-43.34766419999994, -22.77960639999997], [-43.34822689999993, -22.77974549999993], [-43.34827569999993, -22.779757599999986], [-43.34853839999994, -22.779822599999935], [-43.34890439999998, -22.779817799999936], [-43.34892569999994, -22.779808099999965], [-43.349206599999945, -22.77968009999995], [-43.349586399999964, -22.778599099999944], [-43.34868929999993, -22.778682199999935], [-43.347987399999965, -22.778724099999966], [-43.34792339999996, -22.778727499999945], [-43.34732169999995, -22.778534699999962], [-43.34752869999994, -22.777940599999965], [-43.34772499999997, -22.77737729999996], [-43.347091499999976, -22.777185999999972], [-43.34675469999996, -22.77809639999998]]]}, "properties": {"id": "330510905000164", "name": "Setor 330510905000164", "meanMonthlyBRL": 1920.01, "medianMonthlyBRL": 1500.0, "status": "published", "sourceTerritoryType": "census_sector", "overlayColor": "#9ecae1"}}, {"type": "Feature", "geometry": {"type": "Polygon", "coordinates": [[[-43.342875499999934, -22.78206819999997], [-43.34218939999994, -22.78258269999997], [-43.34247099999993, -22.782723899999944], [-43.34304139999995, -22.783067099999982], [-43.344082499999956, -22.783693599999932], [-43.34410859999997, -22.783698499999954], [-43.34403499999996, -22.78339549999998], [-43.34399339999993, -22.783149099999942], [-43.343901899999935, -22.782672899999962], [-43.343920899999944, -22.782344899999934], [-43.34400169999998, -22.782064499999937], [-43.34399689999998, -22.781798299999927], [-43.34405399999998, -22.78154629999995], [-43.34408109999998, -22.780849899999964], [-43.343980699999975, -22.78076729999998], [-43.34396309999994, -22.780799099999967], [-43.34302479999997, -22.781969699999934], [-43.342875499999934, -22.78206819999997]]]}, "properties": {"id": "330510905000165", "name": "Setor 330510905000165", "meanMonthlyBRL": 1338.34, "medianMonthlyBRL": 1212.0, "status": "published", "sourceTerritoryType": "census_sector", "overlayColor": "#c6dbef"}}, {"type": "Feature", "geometry": {"type": "Polygon", "coordinates": [[[-43.33955329999998, -22.781540399999983], [-43.33954559999995, -22.781545099999963], [-43.339490499999954, -22.78159009999996], [-43.339340799999945, -22.781611499999933], [-43.339142899999956, -22.78164019999997], [-43.33889869999996, -22.78167569999993], [-43.33879189999993, -22.78174369999993], [-43.33914829999998, -22.782367299999976], [-43.33916249999993, -22.78313029999998], [-43.34161539999997, -22.783044699999945], [-43.342190899999935, -22.782640799999964], [-43.34218939999994, -22.78258269999997], [-43.34211309999995, -22.78255839999997], [-43.34163959999995, -22.78251269999993], [-43.34122039999994, -22.78245859999993], [-43.34087239999997, -22.782333099999963], [-43.34076969999995, -22.78226179999995], [-43.34071269999998, -22.782047799999937], [-43.34071839999996, -22.781910899999954], [-43.34078109999996, -22.781759799999968], [-43.34079959999997, -22.781743799999955], [-43.34094939999994, -22.781614299999948], [-43.34127459999996, -22.781300599999945], [-43.341448499999956, -22.78110379999998], [-43.34142549999996, -22.781023199999936], [-43.34107199999994, -22.781192199999957], [-43.34055799999993, -22.781407999999942], [-43.34018789999993, -22.78153159999993], [-43.33972269999998, -22.781726999999933], [-43.339634599999954, -22.78165159999998], [-43.33955329999998, -22.781540399999983]]]}, "properties": {"id": "330510905000166", "name": "Setor 330510905000166", "meanMonthlyBRL": 1538.84, "medianMonthlyBRL": 1212.0, "status": "published", "sourceTerritoryType": "census_sector", "overlayColor": "#c6dbef"}}, {"type": "Feature", "geometry": {"type": "Polygon", "coordinates": [[[-43.33708439999998, -22.78249889999995], [-43.33780479999996, -22.78328559999994], [-43.33792989999995, -22.78335689999994], [-43.338435199999935, -22.783386999999948], [-43.338813699999946, -22.783435599999958], [-43.33893439999997, -22.783451099999976], [-43.33916249999993, -22.78313029999998], [-43.33914829999998, -22.782367299999976], [-43.33879189999993, -22.78174369999993], [-43.33836389999993, -22.782025099999945], [-43.33782199999996, -22.782224699999972], [-43.33708439999998, -22.78249889999995]]]}, "properties": {"id": "330510905000167", "name": "Setor 330510905000167", "meanMonthlyBRL": 1651.12, "medianMonthlyBRL": 1212.0, "status": "published", "sourceTerritoryType": "census_sector", "overlayColor": "#c6dbef"}}, {"type": "Feature", "geometry": {"type": "Polygon", "coordinates": [[[-43.336460099999954, -22.78273099999996], [-43.33662409999994, -22.78305899999998], [-43.33748689999993, -22.78395739999996], [-43.337712099999976, -22.784633199999966], [-43.33773649999995, -22.784706099999934], [-43.33810599999998, -22.785073799999964], [-43.33856359999993, -22.78534779999995], [-43.33901989999998, -22.785490399999958], [-43.33914409999994, -22.785575799999947], [-43.33913999999993, -22.785367799999964], [-43.33912689999994, -22.785096799999955], [-43.33916979999998, -22.784466499999944], [-43.33916399999998, -22.784466499999954], [-43.33913259999997, -22.784392299999972], [-43.33908119999995, -22.783967299999965], [-43.33899569999994, -22.783784799999975], [-43.338858799999976, -22.78367359999993], [-43.338813699999946, -22.783435599999958], [-43.338435199999935, -22.783386999999948], [-43.33792989999995, -22.78335689999994], [-43.33780479999996, -22.78328559999994], [-43.33708439999998, -22.78249889999995], [-43.336460099999954, -22.78273099999996]]]}, "properties": {"id": "330510905000168", "name": "Setor 330510905000168", "meanMonthlyBRL": 2176.9, "medianMonthlyBRL": 1500.0, "status": "published", "sourceTerritoryType": "census_sector", "overlayColor": "#9ecae1"}}, {"type": "Feature", "geometry": {"type": "Polygon", "coordinates": [[[-43.33893439999997, -22.783451099999976], [-43.338813699999946, -22.783435599999958], [-43.338858799999976, -22.78367359999993], [-43.33899569999994, -22.783784799999975], [-43.33908119999995, -22.783967299999965], [-43.33913259999997, -22.784392299999972], [-43.33916399999998, -22.784466499999954], [-43.33916979999998, -22.784466499999944], [-43.33923639999995, -22.78450719999995], [-43.33972259999996, -22.784800799999967], [-43.340274499999964, -22.78513419999996], [-43.34056449999997, -22.78540649999996], [-43.340638499999955, -22.785476099999983], [-43.34109489999997, -22.78590679999996], [-43.34139719999996, -22.786032299999928], [-43.34149639999998, -22.786107199999947], [-43.341548399999965, -22.786146399999947], [-43.34163119999994, -22.78618399999993], [-43.341784899999936, -22.786256499999975], [-43.34179149999994, -22.786238699999956], [-43.34218439999995, -22.785175399999954], [-43.34259369999995, -22.785599199999975], [-43.343185499999954, -22.78611989999996], [-43.34374239999994, -22.786529399999946], [-43.34383429999997, -22.785750599999965], [-43.34403649999996, -22.784474599999953], [-43.34330529999994, -22.78382469999997], [-43.34246389999999, -22.783291399999936], [-43.34228989999997, -22.783237199999977], [-43.34216849999996, -22.783320599999975], [-43.34185069999995, -22.783476799999963], [-43.341613999999936, -22.783690699999966], [-43.34144279999998, -22.78378769999994], [-43.341088999999954, -22.783805799999975], [-43.34077259999998, -22.783818999999937], [-43.33997969999996, -22.783821899999953], [-43.33990749999998, -22.783820999999932], [-43.339503399999955, -22.78381619999994], [-43.33921819999995, -22.783753399999963], [-43.33904129999996, -22.78363359999997], [-43.33893439999997, -22.783451099999976]]]}, "properties": {"id": "330510905000169", "name": "Setor 330510905000169", "meanMonthlyBRL": 1823.16, "medianMonthlyBRL": 1500.0, "status": "published", "sourceTerritoryType": "census_sector", "overlayColor": "#9ecae1"}}, {"type": "Feature", "geometry": {"type": "Polygon", "coordinates": [[[-43.33916249999993, -22.78313029999998], [-43.33893439999997, -22.783451099999976], [-43.33904129999996, -22.78363359999997], [-43.33921819999995, -22.783753399999963], [-43.339503399999955, -22.78381619999994], [-43.33990749999998, -22.783820999999932], [-43.33997969999996, -22.783821899999953], [-43.34077259999998, -22.783818999999937], [-43.341088999999954, -22.783805799999975], [-43.34144279999998, -22.78378769999994], [-43.341613999999936, -22.783690699999966], [-43.34185069999995, -22.783476799999963], [-43.34216849999996, -22.783320599999975], [-43.34228989999997, -22.783237199999977], [-43.34246389999999, -22.783291399999936], [-43.34330529999994, -22.78382469999997], [-43.34403649999996, -22.784474599999953], [-43.34410059999993, -22.783784799999978], [-43.34410859999997, -22.783698499999954], [-43.344082499999956, -22.783693599999932], [-43.34304139999995, -22.783067099999982], [-43.34247099999993, -22.782723899999944], [-43.34218939999994, -22.78258269999997], [-43.342190899999935, -22.782640799999964], [-43.34161539999997, -22.783044699999945], [-43.33916249999993, -22.78313029999998]]]}, "properties": {"id": "330510905000170", "name": "Setor 330510905000170", "meanMonthlyBRL": 1579.68, "medianMonthlyBRL": 1212.0, "status": "published", "sourceTerritoryType": "census_sector", "overlayColor": "#c6dbef"}}, {"type": "Feature", "geometry": {"type": "Polygon", "coordinates": [[[-43.33822129999993, -22.78988089999996], [-43.338435199999935, -22.78995409999992], [-43.33857779999994, -22.79015369999996], [-43.33857709999995, -22.79021629999994], [-43.33882459999995, -22.79021929999993], [-43.33900419999998, -22.790341899999937], [-43.33921529999998, -22.790527299999948], [-43.33925579999993, -22.79053739999995], [-43.339282099999934, -22.790501699999936], [-43.33954679999994, -22.79012599999992], [-43.33957669999995, -22.79008679999999], [-43.33995259999995, -22.78952139999996], [-43.33990219999998, -22.78953909999995], [-43.338784199999964, -22.789463499999943], [-43.33870999999994, -22.789410499999974], [-43.33870349999995, -22.78940589999996], [-43.33861179999997, -22.789444399999983], [-43.33822129999993, -22.78988089999996]]]}, "properties": {"id": "330510905000171", "name": "Setor 330510905000171", "meanMonthlyBRL": 1393.08, "medianMonthlyBRL": 1212.0, "status": "published", "sourceTerritoryType": "census_sector", "overlayColor": "#c6dbef"}}, {"type": "Feature", "geometry": {"type": "Polygon", "coordinates": [[[-43.338043099999936, -22.794117199999956], [-43.33863699999995, -22.794323199999955], [-43.33940629999995, -22.79448889999998], [-43.33936079999995, -22.79430919999993], [-43.33935789999998, -22.794083899999972], [-43.33937219999996, -22.793932799999936], [-43.339368399999955, -22.793822299999935], [-43.33931949999993, -22.793086599999977], [-43.33927289999997, -22.792429099999936], [-43.339135399999975, -22.79241169999994], [-43.338980799999945, -22.79228429999994], [-43.33882609999995, -22.792105899999964], [-43.33859289999998, -22.791758899999934], [-43.338149999999985, -22.790873899999955], [-43.33793439999994, -22.790578799999935], [-43.33796419999993, -22.790735899999955], [-43.338043099999936, -22.791151999999943], [-43.338043099999936, -22.792834299999974], [-43.338043099999936, -22.794117199999956]]]}, "properties": {"id": "330510905000173", "name": "Setor 330510905000173", "meanMonthlyBRL": 1688.65, "medianMonthlyBRL": 1212.0, "status": "published", "sourceTerritoryType": "census_sector", "overlayColor": "#c6dbef"}}, {"type": "Feature", "geometry": {"type": "Polygon", "coordinates": [[[-43.33647439999993, -22.792492499999977], [-43.33616519999998, -22.793187699999972], [-43.336671999999965, -22.793589799999953], [-43.33743959999998, -22.791972399999956], [-43.33793439999994, -22.790578799999935], [-43.33774359999996, -22.790317699999946], [-43.337474499999985, -22.790253099999976], [-43.33647439999993, -22.792492499999977]]]}, "properties": {"id": "330510905000174", "name": "Setor 330510905000174", "meanMonthlyBRL": 2218.23, "medianMonthlyBRL": 1500.0, "status": "published", "sourceTerritoryType": "census_sector", "overlayColor": "#9ecae1"}}, {"type": "Feature", "geometry": {"type": "Polygon", "coordinates": [[[-43.336337499999956, -22.796023099999957], [-43.33637849999997, -22.796069999999922], [-43.33638999999994, -22.796097899999943], [-43.336428499999954, -22.796191199999946], [-43.336478399999976, -22.79633739999997], [-43.336510499999974, -22.796544199999975], [-43.336548099999966, -22.796730399999948], [-43.336685099999954, -22.796980899999937], [-43.33701529999996, -22.796212699999955], [-43.337679399999956, -22.79466719999993], [-43.338627299999985, -22.794986499999933], [-43.33863699999995, -22.794323199999955], [-43.338043099999936, -22.794117199999956], [-43.33729839999995, -22.79381129999996], [-43.33705289999995, -22.794422699999927], [-43.336337499999956, -22.796023099999957]]]}, "properties": {"id": "330510905000175", "name": "Setor 330510905000175", "meanMonthlyBRL": 1783.2, "medianMonthlyBRL": 1220.0, "status": "published", "sourceTerritoryType": "census_sector", "overlayColor": "#c6dbef"}}, {"type": "Feature", "geometry": {"type": "Polygon", "coordinates": [[[-43.336685099999954, -22.796980899999937], [-43.336952499999946, -22.797414099999965], [-43.33697699999994, -22.79744689999995], [-43.337109399999974, -22.79762439999995], [-43.33724489999997, -22.797841899999977], [-43.337319699999966, -22.798002299999954], [-43.337391099999934, -22.798216299999968], [-43.33748219999996, -22.798664699999957], [-43.337913699999945, -22.79767189999995], [-43.33848999999998, -22.796344899999955], [-43.338584999999966, -22.79610759999997], [-43.33861349999995, -22.795936399999956], [-43.338627299999985, -22.794986499999933], [-43.337679399999956, -22.79466719999993], [-43.33701529999996, -22.796212699999955], [-43.336685099999954, -22.796980899999937]]]}, "properties": {"id": "330510905000176", "name": "Setor 330510905000176", "meanMonthlyBRL": 1922.51, "medianMonthlyBRL": 1300.0, "status": "published", "sourceTerritoryType": "census_sector", "overlayColor": "#c6dbef"}}, {"type": "Feature", "geometry": {"type": "Polygon", "coordinates": [[[-43.33501659999996, -22.79577049999995], [-43.33483839999997, -22.795781199999958], [-43.33462509999999, -22.795781199999958], [-43.33462469999995, -22.795948699999933], [-43.33467529999996, -22.79612299999997], [-43.33488189999997, -22.79662979999995], [-43.33513279999994, -22.797220999999972], [-43.33534079999998, -22.797771499999953], [-43.33545699999996, -22.798035199999955], [-43.33550759999997, -22.79822079999996], [-43.335527499999955, -22.798386599999958], [-43.33612499999998, -22.798290599999973], [-43.336174899999946, -22.798304799999976], [-43.33619629999998, -22.798340499999938], [-43.33623199999994, -22.79848659999994], [-43.33633179999998, -22.799007199999945], [-43.33638909999996, -22.79922919999996], [-43.33651349999997, -22.799178499999982], [-43.336699899999985, -22.799098099999988], [-43.33693729999993, -22.799008099999977], [-43.337026099999946, -22.79897439999996], [-43.33751539999997, -22.79882819999994], [-43.33748219999996, -22.798664699999957], [-43.337391099999934, -22.798216299999968], [-43.337319699999966, -22.798002299999954], [-43.33724489999997, -22.797841899999977], [-43.337109399999974, -22.79762439999995], [-43.33697699999994, -22.79744689999995], [-43.336952499999946, -22.797414099999965], [-43.336685099999954, -22.796980899999937], [-43.336548099999966, -22.796730399999948], [-43.336510499999974, -22.796544199999975], [-43.336478399999976, -22.79633739999997], [-43.336428499999954, -22.796191199999946], [-43.33638999999994, -22.796097899999943], [-43.33637849999997, -22.796069999999922], [-43.336337499999956, -22.796023099999957], [-43.33627869999998, -22.795955899999967], [-43.336121799999944, -22.795856099999984], [-43.335968299999934, -22.795814199999935], [-43.335925799999984, -22.79580259999995], [-43.33571899999998, -22.79578119999996], [-43.335447999999985, -22.79577409999996], [-43.335194899999976, -22.795759799999928], [-43.33501659999996, -22.79577049999995]]]}, "properties": {"id": "330510905000177", "name": "Setor 330510905000177", "meanMonthlyBRL": 2010.47, "medianMonthlyBRL": 1500.0, "status": "published", "sourceTerritoryType": "census_sector", "overlayColor": "#9ecae1"}}, {"type": "Feature", "geometry": {"type": "Polygon", "coordinates": [[[-43.355592299999955, -22.769628599999976], [-43.35614119999997, -22.76973039999996], [-43.356619799999976, -22.76981899999993], [-43.35684159999994, -22.76899349999997], [-43.35692979999993, -22.768665199999926], [-43.35696199999995, -22.768545199999945], [-43.356985899999984, -22.76843899999994], [-43.35720919999994, -22.767446999999944], [-43.35615909999996, -22.767236999999966], [-43.355881599999975, -22.76847099999998], [-43.35579689999997, -22.768812999999966], [-43.355762399999946, -22.76895209999998], [-43.355592299999955, -22.769628599999976]]]}, "properties": {"id": "330510905000179", "name": "Setor 330510905000179", "meanMonthlyBRL": 1795.57, "medianMonthlyBRL": 1650.0, "status": "published", "sourceTerritoryType": "census_sector", "overlayColor": "#9ecae1"}}, {"type": "Feature", "geometry": {"type": "Polygon", "coordinates": [[[-43.356985899999984, -22.76843899999994], [-43.35797499999996, -22.768643699999934], [-43.35774209999994, -22.769713499999966], [-43.357689799999946, -22.769935899999947], [-43.35843219999999, -22.770103499999944], [-43.35852659999995, -22.77014879999995], [-43.35877499999998, -22.770366499999962], [-43.35874489999998, -22.770270899999964], [-43.35873049999998, -22.77016779999996], [-43.35875509999994, -22.77006019999993], [-43.35880179999998, -22.769988299999962], [-43.35893069999997, -22.76944229999998], [-43.358984299999975, -22.769215499999966], [-43.35906679999994, -22.76886159999998], [-43.35918659999993, -22.768296699999944], [-43.35927699999996, -22.767870099999982], [-43.35862579999997, -22.76771789999998], [-43.358248499999945, -22.767657799999935], [-43.358164199999976, -22.76764439999994], [-43.35796979999998, -22.767613399999956], [-43.357603799999936, -22.76751829999995], [-43.35720919999994, -22.767446999999944], [-43.356985899999984, -22.76843899999994]]]}, "properties": {"id": "330510905000180", "name": "Setor 330510905000180", "meanMonthlyBRL": 2534.96, "medianMonthlyBRL": 2000.0, "status": "published", "sourceTerritoryType": "census_sector", "overlayColor": "#6baed6"}}, {"type": "Feature", "geometry": {"type": "Polygon", "coordinates": [[[-43.35880179999998, -22.769988299999962], [-43.358883299999945, -22.770009299999966], [-43.35896999999994, -22.77005269999995], [-43.35908869999997, -22.770047899999955], [-43.35915819999997, -22.770007599999925], [-43.35979159999994, -22.769599499999973], [-43.361126199999944, -22.768820799999954], [-43.361225299999944, -22.768776699999933], [-43.36139009999994, -22.768662699999936], [-43.36163119999998, -22.76839089999993], [-43.36171009999998, -22.76830169999993], [-43.36073159999995, -22.768140999999954], [-43.36011229999997, -22.76801459999996], [-43.35927699999996, -22.767870099999982], [-43.35918659999993, -22.768296699999944], [-43.35906679999994, -22.76886159999998], [-43.358984299999975, -22.769215499999966], [-43.35893069999997, -22.76944229999998], [-43.35880179999998, -22.769988299999962]]]}, "properties": {"id": "330510905000181", "name": "Setor 330510905000181", "meanMonthlyBRL": 2379.34, "medianMonthlyBRL": 2000.0, "status": "published", "sourceTerritoryType": "census_sector", "overlayColor": "#6baed6"}}, {"type": "Feature", "geometry": {"type": "Polygon", "coordinates": [[[-43.35238099999998, -22.769294399999982], [-43.35234209999993, -22.769443199999955], [-43.35277529999996, -22.76953209999993], [-43.35338479999996, -22.769657199999987], [-43.35547569999994, -22.770086299999946], [-43.35550219999993, -22.769978899999952], [-43.354737399999976, -22.768953699999933], [-43.35464269999994, -22.768826799999946], [-43.35382089999996, -22.76769709999996], [-43.353038899999945, -22.766599699999965], [-43.35302319999994, -22.766660599999962], [-43.35272699999996, -22.767809599999964], [-43.35255549999994, -22.76842619999997], [-43.35246989999996, -22.76895389999993], [-43.35238099999998, -22.769294399999982]]]}, "properties": {"id": "330510905000182", "name": "Setor 330510905000182", "meanMonthlyBRL": 1850.9, "medianMonthlyBRL": 1450.0, "status": "published", "sourceTerritoryType": "census_sector", "overlayColor": "#c6dbef"}}, {"type": "Feature", "geometry": {"type": "Polygon", "coordinates": [[[-43.35294619999996, -22.77151469999996], [-43.35338049999996, -22.77160119999997], [-43.35399049999995, -22.771722699999934], [-43.35476619999997, -22.77187809999998], [-43.35504609999998, -22.771935299999942], [-43.35525179999996, -22.77102539999993], [-43.355265299999985, -22.770965399999973], [-43.355312599999934, -22.770754899999925], [-43.35547569999994, -22.770086299999946], [-43.35338479999996, -22.769657199999987], [-43.35306409999998, -22.770940899999967], [-43.35294619999996, -22.77151469999996]]]}, "properties": {"id": "330510905000183", "name": "Setor 330510905000183", "meanMonthlyBRL": 1396.2, "medianMonthlyBRL": 1212.0, "status": "published", "sourceTerritoryType": "census_sector", "overlayColor": "#c6dbef"}}, {"type": "Feature", "geometry": {"type": "Polygon", "coordinates": [[[-43.35215619999997, -22.771501799999953], [-43.35210289999998, -22.77197699999994], [-43.35201829999994, -22.772528599999934], [-43.351913699999955, -22.77302289999994], [-43.351910499999974, -22.77313679999997], [-43.35301679999998, -22.773576599999945], [-43.35349259999999, -22.77378139999996], [-43.35359649999998, -22.773469799999933], [-43.35360469999995, -22.77342989999994], [-43.35374749999994, -22.772733599999974], [-43.35379759999995, -22.772524599999937], [-43.35399049999995, -22.771722699999934], [-43.35338049999996, -22.77160119999997], [-43.35294619999996, -22.77151469999996], [-43.352161799999976, -22.77135849999996], [-43.35215619999997, -22.771501799999953]]]}, "properties": {"id": "330510905000184", "name": "Setor 330510905000184", "meanMonthlyBRL": 1810.84, "medianMonthlyBRL": 1500.0, "status": "published", "sourceTerritoryType": "census_sector", "overlayColor": "#9ecae1"}}, {"type": "Feature", "geometry": {"type": "Polygon", "coordinates": [[[-43.351910499999974, -22.77313679999997], [-43.35190529999994, -22.77332249999996], [-43.351918499999954, -22.773783499999983], [-43.35194369999994, -22.773868799999942], [-43.35283769999995, -22.77423869999996], [-43.354173199999934, -22.774791299999947], [-43.35422399999993, -22.774748499999923], [-43.35449099999994, -22.774218999999956], [-43.35449969999996, -22.774201799999958], [-43.354579299999955, -22.773864899999978], [-43.35472609999994, -22.773255299999953], [-43.354760699999986, -22.77312699999992], [-43.35480849999993, -22.772950299999927], [-43.354927499999974, -22.772509599999978], [-43.35504609999998, -22.771935299999942], [-43.35476619999997, -22.77187809999998], [-43.35399049999995, -22.771722699999934], [-43.35379759999995, -22.772524599999937], [-43.35374749999994, -22.772733599999974], [-43.35360469999995, -22.77342989999994], [-43.35359649999998, -22.773469799999933], [-43.35349259999999, -22.77378139999996], [-43.35301679999998, -22.773576599999945], [-43.351910499999974, -22.77313679999997]]]}, "properties": {"id": "330510905000185", "name": "Setor 330510905000185", "meanMonthlyBRL": 1697.52, "medianMonthlyBRL": 1212.0, "status": "published", "sourceTerritoryType": "census_sector", "overlayColor": "#c6dbef"}}, {"type": "Feature", "geometry": {"type": "Polygon", "coordinates": [[[-43.350933699999985, -22.772585999999926], [-43.35080609999994, -22.77344599999997], [-43.35085309999994, -22.773526499999946], [-43.35087269999997, -22.773560099999937], [-43.350980799999945, -22.774230599999957], [-43.351048599999956, -22.77461309999995], [-43.35120219999993, -22.774678899999966], [-43.351796899999954, -22.774593599999946], [-43.35207239999994, -22.774305999999967], [-43.35202349999997, -22.774138999999934], [-43.35194369999994, -22.773868799999942], [-43.351918499999954, -22.773783499999983], [-43.35190529999994, -22.77332249999996], [-43.351910499999974, -22.77313679999997], [-43.351913699999955, -22.77302289999994], [-43.35201829999994, -22.772528599999934], [-43.35210289999998, -22.77197699999994], [-43.35215619999997, -22.771501799999953], [-43.35108739999998, -22.771286499999967], [-43.351044499999944, -22.771820199999976], [-43.35102959999995, -22.772005699999966], [-43.350933699999985, -22.772585999999926]]]}, "properties": {"id": "330510905000186", "name": "Setor 330510905000186", "meanMonthlyBRL": 1889.98, "medianMonthlyBRL": 1500.0, "status": "published", "sourceTerritoryType": "census_sector", "overlayColor": "#9ecae1"}}, {"type": "Feature", "geometry": {"type": "Polygon", "coordinates": [[[-43.35012429999995, -22.771644599999938], [-43.350194199999976, -22.771689899999956], [-43.35023159999997, -22.771757799999936], [-43.35025779999995, -22.771872099999936], [-43.350280199999936, -22.772581199999934], [-43.35057589999997, -22.772562099999956], [-43.350933699999985, -22.772585999999926], [-43.35102959999995, -22.772005699999966], [-43.351044499999944, -22.771820199999976], [-43.35108739999998, -22.771286499999967], [-43.35215619999997, -22.771501799999953], [-43.352161799999976, -22.77135849999996], [-43.35217039999998, -22.771140499999944], [-43.352093099999934, -22.770941599999954], [-43.35129099999995, -22.770717399999963], [-43.351206599999955, -22.770685699999937], [-43.35069679999998, -22.77049399999993], [-43.350558099999944, -22.77041479999997], [-43.35025849999994, -22.770245099999958], [-43.35018309999998, -22.770398799999956], [-43.35014329999996, -22.770479999999964], [-43.350142999999946, -22.770506099999984], [-43.350138999999956, -22.770837899999943], [-43.35012429999995, -22.771644599999938]]]}, "properties": {"id": "330510905000187", "name": "Setor 330510905000187", "meanMonthlyBRL": 1689.1, "medianMonthlyBRL": 1212.0, "status": "published", "sourceTerritoryType": "census_sector", "overlayColor": "#c6dbef"}}, {"type": "Feature", "geometry": {"type": "Polygon", "coordinates": [[[-43.349193199999945, -22.773997599999973], [-43.34922319999998, -22.774120999999973], [-43.34935439999998, -22.774271499999944], [-43.34966049999997, -22.77444899999994], [-43.349993299999944, -22.774544099999957], [-43.35029469999995, -22.774735999999958], [-43.35053039999997, -22.774910099999936], [-43.35069679999998, -22.77505269999994], [-43.35099629999996, -22.774767499999932], [-43.351048599999956, -22.77461309999995], [-43.350980799999945, -22.774230599999957], [-43.350160699999954, -22.774282699999958], [-43.35013539999994, -22.774286499999953], [-43.35010809999994, -22.774063799999965], [-43.349874599999964, -22.774061199999945], [-43.349765299999945, -22.77401499999996], [-43.349562299999945, -22.77398559999995], [-43.34941809999998, -22.773984299999935], [-43.349193199999945, -22.773997599999973]]]}, "properties": {"id": "330510905000188", "name": "Setor 330510905000188", "meanMonthlyBRL": 1434.65, "medianMonthlyBRL": 1300.0, "status": "published", "sourceTerritoryType": "census_sector", "overlayColor": "#c6dbef"}}, {"type": "Feature", "geometry": {"type": "Polygon", "coordinates": [[[-43.34956119999998, -22.777176599999958], [-43.35020989999998, -22.777056399999935], [-43.35042379999993, -22.776578799999978], [-43.35067929999997, -22.77641069999993], [-43.350958299999945, -22.77622699999994], [-43.35082309999996, -22.77598459999995], [-43.35064239999998, -22.775899099999943], [-43.35021039999998, -22.77561029999998], [-43.34987079999996, -22.775383199999965], [-43.34960139999998, -22.775666199999936], [-43.34952059999995, -22.775856299999933], [-43.349392199999954, -22.776255599999956], [-43.349268999999936, -22.77669809999998], [-43.349321499999974, -22.776710099999935], [-43.349424899999974, -22.777012699999936], [-43.349515699999984, -22.777054299999975], [-43.34951289999998, -22.777074999999964], [-43.34956119999998, -22.777176599999958]]]}, "properties": {"id": "330510905000189", "name": "Setor 330510905000189", "meanMonthlyBRL": 1393.56, "medianMonthlyBRL": 1212.0, "status": "published", "sourceTerritoryType": "census_sector", "overlayColor": "#c6dbef"}}, {"type": "Feature", "geometry": {"type": "Polygon", "coordinates": [[[-43.34678249999996, -22.776231799999948], [-43.34698359999993, -22.777144099999934], [-43.34704869999996, -22.777172999999948], [-43.347091499999976, -22.777185999999972], [-43.34772499999997, -22.77737729999996], [-43.34775699999995, -22.77738699999998], [-43.34844629999998, -22.777391699999956], [-43.34956119999998, -22.777176599999958], [-43.34951289999998, -22.777074999999964], [-43.349515699999984, -22.777054299999975], [-43.349424899999974, -22.777012699999936], [-43.349321499999974, -22.776710099999935], [-43.349268999999936, -22.77669809999998], [-43.349392199999954, -22.776255599999956], [-43.34952059999995, -22.775856299999933], [-43.34960139999998, -22.775666199999936], [-43.34987079999996, -22.775383199999965], [-43.34979629999998, -22.775333399999965], [-43.349282899999935, -22.77491979999996], [-43.34892709999997, -22.77469009999993], [-43.348707599999955, -22.775339099999943], [-43.34869349999997, -22.77538089999996], [-43.348450999999955, -22.776146299999937], [-43.34832849999998, -22.776567499999942], [-43.34776459999995, -22.77673459999994], [-43.34758659999994, -22.776827199999953], [-43.34741789999998, -22.776839199999934], [-43.34716599999996, -22.776661399999966], [-43.34697509999995, -22.776443399999938], [-43.34678249999996, -22.776231799999948]]]}, "properties": {"id": "330510905000190", "name": "Setor 330510905000190", "meanMonthlyBRL": 1516.83, "medianMonthlyBRL": 1212.0, "status": "published", "sourceTerritoryType": "census_sector", "overlayColor": "#c6dbef"}}, {"type": "Feature", "geometry": {"type": "Polygon", "coordinates": [[[-43.34683009999998, -22.773327399999964], [-43.346697699999936, -22.77372619999994], [-43.34646399999997, -22.77443019999998], [-43.346465999999964, -22.774492499999948], [-43.34647199999995, -22.774512499999954], [-43.34648199999998, -22.774545799999938], [-43.34650229999994, -22.77458629999995], [-43.346526799999936, -22.77462369999995], [-43.34656929999994, -22.774661199999965], [-43.346909299999936, -22.774850999999952], [-43.34683009999998, -22.77504819999995], [-43.346695799999964, -22.774930499999982], [-43.34650399999998, -22.77486819999996], [-43.34641849999998, -22.774869499999962], [-43.34635289999994, -22.774890899999946], [-43.346058199999966, -22.775056199999938], [-43.345999499999955, -22.775114599999938], [-43.34597549999995, -22.775185399999934], [-43.345971599999984, -22.77523309999998], [-43.34641579999993, -22.775627999999987], [-43.346549599999946, -22.77574699999997], [-43.34664299999997, -22.775941499999927], [-43.34678249999996, -22.776231799999948], [-43.34697509999995, -22.776443399999938], [-43.34716599999996, -22.776661399999966], [-43.34741789999998, -22.776839199999934], [-43.34758659999994, -22.776827199999953], [-43.34776459999995, -22.77673459999994], [-43.34832849999998, -22.776567499999942], [-43.348450999999955, -22.776146299999937], [-43.34869349999997, -22.77538089999996], [-43.348707599999955, -22.775339099999943], [-43.34892709999997, -22.77469009999993], [-43.348319799999956, -22.77431649999994], [-43.34788539999994, -22.774064199999945], [-43.34784599999995, -22.77400639999996], [-43.347661899999935, -22.773736199999973], [-43.34741969999993, -22.77350669999993], [-43.34739099999996, -22.773479499999954], [-43.34701549999994, -22.77329889999993], [-43.34683009999998, -22.773327399999964]]]}, "properties": {"id": "330510905000191", "name": "Setor 330510905000191", "meanMonthlyBRL": 1684.93, "medianMonthlyBRL": 1212.0, "status": "published", "sourceTerritoryType": "census_sector", "overlayColor": "#c6dbef"}}, {"type": "Feature", "geometry": {"type": "Polygon", "coordinates": [[[-43.34158619999994, -22.77260229999996], [-43.34175979999998, -22.773798499999938], [-43.34248009999993, -22.77372589999993], [-43.34251859999995, -22.773778999999926], [-43.34277999999995, -22.773869299999944], [-43.342834299999936, -22.773882299999965], [-43.343155499999966, -22.773959599999948], [-43.34324259999994, -22.773973299999962], [-43.34364039999997, -22.774035699999953], [-43.34369359999994, -22.774052599999944], [-43.343763999999965, -22.77426379999998], [-43.34386379999995, -22.774477799999943], [-43.34396369999996, -22.77465839999996], [-43.34403969999994, -22.774715399999934], [-43.34411579999994, -22.77477249999998], [-43.344196599999975, -22.77492929999994], [-43.34432019999997, -22.775114699999953], [-43.34456259999996, -22.775247799999935], [-43.34483829999994, -22.77530009999997], [-43.34488579999993, -22.775307399999974], [-43.34491439999994, -22.775243099999955], [-43.345023699999956, -22.774972099999953], [-43.34503319999993, -22.774748699999975], [-43.34518529999997, -22.77456329999995], [-43.34542779999998, -22.774377899999926], [-43.34560359999995, -22.773997599999966], [-43.34564389999997, -22.773947899999943], [-43.345534999999984, -22.773881899999935], [-43.34550569999993, -22.773822899999967], [-43.345496699999956, -22.77373109999997], [-43.34548099999995, -22.773702599999982], [-43.345465299999944, -22.77367409999994], [-43.34538949999996, -22.77360309999994], [-43.34536599999996, -22.773584099999937], [-43.34485259999997, -22.773203799999973], [-43.34481279999995, -22.77315379999994], [-43.344629199999986, -22.772923299999945], [-43.344457999999975, -22.77266659999998], [-43.34433439999998, -22.772490799999957], [-43.34421589999994, -22.77237659999997], [-43.34420609999995, -22.772367199999962], [-43.34393509999995, -22.772319599999946], [-43.343718699999954, -22.77225239999995], [-43.343659399999986, -22.772234099999938], [-43.34327909999996, -22.771896599999934], [-43.34305029999996, -22.77170009999998], [-43.342913099999976, -22.771782499999965], [-43.34262789999997, -22.771958399999964], [-43.34241399999997, -22.772134199999975], [-43.34219059999998, -22.772381399999972], [-43.342123999999956, -22.772450399999972], [-43.34205749999995, -22.772519299999942], [-43.34185309999998, -22.772562099999956], [-43.34158619999994, -22.77260229999996]]]}, "properties": {"id": "330510905000192", "name": "Setor 330510905000192", "meanMonthlyBRL": 1510.18, "medianMonthlyBRL": 1212.0, "status": "published", "sourceTerritoryType": "census_sector", "overlayColor": "#c6dbef"}}, {"type": "Feature", "geometry": {"type": "Polygon", "coordinates": [[[-43.34579569999994, -22.776957799999927], [-43.344890599999985, -22.776645399999953], [-43.34449129999996, -22.776540799999957], [-43.344272599999954, -22.776597899999956], [-43.34409459999995, -22.776580699999954], [-43.34402549999993, -22.77657409999994], [-43.34326009999995, -22.77609399999994], [-43.34275619999994, -22.775946599999937], [-43.34260309999996, -22.775956699999934], [-43.34207399999997, -22.775972799999973], [-43.34220469999997, -22.777021499999933], [-43.34249959999994, -22.777096999999962], [-43.34292739999995, -22.77724429999995], [-43.343184099999974, -22.777453499999982], [-43.343384199999946, -22.777748099999933], [-43.34370839999997, -22.77786199999997], [-43.34375449999993, -22.777700699999965], [-43.34396689999994, -22.777085299999957], [-43.345762599999944, -22.777736599999972], [-43.346181799999954, -22.777888599999983], [-43.34675469999996, -22.77809639999998], [-43.347091499999976, -22.777185999999972], [-43.34704869999996, -22.777172999999948], [-43.34698359999993, -22.777144099999934], [-43.34678249999996, -22.776231799999948], [-43.34664299999997, -22.775941499999927], [-43.346549599999946, -22.77574699999997], [-43.34641579999993, -22.775627999999987], [-43.345971599999984, -22.77523309999998], [-43.34609369999998, -22.775743199999965], [-43.34617879999996, -22.77609869999997], [-43.34622159999998, -22.776740499999953], [-43.34607539999996, -22.77705769999995], [-43.34579569999994, -22.776957799999927]]]}, "properties": {"id": "330510905000193", "name": "Setor 330510905000193", "meanMonthlyBRL": 1548.18, "medianMonthlyBRL": 1212.0, "status": "published", "sourceTerritoryType": "census_sector", "overlayColor": "#c6dbef"}}, {"type": "Feature", "geometry": {"type": "Polygon", "coordinates": [[[-43.34370839999997, -22.77786199999997], [-43.34542909999993, -22.778466599999945], [-43.34590439999994, -22.778643199999973], [-43.346473499999945, -22.77885639999993], [-43.34670699999998, -22.778225199999945], [-43.34675469999996, -22.77809639999998], [-43.346181799999954, -22.777888599999983], [-43.345762599999944, -22.777736599999972], [-43.34396689999994, -22.777085299999957], [-43.34375449999993, -22.777700699999965], [-43.34370839999997, -22.77786199999997]]]}, "properties": {"id": "330510905000194", "name": "Setor 330510905000194", "meanMonthlyBRL": 1586.65, "medianMonthlyBRL": 1220.0, "status": "published", "sourceTerritoryType": "census_sector", "overlayColor": "#c6dbef"}}, {"type": "Feature", "geometry": {"type": "Polygon", "coordinates": [[[-43.33840819999995, -22.779621599999924], [-43.338268399999954, -22.779783199999937], [-43.33820559999998, -22.779948699999974], [-43.33817709999994, -22.78007129999997], [-43.33810299999994, -22.78023669999993], [-43.33800039999994, -22.780427599999943], [-43.33790899999997, -22.78061319999995], [-43.33775209999993, -22.78079859999997], [-43.33773219999995, -22.78089269999998], [-43.33777779999997, -22.78099539999994], [-43.337943199999984, -22.781103799999975], [-43.338131499999974, -22.781172199999958], [-43.33836539999994, -22.780955499999948], [-43.33858779999997, -22.78071019999993], [-43.338761199999965, -22.780599699999986], [-43.33890729999996, -22.78050479999996], [-43.339072699999974, -22.780487699999984], [-43.33920669999998, -22.78051049999993], [-43.339383099999964, -22.780595799999958], [-43.33957899999996, -22.780711899999968], [-43.33975049999998, -22.780767299999976], [-43.339966699999934, -22.780810499999973], [-43.340103099999965, -22.780821299999957], [-43.340693399999964, -22.78089429999994], [-43.340767599999936, -22.780884799999967], [-43.34104449999995, -22.780923999999978], [-43.34142549999996, -22.781023199999936], [-43.341448499999956, -22.78110379999998], [-43.34127459999996, -22.781300599999945], [-43.34094939999994, -22.781614299999948], [-43.34079959999997, -22.781743799999955], [-43.34094659999994, -22.781785399999926], [-43.34151129999998, -22.781879599999968], [-43.342150199999935, -22.78195369999997], [-43.34273769999993, -22.78205639999993], [-43.342875499999934, -22.78206819999997], [-43.34302479999997, -22.781969699999934], [-43.34396309999994, -22.780799099999967], [-43.343980699999975, -22.78076729999998], [-43.34393559999995, -22.780730099999968], [-43.34388979999994, -22.780607899999957], [-43.34331099999997, -22.781146599999943], [-43.34309419999994, -22.781374699999954], [-43.34293169999995, -22.78147739999997], [-43.34274339999996, -22.781522999999936], [-43.34256659999994, -22.781500199999986], [-43.34236119999997, -22.781394699999957], [-43.342261399999984, -22.78125779999994], [-43.34219859999996, -22.781103799999986], [-43.34213589999997, -22.780972599999927], [-43.34211159999995, -22.78095459999997], [-43.341927699999985, -22.780818599999975], [-43.34151699999995, -22.78061609999998], [-43.341166699999974, -22.780486499999938], [-43.34110059999995, -22.780461999999943], [-43.34007649999995, -22.780086899999954], [-43.339437799999985, -22.779834599999955], [-43.33908309999998, -22.77972489999996], [-43.33892529999997, -22.779657599999954], [-43.33875199999994, -22.77957469999996], [-43.33850509999996, -22.779569299999928], [-43.33840819999995, -22.779621599999924]]]}, "properties": {"id": "330510905000195", "name": "Setor 330510905000195", "meanMonthlyBRL": 1471.5, "medianMonthlyBRL": 1212.0, "status": "published", "sourceTerritoryType": "census_sector", "overlayColor": "#c6dbef"}}, {"type": "Feature", "geometry": {"type": "Polygon", "coordinates": [[[-43.33799309999995, -22.786752499999977], [-43.33793579999997, -22.786862299999935], [-43.337749299999984, -22.78700769999994], [-43.337562899999966, -22.787025899999954], [-43.33732999999995, -22.787002099999935], [-43.33679519999998, -22.78704489999995], [-43.33625329999995, -22.78753689999996], [-43.33603229999994, -22.787586799999925], [-43.33579699999996, -22.787707999999952], [-43.33551179999995, -22.788085899999935], [-43.33533349999993, -22.78825699999993], [-43.335276499999964, -22.788399599999927], [-43.33537629999995, -22.78859219999999], [-43.33581129999993, -22.78827839999997], [-43.33603229999994, -22.78826419999996], [-43.33612499999998, -22.788371099999953], [-43.33716599999997, -22.787715099999954], [-43.33820709999998, -22.78750119999995], [-43.338751099999975, -22.787302799999956], [-43.33881309999998, -22.787280199999945], [-43.33887729999998, -22.78678099999996], [-43.33902709999995, -22.786574299999927], [-43.33921959999998, -22.786082299999975], [-43.33921819999995, -22.78602569999998], [-43.33921239999995, -22.785782799999932], [-43.33914409999994, -22.785575799999947], [-43.33901989999998, -22.785490399999958], [-43.33856359999993, -22.78534779999995], [-43.33810599999998, -22.785073799999964], [-43.33815709999993, -22.785126799999944], [-43.33823559999996, -22.78536919999993], [-43.338549299999954, -22.78583269999995], [-43.33872039999994, -22.78600379999994], [-43.338266499999975, -22.786451099999965], [-43.33799309999995, -22.786752499999977]]]}, "properties": {"id": "330510905000196", "name": "Setor 330510905000196", "meanMonthlyBRL": 2104.39, "medianMonthlyBRL": 1300.0, "status": "published", "sourceTerritoryType": "census_sector", "overlayColor": "#c6dbef"}}, {"type": "Feature", "geometry": {"type": "Polygon", "coordinates": [[[-43.33537629999995, -22.78859219999999], [-43.334427999999946, -22.789262399999924], [-43.33424839999998, -22.790399399999952], [-43.334684899999964, -22.790337699999956], [-43.33487719999994, -22.790179299999977], [-43.334982699999955, -22.790070899999932], [-43.335347799999965, -22.78973719999994], [-43.33562159999997, -22.78955469999994], [-43.33587539999996, -22.789332199999933], [-43.33601519999996, -22.78917819999998], [-43.33618169999994, -22.78904419999998], [-43.33646699999997, -22.788814499999948], [-43.33667689999993, -22.78865629999996], [-43.336964999999964, -22.788382499999962], [-43.33712179999998, -22.788291199999943], [-43.33754959999993, -22.78814859999995], [-43.33788249999998, -22.788131799999977], [-43.337946099999954, -22.788128599999936], [-43.33833969999995, -22.788105799999983], [-43.338791699999945, -22.78812869999995], [-43.33881309999998, -22.787280199999945], [-43.338751099999975, -22.787302799999956], [-43.33820709999998, -22.78750119999995], [-43.33716599999997, -22.787715099999954], [-43.33612499999998, -22.788371099999953], [-43.33603229999994, -22.78826419999996], [-43.33581129999993, -22.78827839999997], [-43.33537629999995, -22.78859219999999]]]}, "properties": {"id": "330510905000197", "name": "Setor 330510905000197", "meanMonthlyBRL": 1767.67, "medianMonthlyBRL": 1212.0, "status": "published", "sourceTerritoryType": "census_sector", "overlayColor": "#c6dbef"}}, {"type": "Feature", "geometry": {"type": "Polygon", "coordinates": [[[-43.33615019999996, -22.792214599999966], [-43.33647439999993, -22.792492499999977], [-43.337474499999985, -22.790253099999976], [-43.336645499999975, -22.79005389999997], [-43.33659559999995, -22.79030339999997], [-43.33637459999994, -22.79045319999994], [-43.33582549999994, -22.791002199999976], [-43.33601089999996, -22.791208999999977], [-43.336445899999944, -22.791544099999957], [-43.33615019999996, -22.792214599999966]]]}, "properties": {"id": "330510905000198", "name": "Setor 330510905000198", "meanMonthlyBRL": 2052.41, "medianMonthlyBRL": 1212.0, "status": "published", "sourceTerritoryType": "census_sector", "overlayColor": "#c6dbef"}}, {"type": "Feature", "geometry": {"type": "Polygon", "coordinates": [[[-43.334684899999964, -22.790337699999956], [-43.33431989999997, -22.79064579999993], [-43.33475489999995, -22.79101859999997], [-43.33615019999996, -22.792214599999966], [-43.336445899999944, -22.791544099999957], [-43.33601089999996, -22.791208999999977], [-43.33582549999994, -22.791002199999976], [-43.33637459999994, -22.79045319999994], [-43.33659559999995, -22.79030339999997], [-43.336645499999975, -22.79005389999997], [-43.336324599999955, -22.789697399999962], [-43.33633219999996, -22.789650299999938], [-43.33646699999997, -22.788814499999948], [-43.33618169999994, -22.78904419999998], [-43.33601519999996, -22.78917819999998], [-43.33587539999996, -22.789332199999933], [-43.33562159999997, -22.78955469999994], [-43.335347799999965, -22.78973719999994], [-43.334982699999955, -22.790070899999932], [-43.33487719999994, -22.790179299999977], [-43.334684899999964, -22.790337699999956]]]}, "properties": {"id": "330510905000199", "name": "Setor 330510905000199", "meanMonthlyBRL": 1989.79, "medianMonthlyBRL": 1500.0, "status": "published", "sourceTerritoryType": "census_sector", "overlayColor": "#9ecae1"}}, {"type": "Feature", "geometry": {"type": "Polygon", "coordinates": [[[-43.33388599999995, -22.79133729999995], [-43.333905399999935, -22.792149199999983], [-43.335133299999946, -22.793256199999966], [-43.33535669999998, -22.793336999999955], [-43.33583839999994, -22.792907299999968], [-43.33616519999998, -22.793187699999972], [-43.33647439999993, -22.792492499999977], [-43.33615019999996, -22.792214599999966], [-43.33475489999995, -22.79101859999997], [-43.33431989999997, -22.79064579999993], [-43.33418549999993, -22.790759799999933], [-43.33388599999995, -22.79133729999995]]]}, "properties": {"id": "330510905000200", "name": "Setor 330510905000200", "meanMonthlyBRL": 1905.33, "medianMonthlyBRL": 1500.0, "status": "published", "sourceTerritoryType": "census_sector", "overlayColor": "#9ecae1"}}, {"type": "Feature", "geometry": {"type": "Polygon", "coordinates": [[[-43.333478699999944, -22.794392199999947], [-43.33336549999996, -22.794688599999976], [-43.33279369999997, -22.795084199999955], [-43.33292389999997, -22.795121699999978], [-43.333137799999975, -22.79522859999997], [-43.333254599999975, -22.79529349999996], [-43.33333029999994, -22.79533559999993], [-43.333914999999934, -22.795613699999933], [-43.333957099999964, -22.795630099999983], [-43.334225199999935, -22.79573489999995], [-43.33452819999997, -22.795781199999965], [-43.33462509999999, -22.795781199999958], [-43.33483839999997, -22.795781199999958], [-43.33501659999996, -22.79577049999995], [-43.33525309999993, -22.79523889999995], [-43.33551209999996, -22.794656299999925], [-43.33364629999994, -22.793952799999932], [-43.333478699999944, -22.794392199999947]]]}, "properties": {"id": "330510905000201", "name": "Setor 330510905000201", "meanMonthlyBRL": 1891.98, "medianMonthlyBRL": 1300.0, "status": "published", "sourceTerritoryType": "census_sector", "overlayColor": "#c6dbef"}}, {"type": "Feature", "geometry": {"type": "Polygon", "coordinates": [[[-43.33249259999997, -22.794158099999944], [-43.333478699999944, -22.794392199999947], [-43.33364629999994, -22.793952799999932], [-43.33376789999994, -22.793634199999925], [-43.33377909999996, -22.793604799999965], [-43.333806799999934, -22.793308899999936], [-43.33385449999997, -22.792800299999946], [-43.33280289999993, -22.792572899999985], [-43.33264769999994, -22.79336549999994], [-43.33249259999997, -22.794158099999944]]]}, "properties": {"id": "330510905000202", "name": "Setor 330510905000202", "meanMonthlyBRL": 1801.63, "medianMonthlyBRL": 1221.0, "status": "published", "sourceTerritoryType": "census_sector", "overlayColor": "#c6dbef"}}, {"type": "Feature", "geometry": {"type": "Polygon", "coordinates": [[[-43.333046499999966, -22.797675099999932], [-43.33355809999995, -22.797697599999932], [-43.33373609999996, -22.797706199999936], [-43.33391039999998, -22.797714599999953], [-43.33460219999995, -22.79775399999994], [-43.33504089999997, -22.79777649999994], [-43.33534079999998, -22.797771499999953], [-43.33513279999994, -22.797220999999972], [-43.33488189999997, -22.79662979999995], [-43.33467529999996, -22.79612299999997], [-43.33462469999995, -22.795948699999933], [-43.33462509999999, -22.795781199999958], [-43.33452819999997, -22.795781199999965], [-43.334225199999935, -22.79573489999995], [-43.333957099999964, -22.795630099999983], [-43.333914999999934, -22.795613699999933], [-43.33333029999994, -22.79533559999993], [-43.333254599999975, -22.79529349999996], [-43.33324679999998, -22.795324399999966], [-43.333046499999966, -22.797675099999932]]]}, "properties": {"id": "330510905000203", "name": "Setor 330510905000203", "meanMonthlyBRL": 2019.65, "medianMonthlyBRL": 1500.0, "status": "published", "sourceTerritoryType": "census_sector", "overlayColor": "#9ecae1"}}, {"type": "Feature", "geometry": {"type": "Polygon", "coordinates": [[[-43.334353299999975, -22.800120499999935], [-43.33438159999997, -22.800418999999973], [-43.334438699999964, -22.800800399999957], [-43.33446719999995, -22.80092169999995], [-43.334495699999934, -22.800943099999923], [-43.334524199999976, -22.800964399999934], [-43.334621899999945, -22.800973699999922], [-43.334658399999974, -22.800886599999956], [-43.334798999999975, -22.800599699999967], [-43.33497959999995, -22.800327699999972], [-43.33511179999994, -22.800165399999976], [-43.335535799999946, -22.79964359999997], [-43.335698899999954, -22.79949739999995], [-43.33573099999995, -22.79947709999993], [-43.335698899999954, -22.799300599999977], [-43.33558079999995, -22.798783199999942], [-43.335527499999955, -22.798386599999958], [-43.33550759999997, -22.79822079999996], [-43.33545699999996, -22.798035199999955], [-43.33534079999998, -22.797771499999953], [-43.33504089999997, -22.79777649999994], [-43.33460219999995, -22.79775399999994], [-43.33391039999998, -22.797714599999953], [-43.33396449999998, -22.797923299999983], [-43.33408929999996, -22.798301299999935], [-43.33417129999998, -22.798500899999965], [-43.33418549999993, -22.798696999999944], [-43.33422829999995, -22.798925199999918], [-43.33431029999997, -22.799595399999923], [-43.334353299999975, -22.800120499999935]]]}, "properties": {"id": "330510905000204", "name": "Setor 330510905000204", "meanMonthlyBRL": 1684.05, "medianMonthlyBRL": 1220.0, "status": "published", "sourceTerritoryType": "census_sector", "overlayColor": "#c6dbef"}}, {"type": "Feature", "geometry": {"type": "Polygon", "coordinates": [[[-43.33286519999996, -22.79909179999993], [-43.332971199999974, -22.79953119999993], [-43.33307659999997, -22.799937699999926], [-43.333128699999975, -22.80013859999997], [-43.333263699999975, -22.800520999999947], [-43.333336799999984, -22.80061099999995], [-43.333404299999984, -22.800633499999943], [-43.33347729999997, -22.80060299999997], [-43.33353209999996, -22.800079999999976], [-43.334353299999975, -22.800120499999935], [-43.33431029999997, -22.799595399999923], [-43.33422829999995, -22.798925199999918], [-43.33418549999993, -22.798696999999944], [-43.33417129999998, -22.798500899999965], [-43.33408929999996, -22.798301299999935], [-43.33396449999998, -22.797923299999983], [-43.33391039999998, -22.797714599999953], [-43.33373609999996, -22.797706199999936], [-43.33355809999995, -22.797697599999932], [-43.333046499999966, -22.797675099999932], [-43.33299929999998, -22.798254499999924], [-43.33286519999996, -22.79909179999993]]]}, "properties": {"id": "330510905000205", "name": "Setor 330510905000205", "meanMonthlyBRL": 1702.47, "medianMonthlyBRL": 1410.0, "status": "published", "sourceTerritoryType": "census_sector", "overlayColor": "#c6dbef"}}, {"type": "Feature", "geometry": {"type": "Polygon", "coordinates": [[[-43.33254379999994, -22.800357899999938], [-43.33256629999994, -22.800549099999955], [-43.332673099999965, -22.800830299999973], [-43.33274619999998, -22.801055299999973], [-43.33291499999996, -22.801448999999934], [-43.333083699999975, -22.801651399999955], [-43.333280499999944, -22.80176389999997], [-43.333482999999944, -22.801853899999966], [-43.33359079999997, -22.801894499999946], [-43.33384859999995, -22.80189329999996], [-43.33405659999994, -22.801808899999966], [-43.33423659999994, -22.801718899999976], [-43.33435469999995, -22.801567099999943], [-43.334487999999965, -22.801281099999986], [-43.334621899999945, -22.800973699999922], [-43.334524199999976, -22.800964399999934], [-43.334495699999934, -22.800943099999923], [-43.33446719999995, -22.80092169999995], [-43.334438699999964, -22.800800399999957], [-43.33438159999997, -22.800418999999973], [-43.334353299999975, -22.800120499999935], [-43.33353209999996, -22.800079999999976], [-43.33347729999997, -22.80060299999997], [-43.333404299999984, -22.800633499999943], [-43.333336799999984, -22.80061099999995], [-43.333263699999975, -22.800520999999947], [-43.333128699999975, -22.80013859999997], [-43.33307659999997, -22.799937699999926], [-43.332971199999974, -22.79953119999993], [-43.33286519999996, -22.79909179999993], [-43.332609899999966, -22.79949689999995], [-43.33256319999998, -22.799707999999953], [-43.33254109999996, -22.800036999999968], [-43.33254379999994, -22.800357899999938]]]}, "properties": {"id": "330510905000206", "name": "Setor 330510905000206", "meanMonthlyBRL": 1667.17, "medianMonthlyBRL": 1500.0, "status": "published", "sourceTerritoryType": "census_sector", "overlayColor": "#9ecae1"}}, {"type": "Feature", "geometry": {"type": "Polygon", "coordinates": [[[-43.36011229999997, -22.76801459999996], [-43.36073159999995, -22.768140999999954], [-43.36171009999998, -22.76830169999993], [-43.36184499999996, -22.76814959999996], [-43.36192059999996, -22.768064299999928], [-43.36214229999996, -22.767814199999975], [-43.36231339999995, -22.767254399999956], [-43.36235979999998, -22.76622409999993], [-43.36236519999994, -22.766177599999935], [-43.36056929999995, -22.76586169999996], [-43.36036869999998, -22.766911999999934], [-43.36028209999995, -22.76728439999993], [-43.36011229999997, -22.76801459999996]]]}, "properties": {"id": "330510905000207", "name": "Setor 330510905000207", "meanMonthlyBRL": 1905.84, "medianMonthlyBRL": 1500.0, "status": "published", "sourceTerritoryType": "census_sector", "overlayColor": "#9ecae1"}}, {"type": "Feature", "geometry": {"type": "Polygon", "coordinates": [[[-43.35675029999993, -22.76427009999997], [-43.356690199999946, -22.764571699999966], [-43.35657329999998, -22.765158799999934], [-43.357630599999936, -22.765344799999976], [-43.358664999999974, -22.765526699999956], [-43.35887239999994, -22.765563199999974], [-43.35971779999995, -22.76571189999993], [-43.35980939999996, -22.76528409999997], [-43.35993989999997, -22.76474939999997], [-43.35943009999994, -22.76465819999992], [-43.35911329999993, -22.764601599999935], [-43.358686499999976, -22.764525299999946], [-43.358385699999985, -22.764471499999956], [-43.35791059999997, -22.764382699999945], [-43.35677069999998, -22.764167399999955], [-43.35675029999993, -22.76427009999997]]]}, "properties": {"id": "330510905000208", "name": "Setor 330510905000208", "meanMonthlyBRL": 2103.79, "medianMonthlyBRL": 1800.0, "status": "published", "sourceTerritoryType": "census_sector", "overlayColor": "#9ecae1"}}, {"type": "Feature", "geometry": {"type": "Polygon", "coordinates": [[[-43.35720919999994, -22.767446999999944], [-43.357603799999936, -22.76751829999995], [-43.35796979999998, -22.767613399999956], [-43.358164199999976, -22.76764439999994], [-43.358248499999945, -22.767657799999935], [-43.35862579999997, -22.76771789999998], [-43.35927699999996, -22.767870099999982], [-43.359437199999945, -22.76710969999993], [-43.35953209999997, -22.766621599999958], [-43.35971779999995, -22.76571189999993], [-43.35887239999994, -22.765563199999974], [-43.358664999999974, -22.765526699999956], [-43.357630599999936, -22.765344799999976], [-43.357497499999965, -22.766008399999976], [-43.35742909999993, -22.76634999999993], [-43.35733909999993, -22.76679899999993], [-43.35720919999994, -22.767446999999944]]]}, "properties": {"id": "330510905000209", "name": "Setor 330510905000209", "meanMonthlyBRL": 2313.8, "medianMonthlyBRL": 1825.0, "status": "published", "sourceTerritoryType": "census_sector", "overlayColor": "#9ecae1"}}, {"type": "Feature", "geometry": {"type": "Polygon", "coordinates": [[[-43.346708099999944, -22.769351299999986], [-43.346964999999955, -22.769597599999937], [-43.347197899999976, -22.769949399999973], [-43.34744509999996, -22.769963599999976], [-43.34747809999993, -22.770008299999976], [-43.34766879999995, -22.769814299999943], [-43.34800949999993, -22.769664799999926], [-43.34813939999998, -22.76964359999993], [-43.348249299999964, -22.769625599999934], [-43.34827979999994, -22.769405399999982], [-43.348360499999956, -22.76923979999998], [-43.34846729999998, -22.769115499999934], [-43.34862899999996, -22.769053699999976], [-43.348638499999936, -22.768758999999932], [-43.34883979999995, -22.76799029999995], [-43.349100599999986, -22.767107899999925], [-43.34895869999997, -22.766979699999983], [-43.348893499999974, -22.76692089999995], [-43.34871289999995, -22.76685909999998], [-43.348460999999936, -22.766840099999964], [-43.348336899999936, -22.766821099999955], [-43.348139999999944, -22.76750759999993], [-43.34798009999997, -22.768053099999975], [-43.34787789999996, -22.76839769999998], [-43.34782469999993, -22.76852409999998], [-43.34780189999998, -22.76857829999994], [-43.34771449999994, -22.768614299999967], [-43.34759749999995, -22.768630599999934], [-43.347238999999945, -22.768536199999968], [-43.34708049999995, -22.768558799999933], [-43.34699999999998, -22.768600899999967], [-43.346814999999935, -22.768702099999924], [-43.346687799999984, -22.768809599999937], [-43.34665939999997, -22.768968099999938], [-43.34671619999995, -22.769299299999936], [-43.346708099999944, -22.769351299999986]]]}, "properties": {"id": "330510905000210", "name": "Setor 330510905000210", "meanMonthlyBRL": 1636.97, "medianMonthlyBRL": 1200.0, "status": "published", "sourceTerritoryType": "census_sector", "overlayColor": "#c6dbef"}}, {"type": "Feature", "geometry": {"type": "Polygon", "coordinates": [[[-43.34862899999996, -22.769053699999976], [-43.348866699999974, -22.769234299999933], [-43.34902999999997, -22.769435999999928], [-43.349109099999964, -22.769533799999966], [-43.349508399999934, -22.769833299999956], [-43.349545699999965, -22.769853699999942], [-43.34963849999997, -22.76990349999994], [-43.35003849999998, -22.770122799999967], [-43.35047829999996, -22.76868689999997], [-43.350219799999934, -22.768456299999965], [-43.35012409999996, -22.76834599999995], [-43.350028399999985, -22.768235799999953], [-43.35000109999999, -22.768204399999952], [-43.349796699999956, -22.767747999999987], [-43.34958039999998, -22.767544799999936], [-43.34952739999994, -22.767494999999933], [-43.349100599999986, -22.767107899999925], [-43.34883979999995, -22.76799029999995], [-43.348638499999936, -22.768758999999932], [-43.34862899999996, -22.769053699999976]]]}, "properties": {"id": "330510905000211", "name": "Setor 330510905000211", "meanMonthlyBRL": 1584.01, "medianMonthlyBRL": 1212.0, "status": "published", "sourceTerritoryType": "census_sector", "overlayColor": "#c6dbef"}}, {"type": "Feature", "geometry": {"type": "Polygon", "coordinates": [[[-43.35003849999998, -22.770122799999967], [-43.35025849999994, -22.770245099999958], [-43.350558099999944, -22.77041479999997], [-43.35069679999998, -22.77049399999993], [-43.351206599999955, -22.770685699999937], [-43.35129099999995, -22.770717399999963], [-43.352093099999934, -22.770941599999954], [-43.35196129999998, -22.77053679999995], [-43.352160899999944, -22.770165999999964], [-43.352327799999955, -22.769497899999973], [-43.35234209999993, -22.769443199999955], [-43.35238099999998, -22.769294399999982], [-43.352169999999944, -22.769246499999944], [-43.35189779999996, -22.769178799999963], [-43.35160059999998, -22.769130799999964], [-43.35142719999993, -22.76910279999992], [-43.35128649999996, -22.769058499999968], [-43.351080199999956, -22.768993399999943], [-43.350996399999985, -22.768953699999937], [-43.35052879999995, -22.76873199999994], [-43.35047829999996, -22.76868689999997], [-43.35003849999998, -22.770122799999967]]]}, "properties": {"id": "330510905000212", "name": "Setor 330510905000212", "meanMonthlyBRL": 2068.22, "medianMonthlyBRL": 1500.0, "status": "published", "sourceTerritoryType": "census_sector", "overlayColor": "#9ecae1"}}, {"type": "Feature", "geometry": {"type": "Polygon", "coordinates": [[[-43.34813699999995, -22.771016399999947], [-43.34848159999996, -22.771549299999947], [-43.348550699999976, -22.771733999999977], [-43.34864029999994, -22.77197359999996], [-43.34864709999994, -22.771991899999932], [-43.34867179999998, -22.77205799999996], [-43.34879539999997, -22.77246199999996], [-43.34884959999994, -22.77266789999993], [-43.348866699999974, -22.772732999999956], [-43.34886759999995, -22.772748899999954], [-43.34936369999998, -22.772272099999952], [-43.349437999999964, -22.772227299999944], [-43.34978679999995, -22.772020199999922], [-43.35012429999995, -22.771644599999938], [-43.350138999999956, -22.770837899999943], [-43.350142999999946, -22.770506099999984], [-43.35014329999996, -22.770479999999964], [-43.35018309999998, -22.770398799999956], [-43.35025849999994, -22.770245099999958], [-43.35003849999998, -22.770122799999967], [-43.34963849999997, -22.76990349999994], [-43.34932719999995, -22.770297099999937], [-43.34930809999997, -22.77035259999997], [-43.349271699999974, -22.770391099999934], [-43.34916059999995, -22.770451699999963], [-43.34897369999993, -22.770552699999943], [-43.34864829999998, -22.770732499999955], [-43.34813699999995, -22.771016399999947]]]}, "properties": {"id": "330510905000213", "name": "Setor 330510905000213", "meanMonthlyBRL": 1478.59, "medianMonthlyBRL": 1300.0, "status": "published", "sourceTerritoryType": "census_sector", "overlayColor": "#c6dbef"}}, {"type": "Feature", "geometry": {"type": "Polygon", "coordinates": [[[-43.340869699999985, -22.76673889999995], [-43.34085529999993, -22.76677839999996], [-43.34084819999998, -22.766834399999933], [-43.34084819999998, -22.766857899999934], [-43.34105479999994, -22.767071899999962], [-43.34121649999998, -22.767239399999937], [-43.34150379999994, -22.767448999999946], [-43.341583399999934, -22.76755519999995], [-43.34166329999994, -22.767676699999978], [-43.34169659999998, -22.767876399999974], [-43.34163599999994, -22.768153599999945], [-43.34159609999995, -22.76833679999993], [-43.34150649999998, -22.76890309999993], [-43.34151049999997, -22.769196699999952], [-43.34151979999996, -22.769881099999964], [-43.34153749999996, -22.770413099999928], [-43.34153969999994, -22.770476599999938], [-43.34142499999996, -22.771147999999986], [-43.34141299999993, -22.771249799999968], [-43.34138759999996, -22.771465299999928], [-43.341427599999975, -22.77165639999992], [-43.34149699999995, -22.77198819999996], [-43.34158619999994, -22.77260229999996], [-43.34185309999998, -22.772562099999956], [-43.34205749999995, -22.772519299999942], [-43.342123999999956, -22.772450399999972], [-43.34219059999998, -22.772381399999972], [-43.34241399999997, -22.772134199999975], [-43.34262789999997, -22.771958399999964], [-43.342913099999976, -22.771782499999965], [-43.34305029999996, -22.77170009999998], [-43.34327909999996, -22.771896599999934], [-43.343659399999986, -22.772234099999938], [-43.343718699999954, -22.77225239999995], [-43.34393509999995, -22.772319599999946], [-43.34420609999995, -22.772367199999962], [-43.34421589999994, -22.77237659999997], [-43.34433439999998, -22.772490799999957], [-43.344457999999975, -22.77266659999998], [-43.344629199999986, -22.772923299999945], [-43.34481279999995, -22.77315379999994], [-43.34485259999997, -22.773203799999973], [-43.34536599999996, -22.773584099999937], [-43.34538949999996, -22.77360309999994], [-43.345465299999944, -22.77367409999994], [-43.34548099999995, -22.773702599999982], [-43.34552379999997, -22.773626699999966], [-43.345545399999935, -22.773517699999953], [-43.34504979999997, -22.772888199999947], [-43.34495329999993, -22.77275389999994], [-43.34444949999994, -22.772052399999954], [-43.344309099999975, -22.771984499999977], [-43.34374959999997, -22.771435999999937], [-43.34371239999996, -22.771399599999942], [-43.34364449999998, -22.77126849999996], [-43.34366309999996, -22.771004799999957], [-43.34359209999997, -22.770707499999958], [-43.34353219999997, -22.770601699999926], [-43.34354769999993, -22.770420299999945], [-43.343412899999976, -22.770231999999965], [-43.343361399999935, -22.77001199999995], [-43.343321599999975, -22.76944579999997], [-43.34325379999996, -22.769078399999955], [-43.342992899999956, -22.76908969999994], [-43.342782399999976, -22.76864269999993], [-43.34274839999995, -22.768526999999953], [-43.34269519999998, -22.768345699999937], [-43.34277099999997, -22.767258999999964], [-43.34269489999997, -22.767258399999946], [-43.34249049999994, -22.76713959999995], [-43.34187249999997, -22.766607099999923], [-43.34148369999997, -22.766614699999934], [-43.34096469999997, -22.766639899999973], [-43.34092179999993, -22.766670899999955], [-43.340869699999985, -22.76673889999995]]]}, "properties": {"id": "330510905000214", "name": "Setor 330510905000214", "meanMonthlyBRL": 1925.61, "medianMonthlyBRL": 1500.0, "status": "published", "sourceTerritoryType": "census_sector", "overlayColor": "#9ecae1"}}, {"type": "Feature", "geometry": {"type": "Polygon", "coordinates": [[[-43.335761299999945, -22.782295999999967], [-43.336460099999954, -22.78273099999996], [-43.33708439999998, -22.78249889999995], [-43.33782199999996, -22.782224699999972], [-43.33836389999993, -22.782025099999945], [-43.33879189999993, -22.78174369999993], [-43.33889869999996, -22.78167569999993], [-43.339142899999956, -22.78164019999997], [-43.339340799999945, -22.781611499999933], [-43.339490499999954, -22.78159009999996], [-43.33954559999995, -22.781545099999963], [-43.33955329999998, -22.781540399999983], [-43.33914629999998, -22.781042399999937], [-43.339079599999934, -22.78101289999995], [-43.33897209999998, -22.780857799999986], [-43.338761199999965, -22.780599699999986], [-43.33858779999997, -22.78071019999993], [-43.33836539999994, -22.780955499999948], [-43.338131499999974, -22.781172199999958], [-43.33813429999998, -22.781234999999974], [-43.33796319999993, -22.781411799999944], [-43.33770939999994, -22.781505899999953], [-43.33748689999993, -22.781491699999943], [-43.33738139999997, -22.78143179999995], [-43.337215199999946, -22.781291599999975], [-43.33719879999995, -22.781277799999938], [-43.33710189999994, -22.78098399999994], [-43.33694779999996, -22.78075869999998], [-43.336823799999934, -22.780709899999977], [-43.33669979999996, -22.78066109999998], [-43.336531099999945, -22.780581099999946], [-43.33652299999994, -22.781072299999952], [-43.336517399999934, -22.78140699999994], [-43.33651599999996, -22.781451299999958], [-43.33677389999997, -22.781739899999934], [-43.33687889999993, -22.781949899999965], [-43.335761299999945, -22.782295999999967]]]}, "properties": {"id": "330510905000215", "name": "Setor 330510905000215", "meanMonthlyBRL": 1620.05, "medianMonthlyBRL": 1220.0, "status": "published", "sourceTerritoryType": "census_sector", "overlayColor": "#c6dbef"}}, {"type": "Feature", "geometry": {"type": "Polygon", "coordinates": [[[-43.33380099999994, -22.780175999999987], [-43.333823999999936, -22.78044109999995], [-43.33385329999993, -22.780778399999967], [-43.33368219999994, -22.78099949999995], [-43.333461099999965, -22.781038699999954], [-43.33375059999997, -22.781176599999984], [-43.33412849999996, -22.781311999999954], [-43.33458619999993, -22.781528299999923], [-43.335197999999934, -22.782217599999967], [-43.335404799999935, -22.782274599999933], [-43.335761299999945, -22.782295999999967], [-43.33687889999993, -22.781949899999965], [-43.33677389999997, -22.781739899999934], [-43.33651599999996, -22.781451299999958], [-43.336517399999934, -22.78140699999994], [-43.33652299999994, -22.781072299999952], [-43.336531099999945, -22.780581099999946], [-43.33483259999997, -22.78034529999996], [-43.33392619999995, -22.78014379999996], [-43.33380099999994, -22.780175999999987]]]}, "properties": {"id": "330510905000216", "name": "Setor 330510905000216", "meanMonthlyBRL": 1984.51, "medianMonthlyBRL": 1500.0, "status": "published", "sourceTerritoryType": "census_sector", "overlayColor": "#9ecae1"}}, {"type": "Feature", "geometry": {"type": "Polygon", "coordinates": [[[-43.33799309999995, -22.786752499999977], [-43.338266499999975, -22.786451099999965], [-43.33872039999994, -22.78600379999994], [-43.338549299999954, -22.78583269999995], [-43.33823559999996, -22.78536919999993], [-43.33815709999993, -22.785126799999944], [-43.33810599999998, -22.785073799999964], [-43.33773649999995, -22.784706099999934], [-43.337712099999976, -22.784633199999966], [-43.33748689999993, -22.78395739999996], [-43.33662409999994, -22.78305899999998], [-43.336460099999954, -22.78273099999996], [-43.335761299999945, -22.782295999999967], [-43.335404799999935, -22.782274599999933], [-43.335197999999934, -22.782217599999967], [-43.336131499999965, -22.78331649999996], [-43.336454799999956, -22.783820299999945], [-43.336697199999946, -22.784076999999964], [-43.33672939999997, -22.784140599999947], [-43.33688259999997, -22.78444309999998], [-43.33689799999996, -22.78466619999995], [-43.33697349999994, -22.785005599999977], [-43.337287199999935, -22.785262299999946], [-43.337458399999946, -22.785526099999966], [-43.337820299999976, -22.786271299999946], [-43.33799309999995, -22.786752499999977]]]}, "properties": {"id": "330510905000217", "name": "Setor 330510905000217", "meanMonthlyBRL": 1664.03, "medianMonthlyBRL": 1212.0, "status": "published", "sourceTerritoryType": "census_sector", "overlayColor": "#c6dbef"}}, {"type": "Feature", "geometry": {"type": "Polygon", "coordinates": [[[-43.33372369999995, -22.783781999999974], [-43.333494299999984, -22.784295499999935], [-43.333978299999956, -22.784408599999953], [-43.334213999999974, -22.78446369999995], [-43.33468469999997, -22.784613399999948], [-43.33474879999994, -22.784624099999977], [-43.334439299999985, -22.78485189999997], [-43.334042299999965, -22.78502389999995], [-43.33390209999993, -22.785077699999928], [-43.333759499999985, -22.785132299999926], [-43.33354079999998, -22.78522739999994], [-43.33379299999996, -22.785409599999976], [-43.33409249999995, -22.785539499999974], [-43.33425159999996, -22.785552299999953], [-43.33443059999996, -22.785497299999967], [-43.33458269999994, -22.785400199999966], [-43.33467159999998, -22.78527269999995], [-43.33489389999994, -22.785184999999956], [-43.33504639999995, -22.785143899999976], [-43.33606649999996, -22.78486909999998], [-43.336247499999956, -22.78488799999997], [-43.33619629999998, -22.78475599999996], [-43.33623189999997, -22.784420899999933], [-43.33603939999995, -22.784157099999963], [-43.33571139999998, -22.78378629999997], [-43.33552599999996, -22.783700699999937], [-43.33512669999993, -22.783615099999963], [-43.33407969999996, -22.78322759999998], [-43.33372369999995, -22.783781999999974]]]}, "properties": {"id": "330510905000218", "name": "Setor 330510905000218", "meanMonthlyBRL": 1354.55, "medianMonthlyBRL": 1212.0, "status": "published", "sourceTerritoryType": "census_sector", "overlayColor": "#c6dbef"}}, {"type": "Feature", "geometry": {"type": "Polygon", "coordinates": [[[-43.33283609999995, -22.784304999999957], [-43.332770699999976, -22.784552399999935], [-43.332765999999936, -22.784880399999967], [-43.33278259999997, -22.785071299999963], [-43.33288169999997, -22.78528999999998], [-43.33305119999994, -22.785498399999934], [-43.33325089999994, -22.785845399999967], [-43.33341169999994, -22.786376699999945], [-43.33371669999997, -22.78641099999993], [-43.334092399999975, -22.78661899999998], [-43.33482179999993, -22.787022699999966], [-43.33530499999995, -22.786253399999957], [-43.33542259999996, -22.78619989999993], [-43.33523969999993, -22.785735399999965], [-43.33523149999996, -22.78571039999997], [-43.33505309999998, -22.78516439999992], [-43.33504639999995, -22.785143899999976], [-43.33489389999994, -22.785184999999956], [-43.33467159999998, -22.78527269999995], [-43.33458269999994, -22.785400199999966], [-43.33443059999996, -22.785497299999967], [-43.33425159999996, -22.785552299999953], [-43.33409249999995, -22.785539499999974], [-43.33379299999996, -22.785409599999976], [-43.33354079999998, -22.78522739999994], [-43.333759499999985, -22.785132299999926], [-43.33390209999993, -22.785077699999928], [-43.334042299999965, -22.78502389999995], [-43.334439299999985, -22.78485189999997], [-43.33474879999994, -22.784624099999977], [-43.33468469999997, -22.784613399999948], [-43.334213999999974, -22.78446369999995], [-43.333978299999956, -22.784408599999953], [-43.333494299999984, -22.784295499999935], [-43.333451099999934, -22.78428539999992], [-43.33283609999995, -22.784304999999957]]]}, "properties": {"id": "330510905000219", "name": "Setor 330510905000219", "meanMonthlyBRL": 2193.12, "medianMonthlyBRL": 1800.0, "status": "published", "sourceTerritoryType": "census_sector", "overlayColor": "#9ecae1"}}, {"type": "Feature", "geometry": {"type": "Polygon", "coordinates": [[[-43.33194919999994, -22.790709899999964], [-43.33319949999998, -22.790547599999964], [-43.33329359999994, -22.790066499999966], [-43.33339349999994, -22.789995199999957], [-43.33347429999998, -22.789833599999948], [-43.33347429999998, -22.789543699999967], [-43.33373099999994, -22.789301199999954], [-43.33379279999997, -22.789163399999946], [-43.33360259999995, -22.78867369999995], [-43.333464499999934, -22.78855189999996], [-43.33272389999996, -22.789466299999958], [-43.332257399999946, -22.78999519999996], [-43.33209569999997, -22.790052299999957], [-43.33196229999993, -22.790047499999957], [-43.331874599999935, -22.790379299999923], [-43.33194919999994, -22.790709899999964]]]}, "properties": {"id": "330510905000221", "name": "Setor 330510905000221", "meanMonthlyBRL": 1648.06, "medianMonthlyBRL": 1212.0, "status": "published", "sourceTerritoryType": "census_sector", "overlayColor": "#c6dbef"}}, {"type": "Feature", "geometry": {"type": "Polygon", "coordinates": [[[-43.33149899999995, -22.792290999999977], [-43.33280289999993, -22.792572899999985], [-43.33385449999997, -22.792800299999946], [-43.33390739999993, -22.79223579999996], [-43.333905399999935, -22.792149199999983], [-43.33388599999995, -22.79133729999995], [-43.33307919999993, -22.791161599999953], [-43.33199339999993, -22.790924999999962], [-43.33176769999994, -22.79087579999998], [-43.33162059999995, -22.791636299999936], [-43.33149899999995, -22.792290999999977]]]}, "properties": {"id": "330510905000222", "name": "Setor 330510905000222", "meanMonthlyBRL": 2185.68, "medianMonthlyBRL": 1600.0, "status": "published", "sourceTerritoryType": "census_sector", "overlayColor": "#9ecae1"}}, {"type": "Feature", "geometry": {"type": "Polygon", "coordinates": [[[-43.32948639999995, -22.78970409999993], [-43.32948659999994, -22.78970639999994], [-43.32948969999996, -22.789744299999935], [-43.329566599999964, -22.790682699999934], [-43.32975049999993, -22.792169099999967], [-43.32975469999997, -22.792203399999945], [-43.329755699999964, -22.792211199999944], [-43.329758099999935, -22.792230299999975], [-43.329846499999974, -22.79223189999993], [-43.32990589999997, -22.792233499999952], [-43.32990819999998, -22.79223339999993], [-43.32996609999998, -22.792234199999935], [-43.33041939999998, -22.792214999999942], [-43.33061239999995, -22.792213799999953], [-43.33112599999998, -22.792210399999934], [-43.33149899999995, -22.792290999999977], [-43.33162059999995, -22.791636299999936], [-43.33176769999994, -22.79087579999998], [-43.331605699999955, -22.790777799999944], [-43.33147779999996, -22.790808099999932], [-43.331330399999956, -22.790817599999965], [-43.33093119999995, -22.79057209999996], [-43.330310699999984, -22.79019049999994], [-43.329494299999965, -22.78967499999992], [-43.32948339999996, -22.789667799999965], [-43.32948499999998, -22.789687699999938], [-43.32948639999995, -22.78970409999993]]]}, "properties": {"id": "330510905000223", "name": "Setor 330510905000223", "meanMonthlyBRL": 1818.44, "medianMonthlyBRL": 1212.0, "status": "published", "sourceTerritoryType": "census_sector", "overlayColor": "#c6dbef"}}, {"type": "Feature", "geometry": {"type": "Polygon", "coordinates": [[[-43.329758099999935, -22.792230299999975], [-43.32975829999998, -22.792232499999955], [-43.32976099999996, -22.792253699999943], [-43.32976999999994, -22.79232629999996], [-43.32977109999996, -22.792335899999944], [-43.32986099999994, -22.793061799999972], [-43.330094299999985, -22.79494679999993], [-43.33009649999997, -22.79496479999994], [-43.330097799999976, -22.794979899999923], [-43.33010649999994, -22.794981899999975], [-43.33021789999998, -22.795007599999956], [-43.330400699999984, -22.795093799999954], [-43.330406799999935, -22.79509669999993], [-43.33081679999998, -22.795314199999954], [-43.330929699999956, -22.795363799999965], [-43.33107709999996, -22.795374799999937], [-43.33133019999997, -22.795331999999974], [-43.332178699999986, -22.795053899999967], [-43.332321399999955, -22.79503249999993], [-43.33246399999996, -22.795011099999943], [-43.332528099999934, -22.79501769999996], [-43.33266359999993, -22.79504679999997], [-43.33279369999997, -22.795084199999955], [-43.33336549999996, -22.794688599999976], [-43.333478699999944, -22.794392199999947], [-43.33249259999997, -22.794158099999944], [-43.33118899999994, -22.793848699999952], [-43.331348299999945, -22.793060099999938], [-43.33149899999995, -22.792290999999977], [-43.33112599999998, -22.792210399999934], [-43.33061239999995, -22.792213799999953], [-43.33041939999998, -22.792214999999942], [-43.32996609999998, -22.792234199999935], [-43.32990819999998, -22.79223339999993], [-43.32990589999997, -22.792233499999952], [-43.329846499999974, -22.79223189999993], [-43.329758099999935, -22.792230299999975]]]}, "properties": {"id": "330510905000224", "name": "Setor 330510905000224", "meanMonthlyBRL": 1916.99, "medianMonthlyBRL": 1400.0, "status": "published", "sourceTerritoryType": "census_sector", "overlayColor": "#c6dbef"}}, {"type": "Feature", "geometry": {"type": "Polygon", "coordinates": [[[-43.332143099999946, -22.80023349999993], [-43.332208699999974, -22.800266899999933], [-43.33254379999994, -22.800357899999938], [-43.33254109999996, -22.800036999999968], [-43.33256319999998, -22.799707999999953], [-43.332609899999966, -22.79949689999995], [-43.33286519999996, -22.79909179999993], [-43.33299929999998, -22.798254499999924], [-43.333046499999966, -22.797675099999932], [-43.33324679999998, -22.795324399999966], [-43.333254599999975, -22.79529349999996], [-43.333137799999975, -22.79522859999997], [-43.33292389999997, -22.795121699999978], [-43.33279369999997, -22.795084199999955], [-43.33266359999993, -22.79504679999997], [-43.332528099999934, -22.79501769999996], [-43.33247119999993, -22.795866499999935], [-43.33244869999993, -22.79620149999993], [-43.33239979999996, -22.79685729999994], [-43.33234629999998, -22.79759049999996], [-43.332306399999936, -22.798137599999954], [-43.332143099999946, -22.80023349999993]]]}, "properties": {"id": "330510905000225", "name": "Setor 330510905000225", "meanMonthlyBRL": 1865.92, "medianMonthlyBRL": 1400.0, "status": "published", "sourceTerritoryType": "census_sector", "overlayColor": "#c6dbef"}}, {"type": "Feature", "geometry": {"type": "Polygon", "coordinates": [[[-43.330929699999956, -22.795363799999965], [-43.33095959999997, -22.795868999999982], [-43.33129519999995, -22.798878799999954], [-43.331345899999974, -22.798946299999958], [-43.33152019999994, -22.799036299999944], [-43.33154829999995, -22.799075599999973], [-43.33146399999998, -22.800211699999974], [-43.331717099999935, -22.80020039999993], [-43.332143099999946, -22.80023349999993], [-43.332306399999936, -22.798137599999954], [-43.33234629999998, -22.79759049999996], [-43.33239979999996, -22.79685729999994], [-43.33244869999993, -22.79620149999993], [-43.33247119999993, -22.795866499999935], [-43.332528099999934, -22.79501769999996], [-43.33246399999996, -22.795011099999943], [-43.332321399999955, -22.79503249999993], [-43.332178699999986, -22.795053899999967], [-43.33133019999997, -22.795331999999974], [-43.33107709999996, -22.795374799999937], [-43.330929699999956, -22.795363799999965]]]}, "properties": {"id": "330510905000226", "name": "Setor 330510905000226", "meanMonthlyBRL": 2186.19, "medianMonthlyBRL": 1500.0, "status": "published", "sourceTerritoryType": "census_sector", "overlayColor": "#9ecae1"}}, {"type": "Feature", "geometry": {"type": "Polygon", "coordinates": [[[-43.35795289999993, -22.76373019999994], [-43.36063389999998, -22.76419959999993], [-43.36074759999997, -22.764219599999937], [-43.36094369999995, -22.764253899999968], [-43.361092499999984, -22.76361209999994], [-43.36244679999993, -22.763860599999933], [-43.36240269999996, -22.763399699999976], [-43.36102609999995, -22.763114099999935], [-43.35802819999998, -22.76256749999992], [-43.357997299999965, -22.763044299999926], [-43.35795289999993, -22.76373019999994]]]}, "properties": {"id": "330510905000228", "name": "Setor 330510905000228", "meanMonthlyBRL": 1389.01, "medianMonthlyBRL": 1212.0, "status": "published", "sourceTerritoryType": "census_sector", "overlayColor": "#c6dbef"}}, {"type": "Feature", "geometry": {"type": "Polygon", "coordinates": [[[-43.35574019999996, -22.763972599999935], [-43.35677069999998, -22.764167399999955], [-43.35791059999997, -22.764382699999945], [-43.35795289999993, -22.76373019999994], [-43.357997299999965, -22.763044299999926], [-43.35802819999998, -22.76256749999992], [-43.35713509999994, -22.76240339999998], [-43.357038999999936, -22.762868499999968], [-43.356899099999964, -22.763545699999955], [-43.35586289999998, -22.76335769999997], [-43.35574019999996, -22.763972599999935]]]}, "properties": {"id": "330510905000229", "name": "Setor 330510905000229", "meanMonthlyBRL": 1383.16, "medianMonthlyBRL": 1212.0, "status": "published", "sourceTerritoryType": "census_sector", "overlayColor": "#c6dbef"}}, {"type": "Feature", "geometry": {"type": "Polygon", "coordinates": [[[-43.35367359999998, -22.763605899999956], [-43.35393699999997, -22.763648899999957], [-43.35472319999997, -22.763780499999942], [-43.35574019999996, -22.763972599999935], [-43.35586289999998, -22.76335769999997], [-43.356899099999964, -22.763545699999955], [-43.357038999999936, -22.762868499999968], [-43.35713509999994, -22.76240339999998], [-43.35709889999998, -22.762396699999957], [-43.35608849999994, -22.76221109999994], [-43.35406439999998, -22.761839199999933], [-43.35394779999996, -22.762366199999963], [-43.35381079999997, -22.762985499999953], [-43.35367359999998, -22.763605899999956]]]}, "properties": {"id": "330510905000230", "name": "Setor 330510905000230", "meanMonthlyBRL": 1417.24, "medianMonthlyBRL": 1212.0, "status": "published", "sourceTerritoryType": "census_sector", "overlayColor": "#c6dbef"}}, {"type": "Feature", "geometry": {"type": "Polygon", "coordinates": [[[-43.35435719999998, -22.765809099999952], [-43.355051499999945, -22.76536259999994], [-43.35540739999993, -22.765133699999975], [-43.35551069999997, -22.76506729999994], [-43.35588319999994, -22.76482769999996], [-43.35596229999993, -22.764776899999955], [-43.35656819999997, -22.76438719999993], [-43.35675029999993, -22.76427009999997], [-43.35677069999998, -22.764167399999955], [-43.35574019999996, -22.763972599999935], [-43.35472319999997, -22.763780499999942], [-43.35459519999995, -22.76448979999998], [-43.354508599999974, -22.76496989999998], [-43.35448199999996, -22.765117199999967], [-43.35440209999996, -22.76555979999995], [-43.35435719999998, -22.765809099999952]]]}, "properties": {"id": "330510905000231", "name": "Setor 330510905000231", "meanMonthlyBRL": 1926.1, "medianMonthlyBRL": 1500.0, "status": "published", "sourceTerritoryType": "census_sector", "overlayColor": "#9ecae1"}}, {"type": "Feature", "geometry": {"type": "Polygon", "coordinates": [[[-43.35435719999998, -22.765809099999952], [-43.353038899999945, -22.766599699999965], [-43.35509579999996, -22.76704299999994], [-43.35615909999996, -22.767236999999966], [-43.35632149999998, -22.76642269999996], [-43.35633919999998, -22.766333799999927], [-43.35642429999996, -22.765906699999956], [-43.35657329999998, -22.765158799999934], [-43.356690199999946, -22.764571699999966], [-43.35675029999993, -22.76427009999997], [-43.35656819999997, -22.76438719999993], [-43.35596229999993, -22.764776899999955], [-43.35588319999994, -22.76482769999996], [-43.35551069999997, -22.76506729999994], [-43.35540739999993, -22.765133699999975], [-43.355051499999945, -22.76536259999994], [-43.35435719999998, -22.765809099999952]]]}, "properties": {"id": "330510905000232", "name": "Setor 330510905000232", "meanMonthlyBRL": 2621.27, "medianMonthlyBRL": 2400.0, "status": "published", "sourceTerritoryType": "census_sector", "overlayColor": "#6baed6"}}, {"type": "Feature", "geometry": {"type": "Polygon", "coordinates": [[[-43.35033699999997, -22.764118899999968], [-43.35010159999996, -22.765138899999947], [-43.34989209999998, -22.766003499999957], [-43.35094989999994, -22.766203999999963], [-43.35157859999998, -22.766323099999962], [-43.35175929999997, -22.76635729999998], [-43.351869299999976, -22.766378099999937], [-43.35296639999996, -22.766586099999923], [-43.353038899999945, -22.766599699999965], [-43.35260259999996, -22.76595229999999], [-43.35213349999998, -22.765323999999968], [-43.35135859999997, -22.764313199999943], [-43.35084249999994, -22.763644399999983], [-43.35052069999995, -22.763228499999965], [-43.350495699999954, -22.763349599999966], [-43.35033699999997, -22.764118899999968]]]}, "properties": {"id": "330510905000233", "name": "Setor 330510905000233", "meanMonthlyBRL": 1748.34, "medianMonthlyBRL": 1250.0, "status": "published", "sourceTerritoryType": "census_sector", "overlayColor": "#c6dbef"}}, {"type": "Feature", "geometry": {"type": "Polygon", "coordinates": [[[-43.35012409999996, -22.76834599999995], [-43.350219799999934, -22.768456299999965], [-43.35047829999996, -22.76868689999997], [-43.35052879999995, -22.76873199999994], [-43.350996399999985, -22.768953699999937], [-43.351080199999956, -22.768993399999943], [-43.35128649999996, -22.769058499999968], [-43.35142719999993, -22.76910279999992], [-43.35160059999998, -22.769130799999964], [-43.35189779999996, -22.769178799999963], [-43.352169999999944, -22.769246499999944], [-43.35238099999998, -22.769294399999982], [-43.35246989999996, -22.76895389999993], [-43.35255549999994, -22.76842619999997], [-43.35272699999996, -22.767809599999964], [-43.35302319999994, -22.766660599999962], [-43.353038899999945, -22.766599699999965], [-43.35299709999998, -22.766626299999935], [-43.35194699999994, -22.76729439999997], [-43.351647499999956, -22.767484999999958], [-43.350427399999944, -22.768174599999945], [-43.35012409999996, -22.76834599999995]]]}, "properties": {"id": "330510905000234", "name": "Setor 330510905000234", "meanMonthlyBRL": 1787.63, "medianMonthlyBRL": 1212.0, "status": "published", "sourceTerritoryType": "census_sector", "overlayColor": "#c6dbef"}}, {"type": "Feature", "geometry": {"type": "Polygon", "coordinates": [[[-43.34066569999993, -22.773936999999936], [-43.340745899999945, -22.774046499999937], [-43.34083149999998, -22.774379299999964], [-43.34087419999997, -22.774892599999927], [-43.340840999999955, -22.775225399999957], [-43.34071259999996, -22.77549639999995], [-43.340441699999985, -22.775700799999978], [-43.34020399999997, -22.775748299999975], [-43.34011839999994, -22.775714999999934], [-43.34009309999993, -22.775716499999927], [-43.34019919999998, -22.77590039999996], [-43.34029909999998, -22.776271199999936], [-43.340313299999934, -22.776689499999964], [-43.34018499999996, -22.776946199999934], [-43.33996159999998, -22.77725039999996], [-43.33985099999995, -22.77732499999996], [-43.33983809999995, -22.777370099999935], [-43.33987259999998, -22.777410899999946], [-43.33991969999994, -22.777429699999967], [-43.34002009999995, -22.777432899999944], [-43.34021789999997, -22.77740149999994], [-43.34091149999995, -22.776999699999976], [-43.34110799999996, -22.776983699999953], [-43.34125729999994, -22.777044299999943], [-43.341341399999976, -22.777210399999937], [-43.341386099999966, -22.77729139999997], [-43.34144799999996, -22.777369199999953], [-43.34155149999998, -22.777438899999936], [-43.34160859999997, -22.777460499999954], [-43.341707499999984, -22.777468699999933], [-43.34181569999999, -22.77744869999998], [-43.34192639999998, -22.777396499999956], [-43.34201919999998, -22.777326399999932], [-43.342214799999965, -22.777145799999968], [-43.34220469999997, -22.777021499999933], [-43.34207399999997, -22.775972799999973], [-43.34199249999995, -22.775409699999955], [-43.34175979999998, -22.773798499999938], [-43.341701099999966, -22.77380219999997], [-43.34104759999997, -22.773843199999934], [-43.34077339999993, -22.773895299999936], [-43.34075239999999, -22.773899199999963], [-43.34066569999993, -22.773936999999936]]]}, "properties": {"id": "330510905000235", "name": "Setor 330510905000235", "meanMonthlyBRL": 1435.53, "medianMonthlyBRL": 1220.0, "status": "published", "sourceTerritoryType": "census_sector", "overlayColor": "#c6dbef"}}, {"type": "Feature", "geometry": {"type": "Polygon", "coordinates": [[[-43.33567329999994, -22.775608899999952], [-43.336427399999934, -22.776111599999975], [-43.33704769999997, -22.776500199999923], [-43.33720469999997, -22.77672089999993], [-43.33778569999999, -22.77753769999998], [-43.338031599999965, -22.777212399999932], [-43.338991799999974, -22.77741679999997], [-43.33927229999995, -22.777359799999946], [-43.339372099999935, -22.777136299999942], [-43.33926749999995, -22.777026999999975], [-43.33899659999997, -22.77686059999996], [-43.33858299999997, -22.77658489999993], [-43.33828349999993, -22.776499399999977], [-43.337955499999964, -22.776413799999947], [-43.33762749999994, -22.776256899999964], [-43.33749439999997, -22.77622839999998], [-43.33743259999994, -22.776019199999954], [-43.337332799999956, -22.775810099999948], [-43.337204499999984, -22.775729299999963], [-43.336847999999975, -22.775591399999936], [-43.336617099999955, -22.775547399999933], [-43.336258499999985, -22.775482099999977], [-43.33577839999998, -22.775287199999976], [-43.33503799999994, -22.77500509999992], [-43.33549679999993, -22.77549129999994], [-43.33567329999994, -22.775608899999952]]]}, "properties": {"id": "330510905000236", "name": "Setor 330510905000236", "meanMonthlyBRL": 1973.12, "medianMonthlyBRL": 1212.0, "status": "published", "sourceTerritoryType": "census_sector", "overlayColor": "#c6dbef"}}, {"type": "Feature", "geometry": {"type": "Polygon", "coordinates": [[[-43.33761489999995, -22.77935949999994], [-43.33761019999997, -22.77999639999996], [-43.336531099999945, -22.780581099999946], [-43.33669979999996, -22.78066109999998], [-43.336823799999934, -22.780709899999977], [-43.33694779999996, -22.78075869999998], [-43.33710189999994, -22.78098399999994], [-43.33719879999995, -22.781277799999938], [-43.337215199999946, -22.781291599999975], [-43.33738139999997, -22.78143179999995], [-43.33748689999993, -22.781491699999943], [-43.33770939999994, -22.781505899999953], [-43.33796319999993, -22.781411799999944], [-43.33813429999998, -22.781234999999974], [-43.338131499999974, -22.781172199999958], [-43.337943199999984, -22.781103799999975], [-43.33777779999997, -22.78099539999994], [-43.33773219999995, -22.78089269999998], [-43.33775209999993, -22.78079859999997], [-43.33790899999997, -22.78061319999995], [-43.33800039999994, -22.780427599999943], [-43.33810299999994, -22.78023669999993], [-43.33817709999994, -22.78007129999997], [-43.33820559999998, -22.779948699999974], [-43.338268399999954, -22.779783199999937], [-43.33840819999995, -22.779621599999924], [-43.33821839999996, -22.779434799999926], [-43.338124999999934, -22.779318299999947], [-43.33801479999994, -22.77920599999992], [-43.33799179999994, -22.779104499999956], [-43.33797859999999, -22.77898229999994], [-43.33788139999996, -22.77885859999998], [-43.33783299999993, -22.77864439999996], [-43.33790239999996, -22.77862709999994], [-43.33834699999994, -22.778556099999943], [-43.33868449999994, -22.778727199999928], [-43.338863199999935, -22.778850899999956], [-43.33899349999996, -22.778941199999966], [-43.33942129999997, -22.779007699999966], [-43.33985389999998, -22.778993399999933], [-43.34007359999998, -22.777917499999948], [-43.33953849999995, -22.777882699999964], [-43.33821219999993, -22.77764499999995], [-43.33793429999997, -22.777575099999975], [-43.33778569999999, -22.77753769999998], [-43.33735429999996, -22.777774099999935], [-43.337579999999946, -22.778219299999932], [-43.33759709999998, -22.778633099999972], [-43.33759879999997, -22.77870169999994], [-43.33761489999995, -22.77935949999994]]]}, "properties": {"id": "330510905000237", "name": "Setor 330510905000237", "meanMonthlyBRL": 1721.55, "medianMonthlyBRL": 1212.0, "status": "published", "sourceTerritoryType": "census_sector", "overlayColor": "#c6dbef"}}, {"type": "Feature", "geometry": {"type": "Polygon", "coordinates": [[[-43.33349659999993, -22.77867589999994], [-43.334281199999964, -22.779576099999918], [-43.33611339999994, -22.778485399999962], [-43.33615699999996, -22.77845889999997], [-43.336842599999954, -22.77805449999994], [-43.33693069999998, -22.779661999999977], [-43.337086899999974, -22.779599999999963], [-43.337553199999945, -22.779397499999963], [-43.33761489999995, -22.77935949999994], [-43.33759879999997, -22.77870169999994], [-43.33759709999998, -22.778633099999972], [-43.337579999999946, -22.778219299999932], [-43.33735429999996, -22.777774099999935], [-43.33778569999999, -22.77753769999998], [-43.33720469999997, -22.77672089999993], [-43.33639599999998, -22.777315799999936], [-43.33631249999996, -22.777377199999933], [-43.33504019999998, -22.778134099999935], [-43.335009999999954, -22.778152099999943], [-43.33370129999997, -22.778586699999952], [-43.333664699999986, -22.778598899999963], [-43.33349659999993, -22.77867589999994]]]}, "properties": {"id": "330510905000238", "name": "Setor 330510905000238", "meanMonthlyBRL": 1672.11, "medianMonthlyBRL": 1500.0, "status": "published", "sourceTerritoryType": "census_sector", "overlayColor": "#9ecae1"}}, {"type": "Feature", "geometry": {"type": "Polygon", "coordinates": [[[-43.334281199999964, -22.779576099999918], [-43.33390319999995, -22.77979799999997], [-43.33378639999995, -22.78000709999998], [-43.33380099999994, -22.780175999999987], [-43.33392619999995, -22.78014379999996], [-43.33483259999997, -22.78034529999996], [-43.336531099999945, -22.780581099999946], [-43.33761019999997, -22.77999639999996], [-43.33761489999995, -22.77935949999994], [-43.337553199999945, -22.779397499999963], [-43.337086899999974, -22.779599999999963], [-43.33693069999998, -22.779661999999977], [-43.336842599999954, -22.77805449999994], [-43.33615699999996, -22.77845889999997], [-43.33611339999994, -22.778485399999962], [-43.334281199999964, -22.779576099999918]]]}, "properties": {"id": "330510905000239", "name": "Setor 330510905000239", "meanMonthlyBRL": 1931.36, "medianMonthlyBRL": 1400.0, "status": "published", "sourceTerritoryType": "census_sector", "overlayColor": "#c6dbef"}}, {"type": "Feature", "geometry": {"type": "Polygon", "coordinates": [[[-43.32928529999998, -22.783329299999934], [-43.32928479999998, -22.78333929999997], [-43.32928449999997, -22.783344999999937], [-43.32928399999997, -22.783355899999943], [-43.32928209999994, -22.783396999999976], [-43.32928149999998, -22.783409499999948], [-43.32928039999996, -22.783431899999982], [-43.329273899999976, -22.78357079999995], [-43.32927149999995, -22.783622399999956], [-43.32926969999994, -22.78366079999995], [-43.32926719999995, -22.783713399999954], [-43.32926439999994, -22.783772899999974], [-43.32924369999995, -22.784214299999977], [-43.32924179999998, -22.784253799999934], [-43.32924109999993, -22.784270399999965], [-43.32924029999998, -22.784286999999942], [-43.32924019999996, -22.784288599999968], [-43.32923989999995, -22.784294899999956], [-43.32923819999996, -22.784330899999933], [-43.32923679999993, -22.784361599999954], [-43.32920329999996, -22.785073999999952], [-43.329201299999966, -22.785117799999963], [-43.329200199999946, -22.78514119999994], [-43.329200199999946, -22.78514799999994], [-43.32980239999995, -22.78516949999994], [-43.33090559999994, -22.78520519999995], [-43.33149019999996, -22.785561699999956], [-43.33181109999998, -22.786025199999983], [-43.331807099999935, -22.786120499999985], [-43.33192939999998, -22.78583109999994], [-43.332024399999966, -22.785175099999936], [-43.33194839999993, -22.784870899999934], [-43.331748699999935, -22.78467599999993], [-43.330442199999936, -22.78410279999997], [-43.33049649999998, -22.78328579999993], [-43.32991939999994, -22.78300139999993], [-43.329535799999974, -22.783234899999968], [-43.32928529999998, -22.783329299999934]]]}, "properties": {"id": "330510905000240", "name": "Setor 330510905000240", "meanMonthlyBRL": 1563.62, "medianMonthlyBRL": 1212.0, "status": "published", "sourceTerritoryType": "census_sector", "overlayColor": "#c6dbef"}}, {"type": "Feature", "geometry": {"type": "Polygon", "coordinates": [[[-43.331807099999935, -22.786120499999985], [-43.331789699999945, -22.786531499999963], [-43.33170689999997, -22.786985599999984], [-43.33154119999995, -22.787893799999946], [-43.33401629999997, -22.78764909999995], [-43.33411679999995, -22.78768559999997], [-43.33415819999993, -22.78768199999996], [-43.33450549999998, -22.787522299999985], [-43.33482179999993, -22.787022699999966], [-43.334092399999975, -22.78661899999998], [-43.33371669999997, -22.78641099999993], [-43.33341169999994, -22.786376699999945], [-43.33325089999994, -22.785845399999967], [-43.33305119999994, -22.785498399999934], [-43.33288169999997, -22.78528999999998], [-43.33278259999997, -22.785071299999963], [-43.332765999999936, -22.784880399999967], [-43.332770699999976, -22.784552399999935], [-43.33283609999995, -22.784304999999957], [-43.332780799999966, -22.784306799999968], [-43.33244569999994, -22.784206999999974], [-43.33217689999998, -22.784085499999943], [-43.33137419999997, -22.783718299999972], [-43.33049649999998, -22.78328579999993], [-43.330442199999936, -22.78410279999997], [-43.331748699999935, -22.78467599999993], [-43.33194839999993, -22.784870899999934], [-43.332024399999966, -22.785175099999936], [-43.33192939999998, -22.78583109999994], [-43.331807099999935, -22.786120499999985]]]}, "properties": {"id": "330510905000241", "name": "Setor 330510905000241", "meanMonthlyBRL": 1757.17, "medianMonthlyBRL": 1212.0, "status": "published", "sourceTerritoryType": "census_sector", "overlayColor": "#c6dbef"}}, {"type": "Feature", "geometry": {"type": "Polygon", "coordinates": [[[-43.33154119999995, -22.787893799999946], [-43.33109859999996, -22.787937599999957], [-43.33111239999994, -22.788292499999958], [-43.33115509999993, -22.789390799999985], [-43.33102149999996, -22.790142899999974], [-43.33093119999995, -22.79057209999996], [-43.331330399999956, -22.790817599999965], [-43.33147779999996, -22.790808099999932], [-43.331605699999955, -22.790777799999944], [-43.33176769999994, -22.79087579999998], [-43.33199339999993, -22.790924999999962], [-43.33198139999996, -22.790891799999937], [-43.33197949999993, -22.790842599999962], [-43.33196369999996, -22.79080309999994], [-43.33196019999997, -22.79075049999994], [-43.33194919999994, -22.790709899999964], [-43.331874599999935, -22.790379299999923], [-43.33196229999993, -22.790047499999957], [-43.33209569999997, -22.790052299999957], [-43.332257399999946, -22.78999519999996], [-43.33272389999996, -22.789466299999958], [-43.333464499999934, -22.78855189999996], [-43.33410399999997, -22.78776239999996], [-43.33414289999996, -22.787729499999962], [-43.33431059999998, -22.787830099999947], [-43.33450549999998, -22.787522299999985], [-43.33415819999993, -22.78768199999996], [-43.33411679999995, -22.78768559999997], [-43.33401629999997, -22.78764909999995], [-43.33154119999995, -22.787893799999946]]]}, "properties": {"id": "330510905000242", "name": "Setor 330510905000242", "meanMonthlyBRL": 1854.06, "medianMonthlyBRL": 1300.0, "status": "published", "sourceTerritoryType": "census_sector", "overlayColor": "#c6dbef"}}, {"type": "Feature", "geometry": {"type": "Polygon", "coordinates": [[[-43.35329049999996, -22.761696999999973], [-43.35406439999998, -22.761839199999933], [-43.35608849999994, -22.76221109999994], [-43.35709889999998, -22.762396699999957], [-43.35713509999994, -22.76240339999998], [-43.35802819999998, -22.76256749999992], [-43.36102609999995, -22.763114099999935], [-43.36240269999996, -22.763399699999976], [-43.36235289999996, -22.762963199999945], [-43.353359499999954, -22.76128499999993], [-43.35334919999997, -22.761363399999937], [-43.353305999999975, -22.761617099999967], [-43.35329049999996, -22.761696999999973]]]}, "properties": {"id": "330510905000243", "name": "Setor 330510905000243", "meanMonthlyBRL": 1150.69, "medianMonthlyBRL": 1000.0, "status": "published", "sourceTerritoryType": "census_sector", "overlayColor": "#c6dbef"}}, {"type": "Feature", "geometry": {"type": "Polygon", "coordinates": [[[-43.353359499999954, -22.76128499999993], [-43.36235289999996, -22.762963199999945], [-43.36235419999997, -22.762502799999936], [-43.36235419999997, -22.762490799999966], [-43.362302099999965, -22.76248429999998], [-43.36219619999997, -22.762463499999967], [-43.35845089999998, -22.76172769999993], [-43.35547959999997, -22.76114399999995], [-43.355470699999955, -22.761142399999986], [-43.35351229999998, -22.760798999999956], [-43.353459499999985, -22.760789699999982], [-43.35345719999998, -22.760801399999938], [-43.35338129999997, -22.761177599999943], [-43.353359499999954, -22.76128499999993]]]}, "properties": {"id": "330510905000244", "name": "Setor 330510905000244", "meanMonthlyBRL": 1039.27, "medianMonthlyBRL": 1000.0, "status": "published", "sourceTerritoryType": "census_sector", "overlayColor": "#c6dbef"}}, {"type": "Feature", "geometry": {"type": "Polygon", "coordinates": [[[-43.35213349999998, -22.765323999999968], [-43.35260259999996, -22.76595229999999], [-43.353038899999945, -22.766599699999965], [-43.35321069999998, -22.765656099999937], [-43.35335239999995, -22.76491489999995], [-43.35340219999995, -22.764711899999945], [-43.35367359999998, -22.763605899999956], [-43.35311449999995, -22.763511299999948], [-43.35292419999996, -22.763476699999952], [-43.35259199999996, -22.763416399999976], [-43.35245919999994, -22.763969099999937], [-43.35233729999994, -22.764475899999983], [-43.35213349999998, -22.765323999999968]]]}, "properties": {"id": "330510905000245", "name": "Setor 330510905000245", "meanMonthlyBRL": 2067.88, "medianMonthlyBRL": 1500.0, "status": "published", "sourceTerritoryType": "census_sector", "overlayColor": "#9ecae1"}}, {"type": "Feature", "geometry": {"type": "Polygon", "coordinates": [[[-43.350870999999984, -22.76310399999994], [-43.35259199999996, -22.763416399999976], [-43.35292419999996, -22.763476699999952], [-43.35301149999998, -22.76305249999995], [-43.35305359999995, -22.76284819999995], [-43.35310139999996, -22.76261599999998], [-43.35318199999995, -22.762224199999928], [-43.35320079999997, -22.762132899999983], [-43.35329049999996, -22.761696999999973], [-43.35126079999998, -22.761318399999944], [-43.351160799999946, -22.76177659999996], [-43.35106509999997, -22.762214899999943], [-43.35097149999996, -22.76264349999997], [-43.350870999999984, -22.76310399999994]]]}, "properties": {"id": "330510905000246", "name": "Setor 330510905000246", "meanMonthlyBRL": 1739.03, "medianMonthlyBRL": 1300.0, "status": "published", "sourceTerritoryType": "census_sector", "overlayColor": "#c6dbef"}}, {"type": "Feature", "geometry": {"type": "Polygon", "coordinates": [[[-43.34761139999995, -22.761543199999952], [-43.34751929999993, -22.761994399999935], [-43.34742829999993, -22.76243989999994], [-43.34884589999996, -22.762700899999963], [-43.34991409999998, -22.762907499999976], [-43.35021489999997, -22.76297779999993], [-43.350351399999965, -22.76300969999994], [-43.349911299999974, -22.762444099999982], [-43.349504499999966, -22.76190739999992], [-43.34911599999998, -22.761390099999964], [-43.34870449999994, -22.76083509999995], [-43.34857939999995, -22.76081149999994], [-43.34779119999996, -22.760662499999963], [-43.34770129999998, -22.76110279999995], [-43.34761139999995, -22.761543199999952]]]}, "properties": {"id": "330510905000247", "name": "Setor 330510905000247", "meanMonthlyBRL": 1638.63, "medianMonthlyBRL": 1300.0, "status": "published", "sourceTerritoryType": "census_sector", "overlayColor": "#c6dbef"}}, {"type": "Feature", "geometry": {"type": "Polygon", "coordinates": [[[-43.34718049999998, -22.76347769999995], [-43.34781039999996, -22.763604799999943], [-43.348252299999956, -22.76369469999997], [-43.348850599999935, -22.763816499999958], [-43.34930069999996, -22.763908099999977], [-43.34953439999998, -22.763955599999974], [-43.35033699999997, -22.764118899999968], [-43.350495699999954, -22.763349599999966], [-43.35052069999995, -22.763228499999965], [-43.350351399999965, -22.76300969999994], [-43.35021489999997, -22.76297779999993], [-43.34991409999998, -22.762907499999976], [-43.34884589999996, -22.762700899999963], [-43.34742829999993, -22.76243989999994], [-43.347312199999976, -22.762926799999946], [-43.34718049999998, -22.76347769999995]]]}, "properties": {"id": "330510905000248", "name": "Setor 330510905000248", "meanMonthlyBRL": 1801.3, "medianMonthlyBRL": 1500.0, "status": "published", "sourceTerritoryType": "census_sector", "overlayColor": "#9ecae1"}}, {"type": "Feature", "geometry": {"type": "Polygon", "coordinates": [[[-43.34884119999998, -22.765780399999983], [-43.34989209999998, -22.766003499999957], [-43.35010159999996, -22.765138899999947], [-43.35033699999997, -22.764118899999968], [-43.34953439999998, -22.763955599999974], [-43.34930069999996, -22.763908099999977], [-43.34911719999997, -22.76466189999996], [-43.349058799999966, -22.764901899999927], [-43.348971699999936, -22.76525989999993], [-43.34884119999998, -22.765780399999983]]]}, "properties": {"id": "330510905000249", "name": "Setor 330510905000249", "meanMonthlyBRL": 1901.11, "medianMonthlyBRL": 1250.0, "status": "published", "sourceTerritoryType": "census_sector", "overlayColor": "#c6dbef"}}, {"type": "Feature", "geometry": {"type": "Polygon", "coordinates": [[[-43.34649439999998, -22.766692299999924], [-43.346594299999936, -22.766691099999942], [-43.34687329999997, -22.766687999999924], [-43.34705379999997, -22.766672399999948], [-43.347074299999974, -22.76667059999994], [-43.34731289999996, -22.766650099999936], [-43.347424699999976, -22.766640399999975], [-43.34811479999996, -22.766786899999943], [-43.348336899999936, -22.766821099999955], [-43.348460999999936, -22.766840099999964], [-43.34871289999995, -22.76685909999998], [-43.348893499999974, -22.76692089999995], [-43.34895869999997, -22.766979699999983], [-43.349100599999986, -22.767107899999925], [-43.34952739999994, -22.767494999999933], [-43.349714699999936, -22.76672919999992], [-43.34989209999998, -22.766003499999957], [-43.34884119999998, -22.765780399999983], [-43.348762799999975, -22.765764399999966], [-43.34838789999998, -22.765687699999937], [-43.34780139999998, -22.765567699999966], [-43.34675129999994, -22.76535629999995], [-43.346627299999966, -22.76599869999995], [-43.34649439999998, -22.766692299999924]]]}, "properties": {"id": "330510905000250", "name": "Setor 330510905000250", "meanMonthlyBRL": 1803.18, "medianMonthlyBRL": 1500.0, "status": "published", "sourceTerritoryType": "census_sector", "overlayColor": "#9ecae1"}}, {"type": "Feature", "geometry": {"type": "Polygon", "coordinates": [[[-43.346594299999936, -22.766691099999942], [-43.34659919999996, -22.76738519999998], [-43.346584999999955, -22.767746499999934], [-43.346399599999984, -22.768183799999974], [-43.34630499999997, -22.76831039999996], [-43.346078499999976, -22.76861359999998], [-43.346204399999976, -22.76873249999994], [-43.34630309999994, -22.768885599999972], [-43.346437299999934, -22.76909369999992], [-43.346708099999944, -22.769351299999986], [-43.34671619999995, -22.769299299999936], [-43.34665939999997, -22.768968099999938], [-43.346687799999984, -22.768809599999937], [-43.346814999999935, -22.768702099999924], [-43.34699999999998, -22.768600899999967], [-43.34708049999995, -22.768558799999933], [-43.347238999999945, -22.768536199999968], [-43.34759749999995, -22.768630599999934], [-43.34771449999994, -22.768614299999967], [-43.34780189999998, -22.76857829999994], [-43.34782469999993, -22.76852409999998], [-43.34787789999996, -22.76839769999998], [-43.34798009999997, -22.768053099999975], [-43.348139999999944, -22.76750759999993], [-43.348336899999936, -22.766821099999955], [-43.34811479999996, -22.766786899999943], [-43.347424699999976, -22.766640399999975], [-43.34731289999996, -22.766650099999936], [-43.347074299999974, -22.76667059999994], [-43.34705379999997, -22.766672399999948], [-43.34687329999997, -22.766687999999924], [-43.346594299999936, -22.766691099999942]]]}, "properties": {"id": "330510905000251", "name": "Setor 330510905000251", "meanMonthlyBRL": 1655.35, "medianMonthlyBRL": 1350.0, "status": "published", "sourceTerritoryType": "census_sector", "overlayColor": "#c6dbef"}}, {"type": "Feature", "geometry": {"type": "Polygon", "coordinates": [[[-43.33925279999994, -22.771831799999976], [-43.338882799999965, -22.77204159999996], [-43.33880069999998, -22.772089099999953], [-43.33865769999994, -22.772167799999977], [-43.33832399999994, -22.772419499999955], [-43.338309299999935, -22.77243419999996], [-43.336524699999984, -22.774711999999973], [-43.337059899999986, -22.775109299999936], [-43.33797389999995, -22.773887899999966], [-43.33857829999994, -22.774284199999954], [-43.33864959999994, -22.77434119999998], [-43.338858699999946, -22.774431599999946], [-43.339067899999975, -22.77462639999993], [-43.33905359999994, -22.774707299999932], [-43.33899659999997, -22.774864099999952], [-43.33888719999993, -22.775025699999954], [-43.33885399999997, -22.77525389999993], [-43.33902989999996, -22.77534899999994], [-43.33934829999998, -22.77540599999998], [-43.33943939999995, -22.77538049999998], [-43.33958599999994, -22.775339499999973], [-43.339804699999945, -22.775116099999934], [-43.339975799999934, -22.774716799999965], [-43.340161199999955, -22.77462639999993], [-43.34046539999997, -22.774635999999926], [-43.34066509999997, -22.774735799999966], [-43.340722099999944, -22.774878399999974], [-43.34079099999997, -22.774986399999932], [-43.340840999999955, -22.775225399999957], [-43.34087419999997, -22.774892599999927], [-43.34083149999998, -22.774379299999964], [-43.340745899999945, -22.774046499999937], [-43.34066569999993, -22.773936999999936], [-43.34055099999995, -22.773780299999938], [-43.340408399999944, -22.77366149999995], [-43.34035609999995, -22.773656699999936], [-43.34001669999998, -22.773874099999937], [-43.33983219999993, -22.773875399999955], [-43.339764199999934, -22.77383019999996], [-43.33978929999995, -22.773802399999962], [-43.33997489999996, -22.77356149999997], [-43.34014179999997, -22.77335589999996], [-43.340374699999984, -22.77323709999996], [-43.34065039999996, -22.773198999999977], [-43.34074069999997, -22.772985099999975], [-43.340750199999945, -22.772595299999978], [-43.34074549999997, -22.772348199999954], [-43.340840499999956, -22.772115199999966], [-43.34104499999995, -22.77173019999998], [-43.341427599999975, -22.77165639999992], [-43.34138759999996, -22.771465299999928], [-43.34141299999993, -22.771249799999968], [-43.34142499999996, -22.771147999999986], [-43.34153969999994, -22.770476599999938], [-43.34153749999996, -22.770413099999928], [-43.341497499999946, -22.770441099999967], [-43.340018999999984, -22.77139739999996], [-43.33925279999994, -22.771831799999976]]]}, "properties": {"id": "330510905000252", "name": "Setor 330510905000252", "meanMonthlyBRL": 1246.65, "medianMonthlyBRL": 1212.0, "status": "published", "sourceTerritoryType": "census_sector", "overlayColor": "#c6dbef"}}, {"type": "Feature", "geometry": {"type": "Polygon", "coordinates": [[[-43.33274729999994, -22.772291299999956], [-43.33271709999997, -22.77407979999999], [-43.334585199999935, -22.77535849999998], [-43.33504629999993, -22.775434599999976], [-43.33517939999996, -22.775491599999956], [-43.33567329999994, -22.775608899999952], [-43.33549679999993, -22.77549129999994], [-43.33503799999994, -22.77500509999992], [-43.334945999999945, -22.774910299999927], [-43.33384259999997, -22.77397959999996], [-43.333806899999956, -22.77360529999992], [-43.33385809999993, -22.77344979999997], [-43.334184799999946, -22.772100799999972], [-43.33435709999998, -22.771821799999937], [-43.33451279999997, -22.77148039999997], [-43.33444389999994, -22.770791999999968], [-43.33373209999996, -22.77066759999996], [-43.33362089999997, -22.770614599999927], [-43.33290139999997, -22.77027179999993], [-43.332722399999966, -22.77022059999996], [-43.33276949999998, -22.77221489999993], [-43.33274729999994, -22.772291299999956]]]}, "properties": {"id": "330510905000253", "name": "Setor 330510905000253", "meanMonthlyBRL": 1379.94, "medianMonthlyBRL": 1212.0, "status": "published", "sourceTerritoryType": "census_sector", "overlayColor": "#c6dbef"}}, {"type": "Feature", "geometry": {"type": "Polygon", "coordinates": [[[-43.33240579999995, -22.781452299999955], [-43.33215439999998, -22.78185419999994], [-43.33245999999997, -22.782039299999948], [-43.33242429999996, -22.782174799999947], [-43.33223379999998, -22.782440299999962], [-43.332181899999966, -22.782959199999937], [-43.33245279999994, -22.78313739999993], [-43.33273809999997, -22.783037599999943], [-43.33283789999996, -22.78284509999997], [-43.333140999999955, -22.78315059999994], [-43.33372369999995, -22.783781999999974], [-43.33407969999996, -22.78322759999998], [-43.33448109999995, -22.78266459999998], [-43.33439649999997, -22.782603399999967], [-43.33395019999995, -22.782103499999945], [-43.33380759999995, -22.78160439999993], [-43.333821899999975, -22.78140469999994], [-43.33375059999997, -22.781176599999984], [-43.333461099999965, -22.781038699999954], [-43.333302499999945, -22.781045799999962], [-43.33294769999998, -22.78107789999996], [-43.33240579999995, -22.781452299999955]]]}, "properties": {"id": "330510905000255", "name": "Setor 330510905000255", "meanMonthlyBRL": 1770.97, "medianMonthlyBRL": 1220.0, "status": "published", "sourceTerritoryType": "census_sector", "overlayColor": "#c6dbef"}}, {"type": "Feature", "geometry": {"type": "Polygon", "coordinates": [[[-43.32991939999994, -22.78300139999993], [-43.33049649999998, -22.78328579999993], [-43.33137419999997, -22.783718299999972], [-43.33217689999998, -22.784085499999943], [-43.33244569999994, -22.784206999999974], [-43.332780799999966, -22.784306799999968], [-43.33283609999995, -22.784304999999957], [-43.333451099999934, -22.78428539999992], [-43.333494299999984, -22.784295499999935], [-43.33372369999995, -22.783781999999974], [-43.333140999999955, -22.78315059999994], [-43.33283789999996, -22.78284509999997], [-43.33273809999997, -22.783037599999943], [-43.33245279999994, -22.78313739999993], [-43.332181899999966, -22.782959199999937], [-43.33223379999998, -22.782440299999962], [-43.33242429999996, -22.782174799999947], [-43.33245999999997, -22.782039299999948], [-43.33215439999998, -22.78185419999994], [-43.33195299999994, -22.78217599999993], [-43.33148959999994, -22.78254679999998], [-43.331425699999954, -22.782571999999963], [-43.331187099999966, -22.782666199999934], [-43.33106529999998, -22.782714299999952], [-43.33052949999996, -22.782788099999948], [-43.33052019999997, -22.782789299999937], [-43.33002779999998, -22.782935399999925], [-43.32991939999994, -22.78300139999993]]]}, "properties": {"id": "330510905000256", "name": "Setor 330510905000256", "meanMonthlyBRL": 1839.63, "medianMonthlyBRL": 1500.0, "status": "published", "sourceTerritoryType": "census_sector", "overlayColor": "#9ecae1"}}, {"type": "Feature", "geometry": {"type": "Polygon", "coordinates": [[[-43.329542999999944, -22.78004229999993], [-43.329310599999985, -22.782789599999937], [-43.32930389999996, -22.782931199999943], [-43.329301199999975, -22.78298959999994], [-43.32929919999998, -22.783032399999968], [-43.32929189999993, -22.78318739999997], [-43.32928759999993, -22.783278999999947], [-43.32928529999998, -22.783329299999934], [-43.329535799999974, -22.783234899999968], [-43.32991939999994, -22.78300139999993], [-43.33002779999998, -22.782935399999925], [-43.33052019999997, -22.782789299999937], [-43.33052949999996, -22.782788099999948], [-43.33106529999998, -22.782714299999952], [-43.331187099999966, -22.782666199999934], [-43.331425699999954, -22.782571999999963], [-43.33148959999994, -22.78254679999998], [-43.33195299999994, -22.78217599999993], [-43.33215439999998, -22.78185419999994], [-43.33240579999995, -22.781452299999955], [-43.33250099999998, -22.780116799999963], [-43.33162149999998, -22.78007669999994], [-43.33115429999998, -22.780055499999943], [-43.33068769999994, -22.78003539999997], [-43.33059069999996, -22.78003459999997], [-43.32971999999995, -22.780049299999966], [-43.329672399999936, -22.780047399999944], [-43.329542999999944, -22.78004229999993]]]}, "properties": {"id": "330510905000257", "name": "Setor 330510905000257", "meanMonthlyBRL": 1967.5, "medianMonthlyBRL": 1220.0, "status": "published", "sourceTerritoryType": "census_sector", "overlayColor": "#c6dbef"}}, {"type": "Feature", "geometry": {"type": "Polygon", "coordinates": [[[-43.32926359999993, -22.786985499999954], [-43.32927089999998, -22.786985399999935], [-43.32998589999994, -22.78697499999993], [-43.33104579999997, -22.786981599999926], [-43.33170689999997, -22.786985599999984], [-43.331789699999945, -22.786531499999963], [-43.331807099999935, -22.786120499999985], [-43.33181109999998, -22.786025199999983], [-43.33149019999996, -22.785561699999956], [-43.33090559999994, -22.78520519999995], [-43.32980239999995, -22.78516949999994], [-43.329200199999946, -22.78514799999994], [-43.32920029999997, -22.785154799999933], [-43.32920059999998, -22.78518039999994], [-43.32920119999994, -22.785235699999923], [-43.329213299999935, -22.786371199999962], [-43.32925889999996, -22.786928599999953], [-43.32926229999998, -22.786969199999927], [-43.32926359999993, -22.786985499999954]]]}, "properties": {"id": "330510905000258", "name": "Setor 330510905000258", "meanMonthlyBRL": 1474.5, "medianMonthlyBRL": 1220.0, "status": "published", "sourceTerritoryType": "census_sector", "overlayColor": "#c6dbef"}}, {"type": "Feature", "geometry": {"type": "Polygon", "coordinates": [[[-43.32926359999993, -22.786985499999954], [-43.329264999999964, -22.78700219999996], [-43.32926569999995, -22.78701069999994], [-43.329268199999944, -22.78704199999993], [-43.329270399999984, -22.78706879999993], [-43.32927259999997, -22.787095599999926], [-43.329435899999964, -22.789088399999965], [-43.32943739999996, -22.789106299999958], [-43.32944199999997, -22.789162399999952], [-43.33018339999995, -22.788776299999935], [-43.33111239999994, -22.788292499999958], [-43.33109859999996, -22.787937599999957], [-43.33154119999995, -22.787893799999946], [-43.33170689999997, -22.786985599999984], [-43.33104579999997, -22.786981599999926], [-43.32998589999994, -22.78697499999993], [-43.32927089999998, -22.786985399999935], [-43.32926359999993, -22.786985499999954]]]}, "properties": {"id": "330510905000259", "name": "Setor 330510905000259", "meanMonthlyBRL": 1608.46, "medianMonthlyBRL": 1212.0, "status": "published", "sourceTerritoryType": "census_sector", "overlayColor": "#c6dbef"}}, {"type": "Feature", "geometry": {"type": "Polygon", "coordinates": [[[-43.34302089999994, -22.761704399999925], [-43.34293669999994, -22.762131899999922], [-43.34282039999994, -22.762666099999937], [-43.34382199999993, -22.762834399999978], [-43.34445989999995, -22.762941699999942], [-43.34431109999997, -22.763560099999953], [-43.344180499999936, -22.764234699999978], [-43.34481109999996, -22.76435869999995], [-43.34510199999994, -22.764415899999957], [-43.34586399999995, -22.764565799999954], [-43.34590609999998, -22.76434019999993], [-43.34595489999998, -22.76407839999996], [-43.34602239999998, -22.763716999999925], [-43.345716299999935, -22.763650099999957], [-43.34572449999996, -22.763575099999972], [-43.34576109999995, -22.763238999999942], [-43.34576619999996, -22.76319139999998], [-43.34588239999994, -22.762653199999928], [-43.345986299999936, -22.762171099999932], [-43.34505669999993, -22.761994999999956], [-43.34303699999998, -22.761622699999975], [-43.34302089999994, -22.761704399999925]]]}, "properties": {"id": "330510905000260", "name": "Setor 330510905000260", "meanMonthlyBRL": 1478.04, "medianMonthlyBRL": 1200.0, "status": "published", "sourceTerritoryType": "census_sector", "overlayColor": "#c6dbef"}}, {"type": "Feature", "geometry": {"type": "Polygon", "coordinates": [[[-43.34277129999999, -22.761853299999924], [-43.342434699999956, -22.762054099999943], [-43.34223629999997, -22.763250699999958], [-43.34221009999993, -22.76340879999997], [-43.34204549999998, -22.763667199999926], [-43.341596899999956, -22.764371399999952], [-43.34177869999996, -22.76454459999996], [-43.341847099999946, -22.764523599999954], [-43.34210029999997, -22.764493099999985], [-43.34236589999995, -22.764461199999968], [-43.342884599999934, -22.76439879999998], [-43.343793699999935, -22.764498599999968], [-43.34407179999994, -22.764248999999953], [-43.344180499999936, -22.764234699999978], [-43.34431109999997, -22.763560099999953], [-43.34445989999995, -22.762941699999942], [-43.34382199999993, -22.762834399999978], [-43.34282039999994, -22.762666099999937], [-43.34293669999994, -22.762131899999922], [-43.34302089999994, -22.761704399999925], [-43.34277129999999, -22.761853299999924]]]}, "properties": {"id": "330510905000261", "name": "Setor 330510905000261", "meanMonthlyBRL": 1867.22, "medianMonthlyBRL": 1500.0, "status": "published", "sourceTerritoryType": "census_sector", "overlayColor": "#9ecae1"}}, {"type": "Feature", "geometry": {"type": "Polygon", "coordinates": [[[-43.34586399999995, -22.764565799999954], [-43.34577039999994, -22.765066999999927], [-43.34573769999997, -22.76515919999997], [-43.34556599999996, -22.76564219999994], [-43.34538059999994, -22.76579899999996], [-43.34500989999998, -22.76600819999993], [-43.34431579999995, -22.76631239999994], [-43.34346969999996, -22.766626199999966], [-43.34329839999998, -22.76662899999997], [-43.343211999999944, -22.766630399999944], [-43.34288979999997, -22.766635699999934], [-43.34242389999997, -22.766597599999958], [-43.34187249999997, -22.766607099999923], [-43.34249049999994, -22.76713959999995], [-43.34269489999997, -22.767258399999946], [-43.34277099999997, -22.767258999999964], [-43.34329379999997, -22.76726309999998], [-43.34363129999997, -22.76730589999993], [-43.34381599999995, -22.76734919999995], [-43.34393559999995, -22.767377199999945], [-43.344510699999944, -22.767129999999945], [-43.344848199999944, -22.76694939999993], [-43.34544719999997, -22.76666419999998], [-43.34550599999995, -22.766651099999937], [-43.34570389999993, -22.76660709999993], [-43.346454999999935, -22.766692699999968], [-43.34649439999998, -22.766692299999924], [-43.346627299999966, -22.76599869999995], [-43.34675129999994, -22.76535629999995], [-43.34685259999998, -22.76491279999994], [-43.34693449999998, -22.764554599999933], [-43.34590609999998, -22.76434019999993], [-43.34586399999995, -22.764565799999954]]]}, "properties": {"id": "330510905000262", "name": "Setor 330510905000262", "meanMonthlyBRL": 1448.62, "medianMonthlyBRL": 1212.0, "status": "published", "sourceTerritoryType": "census_sector", "overlayColor": "#c6dbef"}}, {"type": "Feature", "geometry": {"type": "Polygon", "coordinates": [[[-43.34236589999995, -22.764461199999968], [-43.342043599999954, -22.765770499999967], [-43.341776799999934, -22.766502299999956], [-43.34187249999997, -22.766607099999923], [-43.34242389999997, -22.766597599999958], [-43.34288979999997, -22.766635699999934], [-43.343211999999944, -22.766630399999944], [-43.34329839999998, -22.76662899999997], [-43.34344969999995, -22.766443799999923], [-43.34374539999993, -22.766103299999934], [-43.34387379999999, -22.765751499999965], [-43.34393289999997, -22.76547249999993], [-43.34403009999994, -22.76501199999996], [-43.34411679999994, -22.76456379999996], [-43.344180499999936, -22.764234699999978], [-43.34407179999994, -22.764248999999953], [-43.343793699999935, -22.764498599999968], [-43.342884599999934, -22.76439879999998], [-43.34236589999995, -22.764461199999968]]]}, "properties": {"id": "330510905000263", "name": "Setor 330510905000263", "meanMonthlyBRL": 1821.72, "medianMonthlyBRL": 1300.0, "status": "published", "sourceTerritoryType": "census_sector", "overlayColor": "#c6dbef"}}, {"type": "Feature", "geometry": {"type": "Polygon", "coordinates": [[[-43.33738859999994, -22.76714699999997], [-43.33749919999997, -22.76725359999994], [-43.338093399999934, -22.767595899999943], [-43.33895379999996, -22.768228099999934], [-43.338153499999976, -22.770213599999977], [-43.33814199999995, -22.770238999999954], [-43.33776539999997, -22.77063819999995], [-43.33778909999995, -22.770657199999963], [-43.33923209999995, -22.77181409999996], [-43.33925279999994, -22.771831799999976], [-43.340018999999984, -22.77139739999996], [-43.341497499999946, -22.770441099999967], [-43.34153749999996, -22.770413099999928], [-43.34151979999996, -22.769881099999964], [-43.34151049999997, -22.769196699999952], [-43.34150649999998, -22.76890309999993], [-43.34159609999995, -22.76833679999993], [-43.34163599999994, -22.768153599999945], [-43.34169659999998, -22.767876399999974], [-43.34166329999994, -22.767676699999978], [-43.341583399999934, -22.76755519999995], [-43.34150379999994, -22.767448999999946], [-43.34121649999998, -22.767239399999937], [-43.34105479999994, -22.767071899999962], [-43.34084819999998, -22.766857899999934], [-43.34084819999998, -22.766834399999933], [-43.34085529999993, -22.76677839999996], [-43.340869699999985, -22.76673889999995], [-43.34020289999995, -22.766071999999955], [-43.33996629999996, -22.766055699999985], [-43.339562299999955, -22.765932099999926], [-43.33843809999996, -22.765818899999946], [-43.33907169999998, -22.766262199999975], [-43.33819539999996, -22.766339399999936], [-43.337313799999954, -22.766416999999937], [-43.33728049999997, -22.76647879999995], [-43.33726629999995, -22.766621399999966], [-43.337332799999956, -22.76682109999996], [-43.337318599999946, -22.766935099999955], [-43.33736609999994, -22.767125299999975], [-43.33738859999994, -22.76714699999997]]]}, "properties": {"id": "330510905000264", "name": "Setor 330510905000264", "meanMonthlyBRL": 1697.08, "medianMonthlyBRL": 1212.0, "status": "published", "sourceTerritoryType": "census_sector", "overlayColor": "#c6dbef"}}, {"type": "Feature", "geometry": {"type": "Polygon", "coordinates": [[[-43.33619939999994, -22.76501369999994], [-43.33649139999994, -22.766260099999958], [-43.33648309999995, -22.766362699999945], [-43.336396399999956, -22.76742479999995], [-43.336486699999966, -22.76785259999997], [-43.336666399999956, -22.768559999999972], [-43.33688539999997, -22.76854649999996], [-43.33707049999998, -22.76854239999994], [-43.337199699999985, -22.76854189999995], [-43.33714079999993, -22.768471899999945], [-43.33710599999995, -22.768076499999943], [-43.33711549999998, -22.767734199999953], [-43.33719629999997, -22.76736819999996], [-43.337246799999946, -22.76731009999997], [-43.33738859999994, -22.76714699999997], [-43.33736609999994, -22.767125299999975], [-43.337318599999946, -22.766935099999955], [-43.337332799999956, -22.76682109999996], [-43.33726629999995, -22.766621399999966], [-43.33728049999997, -22.76647879999995], [-43.337313799999954, -22.766416999999937], [-43.33819539999996, -22.766339399999936], [-43.33907169999998, -22.766262199999975], [-43.33843809999996, -22.765818899999946], [-43.337233099999935, -22.76513799999997], [-43.33643799999993, -22.764966799999964], [-43.33619939999994, -22.76501369999994]]]}, "properties": {"id": "330510905000265", "name": "Setor 330510905000265", "meanMonthlyBRL": 1765.88, "medianMonthlyBRL": 1400.0, "status": "published", "sourceTerritoryType": "census_sector", "overlayColor": "#c6dbef"}}, {"type": "Feature", "geometry": {"type": "Polygon", "coordinates": [[[-43.33578239999997, -22.765061799999955], [-43.33578319999998, -22.76539969999993], [-43.335920999999985, -22.765741999999936], [-43.335752699999944, -22.766975899999977], [-43.33564529999995, -22.76759589999995], [-43.335379099999955, -22.768247099999943], [-43.335488399999974, -22.768389699999947], [-43.335844899999984, -22.76853709999994], [-43.33593069999995, -22.76854949999995], [-43.336206199999936, -22.768589399999943], [-43.33626239999995, -22.768585799999986], [-43.33716419999996, -22.76964819999995], [-43.33743259999994, -22.769473599999973], [-43.33768459999993, -22.769392699999973], [-43.33773209999998, -22.76919309999994], [-43.33766559999998, -22.768917399999964], [-43.33748019999996, -22.768646399999966], [-43.33728529999996, -22.768560899999944], [-43.337199699999985, -22.76854189999995], [-43.33707049999998, -22.76854239999994], [-43.33688539999997, -22.76854649999996], [-43.336666399999956, -22.768559999999972], [-43.336486699999966, -22.76785259999997], [-43.336396399999956, -22.76742479999995], [-43.33648309999995, -22.766362699999945], [-43.33649139999994, -22.766260099999958], [-43.33619939999994, -22.76501369999994], [-43.33587469999998, -22.765077399999935], [-43.33578239999997, -22.765061799999955]]]}, "properties": {"id": "330510905000266", "name": "Setor 330510905000266", "meanMonthlyBRL": 1528.35, "medianMonthlyBRL": 1212.0, "status": "published", "sourceTerritoryType": "census_sector", "overlayColor": "#c6dbef"}}, {"type": "Feature", "geometry": {"type": "Polygon", "coordinates": [[[-43.33469469999995, -22.766988299999984], [-43.334829999999954, -22.767896599999975], [-43.33485509999997, -22.768064999999982], [-43.33450209999995, -22.76843929999995], [-43.33433329999997, -22.768679699999947], [-43.33424189999994, -22.769412599999953], [-43.33426709999998, -22.769584899999927], [-43.33498929999996, -22.769782499999966], [-43.33510809999996, -22.76981109999997], [-43.335392499999955, -22.76874819999994], [-43.335488399999974, -22.768389699999947], [-43.335379099999955, -22.768247099999943], [-43.33564529999995, -22.76759589999995], [-43.335752699999944, -22.766975899999977], [-43.335920999999985, -22.765741999999936], [-43.33578319999998, -22.76539969999993], [-43.33578239999997, -22.765061799999955], [-43.335445799999945, -22.765005099999936], [-43.33509849999996, -22.76494669999994], [-43.33494349999995, -22.765730099999928], [-43.33469469999995, -22.766988299999984]]]}, "properties": {"id": "330510905000267", "name": "Setor 330510905000267", "meanMonthlyBRL": 1896.87, "medianMonthlyBRL": 1600.0, "status": "published", "sourceTerritoryType": "census_sector", "overlayColor": "#9ecae1"}}, {"type": "Feature", "geometry": {"type": "Polygon", "coordinates": [[[-43.334428299999956, -22.771932599999953], [-43.33496549999995, -22.77276779999994], [-43.335317299999986, -22.77314809999996], [-43.33532679999996, -22.77361869999993], [-43.335374299999955, -22.77375649999994], [-43.33568809999997, -22.774127299999968], [-43.33583539999995, -22.774277099999946], [-43.335982799999954, -22.77442679999996], [-43.33631079999998, -22.77463119999993], [-43.336524699999984, -22.774711999999973], [-43.338309299999935, -22.77243419999996], [-43.33826449999999, -22.77238279999995], [-43.337685299999976, -22.771910199999983], [-43.33743259999994, -22.77224489999997], [-43.33713789999996, -22.77206899999993], [-43.33708749999994, -22.772064899999975], [-43.336847999999975, -22.77204529999994], [-43.33665789999998, -22.77208129999996], [-43.33527689999994, -22.772337599999954], [-43.334932299999934, -22.772135599999956], [-43.334784199999945, -22.771910399999967], [-43.334428299999956, -22.771932599999953]]]}, "properties": {"id": "330510905000268", "name": "Setor 330510905000268", "meanMonthlyBRL": 1696.84, "medianMonthlyBRL": 1212.0, "status": "published", "sourceTerritoryType": "census_sector", "overlayColor": "#c6dbef"}}, {"type": "Feature", "geometry": {"type": "Polygon", "coordinates": [[[-43.34295469999995, -22.76113519999996], [-43.343369199999984, -22.761212199999928], [-43.34368759999995, -22.76081879999999], [-43.34523219999994, -22.761102299999948], [-43.34761139999995, -22.761543199999952], [-43.34770129999998, -22.76110279999995], [-43.34779119999996, -22.760662499999963], [-43.34540729999998, -22.760211799999983], [-43.34434079999994, -22.760011699999954], [-43.34328649999998, -22.759829299999975], [-43.343157599999984, -22.76033649999994], [-43.34301819999996, -22.760885199999965], [-43.34295469999995, -22.76113519999996]]]}, "properties": {"id": "330510905000269", "name": "Setor 330510905000269", "meanMonthlyBRL": 1424.86, "medianMonthlyBRL": 1212.0, "status": "published", "sourceTerritoryType": "census_sector", "overlayColor": "#c6dbef"}}, {"type": "Feature", "geometry": {"type": "Polygon", "coordinates": [[[-43.34286359999993, -22.761493999999967], [-43.34277129999999, -22.761853299999924], [-43.34302089999994, -22.761704399999925], [-43.34303699999998, -22.761622699999975], [-43.34505669999993, -22.761994999999956], [-43.345986299999936, -22.762171099999932], [-43.34636229999995, -22.762243099999974], [-43.34742829999993, -22.76243989999994], [-43.34751929999993, -22.761994399999935], [-43.34514479999996, -22.761546899999935], [-43.343369199999984, -22.761212199999928], [-43.34295469999995, -22.76113519999996], [-43.34286359999993, -22.761493999999967]]]}, "properties": {"id": "330510905000270", "name": "Setor 330510905000270", "meanMonthlyBRL": 1546.18, "medianMonthlyBRL": 1212.0, "status": "published", "sourceTerritoryType": "census_sector", "overlayColor": "#c6dbef"}}, {"type": "Feature", "geometry": {"type": "Polygon", "coordinates": [[[-43.33915019999995, -22.76074369999998], [-43.34105379999994, -22.761142799999963], [-43.34286359999993, -22.761493999999967], [-43.34295469999995, -22.76113519999996], [-43.34301819999996, -22.760885199999965], [-43.343157599999984, -22.76033649999994], [-43.34328649999998, -22.759829299999975], [-43.34138759999996, -22.75950069999993], [-43.33943159999996, -22.75916159999996], [-43.33926309999998, -22.76010719999994], [-43.33915019999995, -22.76074369999998]]]}, "properties": {"id": "330510905000271", "name": "Setor 330510905000271", "meanMonthlyBRL": 1843.11, "medianMonthlyBRL": 1220.0, "status": "published", "sourceTerritoryType": "census_sector", "overlayColor": "#c6dbef"}}, {"type": "Feature", "geometry": {"type": "Polygon", "coordinates": [[[-43.33891639999996, -22.761966799999986], [-43.338793899999985, -22.76256279999996], [-43.340313599999945, -22.762869399999943], [-43.34095509999998, -22.76299889999996], [-43.34144709999998, -22.76312719999992], [-43.34223629999997, -22.763250699999958], [-43.342434699999956, -22.762054099999943], [-43.34277129999999, -22.761853299999924], [-43.34286359999993, -22.761493999999967], [-43.34105379999994, -22.761142799999963], [-43.33915019999995, -22.76074369999998], [-43.33903929999997, -22.76136859999997], [-43.33891639999996, -22.761966799999986]]]}, "properties": {"id": "330510905000272", "name": "Setor 330510905000272", "meanMonthlyBRL": 1778.72, "medianMonthlyBRL": 1212.0, "status": "published", "sourceTerritoryType": "census_sector", "overlayColor": "#c6dbef"}}, {"type": "Feature", "geometry": {"type": "Polygon", "coordinates": [[[-43.33684819999996, -22.76277709999994], [-43.33866989999996, -22.763166399999935], [-43.33893219999993, -22.763221599999948], [-43.33965129999996, -22.76337279999995], [-43.33957649999997, -22.763612399999943], [-43.33939109999994, -22.763973699999948], [-43.33934359999995, -22.764325399999958], [-43.33927699999998, -22.76460109999993], [-43.33925329999994, -22.764933899999964], [-43.33938159999997, -22.765271399999968], [-43.33946049999997, -22.765347299999974], [-43.34020289999995, -22.766071999999955], [-43.34039539999998, -22.76528539999998], [-43.34068329999997, -22.764109299999962], [-43.34095509999998, -22.76299889999996], [-43.340313599999945, -22.762869399999943], [-43.338793899999985, -22.76256279999996], [-43.33891639999996, -22.761966799999986], [-43.337073499999974, -22.76159299999995], [-43.336959399999955, -22.762192599999935], [-43.33691619999996, -22.762419599999927], [-43.33684819999996, -22.76277709999994]]]}, "properties": {"id": "330510905000273", "name": "Setor 330510905000273", "meanMonthlyBRL": 1738.61, "medianMonthlyBRL": 1500.0, "status": "published", "sourceTerritoryType": "census_sector", "overlayColor": "#9ecae1"}}, {"type": "Feature", "geometry": {"type": "Polygon", "coordinates": [[[-43.33626799999996, -22.764063999999962], [-43.33578239999997, -22.765061799999955], [-43.33587469999998, -22.765077399999935], [-43.33619939999994, -22.76501369999994], [-43.33643799999993, -22.764966799999964], [-43.337233099999935, -22.76513799999997], [-43.33843809999996, -22.765818899999946], [-43.339562299999955, -22.765932099999926], [-43.33996629999996, -22.766055699999985], [-43.34020289999995, -22.766071999999955], [-43.33946049999997, -22.765347299999974], [-43.33938159999997, -22.765271399999968], [-43.33925329999994, -22.764933899999964], [-43.33927699999998, -22.76460109999993], [-43.33934359999995, -22.764325399999958], [-43.33939109999994, -22.763973699999948], [-43.33957649999997, -22.763612399999943], [-43.33965129999996, -22.76337279999995], [-43.33893219999993, -22.763221599999948], [-43.33877269999994, -22.76382619999998], [-43.33855449999993, -22.764653399999922], [-43.33626799999996, -22.764063999999962]]]}, "properties": {"id": "330510905000274", "name": "Setor 330510905000274", "meanMonthlyBRL": 1626.38, "medianMonthlyBRL": 1212.0, "status": "published", "sourceTerritoryType": "census_sector", "overlayColor": "#c6dbef"}}, {"type": "Feature", "geometry": {"type": "Polygon", "coordinates": [[[-43.33169339999995, -22.76439759999994], [-43.33261969999995, -22.76587599999993], [-43.33351819999996, -22.76705599999997], [-43.33378829999998, -22.767435799999927], [-43.33450209999995, -22.76843929999995], [-43.33485509999997, -22.768064999999982], [-43.334829999999954, -22.767896599999975], [-43.33469469999995, -22.766988299999984], [-43.334045799999956, -22.766489199999963], [-43.333779499999935, -22.766103999999917], [-43.332681699999966, -22.764515799999966], [-43.33180329999993, -22.764339399999983], [-43.331691199999966, -22.76430159999995], [-43.33169339999995, -22.76439759999994]]]}, "properties": {"id": "330510905000275", "name": "Setor 330510905000275", "meanMonthlyBRL": 1512.32, "medianMonthlyBRL": 1212.0, "status": "published", "sourceTerritoryType": "census_sector", "overlayColor": "#c6dbef"}}, {"type": "Feature", "geometry": {"type": "Polygon", "coordinates": [[[-43.33175209999996, -22.766912699999978], [-43.33265019999993, -22.767165099999946], [-43.33355739999996, -22.767426799999956], [-43.33378829999998, -22.767435799999927], [-43.33351819999996, -22.76705599999997], [-43.33261969999995, -22.76587599999993], [-43.33169339999995, -22.76439759999994], [-43.331716599999936, -22.765390199999953], [-43.33175209999996, -22.766912699999978]]]}, "properties": {"id": "330510905000276", "name": "Setor 330510905000276", "meanMonthlyBRL": 1624.59, "medianMonthlyBRL": 1212.0, "status": "published", "sourceTerritoryType": "census_sector", "overlayColor": "#c6dbef"}}, {"type": "Feature", "geometry": {"type": "Polygon", "coordinates": [[[-43.33179889999997, -22.768918299999935], [-43.33187099999998, -22.76892779999997], [-43.33268519999996, -22.768648899999953], [-43.33277659999994, -22.76861759999997], [-43.33298689999998, -22.768656799999974], [-43.333593399999984, -22.76923379999994], [-43.33364649999993, -22.76928429999998], [-43.33424189999994, -22.769412599999953], [-43.33433329999997, -22.768679699999947], [-43.33450209999995, -22.76843929999995], [-43.33378829999998, -22.767435799999927], [-43.33355739999996, -22.767426799999956], [-43.33265019999993, -22.767165099999946], [-43.33175209999996, -22.766912699999978], [-43.33179889999997, -22.768918299999935]]]}, "properties": {"id": "330510905000277", "name": "Setor 330510905000277", "meanMonthlyBRL": 1517.87, "medianMonthlyBRL": 1220.0, "status": "published", "sourceTerritoryType": "census_sector", "overlayColor": "#c6dbef"}}, {"type": "Feature", "geometry": {"type": "Polygon", "coordinates": [[[-43.32981289999998, -22.77022349999993], [-43.32981289999998, -22.770225899999957], [-43.32984579999993, -22.771369399999973], [-43.329874099999984, -22.77235059999998], [-43.32982489999995, -22.77353629999993], [-43.32977699999998, -22.77469029999998], [-43.329767199999935, -22.77492729999994], [-43.32983439999998, -22.774672699999943], [-43.33000539999995, -22.774563799999953], [-43.330276099999935, -22.774514699999944], [-43.33045699999997, -22.774505099999946], [-43.33059709999998, -22.774524299999943], [-43.33071449999994, -22.774555399999937], [-43.33084269999995, -22.774651199999933], [-43.33099349999998, -22.77480929999996], [-43.331002499999954, -22.77449569999993], [-43.331015399999956, -22.773772799999957], [-43.330971199999965, -22.771640299999948], [-43.33094739999996, -22.770491699999976], [-43.33086129999998, -22.768771299999973], [-43.329938399999946, -22.768539099999938], [-43.32986809999994, -22.768525099999973], [-43.32976339999993, -22.76850429999996], [-43.32981289999998, -22.77022349999993]]]}, "properties": {"id": "330510905000278", "name": "Setor 330510905000278", "meanMonthlyBRL": 1257.97, "medianMonthlyBRL": 1200.0, "status": "published", "sourceTerritoryType": "census_sector", "overlayColor": "#c6dbef"}}, {"type": "Feature", "geometry": {"type": "Polygon", "coordinates": [[[-43.330971199999965, -22.771640299999948], [-43.331015399999956, -22.773772799999957], [-43.331002499999954, -22.77449569999993], [-43.33099349999998, -22.77480929999996], [-43.33117059999995, -22.774900099999964], [-43.33144489999995, -22.774934499999965], [-43.331575999999984, -22.774889199999958], [-43.33178809999998, -22.774784299999958], [-43.33198669999996, -22.77466089999995], [-43.33220079999995, -22.774422799999968], [-43.33234769999996, -22.774313199999927], [-43.33271709999997, -22.77407979999999], [-43.33274729999994, -22.772291299999956], [-43.331847399999965, -22.771422899999944], [-43.33186529999995, -22.77235409999998], [-43.330971199999965, -22.771640299999948]]]}, "properties": {"id": "330510905000279", "name": "Setor 330510905000279", "meanMonthlyBRL": 1511.85, "medianMonthlyBRL": 1200.0, "status": "published", "sourceTerritoryType": "census_sector", "overlayColor": "#c6dbef"}}, {"type": "Feature", "geometry": {"type": "Polygon", "coordinates": [[[-43.32932009999996, -22.756647399999963], [-43.32932679999993, -22.75681419999995], [-43.32932969999996, -22.756887899999985], [-43.33228829999996, -22.757611899999972], [-43.33360289999996, -22.757932799999942], [-43.335650199999975, -22.758432399999947], [-43.33761999999996, -22.758815099999932], [-43.33943159999996, -22.75916159999996], [-43.34138759999996, -22.75950069999993], [-43.34328649999998, -22.759829299999975], [-43.343313999999964, -22.759753899999968], [-43.34341519999998, -22.75946959999993], [-43.34342669999995, -22.759437099999957], [-43.34119409999994, -22.75902559999997], [-43.34060189999997, -22.758919399999968], [-43.337093599999946, -22.75828999999992], [-43.336530799999935, -22.75818899999996], [-43.33544699999993, -22.757917999999954], [-43.332456899999954, -22.75718749999993], [-43.33085509999995, -22.756796199999943], [-43.32960149999997, -22.756409799999968], [-43.32930759999994, -22.756334099999954], [-43.32930829999998, -22.75635319999998], [-43.32930879999998, -22.756363899999936], [-43.329309999999964, -22.756395299999948], [-43.32931999999994, -22.756645999999932], [-43.32932009999996, -22.756647399999963]]]}, "properties": {"id": "330510905000280", "name": "Setor 330510905000280", "meanMonthlyBRL": 1178.93, "medianMonthlyBRL": 1200.0, "status": "published", "sourceTerritoryType": "census_sector", "overlayColor": "#c6dbef"}}, {"type": "Feature", "geometry": {"type": "Polygon", "coordinates": [[[-43.32929119999994, -22.755923899999978], [-43.32930419999997, -22.756250499999968], [-43.32930639999995, -22.756305199999925], [-43.32930679999998, -22.75631499999997], [-43.32930759999994, -22.756334099999954], [-43.32960149999997, -22.756409799999968], [-43.33085509999995, -22.756796199999943], [-43.332456899999954, -22.75718749999993], [-43.33544699999993, -22.757917999999954], [-43.336530799999935, -22.75818899999996], [-43.337093599999946, -22.75828999999992], [-43.34060189999997, -22.758919399999968], [-43.34119409999994, -22.75902559999997], [-43.34342669999995, -22.759437099999957], [-43.34346869999996, -22.759310199999963], [-43.343547299999955, -22.758923499999984], [-43.341988399999934, -22.75861709999998], [-43.33833629999998, -22.757948899999974], [-43.33701899999994, -22.75770779999993], [-43.33616889999996, -22.757552299999926], [-43.335330699999986, -22.757312299999956], [-43.334336399999984, -22.75702409999997], [-43.33383649999996, -22.75688519999994], [-43.333743099999936, -22.756859299999967], [-43.332132899999976, -22.756510899999963], [-43.33125609999996, -22.75632119999994], [-43.33007119999996, -22.75606889999995], [-43.32929029999997, -22.755902599999953], [-43.329290499999956, -22.75590709999994], [-43.32929119999994, -22.755923899999978]]]}, "properties": {"id": "330510905000281", "name": "Setor 330510905000281", "meanMonthlyBRL": 1019.65, "medianMonthlyBRL": 1200.0, "status": "published", "sourceTerritoryType": "census_sector", "overlayColor": "#c6dbef"}}, {"type": "Feature", "geometry": {"type": "Polygon", "coordinates": [[[-43.337073499999974, -22.76159299999995], [-43.33891639999996, -22.761966799999986], [-43.33903929999997, -22.76136859999997], [-43.33915019999995, -22.76074369999998], [-43.33730849999995, -22.760357999999933], [-43.33718319999997, -22.76099159999995], [-43.337073499999974, -22.76159299999995]]]}, "properties": {"id": "330510905000282", "name": "Setor 330510905000282", "meanMonthlyBRL": 1654.33, "medianMonthlyBRL": 1220.0, "status": "published", "sourceTerritoryType": "census_sector", "overlayColor": "#c6dbef"}}, {"type": "Feature", "geometry": {"type": "Polygon", "coordinates": [[[-43.33536209999994, -22.759951699999935], [-43.33730849999995, -22.760357999999933], [-43.33743329999993, -22.759740099999924], [-43.33761999999996, -22.758815099999932], [-43.335650199999975, -22.758432399999947], [-43.335476599999936, -22.759347699999974], [-43.33536209999994, -22.759951699999935]]]}, "properties": {"id": "330510905000283", "name": "Setor 330510905000283", "meanMonthlyBRL": 1604.21, "medianMonthlyBRL": 1242.0, "status": "published", "sourceTerritoryType": "census_sector", "overlayColor": "#c6dbef"}}, {"type": "Feature", "geometry": {"type": "Polygon", "coordinates": [[[-43.33538059999995, -22.763478399999947], [-43.33509849999996, -22.76494669999994], [-43.335445799999945, -22.765005099999936], [-43.33578239999997, -22.765061799999955], [-43.33626799999996, -22.764063999999962], [-43.336325099999954, -22.763888099999967], [-43.336638799999946, -22.763712199999926], [-43.33670989999996, -22.76339469999994], [-43.33684819999996, -22.76277709999994], [-43.33691619999996, -22.762419599999927], [-43.336959399999955, -22.762192599999935], [-43.337073499999974, -22.76159299999995], [-43.33641329999995, -22.761472999999967], [-43.33578559999995, -22.761358899999944], [-43.33538059999995, -22.763478399999947]]]}, "properties": {"id": "330510905000284", "name": "Setor 330510905000284", "meanMonthlyBRL": 1640.49, "medianMonthlyBRL": 1400.0, "status": "published", "sourceTerritoryType": "census_sector", "overlayColor": "#c6dbef"}}, {"type": "Feature", "geometry": {"type": "Polygon", "coordinates": [[[-43.33368809999996, -22.763209599999975], [-43.334720199999936, -22.763373499999947], [-43.33538059999995, -22.763478399999947], [-43.33578559999995, -22.761358899999944], [-43.33512419999994, -22.761205999999962], [-43.334874199999945, -22.761149599999946], [-43.33409219999993, -22.76103089999998], [-43.33368809999996, -22.763209599999975]]]}, "properties": {"id": "330510905000285", "name": "Setor 330510905000285", "meanMonthlyBRL": 1799.06, "medianMonthlyBRL": 1250.0, "status": "published", "sourceTerritoryType": "census_sector", "overlayColor": "#c6dbef"}}, {"type": "Feature", "geometry": {"type": "Polygon", "coordinates": [[[-43.33341829999995, -22.76466379999993], [-43.33406329999997, -22.764772399999966], [-43.33445579999995, -22.764838499999943], [-43.33509849999996, -22.76494669999994], [-43.33538059999995, -22.763478399999947], [-43.334720199999936, -22.763373499999947], [-43.33368809999996, -22.763209599999975], [-43.33341829999995, -22.76466379999993]]]}, "properties": {"id": "330510905000286", "name": "Setor 330510905000286", "meanMonthlyBRL": 1724.43, "medianMonthlyBRL": 1500.0, "status": "published", "sourceTerritoryType": "census_sector", "overlayColor": "#9ecae1"}}, {"type": "Feature", "geometry": {"type": "Polygon", "coordinates": [[[-43.330776499999956, -22.763993499999962], [-43.331691199999966, -22.76430159999995], [-43.33180329999993, -22.764339399999983], [-43.332681699999966, -22.764515799999966], [-43.33341829999995, -22.76466379999993], [-43.33368809999996, -22.763209599999975], [-43.33262999999994, -22.76304159999995], [-43.331992199999945, -22.762940199999946], [-43.33152419999993, -22.76286589999995], [-43.331341399999985, -22.762606499999947], [-43.33088899999996, -22.76196679999998], [-43.33074669999996, -22.761765599999936], [-43.33075059999993, -22.762004799999943], [-43.330776499999956, -22.763993499999962]]]}, "properties": {"id": "330510905000287", "name": "Setor 330510905000287", "meanMonthlyBRL": 1619.86, "medianMonthlyBRL": 1220.0, "status": "published", "sourceTerritoryType": "census_sector", "overlayColor": "#c6dbef"}}, {"type": "Feature", "geometry": {"type": "Polygon", "coordinates": [[[-43.32960189999994, -22.763693599999954], [-43.32960299999996, -22.763721199999956], [-43.329638399999965, -22.76460729999997], [-43.32966929999998, -22.765380099999955], [-43.329670299999975, -22.765405599999948], [-43.32967159999998, -22.76543879999997], [-43.32967219999995, -22.765453099999945], [-43.32967229999997, -22.765454499999976], [-43.32968429999994, -22.765755699999946], [-43.329701099999966, -22.76633979999997], [-43.32983379999996, -22.766377399999953], [-43.329876499999955, -22.76638949999995], [-43.33082369999994, -22.766653699999942], [-43.33079639999994, -22.765114299999933], [-43.330776499999956, -22.763993499999962], [-43.32980269999996, -22.763728599999983], [-43.32960179999998, -22.763679999999965], [-43.329601699999955, -22.763689499999938], [-43.32960189999994, -22.763693599999954]]]}, "properties": {"id": "330510905000288", "name": "Setor 330510905000288", "meanMonthlyBRL": 2174.43, "medianMonthlyBRL": 2000.0, "status": "published", "sourceTerritoryType": "census_sector", "overlayColor": "#6baed6"}}, {"type": "Feature", "geometry": {"type": "Polygon", "coordinates": [[[-43.33304209999994, -22.760861599999945], [-43.33409219999993, -22.76103089999998], [-43.334874199999945, -22.761149599999946], [-43.33512419999994, -22.761205999999962], [-43.335240099999965, -22.760595199999955], [-43.33536209999994, -22.759951699999935], [-43.335476599999936, -22.759347699999974], [-43.335650199999975, -22.758432399999947], [-43.33360289999996, -22.757932799999942], [-43.333585899999946, -22.75804149999993], [-43.33340099999998, -22.758989499999927], [-43.33304209999994, -22.760861599999945]]]}, "properties": {"id": "330510905000289", "name": "Setor 330510905000289", "meanMonthlyBRL": 1374.76, "medianMonthlyBRL": 1212.0, "status": "published", "sourceTerritoryType": "census_sector", "overlayColor": "#c6dbef"}}, {"type": "Feature", "geometry": {"type": "Polygon", "coordinates": [[[-43.331714699999964, -22.76064759999997], [-43.33239549999996, -22.76075729999997], [-43.33304209999994, -22.760861599999945], [-43.33340099999998, -22.758989499999927], [-43.333585899999946, -22.75804149999993], [-43.33360289999996, -22.757932799999942], [-43.33228829999996, -22.757611899999972], [-43.33206699999994, -22.758783199999982], [-43.331714699999964, -22.76064759999997]]]}, "properties": {"id": "330510905000290", "name": "Setor 330510905000290", "meanMonthlyBRL": 1298.87, "medianMonthlyBRL": 1220.0, "status": "published", "sourceTerritoryType": "census_sector", "overlayColor": "#c6dbef"}}, {"type": "Feature", "geometry": {"type": "Polygon", "coordinates": [[[-43.331992199999945, -22.762940199999946], [-43.33262999999994, -22.76304159999995], [-43.33368809999996, -22.763209599999975], [-43.33409219999993, -22.76103089999998], [-43.33304209999994, -22.760861599999945], [-43.33239549999996, -22.76075729999997], [-43.331992199999945, -22.762940199999946]]]}, "properties": {"id": "330510905000291", "name": "Setor 330510905000291", "meanMonthlyBRL": 1778.3, "medianMonthlyBRL": 1300.0, "status": "published", "sourceTerritoryType": "census_sector", "overlayColor": "#c6dbef"}}, {"type": "Feature", "geometry": {"type": "Polygon", "coordinates": [[[-43.344398199999944, -22.802078699999985], [-43.34447359999996, -22.802075399999975], [-43.345321199999944, -22.802005799999964], [-43.346172699999954, -22.80189639999998], [-43.34619749999996, -22.801639699999946], [-43.34727829999997, -22.801727699999955], [-43.34731829999999, -22.801271299999936], [-43.347339499999975, -22.800874799999974], [-43.347369699999945, -22.800351699999965], [-43.34720559999994, -22.80034659999996], [-43.346135999999944, -22.800392899999963], [-43.34581519999995, -22.80035729999997], [-43.34477059999995, -22.800196799999977], [-43.34472509999995, -22.80018099999995], [-43.34465149999994, -22.800749399999965], [-43.344591599999944, -22.801188599999936], [-43.34448319999996, -22.801619299999974], [-43.344398199999944, -22.802078699999985]]]}, "properties": {"id": "330510905000293", "name": "Setor 330510905000293", "meanMonthlyBRL": 1848.8, "medianMonthlyBRL": 1500.0, "status": "published", "sourceTerritoryType": "census_sector", "overlayColor": "#9ecae1"}}, {"type": "Feature", "geometry": {"type": "Polygon", "coordinates": [[[-43.33914409999994, -22.785575799999947], [-43.33921239999995, -22.785782799999932], [-43.33921819999995, -22.78602569999998], [-43.33941949999996, -22.786150299999967], [-43.341565499999945, -22.787387099999936], [-43.34161729999994, -22.787423599999943], [-43.342488499999945, -22.788036699999964], [-43.34270419999996, -22.787605499999927], [-43.34279649999996, -22.787101999999944], [-43.34279649999996, -22.78708809999994], [-43.34269949999998, -22.78692389999998], [-43.342662699999956, -22.78686739999995], [-43.34247839999995, -22.786386399999977], [-43.342331799999954, -22.78628339999995], [-43.34207289999995, -22.78633019999995], [-43.341993899999984, -22.78631509999997], [-43.34186079999996, -22.78628969999994], [-43.341784899999936, -22.786256499999975], [-43.34163119999994, -22.78618399999993], [-43.341548399999965, -22.786146399999947], [-43.34149639999998, -22.786107199999947], [-43.34139719999996, -22.786032299999928], [-43.34109489999997, -22.78590679999996], [-43.340638499999955, -22.785476099999983], [-43.34056449999997, -22.78540649999996], [-43.340274499999964, -22.78513419999996], [-43.33972259999996, -22.784800799999967], [-43.33923639999995, -22.78450719999995], [-43.33916979999998, -22.784466499999944], [-43.33912689999994, -22.785096799999955], [-43.33913999999993, -22.785367799999964], [-43.33914409999994, -22.785575799999947]]]}, "properties": {"id": "330510905000294", "name": "Setor 330510905000294", "meanMonthlyBRL": 1295.81, "medianMonthlyBRL": 1200.0, "status": "published", "sourceTerritoryType": "census_sector", "overlayColor": "#c6dbef"}}, {"type": "Feature", "geometry": {"type": "Polygon", "coordinates": [[[-43.33929299999994, -22.791572299999928], [-43.33927289999997, -22.792429099999936], [-43.33931949999993, -22.793086599999977], [-43.34046299999994, -22.79309289999997], [-43.34080389999997, -22.793139899999968], [-43.34098929999993, -22.79313989999997], [-43.34112339999996, -22.793094199999924], [-43.34118889999996, -22.79299759999997], [-43.34129739999997, -22.792837499999962], [-43.341408599999966, -22.792700599999936], [-43.34161109999997, -22.79247529999997], [-43.34174229999997, -22.792281399999972], [-43.34187639999993, -22.79211309999993], [-43.34197169999993, -22.79200509999998], [-43.34156589999998, -22.79186969999995], [-43.34146629999998, -22.791836399999962], [-43.34115189999995, -22.79179369999996], [-43.340507299999956, -22.79181649999998], [-43.34022779999998, -22.791830699999934], [-43.33987979999995, -22.79177369999996], [-43.339785699999936, -22.79170519999996], [-43.33970019999998, -22.79163109999996], [-43.33967069999994, -22.79156749999993], [-43.33929299999994, -22.791572299999928]]]}, "properties": {"id": "330510905000295", "name": "Setor 330510905000295", "meanMonthlyBRL": 1596.85, "medianMonthlyBRL": 1212.0, "status": "published", "sourceTerritoryType": "census_sector", "overlayColor": "#c6dbef"}}, {"type": "Feature", "geometry": {"type": "Polygon", "coordinates": [[[-43.34215539999997, -22.789585399999968], [-43.34215139999998, -22.790213599999955], [-43.342141599999934, -22.790618599999952], [-43.342101699999944, -22.79089519999997], [-43.342089699999974, -22.791091999999942], [-43.34208739999997, -22.79112909999997], [-43.342130199999986, -22.79134299999992], [-43.34211019999998, -22.79170239999996], [-43.34202749999997, -22.791941999999956], [-43.34197169999993, -22.79200509999998], [-43.34187639999993, -22.79211309999993], [-43.34174229999997, -22.792281399999972], [-43.34161109999997, -22.79247529999997], [-43.341408599999966, -22.792700599999936], [-43.34129739999997, -22.792837499999962], [-43.34118889999996, -22.79299759999997], [-43.34112339999996, -22.793094199999924], [-43.34098929999993, -22.79313989999997], [-43.34080389999997, -22.793139899999968], [-43.34046299999994, -22.79309289999997], [-43.33931949999993, -22.793086599999977], [-43.339368399999955, -22.793822299999935], [-43.33937219999996, -22.793932799999936], [-43.33935789999998, -22.794083899999972], [-43.33936079999995, -22.79430919999993], [-43.33940629999995, -22.79448889999998], [-43.340053799999964, -22.79446759999996], [-43.34018389999994, -22.794555799999948], [-43.34066349999995, -22.794881099999934], [-43.34115899999995, -22.794239399999977], [-43.34145619999998, -22.79381919999997], [-43.34182029999994, -22.793304499999984], [-43.34198619999995, -22.793069999999943], [-43.34263499999997, -22.792292799999924], [-43.34276339999997, -22.791843599999932], [-43.34286529999998, -22.789786199999977], [-43.342706299999975, -22.789648799999945], [-43.34262359999997, -22.78959749999996], [-43.342556599999966, -22.789576099999973], [-43.34215539999997, -22.789585399999968]]]}, "properties": {"id": "330510905000296", "name": "Setor 330510905000296", "meanMonthlyBRL": 1526.77, "medianMonthlyBRL": 1212.0, "status": "published", "sourceTerritoryType": "census_sector", "overlayColor": "#c6dbef"}}, {"type": "Feature", "geometry": {"type": "Polygon", "coordinates": [[[-43.34175979999998, -22.773798499999938], [-43.34199249999995, -22.775409699999955], [-43.34207399999997, -22.775972799999973], [-43.34260309999996, -22.775956699999934], [-43.34275619999994, -22.775946599999937], [-43.34326009999995, -22.77609399999994], [-43.34402549999993, -22.77657409999994], [-43.34409459999995, -22.776580699999954], [-43.344272599999954, -22.776597899999956], [-43.34449129999996, -22.776540799999957], [-43.344890599999985, -22.776645399999953], [-43.34579569999994, -22.776957799999927], [-43.34593639999997, -22.776631099999978], [-43.34594589999995, -22.776421999999965], [-43.34582229999995, -22.776250799999957], [-43.345764299999985, -22.776227599999974], [-43.34529939999993, -22.77604169999995], [-43.344417299999975, -22.775773499999957], [-43.34465289999997, -22.77566139999993], [-43.344800299999974, -22.775499799999974], [-43.34488579999993, -22.775307399999974], [-43.34483829999994, -22.77530009999997], [-43.34456259999996, -22.775247799999935], [-43.34432019999997, -22.775114699999953], [-43.344196599999975, -22.77492929999994], [-43.34411579999994, -22.77477249999998], [-43.34403969999994, -22.774715399999934], [-43.34396369999996, -22.77465839999996], [-43.34386379999995, -22.774477799999943], [-43.343763999999965, -22.77426379999998], [-43.34369359999994, -22.774052599999944], [-43.34364039999997, -22.774035699999953], [-43.34324259999994, -22.773973299999962], [-43.343155499999966, -22.773959599999948], [-43.342834299999936, -22.773882299999965], [-43.34277999999995, -22.773869299999944], [-43.34251859999995, -22.773778999999926], [-43.34248009999993, -22.77372589999993], [-43.34175979999998, -22.773798499999938]]]}, "properties": {"id": "330510905000298", "name": "Setor 330510905000298", "meanMonthlyBRL": 1840.61, "medianMonthlyBRL": 1212.0, "status": "published", "sourceTerritoryType": "census_sector", "overlayColor": "#c6dbef"}}, {"type": "Feature", "geometry": {"type": "Polygon", "coordinates": [[[-43.34488579999993, -22.775307399999974], [-43.344800299999974, -22.775499799999974], [-43.34465289999997, -22.77566139999993], [-43.344417299999975, -22.775773499999957], [-43.34529939999993, -22.77604169999995], [-43.345764299999985, -22.776227599999974], [-43.34582229999995, -22.776250799999957], [-43.34594589999995, -22.776421999999965], [-43.34593639999997, -22.776631099999978], [-43.34579569999994, -22.776957799999927], [-43.34607539999996, -22.77705769999995], [-43.34622159999998, -22.776740499999953], [-43.34617879999996, -22.77609869999997], [-43.34609369999998, -22.775743199999965], [-43.345971599999984, -22.77523309999998], [-43.34597549999995, -22.775185399999934], [-43.345999499999955, -22.775114599999938], [-43.346058199999966, -22.775056199999938], [-43.34635289999994, -22.774890899999946], [-43.34641849999998, -22.774869499999962], [-43.34650399999998, -22.77486819999996], [-43.346695799999964, -22.774930499999982], [-43.34683009999998, -22.77504819999995], [-43.346909299999936, -22.774850999999952], [-43.34656929999994, -22.774661199999965], [-43.346526799999936, -22.77462369999995], [-43.34650229999994, -22.77458629999995], [-43.34648199999998, -22.774545799999938], [-43.34647199999995, -22.774512499999954], [-43.346465999999964, -22.774492499999948], [-43.34646399999997, -22.77443019999998], [-43.346340399999974, -22.774382699999936], [-43.346256799999935, -22.77433329999997], [-43.346123499999976, -22.774254699999968], [-43.34585049999998, -22.774097299999944], [-43.345817599999975, -22.774078499999977], [-43.34564389999997, -22.773947899999943], [-43.34560359999995, -22.773997599999966], [-43.34542779999998, -22.774377899999926], [-43.34518529999997, -22.77456329999995], [-43.34503319999993, -22.774748699999975], [-43.345023699999956, -22.774972099999953], [-43.34491439999994, -22.775243099999955], [-43.34488579999993, -22.775307399999974]]]}, "properties": {"id": "330510905000299", "name": "Setor 330510905000299", "meanMonthlyBRL": 1657.62, "medianMonthlyBRL": 1625.0, "status": "published", "sourceTerritoryType": "census_sector", "overlayColor": "#9ecae1"}}, {"type": "Feature", "geometry": {"type": "Polygon", "coordinates": [[[-43.34144799999996, -22.777369199999953], [-43.34144649999996, -22.77740129999996], [-43.34144259999994, -22.77748829999996], [-43.34144159999994, -22.777511099999977], [-43.34144159999994, -22.777513099999958], [-43.34144169999997, -22.777514999999934], [-43.34109289999998, -22.77748809999997], [-43.34085519999997, -22.777564199999972], [-43.34043689999993, -22.777830399999964], [-43.34007359999998, -22.777917499999948], [-43.34009869999994, -22.77794869999997], [-43.34108509999993, -22.77807599999994], [-43.342202199999974, -22.77828519999997], [-43.34342859999998, -22.778484799999948], [-43.34352429999996, -22.778500599999965], [-43.34394669999995, -22.778570399999975], [-43.34496249999995, -22.77898469999997], [-43.34542909999993, -22.778466599999945], [-43.34370839999997, -22.77786199999997], [-43.343384199999946, -22.777748099999933], [-43.343184099999974, -22.777453499999982], [-43.34292739999995, -22.77724429999995], [-43.34249959999994, -22.777096999999962], [-43.34220469999997, -22.777021499999933], [-43.342214799999965, -22.777145799999968], [-43.34201919999998, -22.777326399999932], [-43.34192639999998, -22.777396499999956], [-43.34181569999999, -22.77744869999998], [-43.341707499999984, -22.777468699999933], [-43.34160859999997, -22.777460499999954], [-43.34155149999998, -22.777438899999936], [-43.34144799999996, -22.777369199999953]]]}, "properties": {"id": "330510905000300", "name": "Setor 330510905000300", "meanMonthlyBRL": 1774.89, "medianMonthlyBRL": 1212.0, "status": "published", "sourceTerritoryType": "census_sector", "overlayColor": "#c6dbef"}}, {"type": "Feature", "geometry": {"type": "Polygon", "coordinates": [[[-43.33985389999998, -22.778993399999933], [-43.340416599999976, -22.779539299999957], [-43.34047879999997, -22.77937539999993], [-43.34050079999998, -22.77926759999996], [-43.34053009999997, -22.779124399999944], [-43.340598599999964, -22.778916199999962], [-43.34073829999994, -22.778770699999946], [-43.34091519999998, -22.778747899999924], [-43.34125169999993, -22.778779299999943], [-43.341521299999954, -22.77882339999996], [-43.341565499999945, -22.77883059999994], [-43.34181929999994, -22.778847699999965], [-43.342058899999984, -22.77891619999997], [-43.34273769999993, -22.779018899999983], [-43.342934499999956, -22.779047399999964], [-43.34297699999996, -22.779051099999943], [-43.34315979999997, -22.779067299999955], [-43.34352199999995, -22.779144399999947], [-43.343804399999954, -22.77920419999998], [-43.34390229999997, -22.779218599999975], [-43.344056499999965, -22.779241199999944], [-43.34404589999997, -22.779180999999934], [-43.34397489999998, -22.77900969999996], [-43.34352429999996, -22.778500599999965], [-43.34342859999998, -22.778484799999948], [-43.342202199999974, -22.77828519999997], [-43.34108509999993, -22.77807599999994], [-43.34009869999994, -22.77794869999997], [-43.34007359999998, -22.777917499999948], [-43.33985389999998, -22.778993399999933]]]}, "properties": {"id": "330510905000301", "name": "Setor 330510905000301", "meanMonthlyBRL": 1622.14, "medianMonthlyBRL": 1450.0, "status": "published", "sourceTerritoryType": "census_sector", "overlayColor": "#c6dbef"}}, {"type": "Feature", "geometry": {"type": "Polygon", "coordinates": [[[-43.34653009999994, -22.77267529999994], [-43.34761869999994, -22.77296349999995], [-43.34842609999998, -22.773430699999942], [-43.348546099999965, -22.77336439999993], [-43.34881709999996, -22.773745699999946], [-43.34894479999997, -22.77389229999994], [-43.349157299999945, -22.773787099999936], [-43.34915689999997, -22.773754599999965], [-43.34897129999996, -22.773464999999923], [-43.34888569999998, -22.773203599999935], [-43.34886759999995, -22.772748899999954], [-43.348866699999974, -22.772732999999956], [-43.34884959999994, -22.77266789999993], [-43.34879539999997, -22.77246199999996], [-43.34867179999998, -22.77205799999996], [-43.34864709999994, -22.771991899999932], [-43.34864029999994, -22.77197359999996], [-43.348550699999976, -22.771733999999977], [-43.34848159999996, -22.771549299999947], [-43.34813699999995, -22.771016399999947], [-43.347678299999984, -22.77036569999996], [-43.347636199999954, -22.770221999999922], [-43.34747809999993, -22.770008299999976], [-43.34744509999996, -22.769963599999976], [-43.347197899999976, -22.769949399999973], [-43.346964999999955, -22.769597599999937], [-43.346708099999944, -22.769351299999986], [-43.346437299999934, -22.76909369999992], [-43.34630309999994, -22.768885599999972], [-43.34590099999997, -22.769348799999932], [-43.345883399999934, -22.769383799999957], [-43.34557279999996, -22.770000799999924], [-43.34562239999997, -22.771505299999944], [-43.34649609999997, -22.772533199999938], [-43.34653009999994, -22.77267529999994]]]}, "properties": {"id": "330510905000302", "name": "Setor 330510905000302", "meanMonthlyBRL": 1054.69, "medianMonthlyBRL": 1000.0, "status": "published", "sourceTerritoryType": "census_sector", "overlayColor": "#c6dbef"}}, {"type": "Feature", "geometry": {"type": "Polygon", "coordinates": [[[-43.34325379999996, -22.769078399999955], [-43.343321599999975, -22.76944579999997], [-43.343361399999935, -22.77001199999995], [-43.343412899999976, -22.770231999999965], [-43.34354769999993, -22.770420299999945], [-43.34353219999997, -22.770601699999926], [-43.34359209999997, -22.770707499999958], [-43.34366309999996, -22.771004799999957], [-43.34364449999998, -22.77126849999996], [-43.34371239999996, -22.771399599999942], [-43.34374959999997, -22.771435999999937], [-43.344309099999975, -22.771984499999977], [-43.34444949999994, -22.772052399999954], [-43.34495329999993, -22.77275389999994], [-43.34504979999997, -22.772888199999947], [-43.345545399999935, -22.773517699999953], [-43.34552379999997, -22.773626699999966], [-43.34548099999995, -22.773702599999982], [-43.345496699999956, -22.77373109999997], [-43.34550569999993, -22.773822899999967], [-43.345534999999984, -22.773881899999935], [-43.34564389999997, -22.773947899999943], [-43.345817599999975, -22.774078499999977], [-43.34585049999998, -22.774097299999944], [-43.346123499999976, -22.774254699999968], [-43.346256799999935, -22.77433329999997], [-43.346340399999974, -22.774382699999936], [-43.34646399999997, -22.77443019999998], [-43.346697699999936, -22.77372619999994], [-43.34683009999998, -22.773327399999964], [-43.346793299999945, -22.77328329999994], [-43.34648409999994, -22.773052399999987], [-43.34638649999994, -22.77292609999995], [-43.346326199999965, -22.772788099999957], [-43.346329699999956, -22.772704799999925], [-43.34638839999997, -22.77266629999997], [-43.34653009999994, -22.77267529999994], [-43.34649609999997, -22.772533199999938], [-43.34562239999997, -22.771505299999944], [-43.34557279999996, -22.770000799999924], [-43.345883399999934, -22.769383799999957], [-43.34590099999997, -22.769348799999932], [-43.34630309999994, -22.768885599999972], [-43.346204399999976, -22.76873249999994], [-43.346078499999976, -22.76861359999998], [-43.34571479999994, -22.768280899999972], [-43.34544869999996, -22.76807899999994], [-43.345330699999984, -22.767980699999956], [-43.34491329999997, -22.76802619999995], [-43.344670399999984, -22.768089299999925], [-43.34461699999997, -22.76835489999996], [-43.34472159999996, -22.768573599999968], [-43.34471209999998, -22.768711399999976], [-43.34468919999995, -22.768895399999963], [-43.34456359999996, -22.76897369999995], [-43.34447019999993, -22.768993199999958], [-43.34436899999997, -22.768978199999932], [-43.344325199999965, -22.76891959999994], [-43.34416319999997, -22.768499099999925], [-43.34404869999997, -22.768214299999958], [-43.34369949999996, -22.767694199999934], [-43.343552199999976, -22.767898599999967], [-43.34350389999997, -22.767990799999946], [-43.34340659999998, -22.768237399999965], [-43.34349989999998, -22.768288299999934], [-43.34354499999995, -22.768323899999924], [-43.343541399999935, -22.768384999999963], [-43.34341019999994, -22.768653099999938], [-43.34329839999998, -22.769050999999934], [-43.34325379999996, -22.769078399999955]]]}, "properties": {"id": "330510905000303", "name": "Setor 330510905000303", "meanMonthlyBRL": 1108.88, "medianMonthlyBRL": 1212.0, "status": "published", "sourceTerritoryType": "census_sector", "overlayColor": "#c6dbef"}}, {"type": "Feature", "geometry": {"type": "Polygon", "coordinates": [[[-43.34325379999996, -22.769078399999955], [-43.34329839999998, -22.769050999999934], [-43.34341019999994, -22.768653099999938], [-43.343541399999935, -22.768384999999963], [-43.34354499999995, -22.768323899999924], [-43.34349989999998, -22.768288299999934], [-43.34340659999998, -22.768237399999965], [-43.34350389999997, -22.767990799999946], [-43.343552199999976, -22.767898599999967], [-43.34369949999996, -22.767694199999934], [-43.34381599999995, -22.76734919999995], [-43.34363129999997, -22.76730589999993], [-43.34329379999997, -22.76726309999998], [-43.34277099999997, -22.767258999999964], [-43.34269519999998, -22.768345699999937], [-43.34274839999995, -22.768526999999953], [-43.342782399999976, -22.76864269999993], [-43.342992899999956, -22.76908969999994], [-43.34325379999996, -22.769078399999955]]]}, "properties": {"id": "330510905000304", "name": "Setor 330510905000304", "meanMonthlyBRL": 1264.57, "medianMonthlyBRL": 1200.0, "status": "published", "sourceTerritoryType": "census_sector", "overlayColor": "#c6dbef"}}, {"type": "Feature", "geometry": {"type": "Polygon", "coordinates": [[[-43.33385809999993, -22.77344979999997], [-43.333806899999956, -22.77360529999992], [-43.33384259999997, -22.77397959999996], [-43.334945999999945, -22.774910299999927], [-43.33503799999994, -22.77500509999992], [-43.33577839999998, -22.775287199999976], [-43.336258499999985, -22.775482099999977], [-43.336617099999955, -22.775547399999933], [-43.336847999999975, -22.775591399999936], [-43.33704759999995, -22.775496399999945], [-43.33729949999997, -22.775287199999976], [-43.337059899999986, -22.775109299999936], [-43.336524699999984, -22.774711999999973], [-43.33631079999998, -22.77463119999993], [-43.335982799999954, -22.77442679999996], [-43.33583539999995, -22.774277099999946], [-43.33568809999997, -22.774127299999968], [-43.335374299999955, -22.77375649999994], [-43.33532679999996, -22.77361869999993], [-43.335317299999986, -22.77314809999996], [-43.33518109999994, -22.77336319999994], [-43.33509109999994, -22.77341839999997], [-43.33497719999997, -22.773472299999977], [-43.334870499999965, -22.773502499999953], [-43.33470969999996, -22.77351149999992], [-43.33385809999993, -22.77344979999997]]]}, "properties": {"id": "330510905000306", "name": "Setor 330510905000306", "meanMonthlyBRL": 2201.12, "medianMonthlyBRL": 1500.0, "status": "published", "sourceTerritoryType": "census_sector", "overlayColor": "#9ecae1"}}, {"type": "Feature", "geometry": {"type": "Polygon", "coordinates": [[[-43.33099349999998, -22.77480929999996], [-43.331002799999965, -22.77509349999997], [-43.33094059999996, -22.77686109999996], [-43.33089309999997, -22.777574099999974], [-43.330812299999934, -22.777873599999968], [-43.33083599999998, -22.778058999999928], [-43.331491999999976, -22.77799719999995], [-43.33157279999995, -22.778120799999957], [-43.33158709999998, -22.778757799999937], [-43.33131139999995, -22.779009699999964], [-43.33180609999994, -22.77923589999994], [-43.33201999999994, -22.779335699999937], [-43.33230039999995, -22.779278699999956], [-43.332989699999985, -22.778907899999968], [-43.33349659999993, -22.77867589999994], [-43.333664699999986, -22.778598899999963], [-43.33370129999997, -22.778586699999952], [-43.335009999999954, -22.778152099999943], [-43.33504019999998, -22.778134099999935], [-43.33631249999996, -22.777377199999933], [-43.33639599999998, -22.777315799999936], [-43.33720469999997, -22.77672089999993], [-43.33704769999997, -22.776500199999923], [-43.336427399999934, -22.776111599999975], [-43.33567329999994, -22.775608899999952], [-43.33517939999996, -22.775491599999956], [-43.33504629999993, -22.775434599999976], [-43.334585199999935, -22.77535849999998], [-43.33271709999997, -22.77407979999999], [-43.33234769999996, -22.774313199999927], [-43.33220079999995, -22.774422799999968], [-43.33198669999996, -22.77466089999995], [-43.33178809999998, -22.774784299999958], [-43.331575999999984, -22.774889199999958], [-43.33144489999995, -22.774934499999965], [-43.33117059999995, -22.774900099999964], [-43.33099349999998, -22.77480929999996]]]}, "properties": {"id": "330510905000307", "name": "Setor 330510905000307", "meanMonthlyBRL": 1449.69, "medianMonthlyBRL": 1450.0, "status": "published", "sourceTerritoryType": "census_sector", "overlayColor": "#c6dbef"}}, {"type": "Feature", "geometry": {"type": "Polygon", "coordinates": [[[-43.34020289999995, -22.766071999999955], [-43.340869699999985, -22.76673889999995], [-43.34092179999993, -22.766670899999955], [-43.34096469999997, -22.766639899999973], [-43.34148369999997, -22.766614699999934], [-43.34187249999997, -22.766607099999923], [-43.341776799999934, -22.766502299999956], [-43.34164369999996, -22.766356599999934], [-43.34150839999995, -22.766042299999977], [-43.34173789999994, -22.764945199999936], [-43.34174219999994, -22.764623499999967], [-43.34177869999996, -22.76454459999996], [-43.341596899999956, -22.764371399999952], [-43.34119399999998, -22.764214599999946], [-43.34068329999997, -22.764109299999962], [-43.34039539999998, -22.76528539999998], [-43.34020289999995, -22.766071999999955]]]}, "properties": {"id": "330510905000308", "name": "Setor 330510905000308", "meanMonthlyBRL": 1663.22, "medianMonthlyBRL": 1500.0, "status": "published", "sourceTerritoryType": "census_sector", "overlayColor": "#9ecae1"}}, {"type": "Feature", "geometry": {"type": "Polygon", "coordinates": [[[-43.337199699999985, -22.76854189999995], [-43.33728529999996, -22.768560899999944], [-43.33748019999996, -22.768646399999966], [-43.33766559999998, -22.768917399999964], [-43.33773209999998, -22.76919309999994], [-43.33768459999993, -22.769392699999973], [-43.33743259999994, -22.769473599999973], [-43.33774729999993, -22.769810199999934], [-43.33814199999995, -22.770238999999954], [-43.338153499999976, -22.770213599999977], [-43.33895379999996, -22.768228099999934], [-43.338093399999934, -22.767595899999943], [-43.33749919999997, -22.76725359999994], [-43.33738859999994, -22.76714699999997], [-43.337246799999946, -22.76731009999997], [-43.33719629999997, -22.76736819999996], [-43.33711549999998, -22.767734199999953], [-43.33710599999995, -22.768076499999943], [-43.33714079999993, -22.768471899999945], [-43.337199699999985, -22.76854189999995]]]}, "properties": {"id": "330510905000309", "name": "Setor 330510905000309", "meanMonthlyBRL": 1326.84, "medianMonthlyBRL": 1212.0, "status": "published", "sourceTerritoryType": "census_sector", "overlayColor": "#c6dbef"}}, {"type": "Feature", "geometry": {"type": "Polygon", "coordinates": [[[-43.337215699999945, -22.77152709999995], [-43.337685299999976, -22.771910199999983], [-43.33826449999999, -22.77238279999995], [-43.338309299999935, -22.77243419999996], [-43.33832399999994, -22.772419499999955], [-43.33865769999994, -22.772167799999977], [-43.33880069999998, -22.772089099999953], [-43.338882799999965, -22.77204159999996], [-43.33925279999994, -22.771831799999976], [-43.33923209999995, -22.77181409999996], [-43.33778909999995, -22.770657199999963], [-43.33776539999997, -22.77063819999995], [-43.337019099999964, -22.76982059999994], [-43.33671879999997, -22.770160599999937], [-43.33623229999995, -22.770742199999972], [-43.337215699999945, -22.77152709999995]]]}, "properties": {"id": "330510905000310", "name": "Setor 330510905000310", "meanMonthlyBRL": 1422.0, "medianMonthlyBRL": 1212.0, "status": "published", "sourceTerritoryType": "census_sector", "overlayColor": "#c6dbef"}}, {"type": "Feature", "geometry": {"type": "Polygon", "coordinates": [[[-43.33498929999996, -22.769782499999966], [-43.334984599999984, -22.76982059999994], [-43.33478969999993, -22.77035299999994], [-43.33484189999996, -22.770557399999973], [-43.334974999999986, -22.770680999999968], [-43.33527929999997, -22.77110399999998], [-43.335379099999955, -22.771778999999988], [-43.335559699999976, -22.771778999999977], [-43.33593999999994, -22.771707699999975], [-43.336500899999976, -22.77160789999994], [-43.337215699999945, -22.77152709999995], [-43.33623229999995, -22.770742199999972], [-43.33671879999997, -22.770160599999937], [-43.337019099999964, -22.76982059999994], [-43.33776539999997, -22.77063819999995], [-43.33814199999995, -22.770238999999954], [-43.33774729999993, -22.769810199999934], [-43.33743259999994, -22.769473599999973], [-43.33716419999996, -22.76964819999995], [-43.33626239999995, -22.768585799999986], [-43.336206199999936, -22.768589399999943], [-43.33593069999995, -22.76854949999995], [-43.335844899999984, -22.76853709999994], [-43.335488399999974, -22.768389699999947], [-43.335392499999955, -22.76874819999994], [-43.33510809999996, -22.76981109999997], [-43.33498929999996, -22.769782499999966]]]}, "properties": {"id": "330510905000311", "name": "Setor 330510905000311", "meanMonthlyBRL": 1733.41, "medianMonthlyBRL": 1240.0, "status": "published", "sourceTerritoryType": "census_sector", "overlayColor": "#c6dbef"}}, {"type": "Feature", "geometry": {"type": "Polygon", "coordinates": [[[-43.35153939999998, -22.794463299999954], [-43.35184019999997, -22.79479739999993], [-43.35204229999994, -22.79502889999997], [-43.35224109999996, -22.79481979999997], [-43.35295129999997, -22.79424079999995], [-43.35349889999998, -22.79402969999995], [-43.35362299999997, -22.79388679999993], [-43.35356299999995, -22.793849999999956], [-43.351955799999985, -22.79256629999997], [-43.35186399999998, -22.792494899999948], [-43.35183889999997, -22.792475299999968], [-43.35183509999996, -22.792706199999937], [-43.35183319999993, -22.792823299999945], [-43.35178599999995, -22.793023399999985], [-43.35156439999997, -22.79399939999996], [-43.35154509999995, -22.794086799999942], [-43.35153939999998, -22.794463299999954]]]}, "properties": {"id": "330510905000312", "name": "Setor 330510905000312", "meanMonthlyBRL": 4789.73, "medianMonthlyBRL": 3001.0, "status": "published", "sourceTerritoryType": "census_sector", "overlayColor": "#3182bd"}}, {"type": "Feature", "geometry": {"type": "Polygon", "coordinates": [[[-43.37510449999996, -22.808067299999948], [-43.37514919999995, -22.808101199999953], [-43.37535109999993, -22.80824759999996], [-43.37535419999995, -22.80824959999995], [-43.37553529999997, -22.808366099999947], [-43.37560769999993, -22.808408099999948], [-43.37576549999994, -22.808499699999974], [-43.375845099999935, -22.808570799999927], [-43.375924699999985, -22.808641899999934], [-43.376129599999956, -22.808914099999978], [-43.37618299999997, -22.808984899999928], [-43.376266199999975, -22.80909549999996], [-43.376322699999946, -22.809170599999963], [-43.37635679999994, -22.809278699999933], [-43.37644779999994, -22.80990689999993], [-43.37651249999993, -22.81032289999996], [-43.37651319999998, -22.810327599999933], [-43.37654599999996, -22.810484899999953], [-43.37663259999994, -22.81062329999998], [-43.376734899999974, -22.810739799999965], [-43.37676759999994, -22.81076369999993], [-43.37677179999997, -22.810766799999953], [-43.37680579999994, -22.810672599999968], [-43.37725779999994, -22.810324899999948], [-43.37657349999995, -22.809405699999964], [-43.37618439999994, -22.808836099999947], [-43.376047599999936, -22.808631099999953], [-43.37650129999997, -22.807961199999962], [-43.37533999999994, -22.80712019999993], [-43.37531149999995, -22.80722399999996], [-43.375234999999975, -22.807550899999963], [-43.37512769999995, -22.807975399999975], [-43.37510449999996, -22.808067299999948]]]}, "properties": {"id": "330510905000313", "name": "Setor 330510905000313", "meanMonthlyBRL": 1846.38, "medianMonthlyBRL": 1300.0, "status": "published", "sourceTerritoryType": "census_sector", "overlayColor": "#c6dbef"}}, {"type": "Feature", "geometry": {"type": "Polygon", "coordinates": [[[-43.37780769999995, -22.80262869999996], [-43.37787939999998, -22.80263999999994], [-43.37804559999995, -22.802665999999935], [-43.37809829999998, -22.802674199999945], [-43.378337699999975, -22.802712799999938], [-43.37845969999995, -22.802730699999927], [-43.37869909999995, -22.802764099999937], [-43.37890299999998, -22.802806899999958], [-43.379447099999936, -22.802921199999957], [-43.37972739999998, -22.80298009999996], [-43.37997879999995, -22.801914399999927], [-43.37985249999997, -22.80189259999998], [-43.378932099999986, -22.801734199999935], [-43.37815009999997, -22.80160609999996], [-43.377943399999936, -22.802230799999958], [-43.37780769999995, -22.80262869999996]]]}, "properties": {"id": "330510905000314", "name": "Setor 330510905000314", "meanMonthlyBRL": 2470.02, "medianMonthlyBRL": 2000.0, "status": "published", "sourceTerritoryType": "census_sector", "overlayColor": "#6baed6"}}, {"type": "Feature", "geometry": {"type": "Polygon", "coordinates": [[[-43.37502189999998, -22.79624069999995], [-43.37506799999994, -22.79633329999996], [-43.37616419999995, -22.79695339999995], [-43.37770059999997, -22.79773479999994], [-43.37822239999997, -22.79686729999997], [-43.376721299999986, -22.796079099999922], [-43.37533429999996, -22.79535159999994], [-43.37502189999998, -22.79624069999995]]]}, "properties": {"id": "330510905000315", "name": "Setor 330510905000315", "meanMonthlyBRL": 1890.69, "medianMonthlyBRL": 1250.0, "status": "published", "sourceTerritoryType": "census_sector", "overlayColor": "#c6dbef"}}, {"type": "Feature", "geometry": {"type": "Polygon", "coordinates": [[[-43.36247019999996, -22.797821199999923], [-43.36349179999996, -22.798101899999946], [-43.364519399999956, -22.798384199999926], [-43.364841299999966, -22.797429799999975], [-43.363819099999944, -22.797130799999934], [-43.36280449999998, -22.796833999999937], [-43.36247019999996, -22.797821199999923]]]}, "properties": {"id": "330510905000316", "name": "Setor 330510905000316", "meanMonthlyBRL": 1783.43, "medianMonthlyBRL": 1400.0, "status": "published", "sourceTerritoryType": "census_sector", "overlayColor": "#c6dbef"}}, {"type": "Feature", "geometry": {"type": "Polygon", "coordinates": [[[-43.36324179999997, -22.802172599999942], [-43.364289299999946, -22.802467499999977], [-43.36461149999997, -22.801511699999935], [-43.364905299999975, -22.80061539999997], [-43.364809199999975, -22.800587599999968], [-43.36387499999995, -22.800295099999975], [-43.36356809999995, -22.80120529999994], [-43.36339129999993, -22.80172929999997], [-43.36324179999997, -22.802172599999942]]]}, "properties": {"id": "330510905000317", "name": "Setor 330510905000317", "meanMonthlyBRL": 1786.61, "medianMonthlyBRL": 1400.0, "status": "published", "sourceTerritoryType": "census_sector", "overlayColor": "#c6dbef"}}, {"type": "Feature", "geometry": {"type": "Polygon", "coordinates": [[[-43.38075059999994, -22.79309009999997], [-43.38168479999996, -22.793587499999937], [-43.38256979999994, -22.79405869999993], [-43.38272639999997, -22.79382059999995], [-43.38309839999994, -22.793256399999954], [-43.38313859999994, -22.793195999999966], [-43.38223259999995, -22.79272379999998], [-43.38129939999994, -22.792237499999942], [-43.38075059999994, -22.79309009999997]]]}, "properties": {"id": "330510905000318", "name": "Setor 330510905000318", "meanMonthlyBRL": 1601.15, "medianMonthlyBRL": 1212.0, "status": "published", "sourceTerritoryType": "census_sector", "overlayColor": "#c6dbef"}}, {"type": "Feature", "geometry": {"type": "Polygon", "coordinates": [[[-43.37924149999998, -22.792286599999954], [-43.38075059999994, -22.79309009999997], [-43.38129939999994, -22.792237499999942], [-43.38087569999993, -22.79201669999998], [-43.37980239999996, -22.79142999999993], [-43.37939689999996, -22.792065999999984], [-43.37924149999998, -22.792286599999954]]]}, "properties": {"id": "330510905000319", "name": "Setor 330510905000319", "meanMonthlyBRL": 2053.6, "medianMonthlyBRL": 1500.0, "status": "published", "sourceTerritoryType": "census_sector", "overlayColor": "#9ecae1"}}, {"type": "Feature", "geometry": {"type": "Polygon", "coordinates": [[[-43.37760469999995, -22.789997299999985], [-43.37746699999997, -22.790233999999938], [-43.378018699999984, -22.79052769999993], [-43.37855269999994, -22.789632799999932], [-43.37876939999995, -22.78930889999998], [-43.37892149999993, -22.789028599999934], [-43.37909719999993, -22.788730599999948], [-43.37848159999993, -22.788415199999974], [-43.37826049999995, -22.788828399999936], [-43.377984399999946, -22.78932969999994], [-43.37777969999996, -22.789701299999933], [-43.37760469999995, -22.789997299999985]]]}, "properties": {"id": "330510905000320", "name": "Setor 330510905000320", "meanMonthlyBRL": 2162.26, "medianMonthlyBRL": 1500.0, "status": "published", "sourceTerritoryType": "census_sector", "overlayColor": "#9ecae1"}}, {"type": "Feature", "geometry": {"type": "Polygon", "coordinates": [[[-43.360784699999954, -22.789335099999956], [-43.360654899999986, -22.789357899999967], [-43.36036969999998, -22.78945199999998], [-43.360285799999986, -22.789474299999938], [-43.35993899999994, -22.789566099999945], [-43.35906339999997, -22.789842599999925], [-43.358912299999986, -22.78988839999994], [-43.35839029999994, -22.78996259999996], [-43.35815539999993, -22.789975799999976], [-43.35756909999998, -22.790016799999933], [-43.35730199999995, -22.790041799999987], [-43.35724719999996, -22.790052299999957], [-43.35704229999993, -22.790094799999956], [-43.35752269999995, -22.790442099999954], [-43.35769409999995, -22.790681899999974], [-43.35799799999995, -22.791844399999945], [-43.35822619999993, -22.793099299999938], [-43.358482899999956, -22.794030999999958], [-43.35881089999998, -22.79434479999997], [-43.35934329999998, -22.794582499999922], [-43.360113499999954, -22.79483809999993], [-43.36041759999995, -22.794021499999925], [-43.36041159999996, -22.793978199999966], [-43.36036169999994, -22.793796999999927], [-43.36036059999998, -22.793612699999983], [-43.36062449999997, -22.793229599999954], [-43.360775399999966, -22.79294989999994], [-43.36121529999997, -22.791775999999967], [-43.36163449999998, -22.790657099999972], [-43.36202419999995, -22.789617199999945], [-43.361404999999934, -22.78941209999994], [-43.36120539999996, -22.78931799999998], [-43.36102859999994, -22.789295199999973], [-43.360784699999954, -22.789335099999956]]]}, "properties": {"id": "330510905000321", "name": "Setor 330510905000321", "meanMonthlyBRL": 1885.28, "medianMonthlyBRL": 1500.0, "status": "published", "sourceTerritoryType": "census_sector", "overlayColor": "#9ecae1"}}, {"type": "Feature", "geometry": {"type": "Polygon", "coordinates": [[[-43.358340099999964, -22.78592839999993], [-43.358401699999945, -22.78597689999998], [-43.358464099999935, -22.78602409999996], [-43.359241699999984, -22.78662549999995], [-43.359306199999935, -22.78671369999995], [-43.35934629999997, -22.786461499999966], [-43.35940809999994, -22.786299899999957], [-43.359602999999936, -22.786219099999986], [-43.359807399999966, -22.786157299999953], [-43.36000229999996, -22.78602899999993], [-43.360178099999985, -22.78581509999998], [-43.36032069999993, -22.785525099999973], [-43.360311199999956, -22.78532539999998], [-43.36024469999995, -22.785054499999944], [-43.36018039999993, -22.784962899999975], [-43.36011609999997, -22.784871299999963], [-43.35998319999994, -22.784745499999932], [-43.360182899999984, -22.784579099999977], [-43.36037299999998, -22.78439849999996], [-43.360472899999934, -22.784251099999956], [-43.36052989999996, -22.78407049999993], [-43.36049189999994, -22.783908899999968], [-43.36034449999994, -22.783742499999953], [-43.36018759999996, -22.783637899999967], [-43.36020599999995, -22.783441099999955], [-43.36003079999995, -22.783366999999945], [-43.35935099999995, -22.78314349999993], [-43.35913709999994, -22.783038999999974], [-43.35868549999998, -22.782896399999974], [-43.35862849999995, -22.782896399999974], [-43.35864749999996, -22.783034199999978], [-43.35870929999993, -22.783153099999936], [-43.358880399999975, -22.783181599999974], [-43.35916559999998, -22.783547599999956], [-43.35933199999994, -22.783713999999975], [-43.35946979999994, -22.783899399999942], [-43.35950459999998, -22.784023699999974], [-43.35952689999994, -22.784103799999965], [-43.35955539999998, -22.784369999999967], [-43.35955749999994, -22.784544999999977], [-43.359540899999956, -22.784579999999945], [-43.359486499999946, -22.784694899999977], [-43.35938109999995, -22.784804099999974], [-43.35933939999995, -22.784836899999956], [-43.35908019999994, -22.78497129999994], [-43.358960199999956, -22.78498729999995], [-43.35857619999996, -22.785097299999958], [-43.35845629999994, -22.785175199999966], [-43.358448299999964, -22.785299199999937], [-43.35845629999994, -22.785479199999944], [-43.358412499999986, -22.785619799999953], [-43.358380299999965, -22.785851199999968], [-43.358340099999964, -22.78592839999993]]]}, "properties": {"id": "330510905000322", "name": "Setor 330510905000322", "meanMonthlyBRL": 2075.69, "medianMonthlyBRL": 1400.0, "status": "published", "sourceTerritoryType": "census_sector", "overlayColor": "#c6dbef"}}, {"type": "Feature", "geometry": {"type": "Polygon", "coordinates": [[[-43.34988409999994, -22.791028499999978], [-43.34985379999995, -22.791037799999966], [-43.34967169999993, -22.791155899999975], [-43.35012699999993, -22.791681799999935], [-43.351048299999945, -22.791364099999953], [-43.35132839999994, -22.79129449999994], [-43.35158219999994, -22.79132869999995], [-43.35174189999998, -22.79142569999994], [-43.35187029999997, -22.791605399999973], [-43.35194439999998, -22.791867799999974], [-43.35205279999997, -22.79221289999997], [-43.35209869999994, -22.792425099999946], [-43.35240179999994, -22.79237929999994], [-43.35248349999995, -22.79236689999993], [-43.35274309999994, -22.792229999999957], [-43.35276609999994, -22.79221069999994], [-43.35262739999996, -22.791735299999974], [-43.35246069999994, -22.79125169999998], [-43.35248349999995, -22.79103209999993], [-43.35257759999996, -22.790806799999924], [-43.35253259999996, -22.79028089999997], [-43.35189879999996, -22.790398899999957], [-43.35165639999997, -22.790498799999963], [-43.35135319999995, -22.790570399999982], [-43.34988409999994, -22.791028499999978]]]}, "properties": {"id": "330510905000323", "name": "Setor 330510905000323", "meanMonthlyBRL": 1433.91, "medianMonthlyBRL": 1212.0, "status": "published", "sourceTerritoryType": "census_sector", "overlayColor": "#c6dbef"}}, {"type": "Feature", "geometry": {"type": "Polygon", "coordinates": [[[-43.347198499999934, -22.79031049999997], [-43.347283999999945, -22.79035619999997], [-43.34783159999995, -22.790761199999967], [-43.34807979999994, -22.790892399999958], [-43.34843489999997, -22.791057799999976], [-43.34868439999997, -22.79120609999995], [-43.34870499999994, -22.79122649999994], [-43.34892229999997, -22.79144229999996], [-43.349083699999944, -22.791602499999946], [-43.34939179999998, -22.791893499999958], [-43.34946389999993, -22.791972499999932], [-43.34950189999995, -22.792013999999945], [-43.34957149999997, -22.79209029999992], [-43.34977259999994, -22.792223599999936], [-43.349833899999965, -22.792264199999977], [-43.35015619999996, -22.792338399999945], [-43.35045279999997, -22.792312699999968], [-43.350702799999965, -22.792310699999973], [-43.35012699999993, -22.791681799999935], [-43.34967169999993, -22.791155899999975], [-43.34918929999998, -22.790587199999937], [-43.34888979999994, -22.790244899999944], [-43.34865729999996, -22.789985399999978], [-43.34842489999994, -22.789725799999935], [-43.34797709999998, -22.789163999999968], [-43.34784589999998, -22.789018499999944], [-43.34771469999998, -22.788872999999967], [-43.34773809999996, -22.78880239999995], [-43.34780019999994, -22.788704499999938], [-43.34783119999997, -22.788654699999935], [-43.347522899999944, -22.788256699999973], [-43.34698739999993, -22.788373899999964], [-43.346887599999945, -22.788102999999982], [-43.346782099999984, -22.787866199999936], [-43.346667999999966, -22.787786399999952], [-43.34655099999998, -22.787789199999956], [-43.34647689999997, -22.78786619999994], [-43.34642269999995, -22.787985999999933], [-43.34637419999996, -22.788248399999922], [-43.34638559999996, -22.788428099999976], [-43.346439799999985, -22.78852219999992], [-43.34684199999998, -22.789406399999958], [-43.34709579999998, -22.78974579999993], [-43.34737529999995, -22.78991689999998], [-43.34730109999998, -22.790010999999932], [-43.347198499999934, -22.79031049999997]]]}, "properties": {"id": "330510905000324", "name": "Setor 330510905000324", "meanMonthlyBRL": 1235.07, "medianMonthlyBRL": 1001.0, "status": "published", "sourceTerritoryType": "census_sector", "overlayColor": "#c6dbef"}}, {"type": "Feature", "geometry": {"type": "Polygon", "coordinates": [[[-43.348108999999965, -22.78348899999997], [-43.34748669999993, -22.78349319999995], [-43.34729829999998, -22.783472199999952], [-43.347204999999974, -22.783441699999965], [-43.34689679999997, -22.78345419999994], [-43.34677839999995, -22.783585299999974], [-43.34671809999998, -22.783680499999942], [-43.34663519999998, -22.783750599999962], [-43.34642839999998, -22.783771999999935], [-43.34617879999996, -22.783665099999954], [-43.345380199999965, -22.783935999999983], [-43.345920999999976, -22.783994599999975], [-43.34762649999993, -22.784111799999945], [-43.34906659999996, -22.784199799999957], [-43.34990799999997, -22.782281799999954], [-43.34996509999996, -22.781939499999968], [-43.34997669999996, -22.781712999999964], [-43.34931099999994, -22.781683099999956], [-43.349073799999985, -22.782509899999976], [-43.34865309999998, -22.783394099999946], [-43.34825379999995, -22.78350509999996], [-43.348108999999965, -22.78348899999997]]]}, "properties": {"id": "330510905000325", "name": "Setor 330510905000325", "meanMonthlyBRL": 1757.28, "medianMonthlyBRL": 1212.0, "status": "published", "sourceTerritoryType": "census_sector", "overlayColor": "#c6dbef"}}, {"type": "Feature", "geometry": {"type": "Polygon", "coordinates": [[[-43.34496249999995, -22.77898469999997], [-43.344740599999966, -22.77923109999994], [-43.34455669999994, -22.779522099999948], [-43.34463089999997, -22.779531599999924], [-43.344759599999975, -22.779554399999935], [-43.345078099999974, -22.779582899999976], [-43.34524449999998, -22.779682699999963], [-43.345344299999965, -22.779796799999925], [-43.34539179999996, -22.77994419999994], [-43.34541559999997, -22.780262599999958], [-43.34546309999996, -22.78055259999996], [-43.345579499999985, -22.78060079999994], [-43.34560099999994, -22.780609699999957], [-43.34590999999995, -22.78068569999993], [-43.346223699999946, -22.78066669999998], [-43.34649939999997, -22.78070469999995], [-43.34679889999995, -22.780785499999983], [-43.34681219999994, -22.78079379999997], [-43.346812899999975, -22.78079539999993], [-43.34706609999995, -22.780973399999933], [-43.347150599999964, -22.781032699999972], [-43.347216999999944, -22.78114269999997], [-43.347316999999975, -22.781308399999944], [-43.347412099999985, -22.78169349999996], [-43.34756219999997, -22.782064599999956], [-43.347583199999974, -22.78211649999997], [-43.347673499999985, -22.78231139999997], [-43.34778369999998, -22.782516799999936], [-43.34778399999993, -22.782380099999962], [-43.34778619999997, -22.782193399999983], [-43.34781879999997, -22.782153999999927], [-43.34787909999994, -22.78215109999996], [-43.347906199999954, -22.78219619999993], [-43.348280999999986, -22.782126299999955], [-43.348418899999956, -22.78209269999996], [-43.34810609999994, -22.781498599999956], [-43.34788269999996, -22.781118299999946], [-43.347716299999945, -22.780785499999983], [-43.34750239999994, -22.780481299999956], [-43.347231499999964, -22.780305399999975], [-43.34699379999995, -22.78021509999996], [-43.34623799999997, -22.779887099999936], [-43.34612389999995, -22.779815799999938], [-43.346114399999976, -22.779777799999973], [-43.34610489999994, -22.77973979999996], [-43.34625699999998, -22.779530599999926], [-43.34661999999997, -22.778950899999924], [-43.346527599999945, -22.77887659999993], [-43.346473499999945, -22.77885639999993], [-43.34590439999994, -22.778643199999973], [-43.34542909999993, -22.778466599999945], [-43.34496249999995, -22.77898469999997]]]}, "properties": {"id": "330510905000326", "name": "Setor 330510905000326", "meanMonthlyBRL": 1356.85, "medianMonthlyBRL": 1212.0, "status": "published", "sourceTerritoryType": "census_sector", "overlayColor": "#c6dbef"}}, {"type": "Feature", "geometry": {"type": "Polygon", "coordinates": [[[-43.33931289999998, -22.796762999999945], [-43.33932169999997, -22.79920249999998], [-43.339508799999976, -22.79914879999995], [-43.33975739999994, -22.79903119999994], [-43.34002799999996, -22.798756099999938], [-43.34062639999996, -22.79823739999994], [-43.34012279999996, -22.796725799999926], [-43.34001099999995, -22.796727899999954], [-43.33931289999998, -22.796762999999945]]]}, "properties": {"id": "330510905000327", "name": "Setor 330510905000327", "meanMonthlyBRL": 1723.33, "medianMonthlyBRL": 1350.0, "status": "published", "sourceTerritoryType": "census_sector", "overlayColor": "#c6dbef"}}, {"type": "Feature", "geometry": {"type": "Polygon", "coordinates": [[[-43.33249259999997, -22.794158099999944], [-43.33264769999994, -22.79336549999994], [-43.33280289999993, -22.792572899999985], [-43.33149899999995, -22.792290999999977], [-43.331348299999945, -22.793060099999938], [-43.33118899999994, -22.793848699999952], [-43.33249259999997, -22.794158099999944]]]}, "properties": {"id": "330510905000328", "name": "Setor 330510905000328", "meanMonthlyBRL": 1676.77, "medianMonthlyBRL": 1212.0, "status": "published", "sourceTerritoryType": "census_sector", "overlayColor": "#c6dbef"}}, {"type": "Feature", "geometry": {"type": "Polygon", "coordinates": [[[-43.35971779999995, -22.76571189999993], [-43.35953209999997, -22.766621599999958], [-43.359437199999945, -22.76710969999993], [-43.35927699999996, -22.767870099999982], [-43.36011229999997, -22.76801459999996], [-43.36028209999995, -22.76728439999993], [-43.36036869999998, -22.766911999999934], [-43.36056929999995, -22.76586169999996], [-43.36236519999994, -22.766177599999935], [-43.36247549999996, -22.765220899999985], [-43.36062389999995, -22.764871699999947], [-43.35993989999997, -22.76474939999997], [-43.35980939999996, -22.76528409999997], [-43.35971779999995, -22.76571189999993]]]}, "properties": {"id": "330510905000329", "name": "Setor 330510905000329", "meanMonthlyBRL": 1740.18, "medianMonthlyBRL": 1500.0, "status": "published", "sourceTerritoryType": "census_sector", "overlayColor": "#9ecae1"}}, {"type": "Feature", "geometry": {"type": "Polygon", "coordinates": [[[-43.33407969999996, -22.78322759999998], [-43.33512669999993, -22.783615099999963], [-43.33552599999996, -22.783700699999937], [-43.33571139999998, -22.78378629999997], [-43.33603939999995, -22.784157099999963], [-43.33623189999997, -22.784420899999933], [-43.33619629999998, -22.78475599999996], [-43.336247499999956, -22.78488799999997], [-43.33633179999998, -22.78510539999996], [-43.33683799999994, -22.785739999999976], [-43.33742979999994, -22.78686819999996], [-43.337696999999935, -22.78684559999993], [-43.33787989999996, -22.786809099999964], [-43.33799309999995, -22.786752499999977], [-43.337820299999976, -22.786271299999946], [-43.337458399999946, -22.785526099999966], [-43.337287199999935, -22.785262299999946], [-43.33697349999994, -22.785005599999977], [-43.33689799999996, -22.78466619999995], [-43.33688259999997, -22.78444309999998], [-43.33672939999997, -22.784140599999947], [-43.336697199999946, -22.784076999999964], [-43.336454799999956, -22.783820299999945], [-43.336131499999965, -22.78331649999996], [-43.335197999999934, -22.782217599999967], [-43.33458619999993, -22.781528299999923], [-43.33412849999996, -22.781311999999954], [-43.33375059999997, -22.781176599999984], [-43.333821899999975, -22.78140469999994], [-43.33380759999995, -22.78160439999993], [-43.33395019999995, -22.782103499999945], [-43.33439649999997, -22.782603399999967], [-43.33448109999995, -22.78266459999998], [-43.33407969999996, -22.78322759999998]]]}, "properties": {"id": "330510905000330", "name": "Setor 330510905000330", "meanMonthlyBRL": 1314.19, "medianMonthlyBRL": 1220.0, "status": "published", "sourceTerritoryType": "census_sector", "overlayColor": "#c6dbef"}}, {"type": "Feature", "geometry": {"type": "Polygon", "coordinates": [[[-43.33504639999995, -22.785143899999976], [-43.33505309999998, -22.78516439999992], [-43.33523149999996, -22.78571039999997], [-43.33523969999993, -22.785735399999965], [-43.33542259999996, -22.78619989999993], [-43.33530499999995, -22.786253399999957], [-43.33482179999993, -22.787022699999966], [-43.335579199999984, -22.787441999999942], [-43.33499839999996, -22.788399599999938], [-43.334427999999946, -22.789262399999924], [-43.33537629999995, -22.78859219999999], [-43.335276499999964, -22.788399599999927], [-43.33533349999993, -22.78825699999993], [-43.33551179999995, -22.788085899999935], [-43.33579699999996, -22.787707999999952], [-43.33603229999994, -22.787586799999925], [-43.33625329999995, -22.78753689999996], [-43.33679519999998, -22.78704489999995], [-43.33732999999995, -22.787002099999935], [-43.337562899999966, -22.787025899999954], [-43.337749299999984, -22.78700769999994], [-43.33793579999997, -22.786862299999935], [-43.33799309999995, -22.786752499999977], [-43.33787989999996, -22.786809099999964], [-43.337696999999935, -22.78684559999993], [-43.33742979999994, -22.78686819999996], [-43.33683799999994, -22.785739999999976], [-43.33633179999998, -22.78510539999996], [-43.336247499999956, -22.78488799999997], [-43.33606649999996, -22.78486909999998], [-43.33504639999995, -22.785143899999976]]]}, "properties": {"id": "330510905000331", "name": "Setor 330510905000331", "meanMonthlyBRL": 1653.06, "medianMonthlyBRL": 1212.0, "status": "published", "sourceTerritoryType": "census_sector", "overlayColor": "#c6dbef"}}, {"type": "Feature", "geometry": {"type": "Polygon", "coordinates": [[[-43.33207009999995, -22.802260999999937], [-43.33352519999994, -22.802336299999972], [-43.333545999999956, -22.80215909999998], [-43.33359079999997, -22.801894499999946], [-43.333482999999944, -22.801853899999966], [-43.333280499999944, -22.80176389999997], [-43.333083699999975, -22.801651399999955], [-43.33291499999996, -22.801448999999934], [-43.33274619999998, -22.801055299999973], [-43.332673099999965, -22.800830299999973], [-43.33256629999994, -22.800549099999955], [-43.33254379999994, -22.800357899999938], [-43.332208699999974, -22.800266899999933], [-43.332143099999946, -22.80023349999993], [-43.332120599999946, -22.80071049999998], [-43.33209459999995, -22.801262899999983], [-43.33208879999995, -22.80149029999996], [-43.33208609999997, -22.80159559999993], [-43.332074499999976, -22.80204849999996], [-43.33207009999995, -22.802260999999937]]]}, "properties": {"id": "330510905000332", "name": "Setor 330510905000332", "meanMonthlyBRL": 1388.77, "medianMonthlyBRL": 1242.0, "status": "published", "sourceTerritoryType": "census_sector", "overlayColor": "#c6dbef"}}, {"type": "Feature", "geometry": {"type": "Polygon", "coordinates": [[[-43.34952739999994, -22.767494999999933], [-43.34958039999998, -22.767544799999936], [-43.349796699999956, -22.767747999999987], [-43.35000109999999, -22.768204399999952], [-43.350028399999985, -22.768235799999953], [-43.35012409999996, -22.76834599999995], [-43.350427399999944, -22.768174599999945], [-43.351647499999956, -22.767484999999958], [-43.35194699999994, -22.76729439999997], [-43.35299709999998, -22.766626299999935], [-43.353038899999945, -22.766599699999965], [-43.35296639999996, -22.766586099999923], [-43.351869299999976, -22.766378099999937], [-43.35175929999997, -22.76635729999998], [-43.35157859999998, -22.766323099999962], [-43.35094989999994, -22.766203999999963], [-43.34989209999998, -22.766003499999957], [-43.349714699999936, -22.76672919999992], [-43.34952739999994, -22.767494999999933]]]}, "properties": {"id": "330510905000333", "name": "Setor 330510905000333", "meanMonthlyBRL": 2157.57, "medianMonthlyBRL": 1850.0, "status": "published", "sourceTerritoryType": "census_sector", "overlayColor": "#9ecae1"}}, {"type": "Feature", "geometry": {"type": "Polygon", "coordinates": [[[-43.34066569999993, -22.773936999999936], [-43.34075239999999, -22.773899199999963], [-43.34077339999993, -22.773895299999936], [-43.34104759999997, -22.773843199999934], [-43.341701099999966, -22.77380219999997], [-43.34175979999998, -22.773798499999938], [-43.34158619999994, -22.77260229999996], [-43.34149699999995, -22.77198819999996], [-43.341427599999975, -22.77165639999992], [-43.34104499999995, -22.77173019999998], [-43.340840499999956, -22.772115199999966], [-43.34074549999997, -22.772348199999954], [-43.340750199999945, -22.772595299999978], [-43.34074069999997, -22.772985099999975], [-43.34065039999996, -22.773198999999977], [-43.340374699999984, -22.77323709999996], [-43.34014179999997, -22.77335589999996], [-43.33997489999996, -22.77356149999997], [-43.33978929999995, -22.773802399999962], [-43.339764199999934, -22.77383019999996], [-43.33983219999993, -22.773875399999955], [-43.34001669999998, -22.773874099999937], [-43.34035609999995, -22.773656699999936], [-43.340408399999944, -22.77366149999995], [-43.34055099999995, -22.773780299999938], [-43.34066569999993, -22.773936999999936]]]}, "properties": {"id": "330510905000334", "name": "Setor 330510905000334", "meanMonthlyBRL": 1593.22, "medianMonthlyBRL": 1220.0, "status": "published", "sourceTerritoryType": "census_sector", "overlayColor": "#c6dbef"}}, {"type": "Feature", "geometry": {"type": "Polygon", "coordinates": [[[-43.336847999999975, -22.775591399999936], [-43.337204499999984, -22.775729299999963], [-43.337332799999956, -22.775810099999948], [-43.33743259999994, -22.776019199999954], [-43.33749439999997, -22.77622839999998], [-43.33762749999994, -22.776256899999964], [-43.337955499999964, -22.776413799999947], [-43.33828349999993, -22.776499399999977], [-43.33858299999997, -22.77658489999993], [-43.33899659999997, -22.77686059999996], [-43.33926749999995, -22.777026999999975], [-43.339372099999935, -22.777136299999942], [-43.33927229999995, -22.777359799999946], [-43.338991799999974, -22.77741679999997], [-43.338031599999965, -22.777212399999932], [-43.33778569999999, -22.77753769999998], [-43.33793429999997, -22.777575099999975], [-43.33821219999993, -22.77764499999995], [-43.33953849999995, -22.777882699999964], [-43.34007359999998, -22.777917499999948], [-43.34043689999993, -22.777830399999964], [-43.34085519999997, -22.777564199999972], [-43.34109289999998, -22.77748809999997], [-43.34144169999997, -22.777514999999934], [-43.34144159999994, -22.777513099999958], [-43.34144159999994, -22.777511099999977], [-43.34144259999994, -22.77748829999996], [-43.34144649999996, -22.77740129999996], [-43.34144799999996, -22.777369199999953], [-43.341386099999966, -22.77729139999997], [-43.341341399999976, -22.777210399999937], [-43.34125729999994, -22.777044299999943], [-43.34110799999996, -22.776983699999953], [-43.34091149999995, -22.776999699999976], [-43.34021789999997, -22.77740149999994], [-43.34002009999995, -22.777432899999944], [-43.33991969999994, -22.777429699999967], [-43.33987259999998, -22.777410899999946], [-43.33983809999995, -22.777370099999935], [-43.33985099999995, -22.77732499999996], [-43.33996159999998, -22.77725039999996], [-43.34018499999996, -22.776946199999934], [-43.340313299999934, -22.776689499999964], [-43.34029909999998, -22.776271199999936], [-43.34019919999998, -22.77590039999996], [-43.34009309999993, -22.775716499999927], [-43.33970489999996, -22.775738799999942], [-43.33963369999998, -22.77576929999998], [-43.33927229999995, -22.775924199999967], [-43.33884919999997, -22.77600499999994], [-43.33863379999997, -22.775936099999964], [-43.337955499999964, -22.775681699999943], [-43.337681299999986, -22.775467999999933], [-43.33763229999994, -22.77542979999993], [-43.33729949999997, -22.775287199999976], [-43.33704759999995, -22.775496399999945], [-43.336847999999975, -22.775591399999936]]]}, "properties": {"id": "330510905000335", "name": "Setor 330510905000335", "meanMonthlyBRL": 1624.19, "medianMonthlyBRL": 1212.0, "status": "published", "sourceTerritoryType": "census_sector", "overlayColor": "#c6dbef"}}, {"type": "Feature", "geometry": {"type": "Polygon", "coordinates": [[[-43.32944199999997, -22.789162399999952], [-43.32944549999996, -22.789205499999976], [-43.32945379999995, -22.78930649999996], [-43.329481199999975, -22.789640599999927], [-43.32948339999996, -22.789667799999965], [-43.329494299999965, -22.78967499999992], [-43.330310699999984, -22.79019049999994], [-43.33093119999995, -22.79057209999996], [-43.33102149999996, -22.790142899999974], [-43.33115509999993, -22.789390799999985], [-43.33111239999994, -22.788292499999958], [-43.33018339999995, -22.788776299999935], [-43.32944199999997, -22.789162399999952]]]}, "properties": {"id": "330510905000336", "name": "Setor 330510905000336", "meanMonthlyBRL": 2053.25, "medianMonthlyBRL": 1500.0, "status": "published", "sourceTerritoryType": "census_sector", "overlayColor": "#9ecae1"}}, {"type": "Feature", "geometry": {"type": "Polygon", "coordinates": [[[-43.34780139999998, -22.765567699999966], [-43.34838789999998, -22.765687699999937], [-43.348762799999975, -22.765764399999966], [-43.34884119999998, -22.765780399999983], [-43.348971699999936, -22.76525989999993], [-43.349058799999966, -22.764901899999927], [-43.34911719999997, -22.76466189999996], [-43.34930069999996, -22.763908099999977], [-43.348850599999935, -22.763816499999958], [-43.348252299999956, -22.76369469999997], [-43.34813399999996, -22.764193399999957], [-43.34803629999993, -22.764597099999943], [-43.34780139999998, -22.765567699999966]]]}, "properties": {"id": "330510905000337", "name": "Setor 330510905000337", "meanMonthlyBRL": 1627.68, "medianMonthlyBRL": 1212.0, "status": "published", "sourceTerritoryType": "census_sector", "overlayColor": "#c6dbef"}}, {"type": "Feature", "geometry": {"type": "Polygon", "coordinates": [[[-43.34693449999998, -22.764554599999933], [-43.34685259999998, -22.76491279999994], [-43.34675129999994, -22.76535629999995], [-43.34780139999998, -22.765567699999966], [-43.34803629999993, -22.764597099999943], [-43.34813399999996, -22.764193399999957], [-43.348252299999956, -22.76369469999997], [-43.34781039999996, -22.763604799999943], [-43.34718049999998, -22.76347769999995], [-43.34706709999995, -22.76397399999996], [-43.34706229999995, -22.763995199999954], [-43.34697939999995, -22.764358099999974], [-43.34693449999998, -22.764554599999933]]]}, "properties": {"id": "330510905000338", "name": "Setor 330510905000338", "meanMonthlyBRL": 1575.49, "medianMonthlyBRL": 1200.0, "status": "published", "sourceTerritoryType": "census_sector", "overlayColor": "#c6dbef"}}, {"type": "Feature", "geometry": {"type": "Polygon", "coordinates": [[[-43.33626799999996, -22.764063999999962], [-43.33855449999993, -22.764653399999922], [-43.33877269999994, -22.76382619999998], [-43.33893219999993, -22.763221599999948], [-43.33866989999996, -22.763166399999935], [-43.33684819999996, -22.76277709999994], [-43.33670989999996, -22.76339469999994], [-43.336638799999946, -22.763712199999926], [-43.336325099999954, -22.763888099999967], [-43.33626799999996, -22.764063999999962]]]}, "properties": {"id": "330510905000340", "name": "Setor 330510905000340", "meanMonthlyBRL": 1516.08, "medianMonthlyBRL": 1212.0, "status": "published", "sourceTerritoryType": "census_sector", "overlayColor": "#c6dbef"}}, {"type": "Feature", "geometry": {"type": "Polygon", "coordinates": [[[-43.33179889999997, -22.768918299999935], [-43.331819999999944, -22.770005399999942], [-43.33186749999993, -22.769975899999963], [-43.332722399999966, -22.77022059999996], [-43.33290139999997, -22.77027179999993], [-43.33362089999997, -22.770614599999927], [-43.33373209999996, -22.77066759999996], [-43.33444389999994, -22.770791999999968], [-43.33426709999998, -22.769584899999927], [-43.33424189999994, -22.769412599999953], [-43.33364649999993, -22.76928429999998], [-43.333593399999984, -22.76923379999994], [-43.33298689999998, -22.768656799999974], [-43.33277659999994, -22.76861759999997], [-43.33268519999996, -22.768648899999953], [-43.33187099999998, -22.76892779999997], [-43.33179889999997, -22.768918299999935]]]}, "properties": {"id": "330510905000341", "name": "Setor 330510905000341", "meanMonthlyBRL": 1551.95, "medianMonthlyBRL": 1220.0, "status": "published", "sourceTerritoryType": "census_sector", "overlayColor": "#c6dbef"}}, {"type": "Feature", "geometry": {"type": "Polygon", "coordinates": [[[-43.330971199999965, -22.771640299999948], [-43.33186529999995, -22.77235409999998], [-43.331847399999965, -22.771422899999944], [-43.33274729999994, -22.772291299999956], [-43.33276949999998, -22.77221489999993], [-43.332722399999966, -22.77022059999996], [-43.33186749999993, -22.769975899999963], [-43.331819999999944, -22.770005399999942], [-43.33179889999997, -22.768918299999935], [-43.33105819999998, -22.768820799999954], [-43.33086129999998, -22.768771299999973], [-43.33094739999996, -22.770491699999976], [-43.330971199999965, -22.771640299999948]]]}, "properties": {"id": "330510905000342", "name": "Setor 330510905000342", "meanMonthlyBRL": 2213.72, "medianMonthlyBRL": 1600.0, "status": "published", "sourceTerritoryType": "census_sector", "overlayColor": "#9ecae1"}}, {"type": "Feature", "geometry": {"type": "Polygon", "coordinates": [[[-43.33512419999994, -22.761205999999962], [-43.33578559999995, -22.761358899999944], [-43.33641329999995, -22.761472999999967], [-43.337073499999974, -22.76159299999995], [-43.33718319999997, -22.76099159999995], [-43.33730849999995, -22.760357999999933], [-43.33536209999994, -22.759951699999935], [-43.335240099999965, -22.760595199999955], [-43.33512419999994, -22.761205999999962]]]}, "properties": {"id": "330510905000343", "name": "Setor 330510905000343", "meanMonthlyBRL": 1674.16, "medianMonthlyBRL": 1220.0, "status": "published", "sourceTerritoryType": "census_sector", "overlayColor": "#c6dbef"}}, {"type": "Feature", "geometry": {"type": "Polygon", "coordinates": [[[-43.32976339999993, -22.76850429999996], [-43.32986809999994, -22.768525099999973], [-43.329938399999946, -22.768539099999938], [-43.33086129999998, -22.768771299999973], [-43.33082369999994, -22.766653699999942], [-43.329876499999955, -22.76638949999995], [-43.32983379999996, -22.766377399999953], [-43.329701099999966, -22.76633979999997], [-43.32976339999993, -22.76850429999996]]]}, "properties": {"id": "330510905000344", "name": "Setor 330510905000344", "meanMonthlyBRL": 1226.75, "medianMonthlyBRL": 1200.0, "status": "published", "sourceTerritoryType": "census_sector", "overlayColor": "#c6dbef"}}, {"type": "Feature", "geometry": {"type": "Polygon", "coordinates": [[[-43.33086129999998, -22.768771299999973], [-43.33105819999998, -22.768820799999954], [-43.33179889999997, -22.768918299999935], [-43.33175209999996, -22.766912699999978], [-43.33082369999994, -22.766653699999942], [-43.33086129999998, -22.768771299999973]]]}, "properties": {"id": "330510905000345", "name": "Setor 330510905000345", "meanMonthlyBRL": 2300.13, "medianMonthlyBRL": 1906.0, "status": "published", "sourceTerritoryType": "census_sector", "overlayColor": "#9ecae1"}}, {"type": "Feature", "geometry": {"type": "Polygon", "coordinates": [[[-43.32960179999998, -22.763679999999965], [-43.32980269999996, -22.763728599999983], [-43.330776499999956, -22.763993499999962], [-43.33075059999993, -22.762004799999943], [-43.33074669999996, -22.761765599999936], [-43.33070879999997, -22.76048539999993], [-43.331046399999934, -22.760539799999943], [-43.331714699999964, -22.76064759999997], [-43.33206699999994, -22.758783199999982], [-43.33228829999996, -22.757611899999972], [-43.32932969999996, -22.756887899999985], [-43.32946069999997, -22.760164099999947], [-43.32959939999996, -22.763632399999953], [-43.32960179999998, -22.763679999999965]]]}, "properties": {"id": "330510905000346", "name": "Setor 330510905000346", "meanMonthlyBRL": 1599.53, "medianMonthlyBRL": 1212.0, "status": "published", "sourceTerritoryType": "census_sector", "overlayColor": "#c6dbef"}}, {"type": "Feature", "geometry": {"type": "Polygon", "coordinates": [[[-43.33074669999996, -22.761765599999936], [-43.33088899999996, -22.76196679999998], [-43.331341399999985, -22.762606499999947], [-43.33152419999993, -22.76286589999995], [-43.331992199999945, -22.762940199999946], [-43.33239549999996, -22.76075729999997], [-43.331714699999964, -22.76064759999997], [-43.331046399999934, -22.760539799999943], [-43.33070879999997, -22.76048539999993], [-43.33074669999996, -22.761765599999936]]]}, "properties": {"id": "330510905000347", "name": "Setor 330510905000347", "meanMonthlyBRL": 1664.96, "medianMonthlyBRL": 1212.0, "status": "published", "sourceTerritoryType": "census_sector", "overlayColor": "#c6dbef"}}, {"type": "Feature", "geometry": {"type": "Polygon", "coordinates": [[[-43.36170809999993, -22.787907099999927], [-43.36178399999994, -22.78793139999993], [-43.362568099999976, -22.78816559999996], [-43.362850599999945, -22.787411699999947], [-43.36250259999997, -22.787440799999956], [-43.36207009999998, -22.78729339999995], [-43.361860899999954, -22.787107999999936], [-43.36155669999994, -22.786794299999933], [-43.360881699999936, -22.785905399999926], [-43.360821699999974, -22.785789299999966], [-43.36051029999993, -22.786555999999948], [-43.36049239999994, -22.78667029999997], [-43.36048649999998, -22.786708099999938], [-43.36170809999993, -22.787907099999927]]]}, "properties": {"id": "330510905000348", "name": "Setor 330510905000348", "meanMonthlyBRL": 2288.51, "medianMonthlyBRL": 1600.0, "status": "published", "sourceTerritoryType": "census_sector", "overlayColor": "#9ecae1"}}, {"type": "Feature", "geometry": {"type": "Polygon", "coordinates": [[[-43.37383879999993, -22.80745469999994], [-43.37396099999995, -22.807472699999952], [-43.374129299999936, -22.807494799999965], [-43.37421989999996, -22.80751889999993], [-43.374284399999965, -22.807535999999963], [-43.37450899999993, -22.80764119999997], [-43.37457469999998, -22.807685899999964], [-43.37484729999994, -22.807871499999976], [-43.37485019999997, -22.807873599999937], [-43.37510449999996, -22.808067299999948], [-43.37512769999995, -22.807975399999975], [-43.375234999999975, -22.807550899999963], [-43.37531149999995, -22.80722399999996], [-43.37533999999994, -22.80712019999993], [-43.37541599999997, -22.806843999999955], [-43.37420169999996, -22.806259799999957], [-43.37401999999997, -22.806772999999968], [-43.37397889999994, -22.80692759999993], [-43.373882899999955, -22.807288999999965], [-43.37383959999994, -22.807452399999935], [-43.37383879999993, -22.80745469999994]]]}, "properties": {"id": "330510905000349", "name": "Setor 330510905000349", "meanMonthlyBRL": 2032.27, "medianMonthlyBRL": 1500.0, "status": "published", "sourceTerritoryType": "census_sector", "overlayColor": "#9ecae1"}}, {"type": "Feature", "geometry": {"type": "Polygon", "coordinates": [[[-43.37311129999995, -22.80560959999997], [-43.37420169999996, -22.806259799999957], [-43.37459039999993, -22.80508549999996], [-43.37460679999998, -22.805034099999947], [-43.37463189999994, -22.804955299999957], [-43.37330939999998, -22.804259299999952], [-43.373275999999976, -22.804241699999974], [-43.37326319999994, -22.80435989999995], [-43.37326959999996, -22.804560399999957], [-43.37311129999995, -22.80560959999997]]]}, "properties": {"id": "330510905000350", "name": "Setor 330510905000350", "meanMonthlyBRL": 2079.54, "medianMonthlyBRL": 1600.0, "status": "published", "sourceTerritoryType": "census_sector", "overlayColor": "#9ecae1"}}, {"type": "Feature", "geometry": {"type": "Polygon", "coordinates": [[[-43.360784699999954, -22.789335099999956], [-43.36102859999994, -22.789295199999973], [-43.36120539999996, -22.78931799999998], [-43.361404999999934, -22.78941209999994], [-43.36202419999995, -22.789617199999945], [-43.362351899999965, -22.788742599999974], [-43.362568099999976, -22.78816559999996], [-43.36178399999994, -22.78793139999993], [-43.36139449999996, -22.788942299999967], [-43.360784699999954, -22.789335099999956]]]}, "properties": {"id": "330510905000351", "name": "Setor 330510905000351", "meanMonthlyBRL": 1786.35, "medianMonthlyBRL": 1500.0, "status": "published", "sourceTerritoryType": "census_sector", "overlayColor": "#9ecae1"}}, {"type": "Feature", "geometry": {"type": "Polygon", "coordinates": [[[-43.36541009999996, -22.793533499999967], [-43.365477699999985, -22.793862799999943], [-43.365644299999985, -22.794672599999963], [-43.365880199999935, -22.79476289999997], [-43.36595379999995, -22.794791199999967], [-43.36620009999996, -22.79485829999993], [-43.367156499999965, -22.795096999999945], [-43.36794089999995, -22.795277199999926], [-43.36860079999997, -22.795444899999946], [-43.36894569999998, -22.794821699999936], [-43.36836869999996, -22.794537699999978], [-43.36822179999996, -22.79477539999994], [-43.36806309999997, -22.794543999999966], [-43.36770039999993, -22.794015199999926], [-43.36730819999997, -22.793443299999975], [-43.36698069999994, -22.792965699999964], [-43.36684489999993, -22.792716399999957], [-43.366790599999945, -22.792747399999946], [-43.36666199999996, -22.79282049999994], [-43.365644299999985, -22.79340019999995], [-43.36541009999996, -22.793533499999967]]]}, "properties": {"id": "330510905000353", "name": "Setor 330510905000353", "meanMonthlyBRL": 3638.21, "medianMonthlyBRL": 2150.0, "status": "published", "sourceTerritoryType": "census_sector", "overlayColor": "#6baed6"}}, {"type": "Feature", "geometry": {"type": "Polygon", "coordinates": [[[-43.37053889999999, -22.79633139999993], [-43.37150389999994, -22.796761299999957], [-43.37197829999997, -22.79591069999998], [-43.37100319999996, -22.795450199999944], [-43.37053889999999, -22.79633139999993]]]}, "properties": {"id": "330510905000354", "name": "Setor 330510905000354", "meanMonthlyBRL": 1652.28, "medianMonthlyBRL": 1500.0, "status": "published", "sourceTerritoryType": "census_sector", "overlayColor": "#9ecae1"}}, {"type": "Feature", "geometry": {"type": "Polygon", "coordinates": [[[-43.34590609999998, -22.76434019999993], [-43.34693449999998, -22.764554599999933], [-43.34697939999995, -22.764358099999974], [-43.34706229999995, -22.763995199999954], [-43.34706709999995, -22.76397399999996], [-43.34718049999998, -22.76347769999995], [-43.347312199999976, -22.762926799999946], [-43.34742829999993, -22.76243989999994], [-43.34636229999995, -22.762243099999974], [-43.345986299999936, -22.762171099999932], [-43.34588239999994, -22.762653199999928], [-43.34576619999996, -22.76319139999998], [-43.34576109999995, -22.763238999999942], [-43.34572449999996, -22.763575099999972], [-43.345716299999935, -22.763650099999957], [-43.34602239999998, -22.763716999999925], [-43.34595489999998, -22.76407839999996], [-43.34590609999998, -22.76434019999993]]]}, "properties": {"id": "330510905000355", "name": "Setor 330510905000355", "meanMonthlyBRL": 1716.31, "medianMonthlyBRL": 1500.0, "status": "published", "sourceTerritoryType": "census_sector", "overlayColor": "#9ecae1"}}, {"type": "Feature", "geometry": {"type": "Polygon", "coordinates": [[[-43.35292419999996, -22.763476699999952], [-43.35311449999995, -22.763511299999948], [-43.35367359999998, -22.763605899999956], [-43.35381079999997, -22.762985499999953], [-43.35394779999996, -22.762366199999963], [-43.35406439999998, -22.761839199999933], [-43.35329049999996, -22.761696999999973], [-43.35320079999997, -22.762132899999983], [-43.35318199999995, -22.762224199999928], [-43.35310139999996, -22.76261599999998], [-43.35305359999995, -22.76284819999995], [-43.35301149999998, -22.76305249999995], [-43.35292419999996, -22.763476699999952]]]}, "properties": {"id": "330510905000356", "name": "Setor 330510905000356", "meanMonthlyBRL": 1764.33, "medianMonthlyBRL": 1600.0, "status": "published", "sourceTerritoryType": "census_sector", "overlayColor": "#9ecae1"}}, {"type": "Feature", "geometry": {"type": "Polygon", "coordinates": [[[-43.34068329999997, -22.764109299999962], [-43.34119399999998, -22.764214599999946], [-43.341596899999956, -22.764371399999952], [-43.34204549999998, -22.763667199999926], [-43.34221009999993, -22.76340879999997], [-43.34223629999997, -22.763250699999958], [-43.34144709999998, -22.76312719999992], [-43.34095509999998, -22.76299889999996], [-43.34068329999997, -22.764109299999962]]]}, "properties": {"id": "330510905000357", "name": "Setor 330510905000357", "meanMonthlyBRL": 1683.57, "medianMonthlyBRL": 1212.0, "status": "published", "sourceTerritoryType": "census_sector", "overlayColor": "#c6dbef"}}, {"type": "Feature", "geometry": {"type": "Polygon", "coordinates": [[[-43.34342669999995, -22.759437099999957], [-43.34788459999993, -22.76026139999994], [-43.353359499999954, -22.76128499999993], [-43.35338129999997, -22.761177599999943], [-43.35345719999998, -22.760801399999938], [-43.353459499999985, -22.760789699999982], [-43.35331519999994, -22.760764399999964], [-43.35125899999997, -22.76040379999995], [-43.349621799999966, -22.760116699999966], [-43.34959089999995, -22.760111199999976], [-43.347371599999974, -22.759675099999978], [-43.343547299999955, -22.758923499999984], [-43.34346869999996, -22.759310199999963], [-43.34342669999995, -22.759437099999957]]]}, "properties": {"id": "330510905000358", "name": "Setor 330510905000358", "meanMonthlyBRL": 1085.89, "medianMonthlyBRL": 1212.0, "status": "published", "sourceTerritoryType": "census_sector", "overlayColor": "#c6dbef"}}, {"type": "Feature", "geometry": {"type": "Polygon", "coordinates": [[[-43.34328649999998, -22.759829299999975], [-43.34434079999994, -22.760011699999954], [-43.34540729999998, -22.760211799999983], [-43.34779119999996, -22.760662499999963], [-43.34857939999995, -22.76081149999994], [-43.34870449999994, -22.76083509999995], [-43.35126079999998, -22.761318399999944], [-43.35329049999996, -22.761696999999973], [-43.353305999999975, -22.761617099999967], [-43.35334919999997, -22.761363399999937], [-43.353359499999954, -22.76128499999993], [-43.34788459999993, -22.76026139999994], [-43.34342669999995, -22.759437099999957], [-43.34341519999998, -22.75946959999993], [-43.343313999999964, -22.759753899999968], [-43.34328649999998, -22.759829299999975]]]}, "properties": {"id": "330510905000359", "name": "Setor 330510905000359", "meanMonthlyBRL": 1106.85, "medianMonthlyBRL": 1212.0, "status": "published", "sourceTerritoryType": "census_sector", "overlayColor": "#c6dbef"}}, {"type": "Feature", "geometry": {"type": "Polygon", "coordinates": [[[-43.34218939999994, -22.78258269999997], [-43.342875499999934, -22.78206819999997], [-43.34273769999993, -22.78205639999993], [-43.342150199999935, -22.78195369999997], [-43.34151129999998, -22.781879599999968], [-43.34094659999994, -22.781785399999926], [-43.34079959999997, -22.781743799999955], [-43.34078109999996, -22.781759799999968], [-43.34071839999996, -22.781910899999954], [-43.34071269999998, -22.782047799999937], [-43.34076969999995, -22.78226179999995], [-43.34087239999997, -22.782333099999963], [-43.34122039999994, -22.78245859999993], [-43.34163959999995, -22.78251269999993], [-43.34211309999995, -22.78255839999997], [-43.34218939999994, -22.78258269999997]]]}, "properties": {"id": "330510905000360", "name": "Setor 330510905000360", "meanMonthlyBRL": 1222.09, "medianMonthlyBRL": 1212.0, "status": "published", "sourceTerritoryType": "census_sector", "overlayColor": "#c6dbef"}}, {"type": "Feature", "geometry": {"type": "Polygon", "coordinates": [[[-43.34329839999998, -22.76662899999997], [-43.34346969999996, -22.766626199999966], [-43.34431579999995, -22.76631239999994], [-43.34500989999998, -22.76600819999993], [-43.34538059999994, -22.76579899999996], [-43.34556599999996, -22.76564219999994], [-43.34573769999997, -22.76515919999997], [-43.34577039999994, -22.765066999999927], [-43.34586399999995, -22.764565799999954], [-43.34510199999994, -22.764415899999957], [-43.34481109999996, -22.76435869999995], [-43.344180499999936, -22.764234699999978], [-43.34411679999994, -22.76456379999996], [-43.34403009999994, -22.76501199999996], [-43.34393289999997, -22.76547249999993], [-43.34387379999999, -22.765751499999965], [-43.34374539999993, -22.766103299999934], [-43.34344969999995, -22.766443799999923], [-43.34329839999998, -22.76662899999997]]]}, "properties": {"id": "330510905000361", "name": "Setor 330510905000361", "meanMonthlyBRL": 1287.77, "medianMonthlyBRL": 1200.0, "status": "published", "sourceTerritoryType": "census_sector", "overlayColor": "#c6dbef"}}, {"type": "Feature", "geometry": {"type": "Polygon", "coordinates": [[[-43.33730849999995, -22.760357999999933], [-43.33915019999995, -22.76074369999998], [-43.33926309999998, -22.76010719999994], [-43.33943159999996, -22.75916159999996], [-43.33761999999996, -22.758815099999932], [-43.33743329999993, -22.759740099999924], [-43.33730849999995, -22.760357999999933]]]}, "properties": {"id": "330510905000363", "name": "Setor 330510905000363", "meanMonthlyBRL": 1436.15, "medianMonthlyBRL": 1212.0, "status": "published", "sourceTerritoryType": "census_sector", "overlayColor": "#c6dbef"}}, {"type": "Feature", "geometry": {"type": "Polygon", "coordinates": [[[-43.34474009999997, -22.78153889999993], [-43.34468019999997, -22.78168939999994], [-43.344744599999956, -22.781953299999948], [-43.34481619999997, -22.78210059999998], [-43.34495919999995, -22.78222589999996], [-43.34545689999993, -22.782483799999962], [-43.34568329999996, -22.782548799999976], [-43.34590799999995, -22.782528899999935], [-43.34615239999994, -22.78241199999996], [-43.34631879999995, -22.782240099999967], [-43.34645189999998, -22.78218789999994], [-43.346535899999935, -22.78220929999998], [-43.34667529999996, -22.782244899999963], [-43.34685589999998, -22.782373199999938], [-43.34710309999997, -22.782596699999935], [-43.34744059999997, -22.782777299999967], [-43.34777219999995, -22.78284499999995], [-43.34778369999998, -22.782516799999936], [-43.347673499999985, -22.78231139999997], [-43.347583199999974, -22.78211649999997], [-43.34756219999997, -22.782064599999956], [-43.347412099999985, -22.78169349999996], [-43.347316999999975, -22.781308399999944], [-43.347216999999944, -22.78114269999997], [-43.347150599999964, -22.781032699999972], [-43.34706609999995, -22.780973399999933], [-43.346812899999975, -22.78079539999993], [-43.34681219999994, -22.78079379999997], [-43.34679889999995, -22.780785499999983], [-43.34649939999997, -22.78070469999995], [-43.346223699999946, -22.78066669999998], [-43.34590999999995, -22.78068569999993], [-43.34560099999994, -22.780609699999957], [-43.345579499999985, -22.78060079999994], [-43.345527199999935, -22.780762599999946], [-43.345515699999964, -22.780836299999972], [-43.34550409999997, -22.780909999999945], [-43.34550249999995, -22.780991799999985], [-43.34546459999996, -22.78106949999994], [-43.345398099999954, -22.78111729999995], [-43.34527119999996, -22.781075599999948], [-43.34521689999997, -22.781073999999926], [-43.34516249999996, -22.781072499999933], [-43.34507849999994, -22.78111139999993], [-43.345029599999975, -22.781183399999982], [-43.344952399999954, -22.78122499999995], [-43.34490559999995, -22.78129439999998], [-43.34474009999997, -22.78153889999993]]]}, "properties": {"id": "330510905000364", "name": "Setor 330510905000364", "meanMonthlyBRL": 1174.27, "medianMonthlyBRL": 1212.0, "status": "published", "sourceTerritoryType": "census_sector", "overlayColor": "#c6dbef"}}, {"type": "Feature", "geometry": {"type": "Polygon", "coordinates": [[[-43.34177869999996, -22.76454459999996], [-43.34174219999994, -22.764623499999967], [-43.34173789999994, -22.764945199999936], [-43.34150839999995, -22.766042299999977], [-43.34164369999996, -22.766356599999934], [-43.341776799999934, -22.766502299999956], [-43.342043599999954, -22.765770499999967], [-43.34236589999995, -22.764461199999968], [-43.34210029999997, -22.764493099999985], [-43.341847099999946, -22.764523599999954], [-43.34177869999996, -22.76454459999996]]]}, "properties": {"id": "330510905000365", "name": "Setor 330510905000365", "meanMonthlyBRL": 1640.03, "medianMonthlyBRL": 1200.0, "status": "published", "sourceTerritoryType": "census_sector", "overlayColor": "#c6dbef"}}, {"type": "Feature", "geometry": {"type": "Polygon", "coordinates": [[[-43.353038899999945, -22.766599699999965], [-43.35435719999998, -22.765809099999952], [-43.35440209999996, -22.76555979999995], [-43.35448199999996, -22.765117199999967], [-43.354508599999974, -22.76496989999998], [-43.35459519999995, -22.76448979999998], [-43.35472319999997, -22.763780499999942], [-43.35393699999997, -22.763648899999957], [-43.35367359999998, -22.763605899999956], [-43.35340219999995, -22.764711899999945], [-43.35335239999995, -22.76491489999995], [-43.35321069999998, -22.765656099999937], [-43.353038899999945, -22.766599699999965]]]}, "properties": {"id": "330510905000366", "name": "Setor 330510905000366", "meanMonthlyBRL": 1890.91, "medianMonthlyBRL": 1300.0, "status": "published", "sourceTerritoryType": "census_sector", "overlayColor": "#c6dbef"}}, {"type": "Feature", "geometry": {"type": "Polygon", "coordinates": [[[-43.338761199999965, -22.780599699999986], [-43.33897209999998, -22.780857799999986], [-43.339079599999934, -22.78101289999995], [-43.33914629999998, -22.781042399999937], [-43.33955329999998, -22.781540399999983], [-43.339634599999954, -22.78165159999998], [-43.33972269999998, -22.781726999999933], [-43.34018789999993, -22.78153159999993], [-43.34055799999993, -22.781407999999942], [-43.34107199999994, -22.781192199999957], [-43.34142549999996, -22.781023199999936], [-43.34104449999995, -22.780923999999978], [-43.340767599999936, -22.780884799999967], [-43.340693399999964, -22.78089429999994], [-43.340103099999965, -22.780821299999957], [-43.339966699999934, -22.780810499999973], [-43.33975049999998, -22.780767299999976], [-43.33957899999996, -22.780711899999968], [-43.339383099999964, -22.780595799999958], [-43.33920669999998, -22.78051049999993], [-43.339072699999974, -22.780487699999984], [-43.33890729999996, -22.78050479999996], [-43.338761199999965, -22.780599699999986]]]}, "properties": {"id": "330510905000367", "name": "Setor 330510905000367", "meanMonthlyBRL": 1444.48, "medianMonthlyBRL": 1220.0, "status": "published", "sourceTerritoryType": "census_sector", "overlayColor": "#c6dbef"}}, {"type": "Feature", "geometry": {"type": "Polygon", "coordinates": [[[-43.339311899999984, -22.78881879999994], [-43.33933589999998, -22.78885179999998], [-43.33970869999997, -22.78936359999994], [-43.33995259999995, -22.78952139999996], [-43.340216399999974, -22.789691599999966], [-43.34080389999997, -22.789805699999935], [-43.341091999999946, -22.789808499999932], [-43.34170809999995, -22.789600299999957], [-43.34188599999993, -22.789594299999973], [-43.34161729999994, -22.787423599999943], [-43.341565499999945, -22.787387099999936], [-43.33941949999996, -22.786150299999967], [-43.33940499999994, -22.78635319999995], [-43.33963419999998, -22.78701399999995], [-43.33964739999993, -22.787051999999957], [-43.34113759999997, -22.78791479999995], [-43.34123749999998, -22.78803599999997], [-43.34125889999996, -22.788171499999965], [-43.34120869999998, -22.788253099999956], [-43.34100929999994, -22.788577899999954], [-43.34099939999993, -22.788742599999978], [-43.34098789999996, -22.78893439999996], [-43.34090699999996, -22.78911939999994], [-43.34088809999997, -22.789162599999944], [-43.340688399999976, -22.78918399999998], [-43.34024629999993, -22.78906989999996], [-43.33974009999997, -22.78859929999993], [-43.33967289999998, -22.78854889999996], [-43.33958739999997, -22.788561399999935], [-43.339529599999935, -22.78859909999993], [-43.339311899999984, -22.78881879999994]]]}, "properties": {"id": "330510905000368", "name": "Setor 330510905000368", "meanMonthlyBRL": 1436.99, "medianMonthlyBRL": 1212.0, "status": "published", "sourceTerritoryType": "census_sector", "overlayColor": "#c6dbef"}}, {"type": "Feature", "geometry": {"type": "Polygon", "coordinates": [[[-43.35052069999995, -22.763228499999965], [-43.35084249999994, -22.763644399999983], [-43.35135859999997, -22.764313199999943], [-43.35213349999998, -22.765323999999968], [-43.35233729999994, -22.764475899999983], [-43.35245919999994, -22.763969099999937], [-43.35259199999996, -22.763416399999976], [-43.350870999999984, -22.76310399999994], [-43.350351399999965, -22.76300969999994], [-43.35052069999995, -22.763228499999965]]]}, "properties": {"id": "330510905000369", "name": "Setor 330510905000369", "meanMonthlyBRL": 1913.18, "medianMonthlyBRL": 1500.0, "status": "published", "sourceTerritoryType": "census_sector", "overlayColor": "#9ecae1"}}, {"type": "Feature", "geometry": {"type": "Polygon", "coordinates": [[[-43.337059899999986, -22.775109299999936], [-43.33729949999997, -22.775287199999976], [-43.33763229999994, -22.77542979999993], [-43.337681299999986, -22.775467999999933], [-43.337955499999964, -22.775681699999943], [-43.33863379999997, -22.775936099999964], [-43.33884919999997, -22.77600499999994], [-43.33927229999995, -22.775924199999967], [-43.33963369999998, -22.77576929999998], [-43.33970489999996, -22.775738799999942], [-43.34009309999993, -22.775716499999927], [-43.34011839999994, -22.775714999999934], [-43.34020399999997, -22.775748299999975], [-43.340441699999985, -22.775700799999978], [-43.34071259999996, -22.77549639999995], [-43.340840999999955, -22.775225399999957], [-43.34079099999997, -22.774986399999932], [-43.340722099999944, -22.774878399999974], [-43.34066509999997, -22.774735799999966], [-43.34046539999997, -22.774635999999926], [-43.340161199999955, -22.77462639999993], [-43.339975799999934, -22.774716799999965], [-43.339804699999945, -22.775116099999934], [-43.33958599999994, -22.775339499999973], [-43.33943939999995, -22.77538049999998], [-43.33934829999998, -22.77540599999998], [-43.33902989999996, -22.77534899999994], [-43.33885399999997, -22.77525389999993], [-43.33888719999993, -22.775025699999954], [-43.33899659999997, -22.774864099999952], [-43.33905359999994, -22.774707299999932], [-43.339067899999975, -22.77462639999993], [-43.338858699999946, -22.774431599999946], [-43.33864959999994, -22.77434119999998], [-43.33857829999994, -22.774284199999954], [-43.33797389999995, -22.773887899999966], [-43.337059899999986, -22.775109299999936]]]}, "properties": {"id": "330510905000370", "name": "Setor 330510905000370", "meanMonthlyBRL": 1447.34, "medianMonthlyBRL": 1212.0, "status": "published", "sourceTerritoryType": "census_sector", "overlayColor": "#c6dbef"}}, {"type": "Feature", "geometry": {"type": "Polygon", "coordinates": [[[-43.360285799999986, -22.789474299999938], [-43.36036969999998, -22.78945199999998], [-43.360654899999986, -22.789357899999967], [-43.360784699999954, -22.789335099999956], [-43.36139449999996, -22.788942299999967], [-43.36178399999994, -22.78793139999993], [-43.36170809999993, -22.787907099999927], [-43.36113719999997, -22.787724799999975], [-43.36061239999998, -22.787572799999964], [-43.360275599999966, -22.787475199999964], [-43.35976459999995, -22.787290999999982], [-43.35970519999995, -22.787234599999977], [-43.35989039999998, -22.78799589999994], [-43.360285799999986, -22.789474299999938]]]}, "properties": {"id": "330510905000371", "name": "Setor 330510905000371", "meanMonthlyBRL": 1730.49, "medianMonthlyBRL": 1400.0, "status": "published", "sourceTerritoryType": "census_sector", "overlayColor": "#c6dbef"}}, {"type": "Feature", "geometry": {"type": "Polygon", "coordinates": [[[-43.33082369999994, -22.766653699999942], [-43.33175209999996, -22.766912699999978], [-43.331716599999936, -22.765390199999953], [-43.33169339999995, -22.76439759999994], [-43.331691199999966, -22.76430159999995], [-43.330776499999956, -22.763993499999962], [-43.33079639999994, -22.765114299999933], [-43.33082369999994, -22.766653699999942]]]}, "properties": {"id": "330510905000372", "name": "Setor 330510905000372", "meanMonthlyBRL": 2037.11, "medianMonthlyBRL": 1600.0, "status": "published", "sourceTerritoryType": "census_sector", "overlayColor": "#9ecae1"}}, {"type": "Feature", "geometry": {"type": "Polygon", "coordinates": [[[-43.34747809999993, -22.770008299999976], [-43.347636199999954, -22.770221999999922], [-43.347678299999984, -22.77036569999996], [-43.34813699999995, -22.771016399999947], [-43.34864829999998, -22.770732499999955], [-43.34897369999993, -22.770552699999943], [-43.34916059999995, -22.770451699999963], [-43.349271699999974, -22.770391099999934], [-43.34930809999997, -22.77035259999997], [-43.34932719999995, -22.770297099999937], [-43.34963849999997, -22.76990349999994], [-43.349545699999965, -22.769853699999942], [-43.349508399999934, -22.769833299999956], [-43.349109099999964, -22.769533799999966], [-43.34902999999997, -22.769435999999928], [-43.348866699999974, -22.769234299999933], [-43.34862899999996, -22.769053699999976], [-43.34846729999998, -22.769115499999934], [-43.348360499999956, -22.76923979999998], [-43.34827979999994, -22.769405399999982], [-43.348249299999964, -22.769625599999934], [-43.34813939999998, -22.76964359999993], [-43.34800949999993, -22.769664799999926], [-43.34766879999995, -22.769814299999943], [-43.34747809999993, -22.770008299999976]]]}, "properties": {"id": "330510905000373", "name": "Setor 330510905000373", "meanMonthlyBRL": 1222.93, "medianMonthlyBRL": 1212.0, "status": "published", "sourceTerritoryType": "census_sector", "overlayColor": "#c6dbef"}}, {"type": "Feature", "geometry": {"type": "Polygon", "coordinates": [[[-43.36999989999998, -22.802550399999973], [-43.369454099999984, -22.80317769999993], [-43.36937489999997, -22.803268699999926], [-43.369318599999986, -22.803339699999984], [-43.368852899999986, -22.803926499999935], [-43.369300599999974, -22.803710899999942], [-43.36956349999997, -22.80363019999993], [-43.369790499999965, -22.80358719999998], [-43.36995529999996, -22.803580399999927], [-43.37025369999998, -22.80360709999996], [-43.37060879999996, -22.803685899999948], [-43.37075549999997, -22.803711499999956], [-43.37078559999998, -22.803716699999935], [-43.37075489999995, -22.80384879999996], [-43.370845799999984, -22.80385889999997], [-43.37102679999998, -22.803854299999962], [-43.37144089999998, -22.803944899999976], [-43.372023499999955, -22.804158699999952], [-43.37233379999998, -22.80424639999995], [-43.37271499999997, -22.80424509999995], [-43.37326319999994, -22.80423859999996], [-43.373275999999976, -22.804241699999974], [-43.37331409999996, -22.80407179999998], [-43.37348479999997, -22.80330869999994], [-43.37218399999995, -22.802570199999934], [-43.371214099999975, -22.802008999999934], [-43.371094099999944, -22.802340299999976], [-43.371085799999946, -22.802380299999978], [-43.370996299999945, -22.802810699999956], [-43.37051289999994, -22.802687599999956], [-43.36999989999998, -22.802550399999973]]]}, "properties": {"id": "330510905000374", "name": "Setor 330510905000374", "meanMonthlyBRL": 3419.08, "medianMonthlyBRL": 2200.0, "status": "published", "sourceTerritoryType": "census_sector", "overlayColor": "#6baed6"}}, {"type": "Feature", "geometry": {"type": "Polygon", "coordinates": [[[-43.35192839999996, -22.77795929999997], [-43.35196509999997, -22.778057799999946], [-43.351999399999954, -22.778205499999952], [-43.35196769999993, -22.778342699999936], [-43.35171359999998, -22.778825199999968], [-43.351561199999935, -22.779097099999934], [-43.35142199999996, -22.77934069999998], [-43.35125569999997, -22.779435699999958], [-43.351206899999966, -22.77946629999997], [-43.35097519999994, -22.77961159999995], [-43.35094329999998, -22.779636899999957], [-43.35067569999996, -22.779849299999967], [-43.35056119999996, -22.780302299999953], [-43.35057829999994, -22.780772899999935], [-43.35060459999994, -22.780869399999975], [-43.35064189999997, -22.781005999999934], [-43.35072489999993, -22.78120509999997], [-43.35078649999997, -22.781460299999935], [-43.350784499999975, -22.781706499999927], [-43.35078869999995, -22.782178499999933], [-43.35090769999994, -22.782253099999934], [-43.35125329999994, -22.781848199999956], [-43.35149569999993, -22.781453599999963], [-43.35150049999993, -22.781182699999928], [-43.35144339999994, -22.780973499999956], [-43.35141199999999, -22.780644199999976], [-43.351424399999985, -22.780417399999983], [-43.35150999999996, -22.780203499999967], [-43.35173809999998, -22.779984799999973], [-43.351932999999974, -22.77978989999997], [-43.35205659999997, -22.779623499999957], [-43.35246539999997, -22.779219499999954], [-43.35277919999993, -22.77901029999998], [-43.35341169999998, -22.778628999999963], [-43.35347569999993, -22.778584999999968], [-43.353088199999945, -22.77802699999995], [-43.352700899999945, -22.777469299999943], [-43.35192839999996, -22.77795929999997]]]}, "properties": {"id": "330510905000375", "name": "Setor 330510905000375", "meanMonthlyBRL": 1754.79, "medianMonthlyBRL": 1300.0, "status": "published", "sourceTerritoryType": "census_sector", "overlayColor": "#c6dbef"}}, {"type": "Feature", "geometry": {"type": "Polygon", "coordinates": [[[-43.37020519999993, -22.805354799999975], [-43.37024199999996, -22.80536699999993], [-43.37027279999995, -22.805388499999932], [-43.37030779999998, -22.805412999999938], [-43.37041259999995, -22.80548639999995], [-43.37043339999997, -22.805505499999985], [-43.370685299999934, -22.805735999999968], [-43.37085029999998, -22.80588719999997], [-43.37091909999998, -22.805949099999964], [-43.37094109999998, -22.805968899999982], [-43.37100339999995, -22.806024999999977], [-43.37118909999998, -22.806192299999967], [-43.37120249999998, -22.80561559999996], [-43.37179999999995, -22.805743699999933], [-43.371921499999985, -22.804950199999947], [-43.372023499999955, -22.804158699999952], [-43.37144089999998, -22.803944899999976], [-43.37102679999998, -22.803854299999962], [-43.370845799999984, -22.80385889999997], [-43.37075489999995, -22.80384879999996], [-43.37063619999998, -22.803845399999954], [-43.370441599999936, -22.804623699999983], [-43.37028779999997, -22.80523789999996], [-43.37020689999997, -22.80535239999995], [-43.37020519999993, -22.805354799999975]]]}, "properties": {"id": "330510905000376", "name": "Setor 330510905000376", "meanMonthlyBRL": 2246.09, "medianMonthlyBRL": 1212.0, "status": "published", "sourceTerritoryType": "census_sector", "overlayColor": "#c6dbef"}}, {"type": "Feature", "geometry": {"type": "Polygon", "coordinates": [[[-43.35206919999996, -22.775469299999937], [-43.35242789999995, -22.77597319999995], [-43.35104929999994, -22.776869399999946], [-43.351148199999955, -22.776991699999936], [-43.35131339999998, -22.777197099999963], [-43.35147569999998, -22.777398099999967], [-43.35283149999998, -22.776540099999973], [-43.35496009999997, -22.775201199999966], [-43.354173199999934, -22.774791299999947], [-43.35283769999995, -22.77423869999996], [-43.35271379999995, -22.774903499999937], [-43.352684599999975, -22.775045899999952], [-43.35206919999996, -22.775469299999937]]]}, "properties": {"id": "330510905000377", "name": "Setor 330510905000377", "meanMonthlyBRL": 1831.63, "medianMonthlyBRL": 1220.0, "status": "published", "sourceTerritoryType": "census_sector", "overlayColor": "#c6dbef"}}, {"type": "Feature", "geometry": {"type": "Polygon", "coordinates": [[[-43.33551209999996, -22.794656299999925], [-43.33525309999993, -22.79523889999995], [-43.33501659999996, -22.79577049999995], [-43.335194899999976, -22.795759799999928], [-43.335447999999985, -22.79577409999996], [-43.33571899999998, -22.79578119999996], [-43.335925799999984, -22.79580259999995], [-43.335968299999934, -22.795814199999935], [-43.336121799999944, -22.795856099999984], [-43.33627869999998, -22.795955899999967], [-43.336337499999956, -22.796023099999957], [-43.33705289999995, -22.794422699999927], [-43.33729839999995, -22.79381129999996], [-43.336671999999965, -22.793589799999953], [-43.33616519999998, -22.793187699999972], [-43.335779799999955, -22.794054299999967], [-43.33551209999996, -22.794656299999925]]]}, "properties": {"id": "330510905000378", "name": "Setor 330510905000378", "meanMonthlyBRL": 1992.92, "medianMonthlyBRL": 1300.0, "status": "published", "sourceTerritoryType": "census_sector", "overlayColor": "#c6dbef"}}, {"type": "Feature", "geometry": {"type": "Polygon", "coordinates": [[[-43.33646699999997, -22.788814499999948], [-43.33633219999996, -22.789650299999938], [-43.336324599999955, -22.789697399999962], [-43.336645499999975, -22.79005389999997], [-43.337474499999985, -22.790253099999976], [-43.33774359999996, -22.790317699999946], [-43.33793439999994, -22.790578799999935], [-43.338149999999985, -22.790873899999955], [-43.33859289999998, -22.791758899999934], [-43.33882609999995, -22.792105899999964], [-43.338980799999945, -22.79228429999994], [-43.339135399999975, -22.79241169999994], [-43.33927289999997, -22.792429099999936], [-43.33929299999994, -22.791572299999928], [-43.339300899999955, -22.791203199999927], [-43.339453499999934, -22.790643399999954], [-43.33936929999993, -22.790578599999947], [-43.33925579999993, -22.79053739999995], [-43.33921529999998, -22.790527299999948], [-43.33900419999998, -22.790341899999937], [-43.33882459999995, -22.79021929999993], [-43.33857709999995, -22.79021629999994], [-43.33857779999994, -22.79015369999996], [-43.338435199999935, -22.78995409999992], [-43.33822129999993, -22.78988089999996], [-43.337928999999974, -22.78979009999995], [-43.33737279999997, -22.78965459999995], [-43.33713749999999, -22.789426399999968], [-43.33705189999995, -22.789119799999977], [-43.33788249999998, -22.788131799999977], [-43.33754959999993, -22.78814859999995], [-43.33712179999998, -22.788291199999943], [-43.336964999999964, -22.788382499999962], [-43.33667689999993, -22.78865629999996], [-43.33646699999997, -22.788814499999948]]]}, "properties": {"id": "330510905000379", "name": "Setor 330510905000379", "meanMonthlyBRL": 2141.21, "medianMonthlyBRL": 1800.0, "status": "published", "sourceTerritoryType": "census_sector", "overlayColor": "#9ecae1"}}, {"type": "Feature", "geometry": {"type": "Polygon", "coordinates": [[[-43.356619799999976, -22.76981899999993], [-43.35653839999998, -22.77017519999999], [-43.35646769999994, -22.77058989999995], [-43.356722299999944, -22.77048469999994], [-43.35694569999998, -22.770375399999978], [-43.35728319999998, -22.770332599999964], [-43.357628999999974, -22.770321599999928], [-43.357706399999984, -22.770385299999926], [-43.35800699999993, -22.770624299999955], [-43.35809919999997, -22.770333299999944], [-43.358144299999935, -22.770276599999928], [-43.35822509999997, -22.770252299999974], [-43.35832719999996, -22.77024679999994], [-43.35839189999996, -22.770238799999955], [-43.358501099999955, -22.770285399999977], [-43.35865729999995, -22.77034249999997], [-43.35877499999998, -22.770366499999962], [-43.35852659999995, -22.77014879999995], [-43.35843219999999, -22.770103499999944], [-43.357689799999946, -22.769935899999947], [-43.35774209999994, -22.769713499999966], [-43.35797499999996, -22.768643699999934], [-43.356985899999984, -22.76843899999994], [-43.35696199999995, -22.768545199999945], [-43.35692979999993, -22.768665199999926], [-43.35684159999994, -22.76899349999997], [-43.356619799999976, -22.76981899999993]]]}, "properties": {"id": "330510905000380", "name": "Setor 330510905000380", "meanMonthlyBRL": 1644.43, "medianMonthlyBRL": 1540.0, "status": "published", "sourceTerritoryType": "census_sector", "overlayColor": "#9ecae1"}}, {"type": "Feature", "geometry": {"type": "Polygon", "coordinates": [[[-43.34469089999993, -22.803054499999973], [-43.34472889999995, -22.803060299999963], [-43.34709779999997, -22.803264599999977], [-43.34758379999994, -22.803279699999965], [-43.347635699999955, -22.802409299999972], [-43.34720699999997, -22.802409299999955], [-43.34657669999996, -22.802392199999925], [-43.34599489999994, -22.802397899999956], [-43.34536449999996, -22.802426499999967], [-43.34494529999995, -22.802443599999943], [-43.34478269999994, -22.80244639999995], [-43.34469089999993, -22.803054499999973]]]}, "properties": {"id": "330510905000381", "name": "Setor 330510905000381", "meanMonthlyBRL": 1720.67, "medianMonthlyBRL": 1500.0, "status": "published", "sourceTerritoryType": "census_sector", "overlayColor": "#9ecae1"}}, {"type": "Feature", "geometry": {"type": "Polygon", "coordinates": [[[-43.34270419999996, -22.787605499999927], [-43.342488499999945, -22.788036699999964], [-43.34252809999998, -22.788064499999958], [-43.34335979999998, -22.789860899999955], [-43.34343649999994, -22.78985129999995], [-43.34362179999994, -22.78973909999996], [-43.34376159999994, -22.789654499999983], [-43.34403459999993, -22.789578999999947], [-43.34408109999998, -22.78956609999994], [-43.34452599999997, -22.789543399999953], [-43.34461169999997, -22.789532099999978], [-43.34475749999996, -22.789538899999965], [-43.34453589999998, -22.78906199999994], [-43.344371999999964, -22.788761799999975], [-43.34413809999995, -22.78827409999997], [-43.34399549999995, -22.787937499999934], [-43.34381069999995, -22.787661599999982], [-43.34370919999998, -22.787512899999964], [-43.343206399999985, -22.787389799999964], [-43.34270419999996, -22.787605499999927]]]}, "properties": {"id": "330510905000382", "name": "Setor 330510905000382", "meanMonthlyBRL": 1122.64, "medianMonthlyBRL": 1001.0, "status": "published", "sourceTerritoryType": "census_sector", "overlayColor": "#c6dbef"}}, {"type": "Feature", "geometry": {"type": "Polygon", "coordinates": [[[-43.336671999999965, -22.793589799999953], [-43.33729839999995, -22.79381129999996], [-43.338043099999936, -22.794117199999956], [-43.338043099999936, -22.792834299999974], [-43.338043099999936, -22.791151999999943], [-43.33796419999993, -22.790735899999955], [-43.33793439999994, -22.790578799999935], [-43.33743959999998, -22.791972399999956], [-43.336671999999965, -22.793589799999953]]]}, "properties": {"id": "330510905000383", "name": "Setor 330510905000383", "meanMonthlyBRL": 2176.77, "medianMonthlyBRL": 1300.0, "status": "published", "sourceTerritoryType": "census_sector", "overlayColor": "#c6dbef"}}, {"type": "Feature", "geometry": {"type": "Polygon", "coordinates": [[[-43.33748219999996, -22.798664699999957], [-43.33751539999997, -22.79882819999994], [-43.33759429999998, -22.799111099999937], [-43.337661999999966, -22.799292899999944], [-43.33767999999998, -22.799325399999926], [-43.33798829999995, -22.79973579999995], [-43.33813619999995, -22.799884799999973], [-43.338428499999964, -22.800155699999948], [-43.33862259999995, -22.80031859999996], [-43.338576399999965, -22.800136199999944], [-43.338496599999985, -22.79987089999997], [-43.33840809999998, -22.79952009999994], [-43.33830709999995, -22.799177799999935], [-43.33825719999993, -22.798975299999938], [-43.33823719999998, -22.79880269999995], [-43.33821899999998, -22.798551599999936], [-43.338210499999946, -22.798250099999954], [-43.338585199999955, -22.798815399999967], [-43.338628699999965, -22.796471199999925], [-43.33865399999996, -22.79647299999994], [-43.33867609999993, -22.796466599999967], [-43.338727699999936, -22.79642639999997], [-43.338584999999966, -22.79610759999997], [-43.33848999999998, -22.796344899999955], [-43.337913699999945, -22.79767189999995], [-43.33748219999996, -22.798664699999957]]]}, "properties": {"id": "330510905000384", "name": "Setor 330510905000384", "meanMonthlyBRL": 1851.25, "medianMonthlyBRL": 1500.0, "status": "published", "sourceTerritoryType": "census_sector", "overlayColor": "#9ecae1"}}, {"type": "Feature", "geometry": {"type": "Polygon", "coordinates": [[[-43.35615909999996, -22.767236999999966], [-43.35720919999994, -22.767446999999944], [-43.35733909999993, -22.76679899999993], [-43.35742909999993, -22.76634999999993], [-43.357497499999965, -22.766008399999976], [-43.357630599999936, -22.765344799999976], [-43.35657329999998, -22.765158799999934], [-43.35642429999996, -22.765906699999956], [-43.35633919999998, -22.766333799999927], [-43.35632149999998, -22.76642269999996], [-43.35615909999996, -22.767236999999966]]]}, "properties": {"id": "330510905000385", "name": "Setor 330510905000385", "meanMonthlyBRL": 2532.91, "medianMonthlyBRL": 2000.0, "status": "published", "sourceTerritoryType": "census_sector", "overlayColor": "#6baed6"}}, {"type": "Feature", "geometry": {"type": "Polygon", "coordinates": [[[-43.35550219999993, -22.769978899999952], [-43.355592299999955, -22.769628599999976], [-43.355762399999946, -22.76895209999998], [-43.35579689999997, -22.768812999999966], [-43.355881599999975, -22.76847099999998], [-43.35615909999996, -22.767236999999966], [-43.35509579999996, -22.76704299999994], [-43.353038899999945, -22.766599699999965], [-43.35382089999996, -22.76769709999996], [-43.35464269999994, -22.768826799999946], [-43.354737399999976, -22.768953699999933], [-43.35550219999993, -22.769978899999952]]]}, "properties": {"id": "330510905000386", "name": "Setor 330510905000386", "meanMonthlyBRL": 2017.61, "medianMonthlyBRL": 1654.0, "status": "published", "sourceTerritoryType": "census_sector", "overlayColor": "#9ecae1"}}, {"type": "Feature", "geometry": {"type": "Polygon", "coordinates": [[[-43.352093099999934, -22.770941599999954], [-43.35217039999998, -22.771140499999944], [-43.352161799999976, -22.77135849999996], [-43.35294619999996, -22.77151469999996], [-43.35306409999998, -22.770940899999967], [-43.35338479999996, -22.769657199999987], [-43.35277529999996, -22.76953209999993], [-43.35234209999993, -22.769443199999955], [-43.352327799999955, -22.769497899999973], [-43.352160899999944, -22.770165999999964], [-43.35196129999998, -22.77053679999995], [-43.352093099999934, -22.770941599999954]]]}, "properties": {"id": "330510905000387", "name": "Setor 330510905000387", "meanMonthlyBRL": 2030.85, "medianMonthlyBRL": 1500.0, "status": "published", "sourceTerritoryType": "census_sector", "overlayColor": "#9ecae1"}}, {"type": "Feature", "geometry": {"type": "Polygon", "coordinates": [[[-43.351048599999956, -22.77461309999995], [-43.35099629999996, -22.774767499999932], [-43.35069679999998, -22.77505269999994], [-43.35047819999994, -22.775337899999947], [-43.35021039999998, -22.77561029999998], [-43.35064239999998, -22.775899099999943], [-43.35082309999996, -22.77598459999995], [-43.350958299999945, -22.77622699999994], [-43.35206919999996, -22.775469299999937], [-43.352684599999975, -22.775045899999952], [-43.35271379999995, -22.774903499999937], [-43.35283769999995, -22.77423869999996], [-43.35194369999994, -22.773868799999942], [-43.35202349999997, -22.774138999999934], [-43.35207239999994, -22.774305999999967], [-43.351796899999954, -22.774593599999946], [-43.35120219999993, -22.774678899999966], [-43.351048599999956, -22.77461309999995]]]}, "properties": {"id": "330510905000388", "name": "Setor 330510905000388", "meanMonthlyBRL": 1769.01, "medianMonthlyBRL": 1212.0, "status": "published", "sourceTerritoryType": "census_sector", "overlayColor": "#c6dbef"}}, {"type": "Feature", "geometry": {"type": "Polygon", "coordinates": [[[-43.33385449999997, -22.792800299999946], [-43.333806799999934, -22.793308899999936], [-43.33377909999996, -22.793604799999965], [-43.33376789999994, -22.793634199999925], [-43.33364629999994, -22.793952799999932], [-43.33551209999996, -22.794656299999925], [-43.335779799999955, -22.794054299999967], [-43.33616519999998, -22.793187699999972], [-43.33583839999994, -22.792907299999968], [-43.33535669999998, -22.793336999999955], [-43.335133299999946, -22.793256199999966], [-43.333905399999935, -22.792149199999983], [-43.33390739999993, -22.79223579999996], [-43.33385449999997, -22.792800299999946]]]}, "properties": {"id": "330510905000390", "name": "Setor 330510905000390", "meanMonthlyBRL": 1939.7, "medianMonthlyBRL": 1800.0, "status": "published", "sourceTerritoryType": "census_sector", "overlayColor": "#9ecae1"}}, {"type": "Feature", "geometry": {"type": "Polygon", "coordinates": [[[-43.35795289999993, -22.76373019999994], [-43.35791059999997, -22.764382699999945], [-43.358385699999985, -22.764471499999956], [-43.358686499999976, -22.764525299999946], [-43.35911329999993, -22.764601599999935], [-43.35943009999994, -22.76465819999992], [-43.35993989999997, -22.76474939999997], [-43.36062389999995, -22.764871699999947], [-43.36247549999996, -22.765220899999985], [-43.36253089999997, -22.764740999999955], [-43.36251059999995, -22.764528199999976], [-43.362482299999954, -22.76423239999997], [-43.36244679999993, -22.763860599999933], [-43.361092499999984, -22.76361209999994], [-43.36094369999995, -22.764253899999968], [-43.36074759999997, -22.764219599999937], [-43.36063389999998, -22.76419959999993], [-43.35795289999993, -22.76373019999994]]]}, "properties": {"id": "330510905000391", "name": "Setor 330510905000391", "meanMonthlyBRL": 2092.72, "medianMonthlyBRL": 1500.0, "status": "published", "sourceTerritoryType": "census_sector", "overlayColor": "#9ecae1"}}, {"type": "Feature", "geometry": {"type": "Polygon", "coordinates": [[[-43.350351399999965, -22.76300969999994], [-43.350870999999984, -22.76310399999994], [-43.35097149999996, -22.76264349999997], [-43.35106509999997, -22.762214899999943], [-43.351160799999946, -22.76177659999996], [-43.35126079999998, -22.761318399999944], [-43.34870449999994, -22.76083509999995], [-43.34911599999998, -22.761390099999964], [-43.349504499999966, -22.76190739999992], [-43.349911299999974, -22.762444099999982], [-43.350351399999965, -22.76300969999994]]]}, "properties": {"id": "330510905000392", "name": "Setor 330510905000392", "meanMonthlyBRL": 1440.64, "medianMonthlyBRL": 1200.0, "status": "published", "sourceTerritoryType": "census_sector", "overlayColor": "#c6dbef"}}, {"type": "Feature", "geometry": {"type": "Polygon", "coordinates": [[[-43.343369199999984, -22.761212199999928], [-43.34514479999996, -22.761546899999935], [-43.34751929999993, -22.761994399999935], [-43.34761139999995, -22.761543199999952], [-43.34523219999994, -22.761102299999948], [-43.34368759999995, -22.76081879999999], [-43.343369199999984, -22.761212199999928]]]}, "properties": {"id": "330510905000393", "name": "Setor 330510905000393", "meanMonthlyBRL": 1757.42, "medianMonthlyBRL": 1217.5, "status": "published", "sourceTerritoryType": "census_sector", "overlayColor": "#c6dbef"}}, {"type": "Feature", "geometry": {"type": "Polygon", "coordinates": [[[-43.33469469999995, -22.766988299999984], [-43.33494349999995, -22.765730099999928], [-43.33509849999996, -22.76494669999994], [-43.33445579999995, -22.764838499999943], [-43.33406329999997, -22.764772399999966], [-43.33341829999995, -22.76466379999993], [-43.332681699999966, -22.764515799999966], [-43.333779499999935, -22.766103999999917], [-43.334045799999956, -22.766489199999963], [-43.33469469999995, -22.766988299999984]]]}, "properties": {"id": "330510905000394", "name": "Setor 330510905000394", "meanMonthlyBRL": 1308.35, "medianMonthlyBRL": 1212.0, "status": "published", "sourceTerritoryType": "census_sector", "overlayColor": "#c6dbef"}}, {"type": "Feature", "geometry": {"type": "Polygon", "coordinates": [[[-43.371473599999945, -22.798983499999952], [-43.372508899999964, -22.79946739999997], [-43.37259749999998, -22.799525599999985], [-43.37293009999996, -22.79912079999997], [-43.37340839999996, -22.79843649999998], [-43.37364319999995, -22.797854299999983], [-43.37373659999997, -22.797622799999942], [-43.37367829999994, -22.79763249999996], [-43.37360979999994, -22.79763089999995], [-43.373473899999965, -22.797627699999957], [-43.37316489999995, -22.79756119999996], [-43.37291179999994, -22.797456799999964], [-43.372459799999945, -22.797227399999937], [-43.37193929999995, -22.79811739999997], [-43.371473599999945, -22.798983499999952]]]}, "properties": {"id": "330510905000395", "name": "Setor 330510905000395", "meanMonthlyBRL": 1993.77, "medianMonthlyBRL": 1500.0, "status": "published", "sourceTerritoryType": "census_sector", "overlayColor": "#9ecae1"}}, {"type": "Feature", "geometry": {"type": "Polygon", "coordinates": [[[-43.35181479999994, -22.786383599999965], [-43.35294729999998, -22.786384999999935], [-43.35400979999997, -22.78633449999995], [-43.35415299999994, -22.786321299999933], [-43.35431919999996, -22.786280899999948], [-43.35444849999993, -22.786216999999965], [-43.35463669999996, -22.786059699999953], [-43.35450279999998, -22.785960999999922], [-43.35426319999994, -22.785738499999976], [-43.35397399999994, -22.78553119999998], [-43.35392099999996, -22.78549319999997], [-43.35368999999997, -22.78525079999997], [-43.35346249999998, -22.785054899999984], [-43.35316499999993, -22.784862899999958], [-43.35338569999993, -22.784545799999933], [-43.353454599999964, -22.784595899999935], [-43.35354749999994, -22.784589599999947], [-43.35377579999994, -22.784495899999964], [-43.353726999999935, -22.784466499999954], [-43.35361869999997, -22.78428679999996], [-43.353498299999956, -22.784117099999943], [-43.353444699999955, -22.78404149999994], [-43.35334489999997, -22.783961599999945], [-43.35325359999996, -22.78387039999995], [-43.353042699999946, -22.78377359999996], [-43.35294269999997, -22.78372779999994], [-43.35281239999995, -22.783670599999933], [-43.352517699999964, -22.783557699999957], [-43.35240699999997, -22.78353459999994], [-43.35248679999995, -22.783693599999932], [-43.35249269999997, -22.78379049999995], [-43.35239649999994, -22.783760199999953], [-43.35195459999994, -22.78365109999993], [-43.35128559999998, -22.78342829999997], [-43.35119629999997, -22.783406799999966], [-43.351014599999985, -22.783550899999963], [-43.35084349999994, -22.78373629999992], [-43.35064669999997, -22.783935999999976], [-43.35053339999996, -22.784024699999964], [-43.35074759999998, -22.784172399999935], [-43.35083289999994, -22.78425019999997], [-43.351547299999936, -22.784352199999944], [-43.35269349999993, -22.785135199999957], [-43.35286619999994, -22.785220799999937], [-43.35294239999996, -22.78531309999994], [-43.35299249999997, -22.78540559999993], [-43.353008099999954, -22.785504899999975], [-43.35295709999997, -22.78563849999995], [-43.35290909999998, -22.785704699999933], [-43.35274039999996, -22.785831599999927], [-43.35256499999997, -22.78590089999994], [-43.352411699999955, -22.78602179999996], [-43.35215819999996, -22.786135299999952], [-43.35199019999993, -22.78617509999998], [-43.35181469999998, -22.78618689999996], [-43.35170499999998, -22.786150699999943], [-43.35181479999994, -22.786383599999965]]]}, "properties": {"id": "330510905000396", "name": "Setor 330510905000396", "meanMonthlyBRL": 1280.52, "medianMonthlyBRL": 1300.0, "status": "published", "sourceTerritoryType": "census_sector", "overlayColor": "#c6dbef"}}, {"type": "Feature", "geometry": {"type": "Polygon", "coordinates": [[[-43.33424839999998, -22.790399399999952], [-43.33319949999998, -22.790547599999964], [-43.33194919999994, -22.790709899999964], [-43.33196019999997, -22.79075049999994], [-43.33196369999996, -22.79080309999994], [-43.33197949999993, -22.790842599999962], [-43.33198139999996, -22.790891799999937], [-43.33199339999993, -22.790924999999962], [-43.33307919999993, -22.791161599999953], [-43.33388599999995, -22.79133729999995], [-43.33418549999993, -22.790759799999933], [-43.33431989999997, -22.79064579999993], [-43.334684899999964, -22.790337699999956], [-43.33424839999998, -22.790399399999952]]]}, "properties": {"id": "330510905000397", "name": "Setor 330510905000397", "meanMonthlyBRL": 1895.31, "medianMonthlyBRL": 1500.0, "status": "published", "sourceTerritoryType": "census_sector", "overlayColor": "#9ecae1"}}, {"type": "Feature", "geometry": {"type": "Polygon", "coordinates": [[[-43.34683009999998, -22.773327399999964], [-43.34701549999994, -22.77329889999993], [-43.34739099999996, -22.773479499999954], [-43.34741969999993, -22.77350669999993], [-43.347661899999935, -22.773736199999973], [-43.34784599999995, -22.77400639999996], [-43.34788539999994, -22.774064199999945], [-43.348319799999956, -22.77431649999994], [-43.34892709999997, -22.77469009999993], [-43.349282899999935, -22.77491979999996], [-43.34979629999998, -22.775333399999965], [-43.34987079999996, -22.775383199999965], [-43.35021039999998, -22.77561029999998], [-43.35047819999994, -22.775337899999947], [-43.35069679999998, -22.77505269999994], [-43.35053039999997, -22.774910099999936], [-43.35029469999995, -22.774735999999958], [-43.349993299999944, -22.774544099999957], [-43.34966049999997, -22.77444899999994], [-43.34935439999998, -22.774271499999944], [-43.34922319999998, -22.774120999999973], [-43.349193199999945, -22.773997599999973], [-43.349157299999945, -22.773787099999936], [-43.34894479999997, -22.77389229999994], [-43.34881709999996, -22.773745699999946], [-43.348546099999965, -22.77336439999993], [-43.34842609999998, -22.773430699999942], [-43.34761869999994, -22.77296349999995], [-43.34653009999994, -22.77267529999994], [-43.34638839999997, -22.77266629999997], [-43.346329699999956, -22.772704799999925], [-43.346326199999965, -22.772788099999957], [-43.34638649999994, -22.77292609999995], [-43.34648409999994, -22.773052399999987], [-43.346793299999945, -22.77328329999994], [-43.34683009999998, -22.773327399999964]]]}, "properties": {"id": "330510905000398", "name": "Setor 330510905000398", "meanMonthlyBRL": 1572.29, "medianMonthlyBRL": 1250.0, "status": "published", "sourceTerritoryType": "census_sector", "overlayColor": "#c6dbef"}}, {"type": "Feature", "geometry": {"type": "Polygon", "coordinates": [[[-43.34260189999998, -22.79348729999997], [-43.34261759999999, -22.79350609999995], [-43.342731699999945, -22.793520199999936], [-43.34354709999997, -22.79362039999995], [-43.344488299999966, -22.792334699999966], [-43.34452479999993, -22.792284799999944], [-43.34492499999993, -22.791276599999943], [-43.34513099999999, -22.790605299999978], [-43.34455019999996, -22.790554199999974], [-43.343588799999964, -22.79053379999993], [-43.34353129999994, -22.791921099999957], [-43.34352629999995, -22.792028999999957], [-43.34344079999994, -22.79226429999994], [-43.34333379999998, -22.792492499999973], [-43.34260189999998, -22.79348729999997]]]}, "properties": {"id": "330510905000399", "name": "Setor 330510905000399", "meanMonthlyBRL": 1772.35, "medianMonthlyBRL": 1450.0, "status": "published", "sourceTerritoryType": "census_sector", "overlayColor": "#c6dbef"}}, {"type": "Feature", "geometry": {"type": "Polygon", "coordinates": [[[-43.34362179999994, -22.78973909999996], [-43.343588799999964, -22.79053379999993], [-43.34455019999996, -22.790554199999974], [-43.34513099999999, -22.790605299999978], [-43.34492499999993, -22.791276599999943], [-43.34452479999993, -22.792284799999944], [-43.344971699999974, -22.792413099999973], [-43.34541849999994, -22.792541499999963], [-43.34551359999995, -22.79258899999996], [-43.345591499999955, -22.792530399999972], [-43.34619419999996, -22.791848499999965], [-43.34643969999996, -22.791602699999945], [-43.34666439999995, -22.79113239999998], [-43.34683099999995, -22.79057999999998], [-43.34706149999994, -22.79046269999998], [-43.347126999999944, -22.79040159999994], [-43.347198499999934, -22.79031049999997], [-43.34678489999993, -22.790244899999937], [-43.34640839999997, -22.79007949999993], [-43.34580399999993, -22.789787199999974], [-43.34566369999994, -22.789725699999963], [-43.34537759999995, -22.789617699999948], [-43.345330299999944, -22.789600299999957], [-43.344973799999934, -22.789548999999973], [-43.34475749999996, -22.789538899999965], [-43.34461169999997, -22.789532099999978], [-43.34452599999997, -22.789543399999953], [-43.34408109999998, -22.78956609999994], [-43.34403459999993, -22.789578999999947], [-43.34376159999994, -22.789654499999983], [-43.34362179999994, -22.78973909999996]]]}, "properties": {"id": "330510905000400", "name": "Setor 330510905000400", "meanMonthlyBRL": 1526.12, "medianMonthlyBRL": 1212.0, "status": "published", "sourceTerritoryType": "census_sector", "overlayColor": "#c6dbef"}}, {"type": "Feature", "geometry": {"type": "Polygon", "coordinates": [[[-43.35349889999998, -22.79402969999995], [-43.35295129999997, -22.79424079999995], [-43.35224109999996, -22.79481979999997], [-43.35204229999994, -22.79502889999997], [-43.35184019999997, -22.79479739999993], [-43.35153939999998, -22.794463299999954], [-43.351497999999935, -22.79446299999994], [-43.35142119999995, -22.794568499999965], [-43.351336599999975, -22.79482529999996], [-43.349549999999965, -22.796709599999932], [-43.34928959999996, -22.79653019999995], [-43.34862429999998, -22.79738069999997], [-43.34967149999994, -22.798346999999968], [-43.35172549999993, -22.79961979999996], [-43.351978299999985, -22.799718699999975], [-43.352093699999955, -22.79980879999994], [-43.35163589999996, -22.800111799999968], [-43.35124779999995, -22.800343299999955], [-43.35090969999993, -22.800544999999946], [-43.350576899999965, -22.800743499999946], [-43.35030299999994, -22.80084939999995], [-43.35011309999993, -22.800871299999983], [-43.34992749999998, -22.80084419999997], [-43.350134999999966, -22.800926099999963], [-43.350456399999985, -22.800926099999963], [-43.35058879999997, -22.800903199999933], [-43.350916799999936, -22.80084639999995], [-43.35111009999997, -22.80081289999998], [-43.35143139999997, -22.80076909999996], [-43.35153369999995, -22.800790999999947], [-43.351588499999934, -22.80082749999997], [-43.351624999999956, -22.800878599999972], [-43.35162679999996, -22.800889899999955], [-43.35163589999996, -22.800947999999945], [-43.351662199999964, -22.801054499999964], [-43.351720099999966, -22.801291199999977], [-43.35248009999998, -22.800875599999923], [-43.35358519999994, -22.800273199999932], [-43.35384949999997, -22.800121299999933], [-43.35495849999995, -22.79949119999998], [-43.35582169999998, -22.79900079999993], [-43.35605909999998, -22.79886589999995], [-43.356093499999986, -22.798846299999987], [-43.35694109999997, -22.79836449999993], [-43.356850099999974, -22.797917199999972], [-43.356858699999975, -22.797746099999923], [-43.35681589999996, -22.797634799999965], [-43.356898599999965, -22.796051899999945], [-43.35694429999995, -22.795806599999928], [-43.35644769999993, -22.794713599999973], [-43.35631109999997, -22.79450029999998], [-43.356272599999954, -22.794395099999978], [-43.35618159999996, -22.794397299999954], [-43.355584299999975, -22.794465499999944], [-43.354569399999946, -22.79455959999996], [-43.35420499999998, -22.794476099999933], [-43.35409409999994, -22.794320499999973], [-43.354020299999945, -22.794216899999974], [-43.353912399999956, -22.794186599999936], [-43.35374009999998, -22.794089399999955], [-43.35356159999998, -22.794006899999943], [-43.35349889999998, -22.79402969999995]]]}, "properties": {"id": "330510905000401", "name": "Setor 330510905000401", "meanMonthlyBRL": null, "medianMonthlyBRL": null, "status": "suppressed", "sourceTerritoryType": "census_sector", "overlayColor": "#888888"}}, {"type": "Feature", "geometry": {"type": "Polygon", "coordinates": [[[-43.34452479999993, -22.792284799999944], [-43.344488299999966, -22.792334699999966], [-43.34354709999997, -22.79362039999995], [-43.342731699999945, -22.793520199999936], [-43.34261759999999, -22.79350609999995], [-43.34260189999998, -22.79348729999997], [-43.34245949999996, -22.793680899999963], [-43.34183439999998, -22.794531199999934], [-43.341876499999955, -22.79495329999997], [-43.34188379999995, -22.795025299999956], [-43.341920399999935, -22.795222199999948], [-43.34197059999997, -22.79541719999997], [-43.34225709999998, -22.796193099999986], [-43.34243539999994, -22.796784999999947], [-43.342756099999974, -22.79778879999998], [-43.34321489999997, -22.799125499999942], [-43.34340149999997, -22.799223599999955], [-43.34352599999994, -22.79928899999993], [-43.34387269999996, -22.799471199999967], [-43.34388999999993, -22.799480199999948], [-43.34418229999994, -22.799783299999945], [-43.34451919999998, -22.80010309999994], [-43.34472509999995, -22.80018099999995], [-43.34477059999995, -22.800196799999977], [-43.34581519999995, -22.80035729999997], [-43.346135999999944, -22.800392899999963], [-43.34720559999994, -22.80034659999996], [-43.347369699999945, -22.800351699999965], [-43.34781709999993, -22.800365699999926], [-43.34789009999998, -22.800367999999935], [-43.34810779999998, -22.800379499999963], [-43.34856039999994, -22.800403599999978], [-43.34895499999993, -22.800495499999954], [-43.34918779999998, -22.80054979999994], [-43.34982729999996, -22.800804599999935], [-43.34992749999998, -22.80084419999997], [-43.35011309999993, -22.800871299999983], [-43.35030299999994, -22.80084939999995], [-43.350576899999965, -22.800743499999946], [-43.35090969999993, -22.800544999999946], [-43.35124779999995, -22.800343299999955], [-43.35163589999996, -22.800111799999968], [-43.352093699999955, -22.79980879999994], [-43.351978299999985, -22.799718699999975], [-43.35172549999993, -22.79961979999996], [-43.34967149999994, -22.798346999999968], [-43.34862429999998, -22.79738069999997], [-43.34928959999996, -22.79653019999995], [-43.349549999999965, -22.796709599999932], [-43.351336599999975, -22.79482529999996], [-43.35142119999995, -22.794568499999965], [-43.351497999999935, -22.79446299999994], [-43.35153939999998, -22.794463299999954], [-43.35154509999995, -22.794086799999942], [-43.35156439999997, -22.79399939999996], [-43.35178599999995, -22.793023399999985], [-43.35183319999993, -22.792823299999945], [-43.35183509999996, -22.792706199999937], [-43.35183889999997, -22.792475299999968], [-43.35144529999997, -22.792392599999978], [-43.35135409999998, -22.79235549999992], [-43.35111159999997, -22.792344099999987], [-43.350797899999975, -22.792309899999964], [-43.350702799999965, -22.792310699999973], [-43.35045279999997, -22.792312699999968], [-43.35015619999996, -22.792338399999945], [-43.349833899999965, -22.792264199999977], [-43.34977259999994, -22.792223599999936], [-43.34957149999997, -22.79209029999992], [-43.34950189999995, -22.792013999999945], [-43.34946389999993, -22.791972499999932], [-43.34939179999998, -22.791893499999958], [-43.349083699999944, -22.791602499999946], [-43.34892229999997, -22.79144229999996], [-43.34870499999994, -22.79122649999994], [-43.34868439999997, -22.79120609999995], [-43.34843489999997, -22.791057799999976], [-43.34807979999994, -22.790892399999958], [-43.34783159999995, -22.790761199999967], [-43.347283999999945, -22.79035619999997], [-43.347198499999934, -22.79031049999997], [-43.347126999999944, -22.79040159999994], [-43.34706149999994, -22.79046269999998], [-43.34683099999995, -22.79057999999998], [-43.34666439999995, -22.79113239999998], [-43.34643969999996, -22.791602699999945], [-43.34619419999996, -22.791848499999965], [-43.345591499999955, -22.792530399999972], [-43.34551359999995, -22.79258899999996], [-43.34541849999994, -22.792541499999963], [-43.344971699999974, -22.792413099999973], [-43.34452479999993, -22.792284799999944]]]}, "properties": {"id": "330510905000402", "name": "Setor 330510905000402", "meanMonthlyBRL": 3919.75, "medianMonthlyBRL": 3000.0, "status": "published", "sourceTerritoryType": "census_sector", "overlayColor": "#3182bd"}}, {"type": "Feature", "geometry": {"type": "Polygon", "coordinates": [[[-43.36593419999998, -22.80087239999995], [-43.36735519999996, -22.801288999999937], [-43.36738619999995, -22.801285699999937], [-43.36723049999995, -22.801106699999927], [-43.367087699999956, -22.800919199999953], [-43.36696869999997, -22.800728799999938], [-43.366952599999934, -22.800649299999968], [-43.36683769999996, -22.800080199999968], [-43.366592699999956, -22.798971799999947], [-43.36627599999997, -22.799865399999923], [-43.36593419999998, -22.80087239999995]]]}, "properties": {"id": "330510905000403", "name": "Setor 330510905000403", "meanMonthlyBRL": 2313.67, "medianMonthlyBRL": 2000.0, "status": "published", "sourceTerritoryType": "census_sector", "overlayColor": "#6baed6"}}, {"type": "Feature", "geometry": {"type": "Polygon", "coordinates": [[[-43.36592159999998, -22.800909399999963], [-43.365616999999936, -22.80180689999997], [-43.36662949999993, -22.802104199999977], [-43.36763549999995, -22.80239959999994], [-43.36768109999997, -22.802254699999928], [-43.36775959999994, -22.80184059999993], [-43.36761489999998, -22.80158729999993], [-43.367550499999936, -22.801474599999946], [-43.367438499999935, -22.80134579999998], [-43.36738619999995, -22.801285699999937], [-43.36735519999996, -22.801288999999937], [-43.36593419999998, -22.80087239999995], [-43.36592159999998, -22.800909399999963]]]}, "properties": {"id": "330510905000404", "name": "Setor 330510905000404", "meanMonthlyBRL": 2356.57, "medianMonthlyBRL": 1500.0, "status": "published", "sourceTerritoryType": "census_sector", "overlayColor": "#9ecae1"}}, {"type": "Feature", "geometry": {"type": "Polygon", "coordinates": [[[-43.37588299999994, -22.791352499999956], [-43.37540299999995, -22.79223269999994], [-43.37583399999995, -22.792453099999932], [-43.375383399999976, -22.793230399999974], [-43.37549869999998, -22.793266899999928], [-43.37563149999994, -22.79334219999992], [-43.375733699999955, -22.79314749999997], [-43.37601549999994, -22.79281859999998], [-43.376027499999964, -22.792804599999958], [-43.376219499999934, -22.792695699999967], [-43.376355099999955, -22.792618799999953], [-43.37672189999995, -22.79250629999995], [-43.37713139999994, -22.792467199999972], [-43.37781579999995, -22.792460199999937], [-43.37816689999994, -22.792402099999947], [-43.378417199999944, -22.792320499999963], [-43.37875679999996, -22.79211459999994], [-43.37856849999997, -22.791971899999957], [-43.37814599999996, -22.791677699999976], [-43.37761899999998, -22.79150029999994], [-43.37745739999997, -22.79141039999996], [-43.37698679999994, -22.79114859999993], [-43.37681629999997, -22.79145229999995], [-43.37665329999993, -22.791727499999972], [-43.37588299999994, -22.791352499999956]]]}, "properties": {"id": "330510905000405", "name": "Setor 330510905000405", "meanMonthlyBRL": 1665.77, "medianMonthlyBRL": 1245.0, "status": "published", "sourceTerritoryType": "census_sector", "overlayColor": "#c6dbef"}}, {"type": "Feature", "geometry": {"type": "Polygon", "coordinates": [[[-43.37418139999994, -22.792652899999947], [-43.37496889999994, -22.79303429999993], [-43.375383399999976, -22.793230399999974], [-43.37583399999995, -22.792453099999932], [-43.37540299999995, -22.79223269999994], [-43.37588299999994, -22.791352499999956], [-43.37509679999994, -22.79096849999996], [-43.37418139999994, -22.792652899999947]]]}, "properties": {"id": "330510905000406", "name": "Setor 330510905000406", "meanMonthlyBRL": 2092.56, "medianMonthlyBRL": 2000.0, "status": "published", "sourceTerritoryType": "census_sector", "overlayColor": "#6baed6"}}, {"type": "Feature", "geometry": {"type": "Polygon", "coordinates": [[[-43.33925579999993, -22.79053739999995], [-43.33936929999993, -22.790578599999947], [-43.339453499999934, -22.790643399999954], [-43.33983139999998, -22.790922299999973], [-43.34005139999994, -22.79108289999994], [-43.340140599999984, -22.791186999999983], [-43.340256599999975, -22.791133499999948], [-43.34052719999994, -22.79086879999994], [-43.340776999999946, -22.790500099999974], [-43.34096139999997, -22.790651699999962], [-43.341101099999946, -22.790755799999943], [-43.341200399999934, -22.790798999999932], [-43.34128309999995, -22.790769699999938], [-43.34135159999994, -22.790678499999952], [-43.341417199999974, -22.790475899999937], [-43.34152839999996, -22.79026769999996], [-43.34167099999996, -22.790219299999926], [-43.341939099999934, -22.79023349999994], [-43.34215139999998, -22.790213599999955], [-43.34215539999997, -22.789585399999968], [-43.34188599999993, -22.789594299999973], [-43.34170809999995, -22.789600299999957], [-43.341091999999946, -22.789808499999932], [-43.34080389999997, -22.789805699999935], [-43.340216399999974, -22.789691599999966], [-43.33995259999995, -22.78952139999996], [-43.33957669999995, -22.79008679999999], [-43.33954679999994, -22.79012599999992], [-43.339282099999934, -22.790501699999936], [-43.33925579999993, -22.79053739999995]]]}, "properties": {"id": "330510905000407", "name": "Setor 330510905000407", "meanMonthlyBRL": 1505.73, "medianMonthlyBRL": 1300.0, "status": "published", "sourceTerritoryType": "census_sector", "overlayColor": "#c6dbef"}}, {"type": "Feature", "geometry": {"type": "Polygon", "coordinates": [[[-43.339453499999934, -22.790643399999954], [-43.339300899999955, -22.791203199999927], [-43.33929299999994, -22.791572299999928], [-43.33967069999994, -22.79156749999993], [-43.33970019999998, -22.79163109999996], [-43.339785699999936, -22.79170519999996], [-43.33987979999995, -22.79177369999996], [-43.34022779999998, -22.791830699999934], [-43.340507299999956, -22.79181649999998], [-43.34115189999995, -22.79179369999996], [-43.34146629999998, -22.791836399999962], [-43.34156589999998, -22.79186969999995], [-43.34197169999993, -22.79200509999998], [-43.34202749999997, -22.791941999999956], [-43.34211019999998, -22.79170239999996], [-43.342130199999986, -22.79134299999992], [-43.34208739999997, -22.79112909999997], [-43.342089699999974, -22.791091999999942], [-43.34165669999993, -22.791083499999957], [-43.34145419999993, -22.79111479999995], [-43.341389499999934, -22.79114969999995], [-43.341200399999934, -22.790798999999932], [-43.341101099999946, -22.790755799999943], [-43.34096139999997, -22.790651699999962], [-43.340776999999946, -22.790500099999974], [-43.34052719999994, -22.79086879999994], [-43.340256599999975, -22.791133499999948], [-43.340140599999984, -22.791186999999983], [-43.34005139999994, -22.79108289999994], [-43.33983139999998, -22.790922299999973], [-43.339453499999934, -22.790643399999954]]]}, "properties": {"id": "330510905000408", "name": "Setor 330510905000408", "meanMonthlyBRL": 1290.28, "medianMonthlyBRL": 1200.0, "status": "published", "sourceTerritoryType": "census_sector", "overlayColor": "#c6dbef"}}, {"type": "Feature", "geometry": {"type": "Polygon", "coordinates": [[[-43.33444389999994, -22.770791999999968], [-43.33451279999997, -22.77148039999997], [-43.33435709999998, -22.771821799999937], [-43.334428299999956, -22.771932599999953], [-43.334784199999945, -22.771910399999967], [-43.334932299999934, -22.772135599999956], [-43.33527689999994, -22.772337599999954], [-43.33665789999998, -22.77208129999996], [-43.336847999999975, -22.77204529999994], [-43.33708749999994, -22.772064899999975], [-43.33713789999996, -22.77206899999993], [-43.33743259999994, -22.77224489999997], [-43.337685299999976, -22.771910199999983], [-43.337215699999945, -22.77152709999995], [-43.336500899999976, -22.77160789999994], [-43.33593999999994, -22.771707699999975], [-43.335559699999976, -22.771778999999977], [-43.335379099999955, -22.771778999999988], [-43.33527929999997, -22.77110399999998], [-43.334974999999986, -22.770680999999968], [-43.33484189999996, -22.770557399999973], [-43.33478969999993, -22.77035299999994], [-43.334984599999984, -22.76982059999994], [-43.33498929999996, -22.769782499999966], [-43.33426709999998, -22.769584899999927], [-43.33444389999994, -22.770791999999968]]]}, "properties": {"id": "330510905000409", "name": "Setor 330510905000409", "meanMonthlyBRL": 1836.52, "medianMonthlyBRL": 1500.0, "status": "published", "sourceTerritoryType": "census_sector", "overlayColor": "#9ecae1"}}, {"type": "Feature", "geometry": {"type": "Polygon", "coordinates": [[[-43.33385809999993, -22.77344979999997], [-43.33470969999996, -22.77351149999992], [-43.334870499999965, -22.773502499999953], [-43.33497719999997, -22.773472299999977], [-43.33509109999994, -22.77341839999997], [-43.33518109999994, -22.77336319999994], [-43.335317299999986, -22.77314809999996], [-43.33496549999995, -22.77276779999994], [-43.334428299999956, -22.771932599999953], [-43.33435709999998, -22.771821799999937], [-43.334184799999946, -22.772100799999972], [-43.33385809999993, -22.77344979999997]]]}, "properties": {"id": "330510905000410", "name": "Setor 330510905000410", "meanMonthlyBRL": 2048.93, "medianMonthlyBRL": 2000.0, "status": "published", "sourceTerritoryType": "census_sector", "overlayColor": "#6baed6"}}, {"type": "Feature", "geometry": {"type": "Polygon", "coordinates": [[[-43.340416599999976, -22.779539299999957], [-43.34091569999998, -22.780064299999943], [-43.34110059999995, -22.780461999999943], [-43.341166699999974, -22.780486499999938], [-43.34151699999995, -22.78061609999998], [-43.341927699999985, -22.780818599999975], [-43.34211159999995, -22.78095459999997], [-43.34213589999997, -22.780972599999927], [-43.34219859999996, -22.781103799999986], [-43.342261399999984, -22.78125779999994], [-43.34236119999997, -22.781394699999957], [-43.34256659999994, -22.781500199999986], [-43.34274339999996, -22.781522999999936], [-43.34293169999995, -22.78147739999997], [-43.34309419999994, -22.781374699999954], [-43.34331099999997, -22.781146599999943], [-43.34388979999994, -22.780607899999957], [-43.343849999999975, -22.78050199999995], [-43.34386429999995, -22.780279499999946], [-43.34395269999993, -22.779960099999986], [-43.344035399999946, -22.77973469999994], [-43.34407599999997, -22.77938299999993], [-43.344067199999984, -22.77930149999998], [-43.344056499999965, -22.779241199999944], [-43.34390229999997, -22.779218599999975], [-43.343804399999954, -22.77920419999998], [-43.34352199999995, -22.779144399999947], [-43.34315979999997, -22.779067299999955], [-43.34297699999996, -22.779051099999943], [-43.342934499999956, -22.779047399999964], [-43.34273769999993, -22.779018899999983], [-43.342058899999984, -22.77891619999997], [-43.34181929999994, -22.778847699999965], [-43.341565499999945, -22.77883059999994], [-43.341521299999954, -22.77882339999996], [-43.34125169999993, -22.778779299999943], [-43.34091519999998, -22.778747899999924], [-43.34073829999994, -22.778770699999946], [-43.340598599999964, -22.778916199999962], [-43.34053009999997, -22.779124399999944], [-43.34050079999998, -22.77926759999996], [-43.34047879999997, -22.77937539999993], [-43.340416599999976, -22.779539299999957]]]}, "properties": {"id": "330510905000411", "name": "Setor 330510905000411", "meanMonthlyBRL": 1410.77, "medianMonthlyBRL": 1212.0, "status": "published", "sourceTerritoryType": "census_sector", "overlayColor": "#c6dbef"}}, {"type": "Feature", "geometry": {"type": "Polygon", "coordinates": [[[-43.33840819999995, -22.779621599999924], [-43.33850509999996, -22.779569299999928], [-43.33875199999994, -22.77957469999996], [-43.33892529999997, -22.779657599999954], [-43.33908309999998, -22.77972489999996], [-43.339437799999985, -22.779834599999955], [-43.34007649999995, -22.780086899999954], [-43.34110059999995, -22.780461999999943], [-43.34091569999998, -22.780064299999943], [-43.340416599999976, -22.779539299999957], [-43.33985389999998, -22.778993399999933], [-43.33942129999997, -22.779007699999966], [-43.33899349999996, -22.778941199999966], [-43.338863199999935, -22.778850899999956], [-43.33868449999994, -22.778727199999928], [-43.33834699999994, -22.778556099999943], [-43.33790239999996, -22.77862709999994], [-43.33783299999993, -22.77864439999996], [-43.33788139999996, -22.77885859999998], [-43.33797859999999, -22.77898229999994], [-43.33799179999994, -22.779104499999956], [-43.33801479999994, -22.77920599999992], [-43.338124999999934, -22.779318299999947], [-43.33821839999996, -22.779434799999926], [-43.33840819999995, -22.779621599999924]]]}, "properties": {"id": "330510905000412", "name": "Setor 330510905000412", "meanMonthlyBRL": 1919.12, "medianMonthlyBRL": 1212.0, "status": "published", "sourceTerritoryType": "census_sector", "overlayColor": "#c6dbef"}}, {"type": "Feature", "geometry": {"type": "Polygon", "coordinates": [[[-43.335527499999955, -22.798386599999958], [-43.33558079999995, -22.798783199999942], [-43.335698899999954, -22.799300599999977], [-43.33573099999995, -22.79947709999993], [-43.335698899999954, -22.79949739999995], [-43.335535799999946, -22.79964359999997], [-43.33511179999994, -22.800165399999976], [-43.33542059999996, -22.800336799999965], [-43.33556349999998, -22.800139099999967], [-43.335704299999975, -22.79994479999993], [-43.335798799999964, -22.799843999999947], [-43.336230299999954, -22.800069899999983], [-43.33671089999996, -22.800321499999942], [-43.33711919999996, -22.79990529999997], [-43.33732719999995, -22.79969969999996], [-43.33767999999998, -22.799325399999926], [-43.337661999999966, -22.799292899999944], [-43.33759429999998, -22.799111099999937], [-43.33751539999997, -22.79882819999994], [-43.337026099999946, -22.79897439999996], [-43.33693729999993, -22.799008099999977], [-43.336699899999985, -22.799098099999988], [-43.33651349999997, -22.799178499999982], [-43.33638909999996, -22.79922919999996], [-43.33633179999998, -22.799007199999945], [-43.33623199999994, -22.79848659999994], [-43.33619629999998, -22.798340499999938], [-43.336174899999946, -22.798304799999976], [-43.33612499999998, -22.798290599999973], [-43.335527499999955, -22.798386599999958]]]}, "properties": {"id": "330510905000413", "name": "Setor 330510905000413", "meanMonthlyBRL": 2185.05, "medianMonthlyBRL": 1500.0, "status": "published", "sourceTerritoryType": "census_sector", "overlayColor": "#9ecae1"}}, {"type": "Feature", "geometry": {"type": "Polygon", "coordinates": [[[-43.334621899999945, -22.800973699999922], [-43.334487999999965, -22.801281099999986], [-43.33435469999995, -22.801567099999943], [-43.33423659999994, -22.801718899999976], [-43.33405659999994, -22.801808899999966], [-43.33384859999995, -22.80189329999996], [-43.33359079999997, -22.801894499999946], [-43.333545999999956, -22.80215909999998], [-43.33352519999994, -22.802336299999972], [-43.33418439999997, -22.802370599999964], [-43.33427819999997, -22.80218369999994], [-43.334338799999955, -22.802105299999933], [-43.33443509999995, -22.80196269999994], [-43.33456339999998, -22.80179869999995], [-43.334741699999945, -22.80150989999993], [-43.33491639999994, -22.801210399999942], [-43.334936499999976, -22.80117439999998], [-43.33520519999996, -22.80069349999997], [-43.33542059999996, -22.800336799999965], [-43.33511179999994, -22.800165399999976], [-43.33497959999995, -22.800327699999972], [-43.334798999999975, -22.800599699999967], [-43.334658399999974, -22.800886599999956], [-43.334621899999945, -22.800973699999922]]]}, "properties": {"id": "330510905000414", "name": "Setor 330510905000414", "meanMonthlyBRL": 1536.39, "medianMonthlyBRL": 1242.0, "status": "published", "sourceTerritoryType": "census_sector", "overlayColor": "#c6dbef"}}, {"type": "Feature", "geometry": {"type": "Polygon", "coordinates": [[[-43.347635699999955, -22.802409299999972], [-43.34758379999994, -22.803279699999965], [-43.34809649999994, -22.803287499999954], [-43.35100229999995, -22.801683799999967], [-43.351720099999966, -22.801291199999977], [-43.351662199999964, -22.801054499999964], [-43.35163589999996, -22.800947999999945], [-43.35162679999996, -22.800889899999955], [-43.351624999999956, -22.800878599999972], [-43.351588499999934, -22.80082749999997], [-43.35153369999995, -22.800790999999947], [-43.35143139999997, -22.80076909999996], [-43.35111009999997, -22.80081289999998], [-43.350916799999936, -22.80084639999995], [-43.35058879999997, -22.800903199999933], [-43.350456399999985, -22.800926099999963], [-43.350134999999966, -22.800926099999963], [-43.34992749999998, -22.80084419999997], [-43.34982729999996, -22.800804599999935], [-43.34918779999998, -22.80054979999994], [-43.34895499999993, -22.800495499999954], [-43.34856039999994, -22.800403599999978], [-43.34810779999998, -22.800379499999963], [-43.34789009999998, -22.800367999999935], [-43.34781709999993, -22.800365699999926], [-43.34781259999994, -22.800456899999975], [-43.347635699999955, -22.802409299999972]]]}, "properties": {"id": "330510905000415", "name": "Setor 330510905000415", "meanMonthlyBRL": null, "medianMonthlyBRL": null, "status": "no_record", "sourceTerritoryType": "census_sector", "overlayColor": "#888888"}}, {"type": "Feature", "geometry": {"type": "Polygon", "coordinates": [[[-43.344398199999944, -22.802078699999985], [-43.344262399999934, -22.802951199999928], [-43.34469089999993, -22.803054499999973], [-43.34478269999994, -22.80244639999995], [-43.34494529999995, -22.802443599999943], [-43.34536449999996, -22.802426499999967], [-43.34599489999994, -22.802397899999956], [-43.34657669999996, -22.802392199999925], [-43.34720699999997, -22.802409299999955], [-43.347635699999955, -22.802409299999972], [-43.34781259999994, -22.800456899999975], [-43.34781709999993, -22.800365699999926], [-43.347369699999945, -22.800351699999965], [-43.347339499999975, -22.800874799999974], [-43.34731829999999, -22.801271299999936], [-43.34727829999997, -22.801727699999955], [-43.34619749999996, -22.801639699999946], [-43.346172699999954, -22.80189639999998], [-43.345321199999944, -22.802005799999964], [-43.34447359999996, -22.802075399999975], [-43.344398199999944, -22.802078699999985]]]}, "properties": {"id": "330510905000416", "name": "Setor 330510905000416", "meanMonthlyBRL": 1506.35, "medianMonthlyBRL": 1242.0, "status": "published", "sourceTerritoryType": "census_sector", "overlayColor": "#c6dbef"}}, {"type": "Feature", "geometry": {"type": "Polygon", "coordinates": [[[-43.35694109999997, -22.79836449999993], [-43.356093499999986, -22.798846299999987], [-43.35605909999998, -22.79886589999995], [-43.35582169999998, -22.79900079999993], [-43.35495849999995, -22.79949119999998], [-43.35384949999997, -22.800121299999933], [-43.35358519999994, -22.800273199999932], [-43.35248009999998, -22.800875599999923], [-43.35296209999996, -22.80092019999995], [-43.35350959999994, -22.800970699999933], [-43.35366899999997, -22.800984699999955], [-43.35393779999998, -22.801052999999964], [-43.35436599999998, -22.80118509999993], [-43.35460749999993, -22.801194299999967], [-43.354917299999954, -22.80108039999993], [-43.35496409999996, -22.801056899999924], [-43.35509039999994, -22.800993799999954], [-43.355212499999936, -22.80091949999996], [-43.35529999999994, -22.80086619999997], [-43.35546849999997, -22.80080239999995], [-43.35562659999994, -22.80079799999993], [-43.35613699999993, -22.80095459999996], [-43.35685509999996, -22.801176799999947], [-43.35712569999998, -22.80119229999997], [-43.35792509999994, -22.80116469999996], [-43.35824969999993, -22.800242599999926], [-43.35872859999995, -22.798769799999953], [-43.35901569999993, -22.797919899999954], [-43.35926009999997, -22.79740369999996], [-43.35930269999995, -22.79701579999994], [-43.358146199999965, -22.797676299999974], [-43.35694109999997, -22.79836449999993]]]}, "properties": {"id": "330510905000417", "name": "Setor 330510905000417", "meanMonthlyBRL": 2076.0, "medianMonthlyBRL": 1450.0, "status": "published", "sourceTerritoryType": "census_sector", "overlayColor": "#c6dbef"}}, {"type": "Feature", "geometry": {"type": "Polygon", "coordinates": [[[-43.35614179999993, -22.78064119999993], [-43.35597819999998, -22.780351399999972], [-43.35594029999993, -22.780284299999938], [-43.355849999999975, -22.780161999999955], [-43.35579299999995, -22.78008459999996], [-43.35558379999998, -22.779994299999938], [-43.35537799999997, -22.779963599999977], [-43.35536039999994, -22.779960999999965], [-43.35513699999996, -22.779989499999942], [-43.354880299999934, -22.780127399999966], [-43.35477839999993, -22.780202799999934], [-43.35462359999997, -22.780317499999967], [-43.35428609999997, -22.780612299999966], [-43.35417669999998, -22.78071209999996], [-43.354043599999954, -22.780845199999927], [-43.35391999999996, -22.781092399999977], [-43.35388779999994, -22.781149699999958], [-43.35380689999994, -22.78129339999998], [-43.35379169999993, -22.781320499999932], [-43.353796399999965, -22.78159629999993], [-43.35384469999997, -22.781700899999976], [-43.35394179999997, -22.78163779999994], [-43.35409029999994, -22.781499199999924], [-43.354161199999965, -22.781429599999964], [-43.35434769999995, -22.781246699999947], [-43.35452099999998, -22.78113279999996], [-43.354773499999965, -22.781018999999958], [-43.35477869999994, -22.781017899999934], [-43.35478269999993, -22.781018299999968], [-43.35494879999993, -22.78100579999994], [-43.35497149999998, -22.78100409999996], [-43.355088799999976, -22.781036399999945], [-43.35516949999993, -22.78105859999993], [-43.355298999999945, -22.781134399999928], [-43.35537249999993, -22.781177399999926], [-43.35554289999994, -22.781333899999936], [-43.355674499999964, -22.78145459999997], [-43.35590219999995, -22.781697199999932], [-43.35596849999996, -22.78172679999994], [-43.356147599999986, -22.78180549999997], [-43.35614719999995, -22.78180769999995], [-43.35628339999994, -22.781890299999926], [-43.35634029999994, -22.781959599999933], [-43.35639719999995, -22.782028899999943], [-43.35643679999999, -22.78220209999995], [-43.35645349999994, -22.782324699999943], [-43.356466499999954, -22.782419999999938], [-43.356466499999954, -22.782860499999966], [-43.356476499999985, -22.783080399999957], [-43.35648139999995, -22.783187299999955], [-43.35649809999995, -22.78324229999993], [-43.35656549999993, -22.783464499999976], [-43.356671999999946, -22.78368229999995], [-43.35722419999996, -22.783516399999932], [-43.35718289999995, -22.783349299999937], [-43.35744439999996, -22.783239299999934], [-43.35862849999995, -22.782896399999974], [-43.35924899999998, -22.782275599999934], [-43.359339699999964, -22.78222809999994], [-43.36008469999996, -22.782034299999964], [-43.35975509999997, -22.781890999999977], [-43.35925119999996, -22.78175309999995], [-43.35923359999998, -22.78170339999997], [-43.35919409999997, -22.781591499999934], [-43.35913879999998, -22.78150469999997], [-43.35898499999996, -22.78126349999997], [-43.35885659999997, -22.78100679999994], [-43.358618999999976, -22.78054569999994], [-43.35849059999998, -22.780355599999954], [-43.358497099999965, -22.78020569999995], [-43.35850009999996, -22.780136899999942], [-43.358538099999976, -22.779918199999944], [-43.35855239999995, -22.779713799999968], [-43.35859369999997, -22.779462099999925], [-43.358627199999944, -22.779387099999948], [-43.358635499999934, -22.77937399999996], [-43.35864389999995, -22.779360899999975], [-43.35856339999999, -22.77941419999996], [-43.35841319999997, -22.77957739999993], [-43.35828859999998, -22.779685299999986], [-43.35825669999997, -22.779721399999968], [-43.35813109999998, -22.77986359999994], [-43.35789399999993, -22.780132099999943], [-43.35745199999997, -22.780464899999977], [-43.35664859999997, -22.78089269999998], [-43.35640009999997, -22.780991299999982], [-43.35628299999996, -22.78097979999995], [-43.356208299999935, -22.780860699999945], [-43.35614179999993, -22.78064119999993]]]}, "properties": {"id": "330510905000418", "name": "Setor 330510905000418", "meanMonthlyBRL": 1761.95, "medianMonthlyBRL": 1500.0, "status": "published", "sourceTerritoryType": "census_sector", "overlayColor": "#9ecae1"}}, {"type": "Feature", "geometry": {"type": "Polygon", "coordinates": [[[-43.356671999999946, -22.78368229999995], [-43.35668159999995, -22.783744299999967], [-43.35670659999994, -22.783905099999963], [-43.35689119999995, -22.78403879999997], [-43.35697639999995, -22.78410059999993], [-43.357119599999976, -22.78423699999997], [-43.35718439999994, -22.78429869999996], [-43.35737739999996, -22.784538799999957], [-43.35751969999996, -22.784604599999973], [-43.35752409999998, -22.784616699999955], [-43.35753989999995, -22.784659899999944], [-43.35761389999993, -22.784764299999946], [-43.35772529999998, -22.784921399999966], [-43.35782509999996, -22.78516859999996], [-43.35791849999998, -22.785304599999957], [-43.35804379999996, -22.78548709999995], [-43.35812929999997, -22.785653399999944], [-43.358311999999955, -22.78590619999994], [-43.358340099999964, -22.78592839999993], [-43.358380299999965, -22.785851199999968], [-43.358412499999986, -22.785619799999953], [-43.35845629999994, -22.785479199999944], [-43.358448299999964, -22.785299199999937], [-43.35845629999994, -22.785175199999966], [-43.35857619999996, -22.785097299999958], [-43.358960199999956, -22.78498729999995], [-43.35908019999994, -22.78497129999994], [-43.35933939999995, -22.784836899999956], [-43.35938109999995, -22.784804099999974], [-43.359486499999946, -22.784694899999977], [-43.359540899999956, -22.784579999999945], [-43.35955749999994, -22.784544999999977], [-43.35955539999998, -22.784369999999967], [-43.35952689999994, -22.784103799999965], [-43.35950459999998, -22.784023699999974], [-43.35946979999994, -22.783899399999942], [-43.35933199999994, -22.783713999999975], [-43.35916559999998, -22.783547599999956], [-43.358880399999975, -22.783181599999974], [-43.35870929999993, -22.783153099999936], [-43.35864749999996, -22.783034199999978], [-43.35862849999995, -22.782896399999974], [-43.35744439999996, -22.783239299999934], [-43.35718289999995, -22.783349299999937], [-43.35722419999996, -22.783516399999932], [-43.356671999999946, -22.78368229999995]]]}, "properties": {"id": "330510905000419", "name": "Setor 330510905000419", "meanMonthlyBRL": 1500.46, "medianMonthlyBRL": 1400.0, "status": "published", "sourceTerritoryType": "census_sector", "overlayColor": "#c6dbef"}}, {"type": "Feature", "geometry": {"type": "Polygon", "coordinates": [[[-43.35525179999996, -22.77102539999993], [-43.355998099999965, -22.77115399999997], [-43.355974799999956, -22.771283199999967], [-43.35595459999996, -22.771451799999955], [-43.35605659999993, -22.771472999999958], [-43.356246399999975, -22.77149929999996], [-43.356195999999954, -22.771763799999967], [-43.35582029999995, -22.771846599999947], [-43.35571939999994, -22.771861799999954], [-43.35566589999996, -22.77206169999994], [-43.35610489999994, -22.772151299999962], [-43.35717249999993, -22.772340399999962], [-43.35759269999994, -22.77241329999998], [-43.35764659999995, -22.772067499999935], [-43.35772549999996, -22.77173859999994], [-43.35779009999993, -22.771464699999964], [-43.35661389999996, -22.771260499999983], [-43.356649299999965, -22.77111999999994], [-43.356671699999936, -22.771027399999973], [-43.356557599999974, -22.770998799999976], [-43.356418599999984, -22.77096229999995], [-43.356241299999965, -22.77091259999997], [-43.355312599999934, -22.770754899999925], [-43.355265299999985, -22.770965399999973], [-43.35525179999996, -22.77102539999993]]]}, "properties": {"id": "330510905000420", "name": "Setor 330510905000420", "meanMonthlyBRL": 1594.68, "medianMonthlyBRL": 1212.0, "status": "published", "sourceTerritoryType": "census_sector", "overlayColor": "#c6dbef"}}, {"type": "Feature", "geometry": {"type": "Polygon", "coordinates": [[[-43.35504609999998, -22.771935299999942], [-43.35566589999996, -22.77206169999994], [-43.35571939999994, -22.771861799999954], [-43.35582029999995, -22.771846599999947], [-43.356195999999954, -22.771763799999967], [-43.356246399999975, -22.77149929999996], [-43.35605659999993, -22.771472999999958], [-43.35595459999996, -22.771451799999955], [-43.355974799999956, -22.771283199999967], [-43.355998099999965, -22.77115399999997], [-43.35525179999996, -22.77102539999993], [-43.35504609999998, -22.771935299999942]]]}, "properties": {"id": "330510905000421", "name": "Setor 330510905000421", "meanMonthlyBRL": 1349.72, "medianMonthlyBRL": 1212.0, "status": "published", "sourceTerritoryType": "census_sector", "overlayColor": "#c6dbef"}}, {"type": "Feature", "geometry": {"type": "Polygon", "coordinates": [[[-43.33028759999996, -22.797104999999927], [-43.330514799999946, -22.798988299999955], [-43.330686399999934, -22.80041069999993], [-43.33096349999994, -22.800383499999956], [-43.33146399999998, -22.800211699999974], [-43.33154829999995, -22.799075599999973], [-43.33152019999994, -22.799036299999944], [-43.331345899999974, -22.798946299999958], [-43.33129519999995, -22.798878799999954], [-43.33095959999997, -22.795868999999982], [-43.330929699999956, -22.795363799999965], [-43.33081679999998, -22.795314199999954], [-43.330406799999935, -22.79509669999993], [-43.330400699999984, -22.795093799999954], [-43.33021789999998, -22.795007599999956], [-43.33010649999994, -22.794981899999975], [-43.330097799999976, -22.794979899999923], [-43.33010009999998, -22.795005599999968], [-43.33014959999998, -22.795559899999944], [-43.33023609999998, -22.796527899999937], [-43.33028759999996, -22.797104999999927]]]}, "properties": {"id": "330510905000422", "name": "Setor 330510905000422", "meanMonthlyBRL": 2264.46, "medianMonthlyBRL": 1500.0, "status": "published", "sourceTerritoryType": "census_sector", "overlayColor": "#9ecae1"}}, {"type": "Feature", "geometry": {"type": "Polygon", "coordinates": [[[-43.33146399999998, -22.800211699999974], [-43.33096349999994, -22.800383499999956], [-43.330686399999934, -22.80041069999993], [-43.33080949999993, -22.801430799999935], [-43.33086389999994, -22.802070499999953], [-43.33087339999997, -22.802182699999953], [-43.33087439999997, -22.802195099999945], [-43.33207009999995, -22.802260999999937], [-43.332074499999976, -22.80204849999996], [-43.33208609999997, -22.80159559999993], [-43.33208879999995, -22.80149029999996], [-43.33209459999995, -22.801262899999983], [-43.332120599999946, -22.80071049999998], [-43.332143099999946, -22.80023349999993], [-43.331717099999935, -22.80020039999993], [-43.33146399999998, -22.800211699999974]]]}, "properties": {"id": "330510905000423", "name": "Setor 330510905000423", "meanMonthlyBRL": 1344.18, "medianMonthlyBRL": 1242.0, "status": "published", "sourceTerritoryType": "census_sector", "overlayColor": "#c6dbef"}}, {"type": "Feature", "geometry": {"type": "Polygon", "coordinates": [[[-43.35238309999994, -22.781535999999956], [-43.35239509999997, -22.78205209999993], [-43.35245189999995, -22.782241199999937], [-43.352659899999935, -22.78248699999995], [-43.35286159999998, -22.78260049999994], [-43.353006499999935, -22.782653999999983], [-43.35350759999994, -22.78266669999994], [-43.35350759999994, -22.782562699999964], [-43.353737699999954, -22.78226959999994], [-43.354079799999965, -22.782193399999986], [-43.35405309999993, -22.782152399999976], [-43.35384469999997, -22.781700899999976], [-43.353796399999965, -22.78159629999993], [-43.35360709999998, -22.78161969999997], [-43.35345609999996, -22.781643399999947], [-43.35332039999997, -22.781713499999967], [-43.35324009999994, -22.781629799999966], [-43.35312619999996, -22.781446499999948], [-43.353006499999935, -22.78126509999992], [-43.35285429999993, -22.78103409999994], [-43.35275779999995, -22.780859399999947], [-43.352800599999966, -22.78072159999993], [-43.35284909999996, -22.780585899999945], [-43.35287729999993, -22.78050709999997], [-43.352912499999945, -22.780371399999975], [-43.35289089999998, -22.78025099999996], [-43.35287249999993, -22.780230599999975], [-43.35280529999995, -22.780155899999954], [-43.35273479999996, -22.78013879999998], [-43.352629399999955, -22.780113099999934], [-43.35252189999994, -22.78003829999994], [-43.35243709999998, -22.77997929999998], [-43.35239889999997, -22.78006079999994], [-43.35219929999994, -22.780441399999976], [-43.35219449999994, -22.780450599999945], [-43.35213269999997, -22.780811899999946], [-43.35213739999995, -22.78088319999995], [-43.35215309999995, -22.780928599999978], [-43.352232499999964, -22.781158899999976], [-43.35239409999997, -22.781372799999932], [-43.35238309999994, -22.781535999999956]]]}, "properties": {"id": "330510905000424", "name": "Setor 330510905000424", "meanMonthlyBRL": 1444.14, "medianMonthlyBRL": 1242.0, "status": "published", "sourceTerritoryType": "census_sector", "overlayColor": "#c6dbef"}}, {"type": "Feature", "geometry": {"type": "Polygon", "coordinates": [[[-43.35240699999997, -22.78353459999994], [-43.352517699999964, -22.783557699999957], [-43.35281239999995, -22.783670599999933], [-43.35294269999997, -22.78372779999994], [-43.353042699999946, -22.78377359999996], [-43.35325359999996, -22.78387039999995], [-43.35334489999997, -22.783961599999945], [-43.353444699999955, -22.78404149999994], [-43.353498299999956, -22.784117099999943], [-43.35361869999997, -22.78428679999996], [-43.353726999999935, -22.784466499999954], [-43.35377579999994, -22.784495899999964], [-43.35391449999997, -22.784620599999982], [-43.35400499999997, -22.784733099999986], [-43.35410129999997, -22.784889399999937], [-43.35419269999995, -22.784937099999976], [-43.35429669999996, -22.784936699999943], [-43.35443589999994, -22.784897299999958], [-43.35455559999997, -22.78483879999993], [-43.35466349999996, -22.78478449999994], [-43.354565899999955, -22.78479219999997], [-43.35447149999993, -22.784773499999968], [-43.35439059999993, -22.78475259999993], [-43.35430739999998, -22.784629399999968], [-43.354542599999945, -22.78460149999995], [-43.35486119999996, -22.784571999999965], [-43.35513059999994, -22.784684599999935], [-43.35547289999994, -22.78479389999995], [-43.35583569999994, -22.784871499999955], [-43.356111399999975, -22.785018199999964], [-43.35656379999995, -22.785243699999963], [-43.35631579999995, -22.78475259999994], [-43.356211299999984, -22.78454819999996], [-43.356111399999975, -22.784396099999967], [-43.35600759999994, -22.78428529999996], [-43.35596879999998, -22.784243999999937], [-43.35563609999997, -22.784087099999958], [-43.35525579999995, -22.783901699999948], [-43.35507979999995, -22.78381959999996], [-43.35483279999994, -22.783660899999973], [-43.354633099999944, -22.78338839999998], [-43.35450609999998, -22.78305199999994], [-43.354457199999956, -22.782922499999927], [-43.35433839999996, -22.782584999999987], [-43.354079799999965, -22.782193399999986], [-43.353737699999954, -22.78226959999994], [-43.35350759999994, -22.782562699999964], [-43.35350759999994, -22.78266669999994], [-43.353006499999935, -22.782653999999983], [-43.35286159999998, -22.78260049999994], [-43.352659899999935, -22.78248699999995], [-43.35245189999995, -22.782241199999937], [-43.35239509999997, -22.78205209999993], [-43.35238309999994, -22.781535999999956], [-43.35215649999998, -22.781657999999933], [-43.352107399999966, -22.781714799999968], [-43.35194249999995, -22.781905199999976], [-43.35185699999994, -22.782152399999976], [-43.35186369999997, -22.78219799999993], [-43.351894999999956, -22.78240909999994], [-43.35191419999995, -22.782445399999975], [-43.35203289999998, -22.782670599999957], [-43.352085099999954, -22.782771199999953], [-43.352165999999954, -22.782927299999983], [-43.352331399999976, -22.78321899999997], [-43.352346599999976, -22.78324569999995], [-43.35240699999997, -22.78353459999994]]]}, "properties": {"id": "330510905000425", "name": "Setor 330510905000425", "meanMonthlyBRL": 1328.25, "medianMonthlyBRL": 1212.0, "status": "published", "sourceTerritoryType": "census_sector", "overlayColor": "#c6dbef"}}, {"type": "Feature", "geometry": {"type": "Polygon", "coordinates": [[[-43.34886759999995, -22.772748899999954], [-43.34888569999998, -22.773203599999935], [-43.34897129999996, -22.773464999999923], [-43.34915689999997, -22.773754599999965], [-43.34923659999998, -22.77373459999995], [-43.34932569999995, -22.773469699999964], [-43.34944809999996, -22.77347439999994], [-43.34946389999993, -22.773245099999944], [-43.34949949999998, -22.77308159999996], [-43.34960479999995, -22.772824799999963], [-43.34975659999998, -22.77267619999997], [-43.34988309999994, -22.77262559999997], [-43.35013299999997, -22.77262239999992], [-43.350280199999936, -22.772581199999934], [-43.35025779999995, -22.771872099999936], [-43.35023159999997, -22.771757799999936], [-43.350194199999976, -22.771689899999956], [-43.35012429999995, -22.771644599999938], [-43.34978679999995, -22.772020199999922], [-43.349437999999964, -22.772227299999944], [-43.34936369999998, -22.772272099999952], [-43.34886759999995, -22.772748899999954]]]}, "properties": {"id": "330510905000426", "name": "Setor 330510905000426", "meanMonthlyBRL": 1482.11, "medianMonthlyBRL": 1300.0, "status": "published", "sourceTerritoryType": "census_sector", "overlayColor": "#c6dbef"}}, {"type": "Feature", "geometry": {"type": "Polygon", "coordinates": [[[-43.350280199999936, -22.772581199999934], [-43.35013299999997, -22.77262239999992], [-43.34988309999994, -22.77262559999997], [-43.34975659999998, -22.77267619999997], [-43.34960479999995, -22.772824799999963], [-43.34949949999998, -22.77308159999996], [-43.34946389999993, -22.773245099999944], [-43.34944809999996, -22.77347439999994], [-43.34932569999995, -22.773469699999964], [-43.34923659999998, -22.77373459999995], [-43.34915689999997, -22.773754599999965], [-43.349157299999945, -22.773787099999936], [-43.349193199999945, -22.773997599999973], [-43.34941809999998, -22.773984299999935], [-43.349562299999945, -22.77398559999995], [-43.349765299999945, -22.77401499999996], [-43.349874599999964, -22.774061199999945], [-43.35010809999994, -22.774063799999965], [-43.35013539999994, -22.774286499999953], [-43.350160699999954, -22.774282699999958], [-43.350980799999945, -22.774230599999957], [-43.35087269999997, -22.773560099999937], [-43.35085309999994, -22.773526499999946], [-43.35080609999994, -22.77344599999997], [-43.350933699999985, -22.772585999999926], [-43.35057589999997, -22.772562099999956], [-43.350280199999936, -22.772581199999934]]]}, "properties": {"id": "330510905000427", "name": "Setor 330510905000427", "meanMonthlyBRL": 1422.35, "medianMonthlyBRL": 1212.0, "status": "published", "sourceTerritoryType": "census_sector", "overlayColor": "#c6dbef"}}, {"type": "Feature", "geometry": {"type": "Polygon", "coordinates": [[[-43.35466349999996, -22.78478449999994], [-43.35475919999993, -22.784845199999943], [-43.35482889999997, -22.78489989999997], [-43.354889799999974, -22.784947499999923], [-43.35505139999998, -22.78508059999995], [-43.35535559999994, -22.78532309999997], [-43.35563129999997, -22.78553219999998], [-43.35594029999993, -22.785684299999968], [-43.35610189999994, -22.785793699999942], [-43.35628729999996, -22.78596479999993], [-43.356296799999946, -22.785972499999954], [-43.35635159999999, -22.785893599999937], [-43.35644689999998, -22.785764199999964], [-43.35642699999994, -22.785670299999932], [-43.35642839999997, -22.785572099999968], [-43.356488199999944, -22.785486799999948], [-43.35655219999995, -22.78536579999997], [-43.356581999999946, -22.785294699999948], [-43.356591899999955, -22.78525839999997], [-43.35656379999995, -22.785243699999963], [-43.356111399999975, -22.785018199999964], [-43.35583569999994, -22.784871499999955], [-43.35547289999994, -22.78479389999995], [-43.35513059999994, -22.784684599999935], [-43.35486119999996, -22.784571999999965], [-43.354542599999945, -22.78460149999995], [-43.35430739999998, -22.784629399999968], [-43.35439059999993, -22.78475259999993], [-43.35447149999993, -22.784773499999968], [-43.354565899999955, -22.78479219999997], [-43.35466349999996, -22.78478449999994]]]}, "properties": {"id": "330510905000428", "name": "Setor 330510905000428", "meanMonthlyBRL": 1424.53, "medianMonthlyBRL": 1300.0, "status": "published", "sourceTerritoryType": "census_sector", "overlayColor": "#c6dbef"}}, {"type": "Feature", "geometry": {"type": "Polygon", "coordinates": [[[-43.356296799999946, -22.785972499999954], [-43.35674839999996, -22.786340299999946], [-43.356812899999966, -22.786265899999922], [-43.356875199999934, -22.786235799999933], [-43.35694069999994, -22.786235399999953], [-43.35727609999998, -22.786520999999933], [-43.35776569999996, -22.786682599999946], [-43.35813109999998, -22.786724499999934], [-43.358464099999935, -22.78602409999996], [-43.358401699999945, -22.78597689999998], [-43.358340099999964, -22.78592839999993], [-43.358311999999955, -22.78590619999994], [-43.35828379999998, -22.785883999999953], [-43.35674369999998, -22.785337299999984], [-43.356591899999955, -22.78525839999997], [-43.356581999999946, -22.785294699999948], [-43.35655219999995, -22.78536579999997], [-43.356488199999944, -22.785486799999948], [-43.35642839999997, -22.785572099999968], [-43.35642699999994, -22.785670299999932], [-43.35644689999998, -22.785764199999964], [-43.35635159999999, -22.785893599999937], [-43.356296799999946, -22.785972499999954]]]}, "properties": {"id": "330510905000429", "name": "Setor 330510905000429", "meanMonthlyBRL": 1236.29, "medianMonthlyBRL": 1257.5, "status": "published", "sourceTerritoryType": "census_sector", "overlayColor": "#c6dbef"}}, {"type": "Feature", "geometry": {"type": "Polygon", "coordinates": [[[-43.33450549999998, -22.787522299999985], [-43.33431059999998, -22.787830099999947], [-43.334427999999946, -22.789262399999924], [-43.33499839999996, -22.788399599999938], [-43.335579199999984, -22.787441999999942], [-43.33482179999993, -22.787022699999966], [-43.33450549999998, -22.787522299999985]]]}, "properties": {"id": "330510905000430", "name": "Setor 330510905000430", "meanMonthlyBRL": 1490.61, "medianMonthlyBRL": 1212.0, "status": "published", "sourceTerritoryType": "census_sector", "overlayColor": "#c6dbef"}}, {"type": "Feature", "geometry": {"type": "Polygon", "coordinates": [[[-43.333464499999934, -22.78855189999996], [-43.33360259999995, -22.78867369999995], [-43.33379279999997, -22.789163399999946], [-43.33373099999994, -22.789301199999954], [-43.33347429999998, -22.789543699999967], [-43.33347429999998, -22.789833599999948], [-43.33339349999994, -22.789995199999957], [-43.33329359999994, -22.790066499999966], [-43.33319949999998, -22.790547599999964], [-43.33424839999998, -22.790399399999952], [-43.334427999999946, -22.789262399999924], [-43.33431059999998, -22.787830099999947], [-43.33414289999996, -22.787729499999962], [-43.33410399999997, -22.78776239999996], [-43.333464499999934, -22.78855189999996]]]}, "properties": {"id": "330510905000431", "name": "Setor 330510905000431", "meanMonthlyBRL": 1713.82, "medianMonthlyBRL": 1300.0, "status": "published", "sourceTerritoryType": "census_sector", "overlayColor": "#c6dbef"}}, {"type": "Feature", "geometry": {"type": "Polygon", "coordinates": [[[-43.34544719999997, -22.76666419999998], [-43.345704499999954, -22.766811799999974], [-43.34598059999996, -22.766914599999946], [-43.34602169999994, -22.766970399999934], [-43.34601879999997, -22.76745799999998], [-43.34596879999998, -22.76756959999995], [-43.345851299999936, -22.767540199999925], [-43.345592899999986, -22.767343499999978], [-43.345451899999944, -22.767287599999978], [-43.34497899999997, -22.767466799999966], [-43.34472939999995, -22.767722299999946], [-43.344670399999984, -22.768089299999925], [-43.34491329999997, -22.76802619999995], [-43.345330699999984, -22.767980699999956], [-43.34544869999996, -22.76807899999994], [-43.34571479999994, -22.768280899999972], [-43.346078499999976, -22.76861359999998], [-43.34630499999997, -22.76831039999996], [-43.346399599999984, -22.768183799999974], [-43.346584999999955, -22.767746499999934], [-43.34659919999996, -22.76738519999998], [-43.346594299999936, -22.766691099999942], [-43.34649439999998, -22.766692299999924], [-43.346454999999935, -22.766692699999968], [-43.34570389999993, -22.76660709999993], [-43.34550599999995, -22.766651099999937], [-43.34544719999997, -22.76666419999998]]]}, "properties": {"id": "330510905000432", "name": "Setor 330510905000432", "meanMonthlyBRL": 1661.23, "medianMonthlyBRL": 1500.0, "status": "published", "sourceTerritoryType": "census_sector", "overlayColor": "#9ecae1"}}, {"type": "Feature", "geometry": {"type": "Polygon", "coordinates": [[[-43.34381599999995, -22.76734919999995], [-43.34369949999996, -22.767694199999934], [-43.34404869999997, -22.768214299999958], [-43.34416319999997, -22.768499099999925], [-43.344325199999965, -22.76891959999994], [-43.34436899999997, -22.768978199999932], [-43.34447019999993, -22.768993199999958], [-43.34456359999996, -22.76897369999995], [-43.34468919999995, -22.768895399999963], [-43.34471209999998, -22.768711399999976], [-43.34472159999996, -22.768573599999968], [-43.34461699999997, -22.76835489999996], [-43.344670399999984, -22.768089299999925], [-43.34472939999995, -22.767722299999946], [-43.34497899999997, -22.767466799999966], [-43.345451899999944, -22.767287599999978], [-43.345592899999986, -22.767343499999978], [-43.345851299999936, -22.767540199999925], [-43.34596879999998, -22.76756959999995], [-43.34601879999997, -22.76745799999998], [-43.34602169999994, -22.766970399999934], [-43.34598059999996, -22.766914599999946], [-43.345704499999954, -22.766811799999974], [-43.34544719999997, -22.76666419999998], [-43.344848199999944, -22.76694939999993], [-43.344510699999944, -22.767129999999945], [-43.34393559999995, -22.767377199999945], [-43.34381599999995, -22.76734919999995]]]}, "properties": {"id": "330510905000433", "name": "Setor 330510905000433", "meanMonthlyBRL": 1515.68, "medianMonthlyBRL": 1212.0, "status": "published", "sourceTerritoryType": "census_sector", "overlayColor": "#c6dbef"}}, {"type": "Feature", "geometry": {"type": "Polygon", "coordinates": [[[-43.343722699999944, -22.802820999999938], [-43.344262399999934, -22.802951199999928], [-43.344398199999944, -22.802078699999985], [-43.34448319999996, -22.801619299999974], [-43.344591599999944, -22.801188599999936], [-43.34465149999994, -22.800749399999965], [-43.34472509999995, -22.80018099999995], [-43.34451919999998, -22.80010309999994], [-43.34418229999994, -22.799783299999945], [-43.34409929999998, -22.800332999999966], [-43.343722699999944, -22.802820999999938]]]}, "properties": {"id": "330510905000434", "name": "Setor 330510905000434", "meanMonthlyBRL": 1580.24, "medianMonthlyBRL": 1212.0, "status": "published", "sourceTerritoryType": "census_sector", "overlayColor": "#c6dbef"}}, {"type": "Feature", "geometry": {"type": "Polygon", "coordinates": [[[-43.34164029999994, -22.799175399999964], [-43.34142999999995, -22.799355499999937], [-43.34101249999998, -22.79975069999994], [-43.34082749999993, -22.799925899999945], [-43.34018219999996, -22.800457099999953], [-43.34004659999994, -22.800519399999928], [-43.33982959999997, -22.800619199999968], [-43.33964069999996, -22.80067269999995], [-43.33946599999996, -22.800672699999947], [-43.33928419999995, -22.800647699999956], [-43.33898199999993, -22.800545499999938], [-43.33894939999993, -22.802587699999943], [-43.343253499999946, -22.802776499999933], [-43.343722699999944, -22.802820999999938], [-43.34409929999998, -22.800332999999966], [-43.34418229999994, -22.799783299999945], [-43.34388999999993, -22.799480199999948], [-43.34387269999996, -22.799471199999967], [-43.34352599999994, -22.79928899999993], [-43.34340149999997, -22.799223599999955], [-43.34321489999997, -22.799125499999942], [-43.34278119999993, -22.798927599999956], [-43.34244959999995, -22.798842099999938], [-43.342330199999935, -22.798849199999953], [-43.342210799999975, -22.798856299999954], [-43.34206459999996, -22.798906199999973], [-43.34190769999998, -22.79897159999996], [-43.34185069999995, -22.798995399999963], [-43.34164029999994, -22.799175399999964]]]}, "properties": {"id": "330510905000435", "name": "Setor 330510905000435", "meanMonthlyBRL": null, "medianMonthlyBRL": null, "status": "suppressed", "sourceTerritoryType": "census_sector", "overlayColor": "#888888"}}, {"type": "Feature", "geometry": {"type": "Polygon", "coordinates": [[[-43.33588659999998, -22.802453399999926], [-43.33894939999993, -22.802587699999943], [-43.33898199999993, -22.800545499999938], [-43.33888799999994, -22.800511699999955], [-43.338738699999965, -22.800415999999927], [-43.33862259999995, -22.80031859999996], [-43.338428499999964, -22.800155699999948], [-43.33813619999995, -22.799884799999973], [-43.33798829999995, -22.79973579999995], [-43.33734879999997, -22.800537799999976], [-43.33720809999994, -22.800737899999937], [-43.33693069999998, -22.801131999999935], [-43.336562999999956, -22.801597299999973], [-43.33636289999998, -22.801850399999978], [-43.336036899999954, -22.802263199999967], [-43.33588659999998, -22.802453399999926]]]}, "properties": {"id": "330510905000436", "name": "Setor 330510905000436", "meanMonthlyBRL": 1831.44, "medianMonthlyBRL": 1500.0, "status": "published", "sourceTerritoryType": "census_sector", "overlayColor": "#9ecae1"}}, {"type": "Feature", "geometry": {"type": "Polygon", "coordinates": [[[-43.37371619999994, -22.801307599999966], [-43.373119299999985, -22.80216799999993], [-43.37377279999998, -22.802689699999977], [-43.37381789999995, -22.802713599999947], [-43.37416019999995, -22.802145399999972], [-43.37476839999994, -22.801873699999927], [-43.375243299999966, -22.80162459999996], [-43.37566839999994, -22.801465199999942], [-43.37600039999995, -22.801368899999943], [-43.37431209999994, -22.800471199999944], [-43.37429449999996, -22.80046179999994], [-43.37371619999994, -22.801307599999966]]]}, "properties": {"id": "330510905000437", "name": "Setor 330510905000437", "meanMonthlyBRL": 2275.12, "medianMonthlyBRL": 2000.0, "status": "published", "sourceTerritoryType": "census_sector", "overlayColor": "#6baed6"}}, {"type": "Feature", "geometry": {"type": "Polygon", "coordinates": [[[-43.37228939999994, -22.80054529999995], [-43.37371619999994, -22.801307599999966], [-43.37429449999996, -22.80046179999994], [-43.374121799999955, -22.800369299999943], [-43.372799199999974, -22.799661299999965], [-43.37254189999993, -22.800091099999975], [-43.37228939999994, -22.80054529999995]]]}, "properties": {"id": "330510905000438", "name": "Setor 330510905000438", "meanMonthlyBRL": 2523.74, "medianMonthlyBRL": 2000.0, "status": "published", "sourceTerritoryType": "census_sector", "overlayColor": "#6baed6"}}, {"type": "Feature", "geometry": {"type": "Polygon", "coordinates": [[[-43.33131139999995, -22.779009699999964], [-43.331248699999946, -22.779348299999985], [-43.331199599999934, -22.77964119999996], [-43.33115429999998, -22.780055499999943], [-43.33162149999998, -22.78007669999994], [-43.33250099999998, -22.780116799999963], [-43.33240579999995, -22.781452299999955], [-43.33294769999998, -22.78107789999996], [-43.333302499999945, -22.781045799999962], [-43.333461099999965, -22.781038699999954], [-43.33368219999994, -22.78099949999995], [-43.33385329999993, -22.780778399999967], [-43.333823999999936, -22.78044109999995], [-43.33380099999994, -22.780175999999987], [-43.33378639999995, -22.78000709999998], [-43.33390319999995, -22.77979799999997], [-43.334281199999964, -22.779576099999918], [-43.33349659999993, -22.77867589999994], [-43.332989699999985, -22.778907899999968], [-43.33230039999995, -22.779278699999956], [-43.33201999999994, -22.779335699999937], [-43.33180609999994, -22.77923589999994], [-43.33131139999995, -22.779009699999964]]]}, "properties": {"id": "330510905000439", "name": "Setor 330510905000439", "meanMonthlyBRL": 2120.01, "medianMonthlyBRL": 1500.0, "status": "published", "sourceTerritoryType": "census_sector", "overlayColor": "#9ecae1"}}, {"type": "Feature", "geometry": {"type": "Polygon", "coordinates": [[[-43.33115429999998, -22.780055499999943], [-43.331199599999934, -22.77964119999996], [-43.331248699999946, -22.779348299999985], [-43.33131139999995, -22.779009699999964], [-43.33158709999998, -22.778757799999937], [-43.33157279999995, -22.778120799999957], [-43.331491999999976, -22.77799719999995], [-43.33083599999998, -22.778058999999928], [-43.330812299999934, -22.777873599999968], [-43.33089309999997, -22.777574099999974], [-43.33094059999996, -22.77686109999996], [-43.331002799999965, -22.77509349999997], [-43.33099349999998, -22.77480929999996], [-43.33084269999995, -22.774651199999933], [-43.33071449999994, -22.774555399999937], [-43.33059709999998, -22.774524299999943], [-43.33045699999997, -22.774505099999946], [-43.330276099999935, -22.774514699999944], [-43.33000539999995, -22.774563799999953], [-43.32983439999998, -22.774672699999943], [-43.329767199999935, -22.77492729999994], [-43.329623399999946, -22.77839179999995], [-43.329615399999966, -22.778585699999947], [-43.32960459999998, -22.778845699999977], [-43.329566599999964, -22.779763299999956], [-43.329542999999944, -22.78004229999993], [-43.329672399999936, -22.780047399999944], [-43.32971999999995, -22.780049299999966], [-43.33059069999996, -22.78003459999997], [-43.33068769999994, -22.78003539999997], [-43.33115429999998, -22.780055499999943]]]}, "properties": {"id": "330510905000440", "name": "Setor 330510905000440", "meanMonthlyBRL": 1687.89, "medianMonthlyBRL": 1500.0, "status": "published", "sourceTerritoryType": "census_sector", "overlayColor": "#9ecae1"}}, {"type": "Feature", "geometry": {"type": "Polygon", "coordinates": [[[-43.35334859999995, -22.791313499999944], [-43.35380689999994, -22.791251699999975], [-43.354326699999945, -22.791411399999944], [-43.354471099999955, -22.791416199999958], [-43.35472029999994, -22.791351199999944], [-43.35496859999995, -22.791378599999977], [-43.35510819999996, -22.79137669999995], [-43.35535839999994, -22.791461399999942], [-43.35554029999997, -22.791647199999947], [-43.35566119999993, -22.79179079999994], [-43.35574989999998, -22.791967799999952], [-43.355933499999935, -22.792195299999943], [-43.35626259999998, -22.79255799999992], [-43.356322499999976, -22.792697799999928], [-43.35643939999994, -22.79307999999998], [-43.356479399999955, -22.793322399999965], [-43.35645079999995, -22.793579099999935], [-43.356396699999955, -22.79377589999996], [-43.356308199999944, -22.794172299999953], [-43.356272599999954, -22.794395099999978], [-43.35631109999997, -22.79450029999998], [-43.35644769999993, -22.794713599999973], [-43.35694429999995, -22.795806599999928], [-43.356898599999965, -22.796051899999945], [-43.35681589999996, -22.797634799999965], [-43.356858699999975, -22.797746099999923], [-43.356850099999974, -22.797917199999972], [-43.35694109999997, -22.79836449999993], [-43.358146199999965, -22.797676299999974], [-43.35930269999995, -22.79701579999994], [-43.35939599999995, -22.79676479999994], [-43.35987249999994, -22.795485499999923], [-43.360113499999954, -22.79483809999993], [-43.35934329999998, -22.794582499999922], [-43.35881089999998, -22.79434479999997], [-43.358482899999956, -22.794030999999958], [-43.35822619999993, -22.793099299999938], [-43.35799799999995, -22.791844399999945], [-43.35769409999995, -22.790681899999974], [-43.35752269999995, -22.790442099999954], [-43.35704229999993, -22.790094799999956], [-43.356268299999954, -22.79014219999993], [-43.35613139999998, -22.790082399999957], [-43.35594069999996, -22.790038199999966], [-43.35546119999998, -22.789988199999982], [-43.355147399999964, -22.79001389999996], [-43.35497339999995, -22.790062299999924], [-43.35464539999998, -22.790153699999966], [-43.35425749999996, -22.790213599999955], [-43.35388679999994, -22.79022209999994], [-43.35385299999996, -22.79022989999993], [-43.35356449999995, -22.790296299999973], [-43.35327599999994, -22.79037919999996], [-43.35333919999994, -22.790498799999963], [-43.35337049999998, -22.791083499999957], [-43.353353399999946, -22.791263099999988], [-43.353349599999945, -22.791302899999952], [-43.35334859999995, -22.791313499999944]]]}, "properties": {"id": "330510905000441", "name": "Setor 330510905000441", "meanMonthlyBRL": 1744.76, "medianMonthlyBRL": 1500.0, "status": "published", "sourceTerritoryType": "census_sector", "overlayColor": "#9ecae1"}}, {"type": "Feature", "geometry": {"type": "Polygon", "coordinates": [[[-43.35566119999993, -22.79179079999994], [-43.35554029999997, -22.791647199999947], [-43.35535839999994, -22.791461399999942], [-43.35510819999996, -22.79137669999995], [-43.35496859999995, -22.791378599999977], [-43.35472029999994, -22.791351199999944], [-43.354471099999955, -22.791416199999958], [-43.354326699999945, -22.791411399999944], [-43.35380689999994, -22.791251699999975], [-43.35334859999995, -22.791313499999944], [-43.35333629999997, -22.791442799999967], [-43.35321399999998, -22.791714199999944], [-43.35319369999996, -22.791759399999936], [-43.35318509999996, -22.79177979999997], [-43.35316369999998, -22.79183069999993], [-43.353133799999966, -22.79190199999993], [-43.35276609999994, -22.79221069999994], [-43.35274309999994, -22.792229999999957], [-43.35248349999995, -22.79236689999993], [-43.35240179999994, -22.79237929999994], [-43.35209869999994, -22.792425099999946], [-43.35183889999997, -22.792475299999968], [-43.35186399999998, -22.792494899999948], [-43.351955799999985, -22.79256629999997], [-43.35356299999995, -22.793849999999956], [-43.35362299999997, -22.79388679999993], [-43.35349889999998, -22.79402969999995], [-43.35356159999998, -22.794006899999943], [-43.35374009999998, -22.794089399999955], [-43.35389249999997, -22.793966999999956], [-43.35408359999997, -22.79375309999995], [-43.354548499999964, -22.793108499999956], [-43.35475949999994, -22.79284319999994], [-43.35495919999994, -22.79257229999995], [-43.355048599999975, -22.792462399999977], [-43.35529569999994, -22.792164399999933], [-43.355470699999955, -22.791992199999978], [-43.35566119999993, -22.79179079999994]]]}, "properties": {"id": "330510905000442", "name": "Setor 330510905000442", "meanMonthlyBRL": 1689.62, "medianMonthlyBRL": 1220.0, "status": "published", "sourceTerritoryType": "census_sector", "overlayColor": "#c6dbef"}}, {"type": "Feature", "geometry": {"type": "Polygon", "coordinates": [[[-43.33870999999994, -22.789410499999974], [-43.33901969999994, -22.78908349999995], [-43.33933589999998, -22.78885179999998], [-43.339311899999984, -22.78881879999994], [-43.338791699999945, -22.78812869999995], [-43.33833969999995, -22.788105799999983], [-43.337946099999954, -22.788128599999936], [-43.33788249999998, -22.788131799999977], [-43.33705189999995, -22.789119799999977], [-43.33713749999999, -22.789426399999968], [-43.33737279999997, -22.78965459999995], [-43.337928999999974, -22.78979009999995], [-43.33822129999993, -22.78988089999996], [-43.33861179999997, -22.789444399999983], [-43.33870349999995, -22.78940589999996], [-43.33870999999994, -22.789410499999974]]]}, "properties": {"id": "330510905000443", "name": "Setor 330510905000443", "meanMonthlyBRL": 1615.39, "medianMonthlyBRL": 1242.0, "status": "published", "sourceTerritoryType": "census_sector", "overlayColor": "#c6dbef"}}, {"type": "Feature", "geometry": {"type": "Polygon", "coordinates": [[[-43.33933589999998, -22.78885179999998], [-43.33901969999994, -22.78908349999995], [-43.33870999999994, -22.789410499999974], [-43.338784199999964, -22.789463499999943], [-43.33990219999998, -22.78953909999995], [-43.33995259999995, -22.78952139999996], [-43.33970869999997, -22.78936359999994], [-43.33933589999998, -22.78885179999998]]]}, "properties": {"id": "330510905000444", "name": "Setor 330510905000444", "meanMonthlyBRL": 1849.71, "medianMonthlyBRL": 1600.0, "status": "published", "sourceTerritoryType": "census_sector", "overlayColor": "#9ecae1"}}, {"type": "Feature", "geometry": {"type": "Polygon", "coordinates": [[[-43.38625879999995, -22.780665299999956], [-43.38677309999997, -22.779831099999964], [-43.38658239999995, -22.77972769999997], [-43.38582359999998, -22.779356399999983], [-43.38502669999997, -22.77896649999996], [-43.384716099999935, -22.77955929999996], [-43.38455209999995, -22.779839799999934], [-43.38532929999997, -22.780213699999937], [-43.38610609999995, -22.78059979999994], [-43.38625879999995, -22.780665299999956]]]}, "properties": {"id": "330510910000001", "name": "Setor 330510910000001", "meanMonthlyBRL": 1903.21, "medianMonthlyBRL": 1300.0, "status": "published", "sourceTerritoryType": "census_sector", "overlayColor": "#c6dbef"}}, {"type": "Feature", "geometry": {"type": "Polygon", "coordinates": [[[-43.383429099999944, -22.78035229999994], [-43.384056499999986, -22.78065839999993], [-43.38484949999997, -22.781045299999956], [-43.38512009999994, -22.78117229999998], [-43.385602999999946, -22.781398999999958], [-43.385751599999935, -22.781487799999976], [-43.38625879999995, -22.780665299999956], [-43.38610609999995, -22.78059979999994], [-43.38532929999997, -22.780213699999937], [-43.38455209999995, -22.779839799999934], [-43.384716099999935, -22.77955929999996], [-43.38502669999997, -22.77896649999996], [-43.38433409999993, -22.77862769999995], [-43.38386469999995, -22.779522199999974], [-43.383429099999944, -22.78035229999994]]]}, "properties": {"id": "330510910000002", "name": "Setor 330510910000002", "meanMonthlyBRL": 2722.07, "medianMonthlyBRL": 2000.0, "status": "published", "sourceTerritoryType": "census_sector", "overlayColor": "#6baed6"}}, {"type": "Feature", "geometry": {"type": "Polygon", "coordinates": [[[-43.387621199999955, -22.782213299999967], [-43.388203799999985, -22.782051999999968], [-43.388822199999936, -22.781859599999965], [-43.38891069999994, -22.781749299999937], [-43.388976699999944, -22.781658599999954], [-43.38902049999996, -22.781598499999973], [-43.38938419999994, -22.780997699999944], [-43.388462999999945, -22.780491099999942], [-43.38754159999996, -22.779976799999925], [-43.386525699999936, -22.781627099999984], [-43.38731599999994, -22.78207659999999], [-43.38750049999993, -22.782159199999967], [-43.387621199999955, -22.782213299999967]]]}, "properties": {"id": "330510910000003", "name": "Setor 330510910000003", "meanMonthlyBRL": 1991.22, "medianMonthlyBRL": 1300.0, "status": "published", "sourceTerritoryType": "census_sector", "overlayColor": "#c6dbef"}}, {"type": "Feature", "geometry": {"type": "Polygon", "coordinates": [[[-43.38677309999997, -22.779831099999964], [-43.38625879999995, -22.780665299999956], [-43.385751599999935, -22.781487799999976], [-43.38537309999998, -22.782101699999938], [-43.384918199999966, -22.782839399999933], [-43.38488789999997, -22.78288849999996], [-43.38485769999994, -22.78293759999996], [-43.38518349999999, -22.782853199999973], [-43.387621199999955, -22.782213299999967], [-43.38750049999993, -22.782159199999967], [-43.38731599999994, -22.78207659999999], [-43.386525699999936, -22.781627099999984], [-43.38754159999996, -22.779976799999925], [-43.387104799999975, -22.77973299999997], [-43.38708199999997, -22.779722499999924], [-43.38690159999993, -22.779622699999948], [-43.38677309999997, -22.779831099999964]]]}, "properties": {"id": "330510910000004", "name": "Setor 330510910000004", "meanMonthlyBRL": 1897.72, "medianMonthlyBRL": 1500.0, "status": "published", "sourceTerritoryType": "census_sector", "overlayColor": "#9ecae1"}}, {"type": "Feature", "geometry": {"type": "Polygon", "coordinates": [[[-43.38756989999996, -22.778401699999957], [-43.38718739999996, -22.779139699999973], [-43.38712429999998, -22.779261499999954], [-43.38690159999993, -22.779622699999948], [-43.38708199999997, -22.779722499999924], [-43.387104799999975, -22.77973299999997], [-43.38754159999996, -22.779976799999925], [-43.388462999999945, -22.780491099999942], [-43.38948359999995, -22.778855399999944], [-43.388548499999956, -22.77836139999994], [-43.38810979999994, -22.778129599999946], [-43.38779269999998, -22.77797249999998], [-43.38756989999996, -22.778401699999957]]]}, "properties": {"id": "330510910000005", "name": "Setor 330510910000005", "meanMonthlyBRL": 1694.21, "medianMonthlyBRL": 1350.0, "status": "published", "sourceTerritoryType": "census_sector", "overlayColor": "#c6dbef"}}, {"type": "Feature", "geometry": {"type": "Polygon", "coordinates": [[[-43.383558999999934, -22.77739919999993], [-43.38404749999995, -22.777632399999955], [-43.38540729999994, -22.778281899999975], [-43.38618769999994, -22.778654599999975], [-43.386967099999936, -22.77902689999996], [-43.38718739999996, -22.779139699999973], [-43.38756989999996, -22.778401699999957], [-43.386594299999956, -22.777913399999928], [-43.38579969999995, -22.777526099999935], [-43.383983299999954, -22.776651799999964], [-43.383558999999934, -22.77739919999993]]]}, "properties": {"id": "330510910000006", "name": "Setor 330510910000006", "meanMonthlyBRL": 1914.03, "medianMonthlyBRL": 1250.0, "status": "published", "sourceTerritoryType": "census_sector", "overlayColor": "#c6dbef"}}, {"type": "Feature", "geometry": {"type": "Polygon", "coordinates": [[[-43.38060139999993, -22.776004399999977], [-43.38277409999995, -22.77702429999994], [-43.383558999999934, -22.77739919999993], [-43.383983299999954, -22.776651799999964], [-43.38320169999997, -22.776259899999953], [-43.38290029999996, -22.77611299999995], [-43.381398099999956, -22.775442699999928], [-43.38128509999996, -22.775386999999963], [-43.381014999999934, -22.77525389999994], [-43.38060139999993, -22.776004399999977]]]}, "properties": {"id": "330510910000007", "name": "Setor 330510910000007", "meanMonthlyBRL": 1902.6, "medianMonthlyBRL": 1400.0, "status": "published", "sourceTerritoryType": "census_sector", "overlayColor": "#c6dbef"}}, {"type": "Feature", "geometry": {"type": "Polygon", "coordinates": [[[-43.383983299999954, -22.776651799999964], [-43.38579969999995, -22.777526099999935], [-43.386594299999956, -22.777913399999928], [-43.38756989999996, -22.778401699999957], [-43.38779269999998, -22.77797249999998], [-43.38796839999998, -22.777632699999973], [-43.38779599999998, -22.77753459999997], [-43.386995799999966, -22.777157599999956], [-43.38622659999993, -22.77679509999996], [-43.38438019999995, -22.775925999999963], [-43.383983299999954, -22.776651799999964]]]}, "properties": {"id": "330510910000008", "name": "Setor 330510910000008", "meanMonthlyBRL": 2266.86, "medianMonthlyBRL": 1212.0, "status": "published", "sourceTerritoryType": "census_sector", "overlayColor": "#c6dbef"}}, {"type": "Feature", "geometry": {"type": "Polygon", "coordinates": [[[-43.381014999999934, -22.77525389999994], [-43.38128509999996, -22.775386999999963], [-43.381398099999956, -22.775442699999928], [-43.38290029999996, -22.77611299999995], [-43.38320169999997, -22.776259899999953], [-43.383983299999954, -22.776651799999964], [-43.38438019999995, -22.775925999999963], [-43.38359319999995, -22.77555979999994], [-43.38150269999994, -22.774582299999967], [-43.38140529999998, -22.774545699999972], [-43.381014999999934, -22.77525389999994]]]}, "properties": {"id": "330510910000009", "name": "Setor 330510910000009", "meanMonthlyBRL": 1567.97, "medianMonthlyBRL": 1212.0, "status": "published", "sourceTerritoryType": "census_sector", "overlayColor": "#c6dbef"}}, {"type": "Feature", "geometry": {"type": "Polygon", "coordinates": [[[-43.383717399999966, -22.778226499999963], [-43.38241229999994, -22.780598299999944], [-43.38303259999998, -22.780911399999976], [-43.38311409999994, -22.78095249999995], [-43.38312589999998, -22.78093009999997], [-43.38323119999996, -22.78072939999992], [-43.383429099999944, -22.78035229999994], [-43.38386469999995, -22.779522199999974], [-43.38433409999993, -22.77862769999995], [-43.38502669999997, -22.77896649999996], [-43.385108799999955, -22.778813199999952], [-43.38540729999994, -22.778281899999975], [-43.38404749999995, -22.777632399999955], [-43.383717399999966, -22.778226499999963]]]}, "properties": {"id": "330510910000010", "name": "Setor 330510910000010", "meanMonthlyBRL": 2233.83, "medianMonthlyBRL": 1500.0, "status": "published", "sourceTerritoryType": "census_sector", "overlayColor": "#9ecae1"}}, {"type": "Feature", "geometry": {"type": "Polygon", "coordinates": [[[-43.37923699999993, -22.77613809999997], [-43.37990079999997, -22.776435899999974], [-43.380528899999945, -22.77672179999997], [-43.381164499999954, -22.777057299999964], [-43.380610899999965, -22.77796159999997], [-43.38046509999998, -22.778283899999966], [-43.38049129999996, -22.778290799999983], [-43.380606899999975, -22.778384999999954], [-43.380946499999936, -22.778865299999946], [-43.38179009999993, -22.777342399999952], [-43.38243589999996, -22.777620399999925], [-43.38309739999994, -22.77793359999999], [-43.383717399999966, -22.778226499999963], [-43.38404749999995, -22.777632399999955], [-43.383558999999934, -22.77739919999993], [-43.38277409999995, -22.77702429999994], [-43.38060139999993, -22.776004399999977], [-43.379580499999975, -22.775527299999958], [-43.37923699999993, -22.77613809999997]]]}, "properties": {"id": "330510910000011", "name": "Setor 330510910000011", "meanMonthlyBRL": 3067.46, "medianMonthlyBRL": 1500.0, "status": "published", "sourceTerritoryType": "census_sector", "overlayColor": "#9ecae1"}}, {"type": "Feature", "geometry": {"type": "Polygon", "coordinates": [[[-43.380946499999936, -22.778865299999946], [-43.38137229999995, -22.77953099999996], [-43.38180689999996, -22.780210599999972], [-43.38185579999998, -22.78025619999994], [-43.38241229999994, -22.780598299999944], [-43.383717399999966, -22.778226499999963], [-43.38309739999994, -22.77793359999999], [-43.38243589999996, -22.777620399999925], [-43.38179009999993, -22.777342399999952], [-43.380946499999936, -22.778865299999946]]]}, "properties": {"id": "330510910000012", "name": "Setor 330510910000012", "meanMonthlyBRL": 2501.72, "medianMonthlyBRL": 1800.0, "status": "published", "sourceTerritoryType": "census_sector", "overlayColor": "#9ecae1"}}, {"type": "Feature", "geometry": {"type": "Polygon", "coordinates": [[[-43.383699899999954, -22.78323749999993], [-43.38457089999997, -22.78301189999996], [-43.38485769999994, -22.78293759999996], [-43.38488789999997, -22.78288849999996], [-43.384918199999966, -22.782839399999933], [-43.38537309999998, -22.782101699999938], [-43.38521609999998, -22.78201369999993], [-43.384852499999965, -22.781830099999976], [-43.38425829999995, -22.78153019999996], [-43.38365299999998, -22.781224599999973], [-43.382727099999954, -22.78270459999992], [-43.38362289999998, -22.78319849999997], [-43.383699899999954, -22.78323749999993]]]}, "properties": {"id": "330510910000013", "name": "Setor 330510910000013", "meanMonthlyBRL": 1771.19, "medianMonthlyBRL": 1212.0, "status": "published", "sourceTerritoryType": "census_sector", "overlayColor": "#c6dbef"}}, {"type": "Feature", "geometry": {"type": "Polygon", "coordinates": [[[-43.38938419999994, -22.780997699999944], [-43.38902049999996, -22.781598499999973], [-43.388976699999944, -22.781658599999954], [-43.38891069999994, -22.781749299999937], [-43.388822199999936, -22.781859599999965], [-43.38955269999997, -22.78163229999995], [-43.39048509999998, -22.781276999999935], [-43.39187889999994, -22.780691099999952], [-43.39215879999995, -22.780556199999978], [-43.39229029999996, -22.780492799999934], [-43.39205469999996, -22.78023059999998], [-43.39135509999994, -22.779844099999934], [-43.39041899999995, -22.77934949999996], [-43.38958569999994, -22.780642599999968], [-43.38938419999994, -22.780997699999944]]]}, "properties": {"id": "330510910000014", "name": "Setor 330510910000014", "meanMonthlyBRL": 1899.16, "medianMonthlyBRL": 1500.0, "status": "published", "sourceTerritoryType": "census_sector", "overlayColor": "#9ecae1"}}, {"type": "Feature", "geometry": {"type": "Polygon", "coordinates": [[[-43.39054779999998, -22.777097699999956], [-43.39114889999996, -22.777415999999953], [-43.391480799999954, -22.777591799999982], [-43.39241959999998, -22.77808909999993], [-43.39271459999998, -22.777607399999955], [-43.392817599999944, -22.777443799999958], [-43.39306309999995, -22.77704199999994], [-43.39342769999996, -22.776437199999975], [-43.39250849999996, -22.77595199999996], [-43.39155519999997, -22.77545769999995], [-43.39054779999998, -22.777097699999956]]]}, "properties": {"id": "330510910000015", "name": "Setor 330510910000015", "meanMonthlyBRL": 2884.04, "medianMonthlyBRL": 3000.0, "status": "published", "sourceTerritoryType": "census_sector", "overlayColor": "#3182bd"}}, {"type": "Feature", "geometry": {"type": "Polygon", "coordinates": [[[-43.38948359999995, -22.778855399999944], [-43.39041899999995, -22.77934949999996], [-43.391480799999954, -22.777591799999982], [-43.39114889999996, -22.777415999999953], [-43.39054779999998, -22.777097699999956], [-43.38948359999995, -22.778855399999944]]]}, "properties": {"id": "330510910000016", "name": "Setor 330510910000016", "meanMonthlyBRL": 1831.11, "medianMonthlyBRL": 1500.0, "status": "published", "sourceTerritoryType": "census_sector", "overlayColor": "#9ecae1"}}, {"type": "Feature", "geometry": {"type": "Polygon", "coordinates": [[[-43.39133289999995, -22.77312069999994], [-43.39091429999996, -22.773573399999975], [-43.389658699999984, -22.77493099999998], [-43.38925409999996, -22.77534269999996], [-43.388941699999975, -22.775754499999948], [-43.388755999999944, -22.77611279999996], [-43.38796839999998, -22.777632699999973], [-43.38779269999998, -22.77797249999998], [-43.38810979999994, -22.778129599999946], [-43.38847619999996, -22.777562799999945], [-43.38906569999995, -22.776545599999967], [-43.38918169999994, -22.77637409999994], [-43.38963179999996, -22.776612499999942], [-43.39054779999998, -22.777097699999956], [-43.39155519999997, -22.77545769999995], [-43.390888099999984, -22.775111799999934], [-43.39065329999994, -22.774989999999946], [-43.390205599999945, -22.774757899999933], [-43.390358599999956, -22.774549099999945], [-43.39135429999993, -22.77379209999998], [-43.39144719999996, -22.773721899999945], [-43.39223709999993, -22.77303909999994], [-43.39223809999993, -22.77303819999997], [-43.39223629999998, -22.773036699999977], [-43.39223459999994, -22.773035299999947], [-43.392195699999945, -22.77300419999994], [-43.39192129999998, -22.772784899999973], [-43.39178019999997, -22.77267219999993], [-43.39176079999993, -22.772656999999985], [-43.39133289999995, -22.77312069999994]]]}, "properties": {"id": "330510910000017", "name": "Setor 330510910000017", "meanMonthlyBRL": 2019.86, "medianMonthlyBRL": 1500.0, "status": "published", "sourceTerritoryType": "census_sector", "overlayColor": "#9ecae1"}}, {"type": "Feature", "geometry": {"type": "Polygon", "coordinates": [[[-43.38810979999994, -22.778129599999946], [-43.388548499999956, -22.77836139999994], [-43.38948359999995, -22.778855399999944], [-43.39054779999998, -22.777097699999956], [-43.38963179999996, -22.776612499999942], [-43.38918169999994, -22.77637409999994], [-43.38906569999995, -22.776545599999967], [-43.38847619999996, -22.777562799999945], [-43.38810979999994, -22.778129599999946]]]}, "properties": {"id": "330510910000018", "name": "Setor 330510910000018", "meanMonthlyBRL": 1872.22, "medianMonthlyBRL": 1390.0, "status": "published", "sourceTerritoryType": "census_sector", "overlayColor": "#c6dbef"}}, {"type": "Feature", "geometry": {"type": "Polygon", "coordinates": [[[-43.38660149999998, -22.776057899999948], [-43.38738939999996, -22.776428199999945], [-43.38729729999994, -22.776578799999985], [-43.386995799999966, -22.777157599999956], [-43.38779599999998, -22.77753459999997], [-43.38796839999998, -22.777632699999973], [-43.388755999999944, -22.77611279999996], [-43.388594599999976, -22.776047599999973], [-43.38856759999993, -22.77603669999996], [-43.38781889999996, -22.77569049999994], [-43.387018599999976, -22.775320399999938], [-43.38660149999998, -22.776057899999948]]]}, "properties": {"id": "330510910000019", "name": "Setor 330510910000019", "meanMonthlyBRL": 2797.65, "medianMonthlyBRL": 1500.0, "status": "published", "sourceTerritoryType": "census_sector", "overlayColor": "#9ecae1"}}, {"type": "Feature", "geometry": {"type": "Polygon", "coordinates": [[[-43.38781889999996, -22.77569049999994], [-43.38856759999993, -22.77603669999996], [-43.388594599999976, -22.776047599999973], [-43.388755999999944, -22.77611279999996], [-43.388941699999975, -22.775754499999948], [-43.38925409999996, -22.77534269999996], [-43.389658699999984, -22.77493099999998], [-43.39091429999996, -22.773573399999975], [-43.390184999999974, -22.77321119999994], [-43.39014529999997, -22.773191499999943], [-43.38939499999998, -22.772789899999964], [-43.389123799999936, -22.773278799999957], [-43.388987199999974, -22.77352929999995], [-43.38887429999994, -22.77373729999994], [-43.388590499999964, -22.774258799999924], [-43.388433299999974, -22.774546299999937], [-43.38807689999993, -22.77518129999993], [-43.38781889999996, -22.77569049999994]]]}, "properties": {"id": "330510910000020", "name": "Setor 330510910000020", "meanMonthlyBRL": 1636.31, "medianMonthlyBRL": 1212.0, "status": "published", "sourceTerritoryType": "census_sector", "overlayColor": "#c6dbef"}}, {"type": "Feature", "geometry": {"type": "Polygon", "coordinates": [[[-43.38712959999998, -22.773556799999934], [-43.38699789999998, -22.77380269999997], [-43.38694869999995, -22.773883399999928], [-43.38758399999995, -22.77418719999997], [-43.38736879999993, -22.774684699999966], [-43.387216499999965, -22.774976899999956], [-43.387018599999976, -22.775320399999938], [-43.38781889999996, -22.77569049999994], [-43.38807689999993, -22.77518129999993], [-43.388433299999974, -22.774546299999937], [-43.388590499999964, -22.774258799999924], [-43.38887429999994, -22.77373729999994], [-43.388987199999974, -22.77352929999995], [-43.389123799999936, -22.773278799999957], [-43.38939499999998, -22.772789899999964], [-43.38793139999996, -22.77209369999996], [-43.38765539999997, -22.772575599999982], [-43.38739129999993, -22.773068499999958], [-43.38712959999998, -22.773556799999934]]]}, "properties": {"id": "330510910000021", "name": "Setor 330510910000021", "meanMonthlyBRL": 1928.27, "medianMonthlyBRL": 1212.0, "status": "published", "sourceTerritoryType": "census_sector", "overlayColor": "#c6dbef"}}, {"type": "Feature", "geometry": {"type": "Polygon", "coordinates": [[[-43.38519469999994, -22.77262999999994], [-43.38597859999994, -22.77300389999993], [-43.38656969999994, -22.773287799999935], [-43.38712959999998, -22.773556799999934], [-43.38739129999993, -22.773068499999958], [-43.38765539999997, -22.772575599999982], [-43.38793139999996, -22.77209369999996], [-43.38736519999998, -22.771826799999932], [-43.38678949999996, -22.771552899999957], [-43.38602649999996, -22.77118999999993], [-43.385956799999974, -22.771321399999973], [-43.38575239999995, -22.77162089999996], [-43.38558169999993, -22.771922599999982], [-43.38519469999994, -22.77262999999994]]]}, "properties": {"id": "330510910000022", "name": "Setor 330510910000022", "meanMonthlyBRL": 1445.95, "medianMonthlyBRL": 1200.0, "status": "published", "sourceTerritoryType": "census_sector", "overlayColor": "#c6dbef"}}, {"type": "Feature", "geometry": {"type": "Polygon", "coordinates": [[[-43.38439749999998, -22.774108399999932], [-43.385166599999934, -22.774463999999963], [-43.387018599999976, -22.775320399999938], [-43.387216499999965, -22.774976899999956], [-43.38736879999993, -22.774684699999966], [-43.38758399999995, -22.77418719999997], [-43.38694869999995, -22.773883399999928], [-43.38699789999998, -22.77380269999997], [-43.38712959999998, -22.773556799999934], [-43.38656969999994, -22.773287799999935], [-43.38597859999994, -22.77300389999993], [-43.38519469999994, -22.77262999999994], [-43.38480059999995, -22.77335699999998], [-43.38439749999998, -22.774108399999932]]]}, "properties": {"id": "330510910000023", "name": "Setor 330510910000023", "meanMonthlyBRL": 2323.42, "medianMonthlyBRL": 2000.0, "status": "published", "sourceTerritoryType": "census_sector", "overlayColor": "#6baed6"}}, {"type": "Feature", "geometry": {"type": "Polygon", "coordinates": [[[-43.38179139999994, -22.77380319999997], [-43.38151739999995, -22.774342199999978], [-43.38140529999998, -22.774545699999972], [-43.38150269999994, -22.774582299999967], [-43.38359319999995, -22.77555979999994], [-43.38438019999995, -22.775925999999963], [-43.384772099999964, -22.775198199999977], [-43.38400299999995, -22.774836699999984], [-43.38439749999998, -22.774108399999932], [-43.38399359999994, -22.773921599999934], [-43.38300349999997, -22.773435599999964], [-43.38227829999994, -22.773079499999938], [-43.382252999999935, -22.773079899999974], [-43.38223579999993, -22.77308569999996], [-43.38221519999996, -22.77309369999995], [-43.38218729999994, -22.773113099999936], [-43.38206169999995, -22.773303099999968], [-43.38179139999994, -22.77380319999997]]]}, "properties": {"id": "330510910000024", "name": "Setor 330510910000024", "meanMonthlyBRL": 1571.61, "medianMonthlyBRL": 1250.0, "status": "published", "sourceTerritoryType": "census_sector", "overlayColor": "#c6dbef"}}, {"type": "Feature", "geometry": {"type": "Polygon", "coordinates": [[[-43.384772099999964, -22.775198199999977], [-43.38660149999998, -22.776057899999948], [-43.387018599999976, -22.775320399999938], [-43.385166599999934, -22.774463999999963], [-43.38439749999998, -22.774108399999932], [-43.38400299999995, -22.774836699999984], [-43.384772099999964, -22.775198199999977]]]}, "properties": {"id": "330510910000025", "name": "Setor 330510910000025", "meanMonthlyBRL": 1556.69, "medianMonthlyBRL": 1250.0, "status": "published", "sourceTerritoryType": "census_sector", "overlayColor": "#c6dbef"}}, {"type": "Feature", "geometry": {"type": "Polygon", "coordinates": [[[-43.37836839999994, -22.777736699999938], [-43.379027399999984, -22.777908699999955], [-43.37978969999995, -22.778107699999953], [-43.38046509999998, -22.778283899999966], [-43.380610899999965, -22.77796159999997], [-43.381164499999954, -22.777057299999964], [-43.380528899999945, -22.77672179999997], [-43.37990079999997, -22.776435899999974], [-43.37923699999993, -22.77613809999997], [-43.37836839999994, -22.777736699999938]]]}, "properties": {"id": "330510910000026", "name": "Setor 330510910000026", "meanMonthlyBRL": 3386.68, "medianMonthlyBRL": 1600.0, "status": "published", "sourceTerritoryType": "census_sector", "overlayColor": "#9ecae1"}}, {"type": "Feature", "geometry": {"type": "Polygon", "coordinates": [[[-43.377873799999975, -22.778654499999952], [-43.378498699999966, -22.778994499999957], [-43.379113899999936, -22.779285499999954], [-43.37941929999994, -22.77933199999995], [-43.37988699999994, -22.779377799999967], [-43.38009089999997, -22.779397699999937], [-43.38128009999997, -22.77956969999997], [-43.38131109999995, -22.779556599999975], [-43.38137229999995, -22.77953099999996], [-43.380946499999936, -22.778865299999946], [-43.380606899999975, -22.778384999999954], [-43.38049129999996, -22.778290799999983], [-43.38046509999998, -22.778283899999966], [-43.37978969999995, -22.778107699999953], [-43.379027399999984, -22.777908699999955], [-43.37836839999994, -22.777736699999938], [-43.378007099999934, -22.77841679999994], [-43.377873799999975, -22.778654499999952]]]}, "properties": {"id": "330510910000027", "name": "Setor 330510910000027", "meanMonthlyBRL": 2342.37, "medianMonthlyBRL": 1500.0, "status": "published", "sourceTerritoryType": "census_sector", "overlayColor": "#9ecae1"}}, {"type": "Feature", "geometry": {"type": "Polygon", "coordinates": [[[-43.37718129999996, -22.779920399999973], [-43.37743909999995, -22.780733199999933], [-43.377752699999974, -22.78172179999996], [-43.37828779999995, -22.78082639999997], [-43.37893579999997, -22.77959259999994], [-43.379113899999936, -22.779285499999954], [-43.378498699999966, -22.778994499999957], [-43.377873799999975, -22.778654499999952], [-43.37718129999996, -22.779920399999973]]]}, "properties": {"id": "330510910000028", "name": "Setor 330510910000028", "meanMonthlyBRL": 2322.11, "medianMonthlyBRL": 2000.0, "status": "published", "sourceTerritoryType": "census_sector", "overlayColor": "#6baed6"}}, {"type": "Feature", "geometry": {"type": "Polygon", "coordinates": [[[-43.37929709999998, -22.784404799999944], [-43.379616899999974, -22.78455819999993], [-43.37993679999994, -22.78471169999995], [-43.38013289999998, -22.78481279999993], [-43.38028419999995, -22.784903599999954], [-43.380336099999965, -22.785029399999924], [-43.380336599999964, -22.78503149999995], [-43.38050229999993, -22.784926199999973], [-43.38054329999994, -22.78490009999996], [-43.38054489999996, -22.784542099999953], [-43.38054079999995, -22.784395899999936], [-43.380539399999975, -22.784344499999975], [-43.38052819999996, -22.783942099999937], [-43.38049499999994, -22.783385999999954], [-43.380461699999955, -22.783062699999963], [-43.38041409999994, -22.782877299999935], [-43.38033809999996, -22.782729999999958], [-43.38012939999994, -22.78261669999995], [-43.38024779999996, -22.782202299999938], [-43.38048539999994, -22.781679399999973], [-43.38075459999993, -22.780960299999954], [-43.38071839999998, -22.780918899999953], [-43.38044269999995, -22.78070019999995], [-43.380209699999966, -22.780590899999932], [-43.379859299999964, -22.780590899999932], [-43.37988649999994, -22.78078099999993], [-43.37989129999994, -22.78120409999997], [-43.37973439999996, -22.781636699999986], [-43.37943489999998, -22.782387699999962], [-43.37931609999998, -22.782863099999933], [-43.379292299999975, -22.783286199999967], [-43.37929709999998, -22.784404799999944]]]}, "properties": {"id": "330510910000030", "name": "Setor 330510910000030", "meanMonthlyBRL": 2157.63, "medianMonthlyBRL": 1500.0, "status": "published", "sourceTerritoryType": "census_sector", "overlayColor": "#9ecae1"}}, {"type": "Feature", "geometry": {"type": "Polygon", "coordinates": [[[-43.39155519999997, -22.77545769999995], [-43.39250849999996, -22.77595199999996], [-43.39342769999996, -22.776437199999975], [-43.39306309999995, -22.77704199999994], [-43.392817599999944, -22.777443799999958], [-43.39271459999998, -22.777607399999955], [-43.39241959999998, -22.77808909999993], [-43.39279759999994, -22.77828929999998], [-43.39317339999997, -22.778488299999932], [-43.39334619999994, -22.778579899999947], [-43.39241099999998, -22.78005009999998], [-43.39229029999996, -22.780492799999934], [-43.39291819999994, -22.780190199999936], [-43.39303239999998, -22.780135199999958], [-43.39337169999993, -22.779971699999972], [-43.39563789999994, -22.778628699999953], [-43.39713169999993, -22.777584299999944], [-43.395541299999934, -22.776041099999933], [-43.39537439999998, -22.775907999999955], [-43.395207599999935, -22.775774999999953], [-43.394689699999965, -22.77549209999995], [-43.394178899999986, -22.775047099999938], [-43.39322859999993, -22.773964999999983], [-43.392867799999976, -22.773594499999945], [-43.392727399999956, -22.77345039999994], [-43.392379699999935, -22.773157499999968], [-43.39223809999993, -22.77303819999997], [-43.39223709999993, -22.77303909999994], [-43.39144719999996, -22.773721899999945], [-43.39135429999993, -22.77379209999998], [-43.390358599999956, -22.774549099999945], [-43.390205599999945, -22.774757899999933], [-43.39065329999994, -22.774989999999946], [-43.390888099999984, -22.775111799999934], [-43.39155519999997, -22.77545769999995]]]}, "properties": {"id": "330510910000031", "name": "Setor 330510910000031", "meanMonthlyBRL": 1788.37, "medianMonthlyBRL": 1500.0, "status": "published", "sourceTerritoryType": "census_sector", "overlayColor": "#9ecae1"}}, {"type": "Feature", "geometry": {"type": "Polygon", "coordinates": [[[-43.39041899999995, -22.77934949999996], [-43.39135509999994, -22.779844099999934], [-43.39205469999996, -22.78023059999998], [-43.39229029999996, -22.780492799999934], [-43.39241099999998, -22.78005009999998], [-43.39334619999994, -22.778579899999947], [-43.39317339999997, -22.778488299999932], [-43.39279759999994, -22.77828929999998], [-43.39241959999998, -22.77808909999993], [-43.391480799999954, -22.777591799999982], [-43.39041899999995, -22.77934949999996]]]}, "properties": {"id": "330510910000032", "name": "Setor 330510910000032", "meanMonthlyBRL": 1579.39, "medianMonthlyBRL": 1217.0, "status": "published", "sourceTerritoryType": "census_sector", "overlayColor": "#c6dbef"}}, {"type": "Feature", "geometry": {"type": "Polygon", "coordinates": [[[-43.383118999999965, -22.771639999999927], [-43.38381829999997, -22.771973499999945], [-43.38519469999994, -22.77262999999994], [-43.38558169999993, -22.771922599999982], [-43.38575239999995, -22.77162089999996], [-43.385956799999974, -22.771321399999973], [-43.38602649999996, -22.77118999999993], [-43.38566079999998, -22.771016099999933], [-43.38462039999996, -22.77053429999995], [-43.38389509999996, -22.770198699999973], [-43.383118999999965, -22.771639999999927]]]}, "properties": {"id": "330510910000033", "name": "Setor 330510910000033", "meanMonthlyBRL": 2039.53, "medianMonthlyBRL": 1212.0, "status": "published", "sourceTerritoryType": "census_sector", "overlayColor": "#c6dbef"}}, {"type": "Feature", "geometry": {"type": "Polygon", "coordinates": [[[-43.382723999999946, -22.772373499999958], [-43.382352999999966, -22.773062599999946], [-43.38233569999994, -22.773078199999933], [-43.38231659999997, -22.773084499999975], [-43.38227829999994, -22.773079499999938], [-43.38300349999997, -22.773435599999964], [-43.38399359999994, -22.773921599999934], [-43.38439749999998, -22.774108399999932], [-43.38480059999995, -22.77335699999998], [-43.38519469999994, -22.77262999999994], [-43.38381829999997, -22.771973499999945], [-43.383118999999965, -22.771639999999927], [-43.382723999999946, -22.772373499999958]]]}, "properties": {"id": "330510910000034", "name": "Setor 330510910000034", "meanMonthlyBRL": 1767.57, "medianMonthlyBRL": 1212.0, "status": "published", "sourceTerritoryType": "census_sector", "overlayColor": "#c6dbef"}}, {"type": "Feature", "geometry": {"type": "Polygon", "coordinates": [[[-43.38077539999995, -22.770679599999937], [-43.381269799999984, -22.771207299999958], [-43.38135539999996, -22.771231099999966], [-43.38158069999997, -22.770906299999975], [-43.38209139999998, -22.77114989999995], [-43.38168449999995, -22.77188289999998], [-43.382201399999985, -22.772126899999936], [-43.382723999999946, -22.772373499999958], [-43.383118999999965, -22.771639999999927], [-43.38389509999996, -22.770198699999973], [-43.383396199999936, -22.769979799999934], [-43.38287669999994, -22.769735399999938], [-43.38234749999998, -22.76949059999998], [-43.38183199999998, -22.76925219999998], [-43.38152649999995, -22.769747899999967], [-43.38117949999997, -22.770384899999957], [-43.38080529999996, -22.77065779999998], [-43.38077539999995, -22.770679599999937]]]}, "properties": {"id": "330510910000035", "name": "Setor 330510910000035", "meanMonthlyBRL": 2073.22, "medianMonthlyBRL": 1800.0, "status": "published", "sourceTerritoryType": "census_sector", "overlayColor": "#9ecae1"}}, {"type": "Feature", "geometry": {"type": "Polygon", "coordinates": [[[-43.37913249999997, -22.772513599999964], [-43.379685999999936, -22.772832299999944], [-43.38043219999997, -22.773207899999928], [-43.38179139999994, -22.77380319999997], [-43.38206169999995, -22.773303099999968], [-43.38218729999994, -22.773113099999936], [-43.38221519999996, -22.77309369999995], [-43.38223579999993, -22.77308569999996], [-43.382252999999935, -22.773079899999974], [-43.38227829999994, -22.773079499999938], [-43.381240599999956, -22.77257009999994], [-43.38107609999997, -22.77263569999996], [-43.380883799999935, -22.772610299999933], [-43.38058529999995, -22.772483599999926], [-43.38024059999998, -22.77230299999997], [-43.38011229999995, -22.772127099999985], [-43.37953889999994, -22.77181629999996], [-43.37913249999997, -22.772513599999964]]]}, "properties": {"id": "330510910000036", "name": "Setor 330510910000036", "meanMonthlyBRL": 1867.8, "medianMonthlyBRL": 1900.0, "status": "published", "sourceTerritoryType": "census_sector", "overlayColor": "#9ecae1"}}, {"type": "Feature", "geometry": {"type": "Polygon", "coordinates": [[[-43.378316799999936, -22.774009199999966], [-43.378342299999986, -22.77402179999996], [-43.380723099999955, -22.77510999999992], [-43.381014999999934, -22.77525389999994], [-43.38140529999998, -22.774545699999972], [-43.38151739999995, -22.774342199999978], [-43.38179139999994, -22.77380319999997], [-43.38043219999997, -22.773207899999928], [-43.379685999999936, -22.772832299999944], [-43.37913249999997, -22.772513599999964], [-43.37902449999996, -22.772697299999944], [-43.37871329999996, -22.773266599999943], [-43.37840809999995, -22.773826499999927], [-43.378316799999936, -22.774009199999966]]]}, "properties": {"id": "330510910000037", "name": "Setor 330510910000037", "meanMonthlyBRL": 1663.33, "medianMonthlyBRL": 1212.0, "status": "published", "sourceTerritoryType": "census_sector", "overlayColor": "#c6dbef"}}, {"type": "Feature", "geometry": {"type": "Polygon", "coordinates": [[[-43.37790189999998, -22.774742699999933], [-43.379580499999975, -22.775527299999958], [-43.38060139999993, -22.776004399999977], [-43.381014999999934, -22.77525389999994], [-43.380723099999955, -22.77510999999992], [-43.378342299999986, -22.77402179999996], [-43.378316799999936, -22.774009199999966], [-43.37790189999998, -22.774742699999933]]]}, "properties": {"id": "330510910000038", "name": "Setor 330510910000038", "meanMonthlyBRL": 1825.18, "medianMonthlyBRL": 1525.0, "status": "published", "sourceTerritoryType": "census_sector", "overlayColor": "#9ecae1"}}, {"type": "Feature", "geometry": {"type": "Polygon", "coordinates": [[[-43.37763869999998, -22.777548199999952], [-43.37836839999994, -22.777736699999938], [-43.37923699999993, -22.77613809999997], [-43.37920769999994, -22.776121299999947], [-43.37892649999998, -22.77597039999995], [-43.37864529999996, -22.775819499999947], [-43.37835579999995, -22.776317399999986], [-43.378165699999954, -22.77667389999993], [-43.37763869999998, -22.777548199999952]]]}, "properties": {"id": "330510910000039", "name": "Setor 330510910000039", "meanMonthlyBRL": 1565.29, "medianMonthlyBRL": 1212.0, "status": "published", "sourceTerritoryType": "census_sector", "overlayColor": "#c6dbef"}}, {"type": "Feature", "geometry": {"type": "Polygon", "coordinates": [[[-43.37628129999996, -22.777202399999965], [-43.37696809999994, -22.777377399999967], [-43.37763869999998, -22.777548199999952], [-43.378165699999954, -22.77667389999993], [-43.37835579999995, -22.776317399999986], [-43.37864529999996, -22.775819499999947], [-43.378393899999935, -22.775685199999934], [-43.37802739999995, -22.77550929999995], [-43.37734909999995, -22.77522729999998], [-43.37706049999997, -22.77577199999995], [-43.37628129999996, -22.777202399999965]]]}, "properties": {"id": "330510910000040", "name": "Setor 330510910000040", "meanMonthlyBRL": 1796.63, "medianMonthlyBRL": 1500.0, "status": "published", "sourceTerritoryType": "census_sector", "overlayColor": "#9ecae1"}}, {"type": "Feature", "geometry": {"type": "Polygon", "coordinates": [[[-43.37908769999996, -22.78067799999996], [-43.37923999999998, -22.78094259999995], [-43.379201999999964, -22.781294399999975], [-43.37874389999997, -22.782334299999953], [-43.378688599999975, -22.782596899999934], [-43.37866799999995, -22.78279209999993], [-43.378660099999934, -22.782867799999963], [-43.37865169999998, -22.783409199999934], [-43.377993199999935, -22.783072799999957], [-43.37772549999994, -22.78364679999992], [-43.378039799999954, -22.783794399999977], [-43.37864119999995, -22.78408849999994], [-43.378822699999944, -22.784177299999953], [-43.37929709999998, -22.784404799999944], [-43.379292299999975, -22.783286199999967], [-43.37931609999998, -22.782863099999933], [-43.37943489999998, -22.782387699999962], [-43.37973439999996, -22.781636699999986], [-43.37989129999994, -22.78120409999997], [-43.37988649999994, -22.78078099999993], [-43.379859299999964, -22.780590899999932], [-43.37980569999996, -22.78021529999995], [-43.379750399999985, -22.779905499999924], [-43.37970109999998, -22.779896799999968], [-43.37946819999996, -22.779987199999933], [-43.37930659999995, -22.78025339999994], [-43.37913669999995, -22.780584999999974], [-43.379106899999954, -22.780643199999922], [-43.37908769999996, -22.78067799999996]]]}, "properties": {"id": "330510910000041", "name": "Setor 330510910000041", "meanMonthlyBRL": 2036.38, "medianMonthlyBRL": 1400.0, "status": "published", "sourceTerritoryType": "census_sector", "overlayColor": "#c6dbef"}}, {"type": "Feature", "geometry": {"type": "Polygon", "coordinates": [[[-43.37603589999998, -22.782009799999965], [-43.37597909999994, -22.782121499999963], [-43.375653399999976, -22.782644499999943], [-43.37643469999995, -22.78304459999998], [-43.376730099999975, -22.783195799999927], [-43.37722999999994, -22.783422299999927], [-43.37772549999994, -22.78364679999992], [-43.377993199999935, -22.783072799999957], [-43.37865169999998, -22.783409199999934], [-43.378660099999934, -22.782867799999963], [-43.37866799999995, -22.78279209999993], [-43.378688599999975, -22.782596899999934], [-43.37874389999997, -22.782334299999953], [-43.379201999999964, -22.781294399999975], [-43.37923999999998, -22.78094259999995], [-43.37908769999996, -22.78067799999996], [-43.378484199999946, -22.781774499999976], [-43.37826549999994, -22.781974199999983], [-43.37789509999993, -22.782170499999953], [-43.377752699999974, -22.78172179999996], [-43.37743909999995, -22.780733199999933], [-43.37718129999996, -22.779920399999973], [-43.37710089999996, -22.78006799999997], [-43.37689169999993, -22.780424499999977], [-43.37670479999997, -22.78076599999997], [-43.37624529999994, -22.781598599999935], [-43.37603589999998, -22.782009799999965]]]}, "properties": {"id": "330510910000042", "name": "Setor 330510910000042", "meanMonthlyBRL": 2114.0, "medianMonthlyBRL": 1800.0, "status": "published", "sourceTerritoryType": "census_sector", "overlayColor": "#9ecae1"}}, {"type": "Feature", "geometry": {"type": "Polygon", "coordinates": [[[-43.383396199999936, -22.769979799999934], [-43.38389509999996, -22.770198699999973], [-43.38462039999996, -22.77053429999995], [-43.38566079999998, -22.771016099999933], [-43.38602649999996, -22.77118999999993], [-43.38678949999996, -22.771552899999957], [-43.38707039999997, -22.771052399999977], [-43.38734919999996, -22.77055529999995], [-43.38656019999996, -22.77018309999994], [-43.385167699999954, -22.76952629999994], [-43.38396359999996, -22.768953999999948], [-43.38368319999995, -22.76945699999993], [-43.383396199999936, -22.769979799999934]]]}, "properties": {"id": "330510910000043", "name": "Setor 330510910000043", "meanMonthlyBRL": 2160.25, "medianMonthlyBRL": 2000.0, "status": "published", "sourceTerritoryType": "census_sector", "overlayColor": "#6baed6"}}, {"type": "Feature", "geometry": {"type": "Polygon", "coordinates": [[[-43.38678949999996, -22.771552899999957], [-43.38736519999998, -22.771826799999932], [-43.38793139999996, -22.77209369999996], [-43.38939499999998, -22.772789899999964], [-43.39014529999997, -22.773191499999943], [-43.390184999999974, -22.77321119999994], [-43.39091429999996, -22.773573399999975], [-43.39133289999995, -22.77312069999994], [-43.391109599999936, -22.772906099999943], [-43.390559199999984, -22.772368899999943], [-43.39051079999996, -22.772305399999937], [-43.38995459999995, -22.771734899999952], [-43.38990409999997, -22.771683999999933], [-43.389817499999936, -22.771714999999972], [-43.38847649999997, -22.77108519999996], [-43.38734919999996, -22.77055529999995], [-43.38707039999997, -22.771052399999977], [-43.38678949999996, -22.771552899999957]]]}, "properties": {"id": "330510910000044", "name": "Setor 330510910000044", "meanMonthlyBRL": 1687.53, "medianMonthlyBRL": 1212.0, "status": "published", "sourceTerritoryType": "census_sector", "overlayColor": "#c6dbef"}}, {"type": "Feature", "geometry": {"type": "Polygon", "coordinates": [[[-43.38449629999997, -22.767969099999956], [-43.385704499999974, -22.768526499999947], [-43.38708559999998, -22.769192099999948], [-43.38755209999994, -22.769402599999978], [-43.38784089999996, -22.769678999999936], [-43.388784999999984, -22.770583499999926], [-43.388813899999946, -22.770611199999962], [-43.38990409999997, -22.771683999999933], [-43.38995459999995, -22.771734899999952], [-43.39051079999996, -22.772305399999937], [-43.390559199999984, -22.772368899999943], [-43.391109599999936, -22.772906099999943], [-43.39133289999995, -22.77312069999994], [-43.39176079999993, -22.772656999999985], [-43.391706899999974, -22.77261369999996], [-43.39111349999996, -22.771995999999945], [-43.39085659999995, -22.771728599999953], [-43.39057599999995, -22.771365599999967], [-43.39052589999994, -22.77130079999995], [-43.39026489999998, -22.770956699999946], [-43.390002699999975, -22.770718799999944], [-43.38913069999995, -22.76985059999992], [-43.38838909999999, -22.769191399999944], [-43.38705969999995, -22.767999399999947], [-43.385630499999934, -22.76675829999994], [-43.38559029999993, -22.76672689999998], [-43.38538429999994, -22.766565699999944], [-43.385188399999954, -22.766472399999937], [-43.38484409999995, -22.767251899999955], [-43.384806399999945, -22.76733729999995], [-43.38449629999997, -22.767969099999956]]]}, "properties": {"id": "330510910000045", "name": "Setor 330510910000045", "meanMonthlyBRL": 1636.19, "medianMonthlyBRL": 1500.0, "status": "published", "sourceTerritoryType": "census_sector", "overlayColor": "#9ecae1"}}, {"type": "Feature", "geometry": {"type": "Polygon", "coordinates": [[[-43.38396359999996, -22.768953999999948], [-43.385167699999954, -22.76952629999994], [-43.38656019999996, -22.77018309999994], [-43.38682219999998, -22.76968899999996], [-43.38708559999998, -22.769192099999948], [-43.385704499999974, -22.768526499999947], [-43.38449629999997, -22.767969099999956], [-43.38436439999998, -22.768241099999962], [-43.38424729999997, -22.76844919999996], [-43.38396359999996, -22.768953999999948]]]}, "properties": {"id": "330510910000046", "name": "Setor 330510910000046", "meanMonthlyBRL": 2101.01, "medianMonthlyBRL": 1500.0, "status": "published", "sourceTerritoryType": "census_sector", "overlayColor": "#9ecae1"}}, {"type": "Feature", "geometry": {"type": "Polygon", "coordinates": [[[-43.38656019999996, -22.77018309999994], [-43.38734919999996, -22.77055529999995], [-43.38847649999997, -22.77108519999996], [-43.389817499999936, -22.771714999999972], [-43.38990409999997, -22.771683999999933], [-43.388813899999946, -22.770611199999962], [-43.388784999999984, -22.770583499999926], [-43.38784089999996, -22.769678999999936], [-43.38755209999994, -22.769402599999978], [-43.38708559999998, -22.769192099999948], [-43.38682219999998, -22.76968899999996], [-43.38656019999996, -22.77018309999994]]]}, "properties": {"id": "330510910000047", "name": "Setor 330510910000047", "meanMonthlyBRL": 1518.6, "medianMonthlyBRL": 1250.0, "status": "published", "sourceTerritoryType": "census_sector", "overlayColor": "#c6dbef"}}, {"type": "Feature", "geometry": {"type": "Polygon", "coordinates": [[[-43.377512499999966, -22.773613099999974], [-43.37711919999998, -22.77437489999994], [-43.377666199999965, -22.774632599999954], [-43.37790189999998, -22.774742699999933], [-43.378316799999936, -22.774009199999966], [-43.37840809999995, -22.773826499999927], [-43.37871329999996, -22.773266599999943], [-43.37902449999996, -22.772697299999944], [-43.37913249999997, -22.772513599999964], [-43.378341199999966, -22.772154099999966], [-43.377950699999985, -22.772888399999946], [-43.377512499999966, -22.773613099999974]]]}, "properties": {"id": "330510910000048", "name": "Setor 330510910000048", "meanMonthlyBRL": 1882.37, "medianMonthlyBRL": 1372.0, "status": "published", "sourceTerritoryType": "census_sector", "overlayColor": "#c6dbef"}}, {"type": "Feature", "geometry": {"type": "Polygon", "coordinates": [[[-43.37407479999996, -22.77407789999995], [-43.374345699999935, -22.774377399999935], [-43.37475469999998, -22.774700599999957], [-43.37512819999995, -22.774520499999934], [-43.375246999999945, -22.774453999999935], [-43.37547519999998, -22.774420699999947], [-43.37561299999993, -22.774425499999953], [-43.37584499999997, -22.77451699999995], [-43.376435399999934, -22.774781599999987], [-43.376841799999966, -22.774969399999968], [-43.37734909999995, -22.77522729999998], [-43.377666199999965, -22.774632599999954], [-43.37711919999998, -22.77437489999994], [-43.37489179999994, -22.77331839999994], [-43.37479539999998, -22.77339869999997], [-43.37407479999996, -22.77407789999995]]]}, "properties": {"id": "330510910000049", "name": "Setor 330510910000049", "meanMonthlyBRL": 1449.82, "medianMonthlyBRL": 1100.0, "status": "published", "sourceTerritoryType": "census_sector", "overlayColor": "#c6dbef"}}, {"type": "Feature", "geometry": {"type": "Polygon", "coordinates": [[[-43.37475469999998, -22.774700599999957], [-43.374873399999956, -22.77494309999997], [-43.374992099999986, -22.775318299999984], [-43.375201199999935, -22.775960199999922], [-43.37554839999996, -22.77701559999997], [-43.37555669999995, -22.77704649999998], [-43.37565809999995, -22.77742339999997], [-43.37584819999995, -22.777989599999962], [-43.37628129999996, -22.777202399999965], [-43.37706049999997, -22.77577199999995], [-43.37734909999995, -22.77522729999998], [-43.376841799999966, -22.774969399999968], [-43.376435399999934, -22.774781599999987], [-43.37584499999997, -22.77451699999995], [-43.37561299999993, -22.774425499999953], [-43.37547519999998, -22.774420699999947], [-43.375246999999945, -22.774453999999935], [-43.37512819999995, -22.774520499999934], [-43.37475469999998, -22.774700599999957]]]}, "properties": {"id": "330510910000050", "name": "Setor 330510910000050", "meanMonthlyBRL": 2498.4, "medianMonthlyBRL": 2000.0, "status": "published", "sourceTerritoryType": "census_sector", "overlayColor": "#6baed6"}}, {"type": "Feature", "geometry": {"type": "Polygon", "coordinates": [[[-43.38234749999998, -22.76949059999998], [-43.38287669999994, -22.769735399999938], [-43.383396199999936, -22.769979799999934], [-43.38368319999995, -22.76945699999993], [-43.38396359999996, -22.768953999999948], [-43.38424729999997, -22.76844919999996], [-43.38436439999998, -22.768241099999962], [-43.38449629999997, -22.767969099999956], [-43.384806399999945, -22.76733729999995], [-43.38484409999995, -22.767251899999955], [-43.385188399999954, -22.766472399999937], [-43.38515359999997, -22.76645579999996], [-43.38483979999995, -22.766380799999983], [-43.38400999999993, -22.76625089999993], [-43.38371269999993, -22.766999199999926], [-43.383699399999955, -22.76703269999996], [-43.38344989999996, -22.767486399999942], [-43.383204199999966, -22.767934099999927], [-43.38292089999993, -22.768448999999972], [-43.382631499999945, -22.76897249999996], [-43.38234749999998, -22.76949059999998]]]}, "properties": {"id": "330510910000051", "name": "Setor 330510910000051", "meanMonthlyBRL": 1954.54, "medianMonthlyBRL": 1500.0, "status": "published", "sourceTerritoryType": "census_sector", "overlayColor": "#9ecae1"}}, {"type": "Feature", "geometry": {"type": "Polygon", "coordinates": [[[-43.38175899999993, -22.76709299999993], [-43.38161599999995, -22.76722969999998], [-43.38125609999997, -22.76764259999993], [-43.38073179999998, -22.768142299999962], [-43.38098459999998, -22.768217299999947], [-43.381168799999955, -22.76829799999995], [-43.38078399999995, -22.76873039999998], [-43.381259099999966, -22.768990299999928], [-43.38183199999998, -22.76925219999998], [-43.38234749999998, -22.76949059999998], [-43.382631499999945, -22.76897249999996], [-43.38292089999993, -22.768448999999972], [-43.383204199999966, -22.767934099999927], [-43.38344989999996, -22.767486399999942], [-43.383699399999955, -22.76703269999996], [-43.38371269999993, -22.766999199999926], [-43.38400999999993, -22.76625089999993], [-43.38387339999997, -22.76622959999998], [-43.38270989999995, -22.766047499999956], [-43.382182599999965, -22.766710799999938], [-43.38216659999995, -22.766736399999957], [-43.382050799999945, -22.766784699999967], [-43.381821499999944, -22.767033299999984], [-43.38175899999993, -22.76709299999993]]]}, "properties": {"id": "330510910000052", "name": "Setor 330510910000052", "meanMonthlyBRL": 1649.12, "medianMonthlyBRL": 1300.0, "status": "published", "sourceTerritoryType": "census_sector", "overlayColor": "#c6dbef"}}, {"type": "Feature", "geometry": {"type": "Polygon", "coordinates": [[[-43.38028319999995, -22.769195799999977], [-43.380308799999966, -22.76925439999997], [-43.38033779999995, -22.76932049999993], [-43.37938649999995, -22.770173199999928], [-43.37902129999998, -22.770432499999966], [-43.379287499999975, -22.770760499999938], [-43.37941609999996, -22.77084759999996], [-43.37956799999995, -22.770950599999928], [-43.37986399999995, -22.771376799999928], [-43.38077539999995, -22.770679599999937], [-43.38080529999996, -22.77065779999998], [-43.38117949999997, -22.770384899999957], [-43.38152649999995, -22.769747899999967], [-43.38183199999998, -22.76925219999998], [-43.381259099999966, -22.768990299999928], [-43.38078399999995, -22.76873039999998], [-43.38067259999997, -22.76880789999995], [-43.38028319999995, -22.769195799999977]]]}, "properties": {"id": "330510910000054", "name": "Setor 330510910000054", "meanMonthlyBRL": 1971.97, "medianMonthlyBRL": 1500.0, "status": "published", "sourceTerritoryType": "census_sector", "overlayColor": "#9ecae1"}}, {"type": "Feature", "geometry": {"type": "Polygon", "coordinates": [[[-43.37698419999998, -22.767542199999976], [-43.37694359999995, -22.767573699999957], [-43.37570559999995, -22.76866389999997], [-43.37637989999996, -22.76934809999994], [-43.37659609999997, -22.76981459999996], [-43.37793879999998, -22.769837699999975], [-43.37786689999996, -22.769623599999935], [-43.37776199999996, -22.769374499999977], [-43.37755719999996, -22.769044399999927], [-43.37710089999996, -22.768659399999933], [-43.37702589999998, -22.768522199999946], [-43.37703069999998, -22.768376899999968], [-43.377079099999946, -22.768275199999948], [-43.37819579999996, -22.767741599999958], [-43.37836219999997, -22.767950499999923], [-43.37856019999998, -22.767989099999966], [-43.37910219999998, -22.768207799999974], [-43.37930179999995, -22.768388399999935], [-43.37948719999997, -22.768801999999937], [-43.37947839999998, -22.769058799999968], [-43.37979119999994, -22.76913719999993], [-43.379946099999984, -22.769069399999978], [-43.38009949999997, -22.76890279999998], [-43.38010039999995, -22.768901799999984], [-43.380116999999984, -22.768928499999955], [-43.380262399999935, -22.769162399999974], [-43.38028319999995, -22.769195799999977], [-43.38067259999997, -22.76880789999995], [-43.38078399999995, -22.76873039999998], [-43.381168799999955, -22.76829799999995], [-43.38098459999998, -22.768217299999947], [-43.38073179999998, -22.768142299999962], [-43.38068029999994, -22.768126999999932], [-43.380276199999976, -22.767638399999957], [-43.38024779999996, -22.767604099999975], [-43.379986299999985, -22.767185799999936], [-43.37968569999998, -22.76680029999994], [-43.37958229999998, -22.766667599999952], [-43.37920669999994, -22.766582099999933], [-43.37847339999996, -22.766469199999957], [-43.37799929999994, -22.766753199999975], [-43.37698419999998, -22.767542199999976]]]}, "properties": {"id": "330510910000055", "name": "Setor 330510910000055", "meanMonthlyBRL": 1566.38, "medianMonthlyBRL": 1212.0, "status": "published", "sourceTerritoryType": "census_sector", "overlayColor": "#c6dbef"}}, {"type": "Feature", "geometry": {"type": "Polygon", "coordinates": [[[-43.37655569999998, -22.771825099999944], [-43.376484199999936, -22.77189259999994], [-43.37584749999996, -22.772493999999934], [-43.37564349999997, -22.772678499999934], [-43.377512499999966, -22.773613099999974], [-43.377950699999985, -22.772888399999946], [-43.378341199999966, -22.772154099999966], [-43.376921599999946, -22.77147939999997], [-43.376623999999936, -22.77176049999997], [-43.37655569999998, -22.771825099999944]]]}, "properties": {"id": "330510910000056", "name": "Setor 330510910000056", "meanMonthlyBRL": 1654.32, "medianMonthlyBRL": 1212.0, "status": "published", "sourceTerritoryType": "census_sector", "overlayColor": "#c6dbef"}}, {"type": "Feature", "geometry": {"type": "Polygon", "coordinates": [[[-43.37489179999994, -22.77331839999994], [-43.37711919999998, -22.77437489999994], [-43.377512499999966, -22.773613099999974], [-43.37564349999997, -22.772678499999934], [-43.37489179999994, -22.77331839999994]]]}, "properties": {"id": "330510910000057", "name": "Setor 330510910000057", "meanMonthlyBRL": 1752.09, "medianMonthlyBRL": 1212.0, "status": "published", "sourceTerritoryType": "census_sector", "overlayColor": "#c6dbef"}}, {"type": "Feature", "geometry": {"type": "Polygon", "coordinates": [[[-43.38730359999994, -22.788442899999954], [-43.38824299999993, -22.788928899999963], [-43.38877569999994, -22.78920439999996], [-43.38920029999997, -22.78955059999993], [-43.38968879999993, -22.789138499999982], [-43.390313599999956, -22.788611299999957], [-43.38978909999997, -22.788071299999952], [-43.38964559999994, -22.787692699999987], [-43.38943169999993, -22.787507299999955], [-43.38917559999993, -22.787369199999947], [-43.38824429999994, -22.78687099999996], [-43.38730359999994, -22.788442899999954]]]}, "properties": {"id": "330510910000058", "name": "Setor 330510910000058", "meanMonthlyBRL": 1878.87, "medianMonthlyBRL": 1212.0, "status": "published", "sourceTerritoryType": "census_sector", "overlayColor": "#c6dbef"}}, {"type": "Feature", "geometry": {"type": "Polygon", "coordinates": [[[-43.38619279999995, -22.78906119999993], [-43.38671459999995, -22.789330899999978], [-43.38853919999997, -22.79026589999995], [-43.38870919999994, -22.789964899999966], [-43.389027399999975, -22.78969639999997], [-43.38920029999997, -22.78955059999993], [-43.38877569999994, -22.78920439999996], [-43.38824299999993, -22.788928899999963], [-43.38730359999994, -22.788442899999954], [-43.38681989999998, -22.78819229999993], [-43.38619279999995, -22.78906119999993]]]}, "properties": {"id": "330510910000059", "name": "Setor 330510910000059", "meanMonthlyBRL": 1582.09, "medianMonthlyBRL": 1212.0, "status": "published", "sourceTerritoryType": "census_sector", "overlayColor": "#c6dbef"}}, {"type": "Feature", "geometry": {"type": "Polygon", "coordinates": [[[-43.38824429999994, -22.78687099999996], [-43.38917559999993, -22.787369199999947], [-43.38930329999994, -22.78715559999994], [-43.38966439999996, -22.786636899999955], [-43.39021589999993, -22.78584449999994], [-43.39008769999998, -22.785710499999936], [-43.38925539999997, -22.78526809999994], [-43.38853209999997, -22.786402599999974], [-43.38841629999996, -22.786584299999955], [-43.38824429999994, -22.78687099999996]]]}, "properties": {"id": "330510910000060", "name": "Setor 330510910000060", "meanMonthlyBRL": 1685.5, "medianMonthlyBRL": 1230.5, "status": "published", "sourceTerritoryType": "census_sector", "overlayColor": "#c6dbef"}}, {"type": "Feature", "geometry": {"type": "Polygon", "coordinates": [[[-43.38917559999993, -22.787369199999947], [-43.38943169999993, -22.787507299999955], [-43.38964559999994, -22.787692699999987], [-43.38978909999997, -22.788071299999952], [-43.390313599999956, -22.788611299999957], [-43.391017499999975, -22.788017499999967], [-43.39172229999997, -22.78742279999994], [-43.39021589999993, -22.78584449999994], [-43.38966439999996, -22.786636899999955], [-43.38930329999994, -22.78715559999994], [-43.38917559999993, -22.787369199999947]]]}, "properties": {"id": "330510910000061", "name": "Setor 330510910000061", "meanMonthlyBRL": 1762.44, "medianMonthlyBRL": 1212.0, "status": "published", "sourceTerritoryType": "census_sector", "overlayColor": "#c6dbef"}}, {"type": "Feature", "geometry": {"type": "Polygon", "coordinates": [[[-43.39031619999997, -22.783583599999933], [-43.390585199999975, -22.783735199999974], [-43.39079149999998, -22.783851499999972], [-43.39094679999994, -22.78387949999996], [-43.39099659999994, -22.783758799999926], [-43.391101599999956, -22.783504299999944], [-43.39240639999998, -22.78435099999996], [-43.39283229999995, -22.783856699999948], [-43.393269799999985, -22.78334889999996], [-43.39237239999994, -22.78273979999995], [-43.391625499999975, -22.78223429999997], [-43.39128009999996, -22.78199999999998], [-43.39088089999996, -22.782655899999952], [-43.39031619999997, -22.783583599999933]]]}, "properties": {"id": "330510910000062", "name": "Setor 330510910000062", "meanMonthlyBRL": 2285.48, "medianMonthlyBRL": 1600.0, "status": "published", "sourceTerritoryType": "census_sector", "overlayColor": "#9ecae1"}}, {"type": "Feature", "geometry": {"type": "Polygon", "coordinates": [[[-43.39031619999997, -22.783583599999933], [-43.39004019999993, -22.784037199999943], [-43.389747899999975, -22.78449559999995], [-43.38925539999997, -22.78526809999994], [-43.39008769999998, -22.785710499999936], [-43.39021589999993, -22.78584449999994], [-43.39076179999995, -22.78537189999997], [-43.39120589999993, -22.78498729999996], [-43.39158869999994, -22.784655799999932], [-43.391648799999984, -22.784712599999978], [-43.39172479999996, -22.78475309999993], [-43.39198509999994, -22.784839999999978], [-43.39240639999998, -22.78435099999996], [-43.391101599999956, -22.783504299999944], [-43.39099659999994, -22.783758799999926], [-43.39094679999994, -22.78387949999996], [-43.39079149999998, -22.783851499999972], [-43.390585199999975, -22.783735199999974], [-43.39031619999997, -22.783583599999933]]]}, "properties": {"id": "330510910000063", "name": "Setor 330510910000063", "meanMonthlyBRL": 2343.92, "medianMonthlyBRL": 1600.0, "status": "published", "sourceTerritoryType": "census_sector", "overlayColor": "#9ecae1"}}, {"type": "Feature", "geometry": {"type": "Polygon", "coordinates": [[[-43.39229029999996, -22.780492799999934], [-43.39215879999995, -22.780556199999978], [-43.39128009999996, -22.78199999999998], [-43.391625499999975, -22.78223429999997], [-43.39237239999994, -22.78273979999995], [-43.393269799999985, -22.78334889999996], [-43.39369379999994, -22.782856799999934], [-43.394646499999965, -22.783510899999946], [-43.39484129999994, -22.78327189999993], [-43.39492389999998, -22.783146299999935], [-43.394960099999935, -22.78309129999997], [-43.39510869999998, -22.782945099999942], [-43.39468389999996, -22.782757199999935], [-43.394267999999954, -22.782573199999945], [-43.393874299999936, -22.782399099999964], [-43.393453499999964, -22.782212899999934], [-43.393073999999956, -22.782045099999944], [-43.392677599999956, -22.78186979999998], [-43.392597799999976, -22.78183449999994], [-43.39226089999994, -22.781685499999984], [-43.39291819999994, -22.780190199999936], [-43.39229029999996, -22.780492799999934]]]}, "properties": {"id": "330510910000064", "name": "Setor 330510910000064", "meanMonthlyBRL": 2213.75, "medianMonthlyBRL": 1500.0, "status": "published", "sourceTerritoryType": "census_sector", "overlayColor": "#9ecae1"}}, {"type": "Feature", "geometry": {"type": "Polygon", "coordinates": [[[-43.393269799999985, -22.78334889999996], [-43.39423729999993, -22.784026499999978], [-43.39618539999998, -22.785367899999986], [-43.39758679999994, -22.786326699999965], [-43.39866319999993, -22.787069999999964], [-43.39884689999997, -22.78626369999995], [-43.39858709999993, -22.786200099999974], [-43.398252499999955, -22.785984999999982], [-43.396596099999954, -22.784842799999975], [-43.39563039999996, -22.784175099999974], [-43.394646499999965, -22.783510899999946], [-43.39369379999994, -22.782856799999934], [-43.393269799999985, -22.78334889999996]]]}, "properties": {"id": "330510910000065", "name": "Setor 330510910000065", "meanMonthlyBRL": 2034.37, "medianMonthlyBRL": 1500.0, "status": "published", "sourceTerritoryType": "census_sector", "overlayColor": "#9ecae1"}}, {"type": "Feature", "geometry": {"type": "Polygon", "coordinates": [[[-43.39551839999996, -22.782541999999975], [-43.39510869999998, -22.782945099999942], [-43.394960099999935, -22.78309129999997], [-43.39492389999998, -22.783146299999935], [-43.39484129999994, -22.78327189999993], [-43.394646499999965, -22.783510899999946], [-43.39563039999996, -22.784175099999974], [-43.396596099999954, -22.784842799999975], [-43.398252499999955, -22.785984999999982], [-43.398541199999954, -22.78563009999993], [-43.39688339999998, -22.784475499999925], [-43.39699939999998, -22.784327199999947], [-43.39720379999994, -22.784189299999976], [-43.39723209999994, -22.78416469999996], [-43.39735619999993, -22.784056499999956], [-43.39577819999994, -22.782315399999955], [-43.395692199999985, -22.782382999999985], [-43.39551839999996, -22.782541999999975]]]}, "properties": {"id": "330510910000066", "name": "Setor 330510910000066", "meanMonthlyBRL": 1922.67, "medianMonthlyBRL": 1500.0, "status": "published", "sourceTerritoryType": "census_sector", "overlayColor": "#9ecae1"}}, {"type": "Feature", "geometry": {"type": "Polygon", "coordinates": [[[-43.390313599999956, -22.788611299999957], [-43.38968879999993, -22.789138499999982], [-43.39071729999995, -22.79021469999998], [-43.391358099999934, -22.789686499999966], [-43.39205739999994, -22.78911009999996], [-43.39277029999994, -22.788522499999935], [-43.39172229999997, -22.78742279999994], [-43.391017499999975, -22.788017499999967], [-43.390313599999956, -22.788611299999957]]]}, "properties": {"id": "330510910000067", "name": "Setor 330510910000067", "meanMonthlyBRL": 1903.13, "medianMonthlyBRL": 1212.0, "status": "published", "sourceTerritoryType": "census_sector", "overlayColor": "#c6dbef"}}, {"type": "Feature", "geometry": {"type": "Polygon", "coordinates": [[[-43.391358099999934, -22.789686499999966], [-43.39240579999995, -22.790765199999953], [-43.39309419999995, -22.79019899999997], [-43.39380639999996, -22.78961209999994], [-43.39277029999994, -22.788522499999935], [-43.39205739999994, -22.78911009999996], [-43.391358099999934, -22.789686499999966]]]}, "properties": {"id": "330510910000068", "name": "Setor 330510910000068", "meanMonthlyBRL": 2202.6, "medianMonthlyBRL": 1500.0, "status": "published", "sourceTerritoryType": "census_sector", "overlayColor": "#9ecae1"}}, {"type": "Feature", "geometry": {"type": "Polygon", "coordinates": [[[-43.39021589999993, -22.78584449999994], [-43.39172229999997, -22.78742279999994], [-43.39277029999994, -22.788522499999935], [-43.39380639999996, -22.78961209999994], [-43.39437389999995, -22.789144399999934], [-43.392680599999956, -22.787374199999938], [-43.39076179999995, -22.78537189999997], [-43.39021589999993, -22.78584449999994]]]}, "properties": {"id": "330510910000069", "name": "Setor 330510910000069", "meanMonthlyBRL": 1930.01, "medianMonthlyBRL": 1300.0, "status": "published", "sourceTerritoryType": "census_sector", "overlayColor": "#c6dbef"}}, {"type": "Feature", "geometry": {"type": "Polygon", "coordinates": [[[-43.39076179999995, -22.78537189999997], [-43.392680599999956, -22.787374199999938], [-43.39309799999995, -22.78699429999995], [-43.393600299999946, -22.786524399999955], [-43.39323159999998, -22.786123599999936], [-43.39299689999996, -22.78586729999996], [-43.39233139999993, -22.785178099999932], [-43.39198509999994, -22.784839999999978], [-43.39172479999996, -22.78475309999993], [-43.391648799999984, -22.784712599999978], [-43.39158869999994, -22.784655799999932], [-43.39120589999993, -22.78498729999996], [-43.39076179999995, -22.78537189999997]]]}, "properties": {"id": "330510910000070", "name": "Setor 330510910000070", "meanMonthlyBRL": 2113.71, "medianMonthlyBRL": 1500.0, "status": "published", "sourceTerritoryType": "census_sector", "overlayColor": "#9ecae1"}}, {"type": "Feature", "geometry": {"type": "Polygon", "coordinates": [[[-43.392680599999956, -22.787374199999938], [-43.39437389999995, -22.789144399999934], [-43.39480549999996, -22.78878879999996], [-43.39515289999997, -22.78852959999994], [-43.39520469999997, -22.788508399999955], [-43.39542269999998, -22.788501099999962], [-43.395476899999956, -22.788511099999944], [-43.39547239999996, -22.78845029999997], [-43.39549819999996, -22.788305099999942], [-43.39554459999994, -22.788218999999966], [-43.395614499999965, -22.788143699999978], [-43.395567899999946, -22.788158299999964], [-43.39547559999994, -22.788156499999957], [-43.39520889999994, -22.78813129999997], [-43.395150299999955, -22.788114699999934], [-43.39484989999994, -22.78781349999997], [-43.39439439999995, -22.78735049999995], [-43.393600299999946, -22.786524399999955], [-43.39309799999995, -22.78699429999995], [-43.392680599999956, -22.787374199999938]]]}, "properties": {"id": "330510910000071", "name": "Setor 330510910000071", "meanMonthlyBRL": 2165.18, "medianMonthlyBRL": 1500.0, "status": "published", "sourceTerritoryType": "census_sector", "overlayColor": "#9ecae1"}}, {"type": "Feature", "geometry": {"type": "Polygon", "coordinates": [[[-43.39198509999994, -22.784839999999978], [-43.39233139999993, -22.785178099999932], [-43.39299689999996, -22.78586729999996], [-43.39323159999998, -22.786123599999936], [-43.393600299999946, -22.786524399999955], [-43.39439439999995, -22.78735049999995], [-43.39484989999994, -22.78781349999997], [-43.395566299999984, -22.78724139999997], [-43.39400409999996, -22.78614649999997], [-43.39443239999997, -22.785745899999938], [-43.39396849999997, -22.785426499999968], [-43.39240639999998, -22.78435099999996], [-43.39198509999994, -22.784839999999978]]]}, "properties": {"id": "330510910000072", "name": "Setor 330510910000072", "meanMonthlyBRL": 1961.18, "medianMonthlyBRL": 1500.0, "status": "published", "sourceTerritoryType": "census_sector", "overlayColor": "#9ecae1"}}, {"type": "Feature", "geometry": {"type": "Polygon", "coordinates": [[[-43.39484989999994, -22.78781349999997], [-43.395150299999955, -22.788114699999934], [-43.39520889999994, -22.78813129999997], [-43.39547559999994, -22.788156499999957], [-43.395567899999946, -22.788158299999964], [-43.395614499999965, -22.788143699999978], [-43.39564529999996, -22.788110499999956], [-43.396202399999936, -22.787687299999956], [-43.39630239999997, -22.787611299999973], [-43.39664579999993, -22.787267899999957], [-43.397103699999946, -22.78680989999998], [-43.39577559999998, -22.785891699999972], [-43.39549729999993, -22.786247599999967], [-43.39535609999996, -22.786381599999974], [-43.39443239999997, -22.785745899999938], [-43.39400409999996, -22.78614649999997], [-43.395566299999984, -22.78724139999997], [-43.39484989999994, -22.78781349999997]]]}, "properties": {"id": "330510910000073", "name": "Setor 330510910000073", "meanMonthlyBRL": 1732.03, "medianMonthlyBRL": 1300.0, "status": "published", "sourceTerritoryType": "census_sector", "overlayColor": "#c6dbef"}}, {"type": "Feature", "geometry": {"type": "Polygon", "coordinates": [[[-43.39283229999995, -22.783856699999948], [-43.39577559999998, -22.785891699999972], [-43.397103699999946, -22.78680989999998], [-43.39758679999994, -22.786326699999965], [-43.39618539999998, -22.785367899999986], [-43.39423729999993, -22.784026499999978], [-43.393269799999985, -22.78334889999996], [-43.39283229999995, -22.783856699999948]]]}, "properties": {"id": "330510910000074", "name": "Setor 330510910000074", "meanMonthlyBRL": 2132.99, "medianMonthlyBRL": 1500.0, "status": "published", "sourceTerritoryType": "census_sector", "overlayColor": "#9ecae1"}}, {"type": "Feature", "geometry": {"type": "Polygon", "coordinates": [[[-43.39240639999998, -22.78435099999996], [-43.39396849999997, -22.785426499999968], [-43.39443239999997, -22.785745899999938], [-43.39535609999996, -22.786381599999974], [-43.39549729999993, -22.786247599999967], [-43.39577559999998, -22.785891699999972], [-43.39283229999995, -22.783856699999948], [-43.39240639999998, -22.78435099999996]]]}, "properties": {"id": "330510910000075", "name": "Setor 330510910000075", "meanMonthlyBRL": 2118.2, "medianMonthlyBRL": 1666.0, "status": "published", "sourceTerritoryType": "census_sector", "overlayColor": "#9ecae1"}}, {"type": "Feature", "geometry": {"type": "Polygon", "coordinates": [[[-43.397103699999946, -22.78680989999998], [-43.39664579999993, -22.787267899999957], [-43.39630239999997, -22.787611299999973], [-43.396202399999936, -22.787687299999956], [-43.39802679999997, -22.788939499999973], [-43.39839299999994, -22.788486299999924], [-43.39879989999997, -22.78798269999993], [-43.39865599999996, -22.78788319999995], [-43.39902019999994, -22.787442899999974], [-43.39907559999995, -22.78735669999997], [-43.39866319999993, -22.787069999999964], [-43.39758679999994, -22.786326699999965], [-43.397103699999946, -22.78680989999998]]]}, "properties": {"id": "330510910000076", "name": "Setor 330510910000076", "meanMonthlyBRL": 1915.09, "medianMonthlyBRL": 1500.0, "status": "published", "sourceTerritoryType": "census_sector", "overlayColor": "#9ecae1"}}, {"type": "Feature", "geometry": {"type": "Polygon", "coordinates": [[[-43.39802679999997, -22.788939499999973], [-43.39974879999995, -22.790121199999923], [-43.399558999999954, -22.790806599999932], [-43.39993709999993, -22.791067799999947], [-43.40013269999997, -22.79113859999995], [-43.40029629999998, -22.791213099999936], [-43.40062709999995, -22.78996979999994], [-43.400991199999964, -22.788601599999932], [-43.40080199999994, -22.78852309999996], [-43.400647299999946, -22.78845899999993], [-43.40006509999995, -22.788044899999925], [-43.39907559999995, -22.78735669999997], [-43.39902019999994, -22.787442899999974], [-43.39865599999996, -22.78788319999995], [-43.39879989999997, -22.78798269999993], [-43.39839299999994, -22.788486299999924], [-43.39802679999997, -22.788939499999973]]]}, "properties": {"id": "330510910000077", "name": "Setor 330510910000077", "meanMonthlyBRL": 1753.89, "medianMonthlyBRL": 1212.0, "status": "published", "sourceTerritoryType": "census_sector", "overlayColor": "#c6dbef"}}, {"type": "Feature", "geometry": {"type": "Polygon", "coordinates": [[[-43.39735619999993, -22.784056499999956], [-43.39723209999994, -22.78416469999996], [-43.39720379999994, -22.784189299999976], [-43.39699939999998, -22.784327199999947], [-43.39688339999998, -22.784475499999925], [-43.398541199999954, -22.78563009999993], [-43.39873579999994, -22.78540069999997], [-43.39906759999997, -22.78547319999996], [-43.399504099999945, -22.785578599999955], [-43.39965549999994, -22.785069899999936], [-43.39873589999996, -22.78420449999993], [-43.39797859999994, -22.783491699999956], [-43.39770669999996, -22.783742399999937], [-43.39753659999997, -22.783899399999928], [-43.39735619999993, -22.784056499999956]]]}, "properties": {"id": "330510910000078", "name": "Setor 330510910000078", "meanMonthlyBRL": 2405.18, "medianMonthlyBRL": 1400.0, "status": "published", "sourceTerritoryType": "census_sector", "overlayColor": "#c6dbef"}}, {"type": "Feature", "geometry": {"type": "Polygon", "coordinates": [[[-43.398541199999954, -22.78563009999993], [-43.398252499999955, -22.785984999999982], [-43.39858709999993, -22.786200099999974], [-43.39884689999997, -22.78626369999995], [-43.39866319999993, -22.787069999999964], [-43.39907559999995, -22.78735669999997], [-43.40006509999995, -22.788044899999925], [-43.400647299999946, -22.78845899999993], [-43.40080199999994, -22.78852309999996], [-43.400991199999964, -22.788601599999932], [-43.40120039999994, -22.78769239999997], [-43.401017499999966, -22.787649299999945], [-43.40054379999999, -22.787555499999932], [-43.399097799999936, -22.787269099999943], [-43.39932339999996, -22.78638039999993], [-43.40023309999998, -22.786603099999983], [-43.40043489999994, -22.785803299999944], [-43.399504099999945, -22.785578599999955], [-43.39906759999997, -22.78547319999996], [-43.39873579999994, -22.78540069999997], [-43.398541199999954, -22.78563009999993]]]}, "properties": {"id": "330510910000079", "name": "Setor 330510910000079", "meanMonthlyBRL": 1934.61, "medianMonthlyBRL": 1400.0, "status": "published", "sourceTerritoryType": "census_sector", "overlayColor": "#c6dbef"}}, {"type": "Feature", "geometry": {"type": "Polygon", "coordinates": [[[-43.399504099999945, -22.785578599999955], [-43.40043489999994, -22.785803299999944], [-43.40023309999998, -22.786603099999983], [-43.39932339999996, -22.78638039999993], [-43.399097799999936, -22.787269099999943], [-43.40054379999999, -22.787555499999932], [-43.401017499999966, -22.787649299999945], [-43.40120039999994, -22.78769239999997], [-43.40161199999994, -22.785887699999936], [-43.401450299999965, -22.785817499999947], [-43.39969469999994, -22.785106799999944], [-43.39965549999994, -22.785069899999936], [-43.399504099999945, -22.785578599999955]]]}, "properties": {"id": "330510910000080", "name": "Setor 330510910000080", "meanMonthlyBRL": 1946.39, "medianMonthlyBRL": 1500.0, "status": "published", "sourceTerritoryType": "census_sector", "overlayColor": "#9ecae1"}}, {"type": "Feature", "geometry": {"type": "Polygon", "coordinates": [[[-43.39911969999997, -22.782498299999933], [-43.39986229999994, -22.78320289999994], [-43.400184399999944, -22.782911299999967], [-43.40092299999998, -22.783615799999943], [-43.40176569999994, -22.784395599999982], [-43.40192119999995, -22.78453019999994], [-43.402356699999984, -22.782618899999935], [-43.40227749999997, -22.782598699999934], [-43.40225469999996, -22.782592899999944], [-43.40208919999998, -22.782445799999948], [-43.401545899999974, -22.781868799999923], [-43.40138829999995, -22.781711799999975], [-43.401061599999935, -22.782110699999972], [-43.401040799999976, -22.78213619999997], [-43.40033139999997, -22.78145019999993], [-43.40004529999993, -22.78169769999994], [-43.39974559999996, -22.781956899999958], [-43.39945359999996, -22.782209499999965], [-43.39911969999997, -22.782498299999933]]]}, "properties": {"id": "330510910000081", "name": "Setor 330510910000081", "meanMonthlyBRL": 2559.58, "medianMonthlyBRL": 2000.0, "status": "published", "sourceTerritoryType": "census_sector", "overlayColor": "#6baed6"}}, {"type": "Feature", "geometry": {"type": "Polygon", "coordinates": [[[-43.398546899999985, -22.78299369999996], [-43.399301399999956, -22.783707399999965], [-43.400058899999976, -22.784425199999937], [-43.40069289999997, -22.78502599999996], [-43.40147049999996, -22.78573059999996], [-43.401626299999975, -22.78582469999997], [-43.40192119999995, -22.78453019999994], [-43.40176569999994, -22.784395599999982], [-43.40092299999998, -22.783615799999943], [-43.400184399999944, -22.782911299999967], [-43.39986229999994, -22.78320289999994], [-43.39911969999997, -22.782498299999933], [-43.39882069999993, -22.78275689999998], [-43.398546899999985, -22.78299369999996]]]}, "properties": {"id": "330510910000082", "name": "Setor 330510910000082", "meanMonthlyBRL": 2252.31, "medianMonthlyBRL": 1500.0, "status": "published", "sourceTerritoryType": "census_sector", "overlayColor": "#9ecae1"}}, {"type": "Feature", "geometry": {"type": "Polygon", "coordinates": [[[-43.39797859999994, -22.783491699999956], [-43.39873589999996, -22.78420449999993], [-43.39965549999994, -22.785069899999936], [-43.39969469999994, -22.785106799999944], [-43.401450299999965, -22.785817499999947], [-43.40161199999994, -22.785887699999936], [-43.401626299999975, -22.78582469999997], [-43.40147049999996, -22.78573059999996], [-43.40069289999997, -22.78502599999996], [-43.400058899999976, -22.784425199999937], [-43.399301399999956, -22.783707399999965], [-43.398546899999985, -22.78299369999996], [-43.39825429999996, -22.783246899999934], [-43.39808859999994, -22.78339019999992], [-43.39797859999994, -22.783491699999956]]]}, "properties": {"id": "330510910000083", "name": "Setor 330510910000083", "meanMonthlyBRL": 1710.38, "medianMonthlyBRL": 1212.0, "status": "published", "sourceTerritoryType": "census_sector", "overlayColor": "#c6dbef"}}, {"type": "Feature", "geometry": {"type": "Polygon", "coordinates": [[[-43.39804329999998, -22.779237399999946], [-43.39879509999998, -22.77996449999995], [-43.39850259999997, -22.78022999999996], [-43.398218499999984, -22.78048789999997], [-43.39791769999994, -22.780761099999946], [-43.397618499999965, -22.78103269999997], [-43.39731399999994, -22.78130919999995], [-43.397027399999956, -22.781569299999937], [-43.397788899999966, -22.782279799999962], [-43.39806189999996, -22.782027799999987], [-43.39835029999995, -22.78176169999995], [-43.39865979999996, -22.781476099999956], [-43.39895869999998, -22.78120029999997], [-43.39924229999997, -22.78093859999995], [-43.399530099999936, -22.78067529999993], [-43.40033139999997, -22.78145019999993], [-43.401040799999976, -22.78213619999997], [-43.401061599999935, -22.782110699999972], [-43.40138829999995, -22.781711799999975], [-43.40097359999993, -22.781298499999934], [-43.40066779999995, -22.780993799999976], [-43.40059979999995, -22.780925999999965], [-43.40006489999996, -22.78039299999995], [-43.39976479999996, -22.78009399999996], [-43.399256899999955, -22.779587899999964], [-43.399031699999966, -22.77936349999993], [-43.39879899999994, -22.779131599999964], [-43.398788699999955, -22.779122299999983], [-43.39843539999998, -22.77880199999993], [-43.398157099999935, -22.77911619999997], [-43.39804329999998, -22.779237399999946]]]}, "properties": {"id": "330510910000084", "name": "Setor 330510910000084", "meanMonthlyBRL": 2653.23, "medianMonthlyBRL": 1500.0, "status": "published", "sourceTerritoryType": "census_sector", "overlayColor": "#9ecae1"}}, {"type": "Feature", "geometry": {"type": "Polygon", "coordinates": [[[-43.397027399999956, -22.781569299999937], [-43.39625579999995, -22.78084939999997], [-43.39606289999995, -22.781018699999944], [-43.39600589999998, -22.781185099999952], [-43.396086699999955, -22.78148929999997], [-43.39613429999997, -22.781726999999936], [-43.396091499999955, -22.781917099999923], [-43.39589179999996, -22.782226099999946], [-43.39577819999994, -22.782315399999955], [-43.39735619999993, -22.784056499999956], [-43.39753659999997, -22.783899399999928], [-43.39770669999996, -22.783742399999937], [-43.39797859999994, -22.783491699999956], [-43.39808859999994, -22.78339019999992], [-43.39825429999996, -22.783246899999934], [-43.398546899999985, -22.78299369999996], [-43.39882069999993, -22.78275689999998], [-43.39911969999997, -22.782498299999933], [-43.39945359999996, -22.782209499999965], [-43.39974559999996, -22.781956899999958], [-43.40004529999993, -22.78169769999994], [-43.40033139999997, -22.78145019999993], [-43.399530099999936, -22.78067529999993], [-43.39924229999997, -22.78093859999995], [-43.39895869999998, -22.78120029999997], [-43.39865979999996, -22.781476099999956], [-43.39835029999995, -22.78176169999995], [-43.39806189999996, -22.782027799999987], [-43.397788899999966, -22.782279799999962], [-43.397027399999956, -22.781569299999937]]]}, "properties": {"id": "330510910000085", "name": "Setor 330510910000085", "meanMonthlyBRL": 2938.1, "medianMonthlyBRL": 2400.0, "status": "published", "sourceTerritoryType": "census_sector", "overlayColor": "#6baed6"}}, {"type": "Feature", "geometry": {"type": "Polygon", "coordinates": [[[-43.39625579999995, -22.78084939999997], [-43.397027399999956, -22.781569299999937], [-43.39731399999994, -22.78130919999995], [-43.397618499999965, -22.78103269999997], [-43.39791769999994, -22.780761099999946], [-43.398218499999984, -22.78048789999997], [-43.39850259999997, -22.78022999999996], [-43.39879509999998, -22.77996449999995], [-43.39804329999998, -22.779237399999946], [-43.397752999999966, -22.779500299999942], [-43.39746399999996, -22.779761899999983], [-43.39715719999998, -22.780039799999937], [-43.39687669999995, -22.780293699999955], [-43.39656189999994, -22.780578799999947], [-43.39625579999995, -22.78084939999997]]]}, "properties": {"id": "330510910000086", "name": "Setor 330510910000086", "meanMonthlyBRL": 3403.29, "medianMonthlyBRL": 2400.0, "status": "published", "sourceTerritoryType": "census_sector", "overlayColor": "#6baed6"}}, {"type": "Feature", "geometry": {"type": "Polygon", "coordinates": [[[-43.40236919999995, -22.78262209999997], [-43.402356699999984, -22.782618899999935], [-43.40192119999995, -22.78453019999994], [-43.401626299999975, -22.78582469999997], [-43.40161199999994, -22.785887699999936], [-43.40120039999994, -22.78769239999997], [-43.400991199999964, -22.788601599999932], [-43.401138499999945, -22.788651099999985], [-43.40165779999995, -22.788782699999953], [-43.40176889999998, -22.78834599999993], [-43.40198699999997, -22.787624799999943], [-43.40209829999998, -22.787228899999945], [-43.40271409999997, -22.785011099999966], [-43.40318069999995, -22.78511949999995], [-43.40329839999998, -22.785165899999985], [-43.403669099999945, -22.785308499999925], [-43.40386879999994, -22.78539759999995], [-43.40388169999994, -22.785355099999943], [-43.40392349999996, -22.785216899999966], [-43.40387369999996, -22.78519389999997], [-43.403770999999956, -22.785146399999974], [-43.403560899999945, -22.784972199999967], [-43.403414099999964, -22.78485039999998], [-43.40312679999994, -22.78451959999995], [-43.403115199999945, -22.78450049999997], [-43.40278729999994, -22.783962399999954], [-43.40275249999996, -22.78350969999996], [-43.40262459999997, -22.782795499999963], [-43.402611399999955, -22.782721599999945], [-43.402530499999955, -22.78260759999995], [-43.40236919999995, -22.78262209999997]]]}, "properties": {"id": "330510910000087", "name": "Setor 330510910000087", "meanMonthlyBRL": 2243.05, "medianMonthlyBRL": 1600.0, "status": "published", "sourceTerritoryType": "census_sector", "overlayColor": "#9ecae1"}}, {"type": "Feature", "geometry": {"type": "Polygon", "coordinates": [[[-43.40209829999998, -22.787228899999945], [-43.402449899999965, -22.78730499999995], [-43.40269519999998, -22.78736399999997], [-43.40326479999994, -22.787501099999922], [-43.40386879999994, -22.78539759999995], [-43.403669099999945, -22.785308499999925], [-43.40329839999998, -22.785165899999985], [-43.40318069999995, -22.78511949999995], [-43.40271409999997, -22.785011099999966], [-43.40209829999998, -22.787228899999945]]]}, "properties": {"id": "330510910000088", "name": "Setor 330510910000088", "meanMonthlyBRL": 1694.09, "medianMonthlyBRL": 1350.0, "status": "published", "sourceTerritoryType": "census_sector", "overlayColor": "#c6dbef"}}, {"type": "Feature", "geometry": {"type": "Polygon", "coordinates": [[[-43.40165779999995, -22.788782699999953], [-43.402233699999954, -22.788925699999936], [-43.40282569999994, -22.789071699999965], [-43.40326479999994, -22.787501099999922], [-43.40269519999998, -22.78736399999997], [-43.402449899999965, -22.78730499999995], [-43.40209829999998, -22.787228899999945], [-43.40198699999997, -22.787624799999943], [-43.40176889999998, -22.78834599999993], [-43.40165779999995, -22.788782699999953]]]}, "properties": {"id": "330510910000089", "name": "Setor 330510910000089", "meanMonthlyBRL": 1857.77, "medianMonthlyBRL": 1475.0, "status": "published", "sourceTerritoryType": "census_sector", "overlayColor": "#c6dbef"}}, {"type": "Feature", "geometry": {"type": "Polygon", "coordinates": [[[-43.40386879999994, -22.78539759999995], [-43.40326479999994, -22.787501099999922], [-43.40385059999994, -22.787644299999954], [-43.40443069999998, -22.78778689999995], [-43.40463209999996, -22.78707159999994], [-43.40498109999993, -22.785893199999972], [-43.404994199999976, -22.785837999999956], [-43.405033499999945, -22.785671799999935], [-43.40499179999995, -22.785656799999963], [-43.40446749999995, -22.785468499999986], [-43.40398749999997, -22.785246499999964], [-43.40392349999996, -22.785216899999966], [-43.40388169999994, -22.785355099999943], [-43.40386879999994, -22.78539759999995]]]}, "properties": {"id": "330510910000090", "name": "Setor 330510910000090", "meanMonthlyBRL": 2033.14, "medianMonthlyBRL": 1500.0, "status": "published", "sourceTerritoryType": "census_sector", "overlayColor": "#9ecae1"}}, {"type": "Feature", "geometry": {"type": "Polygon", "coordinates": [[[-43.40282569999994, -22.789071699999965], [-43.40339039999998, -22.789210899999944], [-43.40375099999994, -22.789300899999937], [-43.40397679999995, -22.789359199999975], [-43.40443069999998, -22.78778689999995], [-43.40385059999994, -22.787644299999954], [-43.40326479999994, -22.787501099999922], [-43.40282569999994, -22.789071699999965]]]}, "properties": {"id": "330510910000091", "name": "Setor 330510910000091", "meanMonthlyBRL": 2555.27, "medianMonthlyBRL": 2000.0, "status": "published", "sourceTerritoryType": "census_sector", "overlayColor": "#6baed6"}}, {"type": "Feature", "geometry": {"type": "Polygon", "coordinates": [[[-43.40443069999998, -22.78778689999995], [-43.40397679999995, -22.789359199999975], [-43.404525399999955, -22.78950009999994], [-43.40464609999998, -22.78953029999996], [-43.40509249999997, -22.78964189999993], [-43.40612519999996, -22.78819579999998], [-43.40551879999998, -22.78804989999998], [-43.40500799999995, -22.78792689999994], [-43.40508809999994, -22.78764369999993], [-43.40550599999995, -22.786122399999947], [-43.405530899999974, -22.786068599999968], [-43.40559579999996, -22.785873699999964], [-43.405546399999935, -22.78585599999997], [-43.40542269999998, -22.785811599999928], [-43.405033499999945, -22.785671799999935], [-43.404994199999976, -22.785837999999956], [-43.40498109999993, -22.785893199999972], [-43.40463209999996, -22.78707159999994], [-43.40443069999998, -22.78778689999995]]]}, "properties": {"id": "330510910000092", "name": "Setor 330510910000092", "meanMonthlyBRL": 2043.41, "medianMonthlyBRL": 1500.0, "status": "published", "sourceTerritoryType": "census_sector", "overlayColor": "#9ecae1"}}, {"type": "Feature", "geometry": {"type": "Polygon", "coordinates": [[[-43.40612519999996, -22.78819579999998], [-43.40662189999995, -22.78752199999996], [-43.40665379999996, -22.78748229999997], [-43.406834999999944, -22.787257299999965], [-43.40682129999993, -22.78722479999993], [-43.40671509999999, -22.787032699999934], [-43.40654559999996, -22.786725999999923], [-43.40652819999997, -22.786694499999957], [-43.40650709999994, -22.786659099999955], [-43.406420399999945, -22.78651319999995], [-43.40632459999995, -22.786351899999936], [-43.40616279999995, -22.786237499999967], [-43.40601269999996, -22.786131199999947], [-43.405771899999934, -22.785960799999934], [-43.40570369999995, -22.785912499999938], [-43.40559579999996, -22.785873699999964], [-43.405530899999974, -22.786068599999968], [-43.40550599999995, -22.786122399999947], [-43.40508809999994, -22.78764369999993], [-43.40500799999995, -22.78792689999994], [-43.40551879999998, -22.78804989999998], [-43.40612519999996, -22.78819579999998]]]}, "properties": {"id": "330510910000093", "name": "Setor 330510910000093", "meanMonthlyBRL": 1616.44, "medianMonthlyBRL": 1400.0, "status": "published", "sourceTerritoryType": "census_sector", "overlayColor": "#c6dbef"}}, {"type": "Feature", "geometry": {"type": "Polygon", "coordinates": [[[-43.406198199999956, -22.790087099999937], [-43.40659759999994, -22.790476399999925], [-43.40665339999998, -22.790530899999954], [-43.40678639999993, -22.79069979999997], [-43.40700119999997, -22.790894099999946], [-43.40745999999996, -22.79124859999996], [-43.40858489999994, -22.790017499999976], [-43.40861109999997, -22.789988499999936], [-43.408748499999945, -22.78983649999998], [-43.408725499999946, -22.78982719999993], [-43.40865919999993, -22.789802899999923], [-43.40827209999998, -22.789660899999948], [-43.40825449999994, -22.789651499999934], [-43.408156599999984, -22.78959959999997], [-43.408145099999956, -22.789593499999974], [-43.40813849999995, -22.78958989999995], [-43.40810099999993, -22.789541499999924], [-43.407804699999986, -22.789158199999978], [-43.40743939999993, -22.788685799999936], [-43.40740779999993, -22.788607699999947], [-43.40736049999998, -22.788497299999957], [-43.407257399999935, -22.788646499999974], [-43.407231699999954, -22.78868359999996], [-43.406198199999956, -22.790087099999937]]]}, "properties": {"id": "330510910000094", "name": "Setor 330510910000094", "meanMonthlyBRL": 1892.58, "medianMonthlyBRL": 1300.0, "status": "published", "sourceTerritoryType": "census_sector", "overlayColor": "#c6dbef"}}, {"type": "Feature", "geometry": {"type": "Polygon", "coordinates": [[[-43.40678639999993, -22.79069979999997], [-43.406806899999935, -22.790883899999976], [-43.406784399999935, -22.791130899999928], [-43.40677109999996, -22.791277899999955], [-43.40673529999998, -22.79172809999994], [-43.40676599999995, -22.791907099999946], [-43.40678899999995, -22.791971499999928], [-43.40683759999996, -22.792106699999977], [-43.40691019999997, -22.792216499999938], [-43.40708849999993, -22.792486199999924], [-43.407110899999964, -22.79251999999996], [-43.40725719999995, -22.79273959999994], [-43.40745199999998, -22.79300199999994], [-43.40840009999994, -22.79197489999995], [-43.409505399999944, -22.790777499999926], [-43.409526899999946, -22.790756999999918], [-43.40963389999997, -22.79065509999999], [-43.40960739999997, -22.790611399999925], [-43.40942449999994, -22.79031649999996], [-43.40916189999996, -22.79000249999996], [-43.408748499999945, -22.78983649999998], [-43.40861109999997, -22.789988499999936], [-43.40858489999994, -22.790017499999976], [-43.40745999999996, -22.79124859999996], [-43.40700119999997, -22.790894099999946], [-43.40678639999993, -22.79069979999997]]]}, "properties": {"id": "330510910000095", "name": "Setor 330510910000095", "meanMonthlyBRL": 2025.26, "medianMonthlyBRL": 1500.0, "status": "published", "sourceTerritoryType": "census_sector", "overlayColor": "#9ecae1"}}, {"type": "Feature", "geometry": {"type": "Polygon", "coordinates": [[[-43.40745199999998, -22.79300199999994], [-43.40781339999995, -22.79348869999995], [-43.40798899999994, -22.793725099999957], [-43.408092299999964, -22.793874699999943], [-43.408122299999945, -22.793919299999974], [-43.40837369999997, -22.794290999999927], [-43.410221999999976, -22.79221959999995], [-43.41023919999998, -22.79220029999993], [-43.41034229999997, -22.792084799999937], [-43.410560499999974, -22.79184019999996], [-43.41070799999995, -22.79167489999997], [-43.410345699999944, -22.79147329999995], [-43.41029229999998, -22.791419699999942], [-43.41006729999998, -22.79136819999997], [-43.40963389999997, -22.79065509999999], [-43.409526899999946, -22.790756999999918], [-43.409505399999944, -22.790777499999926], [-43.40840009999994, -22.79197489999995], [-43.40745199999998, -22.79300199999994]]]}, "properties": {"id": "330510910000096", "name": "Setor 330510910000096", "meanMonthlyBRL": 1741.06, "medianMonthlyBRL": 1215.0, "status": "published", "sourceTerritoryType": "census_sector", "overlayColor": "#c6dbef"}}, {"type": "Feature", "geometry": {"type": "Polygon", "coordinates": [[[-43.40396149999998, -22.79100909999994], [-43.404510699999946, -22.791429499999936], [-43.404735899999935, -22.79160279999996], [-43.40550529999996, -22.792204299999977], [-43.406099299999944, -22.79267609999994], [-43.40640819999993, -22.792360499999965], [-43.40678899999995, -22.791971499999928], [-43.40676599999995, -22.791907099999946], [-43.40673529999998, -22.79172809999994], [-43.40677109999996, -22.791277899999955], [-43.406784399999935, -22.791130899999928], [-43.406806899999935, -22.790883899999976], [-43.40678639999993, -22.79069979999997], [-43.40665339999998, -22.790530899999954], [-43.40659759999994, -22.790476399999925], [-43.406198199999956, -22.790087099999937], [-43.40599339999994, -22.789896599999963], [-43.40591899999998, -22.789870899999986], [-43.405697499999974, -22.789794699999963], [-43.40514759999997, -22.78965569999997], [-43.404305799999975, -22.790616699999934], [-43.40396149999998, -22.79100909999994]]]}, "properties": {"id": "330510910000099", "name": "Setor 330510910000099", "meanMonthlyBRL": 1772.97, "medianMonthlyBRL": 1250.0, "status": "published", "sourceTerritoryType": "census_sector", "overlayColor": "#c6dbef"}}, {"type": "Feature", "geometry": {"type": "Polygon", "coordinates": [[[-43.400163299999974, -22.79313329999996], [-43.40115019999996, -22.793909499999923], [-43.40180349999997, -22.79320659999996], [-43.40142049999997, -22.792916899999966], [-43.40214519999995, -22.792148199999932], [-43.401545899999974, -22.791661999999974], [-43.40080629999994, -22.79245229999997], [-43.40030989999997, -22.792980899999964], [-43.400163299999974, -22.79313329999996]]]}, "properties": {"id": "330510910000102", "name": "Setor 330510910000102", "meanMonthlyBRL": 2432.97, "medianMonthlyBRL": 1900.0, "status": "published", "sourceTerritoryType": "census_sector", "overlayColor": "#9ecae1"}}, {"type": "Feature", "geometry": {"type": "Polygon", "coordinates": [[[-43.402445399999976, -22.79238589999994], [-43.403138499999955, -22.792933399999978], [-43.40399579999996, -22.793600199999958], [-43.404740199999935, -22.794177699999974], [-43.405381499999976, -22.793467599999925], [-43.406099299999944, -22.79267609999994], [-43.40550529999996, -22.792204299999977], [-43.404735899999935, -22.79160279999996], [-43.404510699999946, -22.791429499999936], [-43.40396149999998, -22.79100909999994], [-43.40380079999994, -22.790883299999958], [-43.40282639999998, -22.79198979999995], [-43.402445399999976, -22.79238589999994]]]}, "properties": {"id": "330510910000103", "name": "Setor 330510910000103", "meanMonthlyBRL": 2026.38, "medianMonthlyBRL": 1800.0, "status": "published", "sourceTerritoryType": "census_sector", "overlayColor": "#9ecae1"}}, {"type": "Feature", "geometry": {"type": "Polygon", "coordinates": [[[-43.40177579999994, -22.794400599999967], [-43.40230249999996, -22.794812999999976], [-43.40244599999994, -22.794930399999938], [-43.402663899999936, -22.795108799999976], [-43.40280979999994, -22.79522699999995], [-43.403369699999985, -22.79565309999998], [-43.404740199999935, -22.794177699999974], [-43.40399579999996, -22.793600199999958], [-43.403138499999955, -22.792933399999978], [-43.40177579999994, -22.794400599999967]]]}, "properties": {"id": "330510910000104", "name": "Setor 330510910000104", "meanMonthlyBRL": 1758.5, "medianMonthlyBRL": 1212.0, "status": "published", "sourceTerritoryType": "census_sector", "overlayColor": "#c6dbef"}}, {"type": "Feature", "geometry": {"type": "Polygon", "coordinates": [[[-43.400408699999964, -22.79587189999996], [-43.402045499999986, -22.797139099999985], [-43.403369699999985, -22.79565309999998], [-43.40280979999994, -22.79522699999995], [-43.402663899999936, -22.795108799999976], [-43.40244599999994, -22.794930399999938], [-43.40230249999996, -22.794812999999976], [-43.40177579999994, -22.794400599999967], [-43.400408699999964, -22.79587189999996]]]}, "properties": {"id": "330510910000105", "name": "Setor 330510910000105", "meanMonthlyBRL": 1760.42, "medianMonthlyBRL": 1325.0, "status": "published", "sourceTerritoryType": "census_sector", "overlayColor": "#c6dbef"}}, {"type": "Feature", "geometry": {"type": "Polygon", "coordinates": [[[-43.402045499999986, -22.797139099999985], [-43.40158439999993, -22.79764279999995], [-43.40279919999995, -22.798574599999927], [-43.40321559999995, -22.79889389999994], [-43.403637999999944, -22.798421499999957], [-43.404236899999944, -22.798841899999953], [-43.40556479999998, -22.79739569999999], [-43.40499539999996, -22.796920299999957], [-43.40445089999997, -22.796495399999962], [-43.40436889999995, -22.796431399999957], [-43.40408149999996, -22.796207099999943], [-43.403975799999955, -22.796124699999947], [-43.403369699999985, -22.79565309999998], [-43.402045499999986, -22.797139099999985]]]}, "properties": {"id": "330510910000106", "name": "Setor 330510910000106", "meanMonthlyBRL": 1832.9, "medianMonthlyBRL": 1500.0, "status": "published", "sourceTerritoryType": "census_sector", "overlayColor": "#9ecae1"}}, {"type": "Feature", "geometry": {"type": "Polygon", "coordinates": [[[-43.400680499999964, -22.79863409999995], [-43.400267499999984, -22.799074099999924], [-43.401882899999976, -22.800330099999936], [-43.40218199999998, -22.799997999999963], [-43.40228039999994, -22.799896799999942], [-43.40270899999996, -22.799455699999957], [-43.40321559999995, -22.79889389999994], [-43.40279919999995, -22.798574599999927], [-43.40158439999993, -22.79764279999995], [-43.40111019999995, -22.79815159999998], [-43.400680499999964, -22.79863409999995]]]}, "properties": {"id": "330510910000107", "name": "Setor 330510910000107", "meanMonthlyBRL": 1807.04, "medianMonthlyBRL": 1200.0, "status": "published", "sourceTerritoryType": "census_sector", "overlayColor": "#c6dbef"}}, {"type": "Feature", "geometry": {"type": "Polygon", "coordinates": [[[-43.40321559999995, -22.79889389999994], [-43.40270899999996, -22.799455699999957], [-43.40228039999994, -22.799896799999942], [-43.40218199999998, -22.799997999999963], [-43.401882899999976, -22.800330099999936], [-43.400267499999984, -22.799074099999924], [-43.39987919999993, -22.79945739999993], [-43.39961889999995, -22.79964759999996], [-43.39946489999994, -22.79986189999994], [-43.39914209999995, -22.80031709999997], [-43.400035799999955, -22.800848099999946], [-43.40052019999996, -22.801138499999976], [-43.40096679999994, -22.801405899999963], [-43.40113649999995, -22.80154839999994], [-43.401487299999985, -22.801911099999923], [-43.40155249999998, -22.80183739999996], [-43.40163449999994, -22.801744699999965], [-43.40186719999997, -22.80148169999995], [-43.40291399999995, -22.800304299999926], [-43.40377179999996, -22.799348299999966], [-43.404236899999944, -22.798841899999953], [-43.403637999999944, -22.798421499999957], [-43.40321559999995, -22.79889389999994]]]}, "properties": {"id": "330510910000108", "name": "Setor 330510910000108", "meanMonthlyBRL": 2086.14, "medianMonthlyBRL": 1500.0, "status": "published", "sourceTerritoryType": "census_sector", "overlayColor": "#9ecae1"}}, {"type": "Feature", "geometry": {"type": "Polygon", "coordinates": [[[-43.39555889999997, -22.798063599999978], [-43.39648209999996, -22.798631699999934], [-43.397384099999954, -22.799202099999945], [-43.39773739999998, -22.79873519999995], [-43.39790069999998, -22.798517499999946], [-43.39819389999997, -22.79828079999993], [-43.39729709999995, -22.797727099999967], [-43.396452299999964, -22.797096999999955], [-43.39637419999997, -22.797177899999948], [-43.39591729999995, -22.79765279999998], [-43.39570519999995, -22.797882599999973], [-43.39555889999997, -22.798063599999978]]]}, "properties": {"id": "330510910000109", "name": "Setor 330510910000109", "meanMonthlyBRL": 1361.21, "medianMonthlyBRL": 1300.0, "status": "published", "sourceTerritoryType": "census_sector", "overlayColor": "#c6dbef"}}, {"type": "Feature", "geometry": {"type": "Polygon", "coordinates": [[[-43.39729709999995, -22.797727099999967], [-43.39819389999997, -22.79828079999993], [-43.39790069999998, -22.798517499999946], [-43.39773739999998, -22.79873519999995], [-43.397384099999954, -22.799202099999945], [-43.39823919999998, -22.79974239999996], [-43.39914209999995, -22.80031709999997], [-43.39946489999994, -22.79986189999994], [-43.39961889999995, -22.79964759999996], [-43.39987919999993, -22.79945739999993], [-43.400267499999984, -22.799074099999924], [-43.39975439999995, -22.798676799999953], [-43.39944799999995, -22.798439599999938], [-43.39863139999994, -22.79780299999993], [-43.39782009999993, -22.797158699999954], [-43.39729709999995, -22.797727099999967]]]}, "properties": {"id": "330510910000110", "name": "Setor 330510910000110", "meanMonthlyBRL": 1876.38, "medianMonthlyBRL": 1500.0, "status": "published", "sourceTerritoryType": "census_sector", "overlayColor": "#9ecae1"}}, {"type": "Feature", "geometry": {"type": "Polygon", "coordinates": [[[-43.397397299999966, -22.79609039999997], [-43.397000299999945, -22.796516599999958], [-43.39782009999993, -22.797158699999954], [-43.39863139999994, -22.79780299999993], [-43.39944799999995, -22.798439599999938], [-43.39975439999995, -22.798676799999953], [-43.400267499999984, -22.799074099999924], [-43.400680499999964, -22.79863409999995], [-43.40016149999997, -22.79822439999998], [-43.39993929999997, -22.798049099999954], [-43.39902299999994, -22.797367799999964], [-43.399580699999944, -22.796766999999928], [-43.39999379999995, -22.796317399999964], [-43.400408699999964, -22.79587189999996], [-43.39976699999994, -22.795374799999937], [-43.399658099999954, -22.795290399999935], [-43.39877429999996, -22.794611199999956], [-43.398249799999974, -22.795172799999932], [-43.397397299999966, -22.79609039999997]]]}, "properties": {"id": "330510910000111", "name": "Setor 330510910000111", "meanMonthlyBRL": 1759.52, "medianMonthlyBRL": 1300.0, "status": "published", "sourceTerritoryType": "census_sector", "overlayColor": "#c6dbef"}}, {"type": "Feature", "geometry": {"type": "Polygon", "coordinates": [[[-43.400680499999964, -22.79863409999995], [-43.40111019999995, -22.79815159999998], [-43.40158439999993, -22.79764279999995], [-43.402045499999986, -22.797139099999985], [-43.400408699999964, -22.79587189999996], [-43.39999379999995, -22.796317399999964], [-43.399580699999944, -22.796766999999928], [-43.39902299999994, -22.797367799999964], [-43.39993929999997, -22.798049099999954], [-43.40016149999997, -22.79822439999998], [-43.400680499999964, -22.79863409999995]]]}, "properties": {"id": "330510910000112", "name": "Setor 330510910000112", "meanMonthlyBRL": 1950.32, "medianMonthlyBRL": 1700.0, "status": "published", "sourceTerritoryType": "census_sector", "overlayColor": "#9ecae1"}}, {"type": "Feature", "geometry": {"type": "Polygon", "coordinates": [[[-43.39642199999997, -22.793811699999935], [-43.395150899999976, -22.794330299999952], [-43.39526829999994, -22.79443389999994], [-43.395807599999955, -22.79488969999994], [-43.396095499999944, -22.79510309999995], [-43.39630429999995, -22.795257799999934], [-43.39678089999995, -22.795614799999957], [-43.397397299999966, -22.79609039999997], [-43.398249799999974, -22.795172799999932], [-43.39877429999996, -22.794611199999956], [-43.39838089999995, -22.79431159999996], [-43.398116899999934, -22.79412359999998], [-43.39800739999998, -22.79404559999995], [-43.397815899999955, -22.79389399999996], [-43.39751629999995, -22.793656799999948], [-43.39734349999998, -22.793591999999926], [-43.39723939999993, -22.793478199999985], [-43.39642199999997, -22.793811699999935]]]}, "properties": {"id": "330510910000113", "name": "Setor 330510910000113", "meanMonthlyBRL": 1905.0, "medianMonthlyBRL": 1500.0, "status": "published", "sourceTerritoryType": "census_sector", "overlayColor": "#9ecae1"}}, {"type": "Feature", "geometry": {"type": "Polygon", "coordinates": [[[-43.39418509999996, -22.795090299999966], [-43.394007399999964, -22.795431599999976], [-43.39387839999995, -22.795869999999976], [-43.39385269999997, -22.796480199999962], [-43.39391019999994, -22.797068399999937], [-43.393987799999934, -22.79711269999996], [-43.39406539999993, -22.79715699999997], [-43.394618399999956, -22.79749499999997], [-43.39477589999996, -22.79727369999995], [-43.39499939999996, -22.796959799999968], [-43.39499919999997, -22.79695799999996], [-43.39507089999995, -22.796859399999953], [-43.39571629999995, -22.79614929999996], [-43.39544749999993, -22.795938799999924], [-43.39502669999996, -22.795609299999967], [-43.39441499999998, -22.795130199999956], [-43.39436359999996, -22.79508489999995], [-43.394252499999936, -22.794986699999974], [-43.394222199999945, -22.79501909999993], [-43.39418509999996, -22.795090299999966]]]}, "properties": {"id": "330510910000114", "name": "Setor 330510910000114", "meanMonthlyBRL": 2158.61, "medianMonthlyBRL": 1500.0, "status": "published", "sourceTerritoryType": "census_sector", "overlayColor": "#9ecae1"}}, {"type": "Feature", "geometry": {"type": "Polygon", "coordinates": [[[-43.39380639999996, -22.78961209999994], [-43.39483749999994, -22.790698099999926], [-43.39588859999998, -22.791805199999942], [-43.39633319999996, -22.79226159999996], [-43.396767599999976, -22.792725399999938], [-43.39682549999998, -22.792808399999952], [-43.396924499999955, -22.792772099999983], [-43.39701029999998, -22.792766899999954], [-43.39708269999995, -22.79280449999993], [-43.397131799999954, -22.792843099999967], [-43.397174699999944, -22.792912199999932], [-43.39738629999994, -22.79298789999996], [-43.39804189999995, -22.79272179999998], [-43.396835099999976, -22.791512499999953], [-43.39668949999998, -22.791397499999963], [-43.39620559999997, -22.791015499999958], [-43.39552879999997, -22.790361899999933], [-43.39437389999995, -22.789144399999934], [-43.39380639999996, -22.78961209999994]]]}, "properties": {"id": "330510910000116", "name": "Setor 330510910000116", "meanMonthlyBRL": 1861.81, "medianMonthlyBRL": 1212.0, "status": "published", "sourceTerritoryType": "census_sector", "overlayColor": "#c6dbef"}}, {"type": "Feature", "geometry": {"type": "Polygon", "coordinates": [[[-43.396407899999986, -22.790436299999957], [-43.39710579999996, -22.79108139999993], [-43.39789959999996, -22.79174689999996], [-43.39794929999994, -22.791802899999936], [-43.39832269999994, -22.79191809999997], [-43.39878379999993, -22.791956099999933], [-43.39902439999997, -22.79185689999997], [-43.39906829999996, -22.791816299999937], [-43.39928109999994, -22.791619199999957], [-43.399376899999936, -22.791356799999964], [-43.399558999999954, -22.790806599999932], [-43.39760739999997, -22.789458499999963], [-43.397509799999966, -22.789579299999954], [-43.397182199999975, -22.78983409999995], [-43.39692269999995, -22.790035899999967], [-43.396407899999986, -22.790436299999957]]]}, "properties": {"id": "330510910000117", "name": "Setor 330510910000117", "meanMonthlyBRL": 1878.48, "medianMonthlyBRL": 1300.0, "status": "published", "sourceTerritoryType": "census_sector", "overlayColor": "#c6dbef"}}, {"type": "Feature", "geometry": {"type": "Polygon", "coordinates": [[[-43.395614499999965, -22.788143699999978], [-43.39554459999994, -22.788218999999966], [-43.39549819999996, -22.788305099999942], [-43.39547239999996, -22.78845029999997], [-43.395476899999956, -22.788511099999944], [-43.39542269999998, -22.788501099999962], [-43.39520469999997, -22.788508399999955], [-43.39515289999997, -22.78852959999994], [-43.39480549999996, -22.78878879999996], [-43.396288099999936, -22.790325599999953], [-43.396407899999986, -22.790436299999957], [-43.39692269999995, -22.790035899999967], [-43.397182199999975, -22.78983409999995], [-43.397509799999966, -22.789579299999954], [-43.39760739999997, -22.789458499999963], [-43.39564529999996, -22.788110499999956], [-43.395614499999965, -22.788143699999978]]]}, "properties": {"id": "330510910000118", "name": "Setor 330510910000118", "meanMonthlyBRL": 2118.59, "medianMonthlyBRL": 1800.0, "status": "published", "sourceTerritoryType": "census_sector", "overlayColor": "#9ecae1"}}, {"type": "Feature", "geometry": {"type": "Polygon", "coordinates": [[[-43.39309419999995, -22.79019899999997], [-43.39412109999995, -22.791290599999968], [-43.39519059999998, -22.792433199999945], [-43.395628999999985, -22.792901599999936], [-43.39617119999997, -22.793480899999963], [-43.39618869999999, -22.79350209999996], [-43.39642199999997, -22.793811699999935], [-43.39723939999993, -22.793478199999985], [-43.39773439999993, -22.79327839999996], [-43.397793399999955, -22.793254499999932], [-43.39766899999995, -22.793165599999952], [-43.39742599999994, -22.793007399999965], [-43.39738629999994, -22.79298789999996], [-43.397174699999944, -22.792912199999932], [-43.397131799999954, -22.792843099999967], [-43.39708269999995, -22.79280449999993], [-43.39701029999998, -22.792766899999954], [-43.396924499999955, -22.792772099999983], [-43.39682549999998, -22.792808399999952], [-43.396767599999976, -22.792725399999938], [-43.39633319999996, -22.79226159999996], [-43.39588859999998, -22.791805199999942], [-43.39483749999994, -22.790698099999926], [-43.39380639999996, -22.78961209999994], [-43.39309419999995, -22.79019899999997]]]}, "properties": {"id": "330510910000119", "name": "Setor 330510910000119", "meanMonthlyBRL": 2142.23, "medianMonthlyBRL": 1212.0, "status": "published", "sourceTerritoryType": "census_sector", "overlayColor": "#c6dbef"}}, {"type": "Feature", "geometry": {"type": "Polygon", "coordinates": [[[-43.39240579999995, -22.790765199999953], [-43.393443099999956, -22.79185129999996], [-43.39454699999993, -22.793012199999957], [-43.39499219999993, -22.793480299999942], [-43.395320899999945, -22.79382599999997], [-43.395358199999976, -22.79387979999996], [-43.39540679999993, -22.79397709999995], [-43.39539439999993, -22.794035199999943], [-43.39534039999995, -22.794076699999945], [-43.39504549999998, -22.794192999999954], [-43.39468769999996, -22.794369499999963], [-43.39470309999996, -22.794388399999953], [-43.39479939999996, -22.794507399999926], [-43.39502159999995, -22.794382999999975], [-43.395150899999976, -22.794330299999952], [-43.39642199999997, -22.793811699999935], [-43.39618869999999, -22.79350209999996], [-43.39617119999997, -22.793480899999963], [-43.395628999999985, -22.792901599999936], [-43.39519059999998, -22.792433199999945], [-43.39412109999995, -22.791290599999968], [-43.39309419999995, -22.79019899999997], [-43.39240579999995, -22.790765199999953]]]}, "properties": {"id": "330510910000120", "name": "Setor 330510910000120", "meanMonthlyBRL": 1821.2, "medianMonthlyBRL": 1212.0, "status": "published", "sourceTerritoryType": "census_sector", "overlayColor": "#c6dbef"}}, {"type": "Feature", "geometry": {"type": "Polygon", "coordinates": [[[-43.391754499999934, -22.79130009999994], [-43.39279419999997, -22.792387999999963], [-43.39392529999998, -22.793571599999947], [-43.39437449999997, -22.79404169999998], [-43.39468769999996, -22.794369499999963], [-43.39504549999998, -22.794192999999954], [-43.39534039999995, -22.794076699999945], [-43.39539439999993, -22.794035199999943], [-43.39540679999993, -22.79397709999995], [-43.395358199999976, -22.79387979999996], [-43.395320899999945, -22.79382599999997], [-43.39499219999993, -22.793480299999942], [-43.39454699999993, -22.793012199999957], [-43.393443099999956, -22.79185129999996], [-43.39240579999995, -22.790765199999953], [-43.391754499999934, -22.79130009999994]]]}, "properties": {"id": "330510910000121", "name": "Setor 330510910000121", "meanMonthlyBRL": 1861.62, "medianMonthlyBRL": 1500.0, "status": "published", "sourceTerritoryType": "census_sector", "overlayColor": "#9ecae1"}}, {"type": "Feature", "geometry": {"type": "Polygon", "coordinates": [[[-43.39108719999996, -22.79184809999999], [-43.39212719999995, -22.792939699999973], [-43.393281299999956, -22.79415099999994], [-43.39373269999993, -22.794624899999974], [-43.394046999999944, -22.79495469999995], [-43.39408729999997, -22.79499419999996], [-43.39418509999996, -22.795090299999966], [-43.394222199999945, -22.79501909999993], [-43.394252499999936, -22.794986699999974], [-43.39459179999995, -22.79462369999993], [-43.39479939999996, -22.794507399999926], [-43.39470309999996, -22.794388399999953], [-43.39468769999996, -22.794369499999963], [-43.39437449999997, -22.79404169999998], [-43.39392529999998, -22.793571599999947], [-43.39279419999997, -22.792387999999963], [-43.391754499999934, -22.79130009999994], [-43.39108719999996, -22.79184809999999]]]}, "properties": {"id": "330510910000122", "name": "Setor 330510910000122", "meanMonthlyBRL": 1486.9, "medianMonthlyBRL": 1250.0, "status": "published", "sourceTerritoryType": "census_sector", "overlayColor": "#c6dbef"}}, {"type": "Feature", "geometry": {"type": "Polygon", "coordinates": [[[-43.390422899999976, -22.792394999999935], [-43.39147079999998, -22.79348249999998], [-43.392664199999956, -22.794706299999977], [-43.39312179999996, -22.795175499999974], [-43.393361999999975, -22.79542189999994], [-43.39367069999997, -22.79573839999994], [-43.39371029999995, -22.795763499999964], [-43.39387839999995, -22.795869999999976], [-43.394007399999964, -22.795431599999976], [-43.39418509999996, -22.795090299999966], [-43.39408729999997, -22.79499419999996], [-43.394046999999944, -22.79495469999995], [-43.39373269999993, -22.794624899999974], [-43.393281299999956, -22.79415099999994], [-43.39212719999995, -22.792939699999973], [-43.39108719999996, -22.79184809999999], [-43.390422899999976, -22.792394999999935]]]}, "properties": {"id": "330510910000123", "name": "Setor 330510910000123", "meanMonthlyBRL": 1393.81, "medianMonthlyBRL": 1212.0, "status": "published", "sourceTerritoryType": "census_sector", "overlayColor": "#c6dbef"}}, {"type": "Feature", "geometry": {"type": "Polygon", "coordinates": [[[-43.39065649999998, -22.79384719999996], [-43.390197299999954, -22.794425599999954], [-43.390030399999944, -22.794635899999943], [-43.39091519999994, -22.795195199999963], [-43.391084199999966, -22.794974799999974], [-43.39145709999997, -22.794488599999976], [-43.391805499999975, -22.794720299999934], [-43.39229769999998, -22.795084899999953], [-43.392394999999965, -22.794948499999975], [-43.392664199999956, -22.794706299999977], [-43.39147079999998, -22.79348249999998], [-43.390817399999946, -22.79402289999996], [-43.39065649999998, -22.79384719999996]]]}, "properties": {"id": "330510910000124", "name": "Setor 330510910000124", "meanMonthlyBRL": 1733.31, "medianMonthlyBRL": 1500.0, "status": "published", "sourceTerritoryType": "census_sector", "overlayColor": "#9ecae1"}}, {"type": "Feature", "geometry": {"type": "Polygon", "coordinates": [[[-43.39091519999994, -22.795195199999963], [-43.39137979999998, -22.795479299999954], [-43.39183189999994, -22.79573799999997], [-43.39225469999997, -22.79600139999996], [-43.392722499999934, -22.796317099999953], [-43.393615799999964, -22.796919899999967], [-43.393696499999976, -22.79695839999993], [-43.39391019999994, -22.797068399999937], [-43.39385269999997, -22.796480199999962], [-43.39387839999995, -22.795869999999976], [-43.39371029999995, -22.795763499999964], [-43.39367069999997, -22.79573839999994], [-43.393361999999975, -22.79542189999994], [-43.39312179999996, -22.795175499999974], [-43.392664199999956, -22.794706299999977], [-43.392394999999965, -22.794948499999975], [-43.39229769999998, -22.795084899999953], [-43.391805499999975, -22.794720299999934], [-43.39145709999997, -22.794488599999976], [-43.391084199999966, -22.794974799999974], [-43.39091519999994, -22.795195199999963]]]}, "properties": {"id": "330510910000125", "name": "Setor 330510910000125", "meanMonthlyBRL": 1547.23, "medianMonthlyBRL": 1300.0, "status": "published", "sourceTerritoryType": "census_sector", "overlayColor": "#c6dbef"}}, {"type": "Feature", "geometry": {"type": "Polygon", "coordinates": [[[-43.38810569999998, -22.79123319999997], [-43.388723099999936, -22.79186499999997], [-43.389768199999935, -22.79293449999995], [-43.39000509999994, -22.793176899999935], [-43.39028129999997, -22.79345949999998], [-43.39065649999998, -22.79384719999996], [-43.390817399999946, -22.79402289999996], [-43.39147079999998, -22.79348249999998], [-43.390422899999976, -22.792394999999935], [-43.389390299999945, -22.791308499999957], [-43.38855569999998, -22.790357999999966], [-43.38854059999994, -22.790304499999934], [-43.38853919999997, -22.79026589999995], [-43.38849639999995, -22.790317299999963], [-43.388454499999966, -22.790385899999933], [-43.38841919999993, -22.790478299999965], [-43.38810569999998, -22.79123319999997]]]}, "properties": {"id": "330510910000126", "name": "Setor 330510910000126", "meanMonthlyBRL": 1374.79, "medianMonthlyBRL": 1212.0, "status": "published", "sourceTerritoryType": "census_sector", "overlayColor": "#c6dbef"}}, {"type": "Feature", "geometry": {"type": "Polygon", "coordinates": [[[-43.38802419999996, -22.791429599999955], [-43.38779219999998, -22.791988099999966], [-43.38773579999997, -22.79212399999995], [-43.388070099999936, -22.792414299999965], [-43.38788859999994, -22.79256689999994], [-43.38751689999998, -22.79301109999995], [-43.387804899999935, -22.793198599999982], [-43.388192799999956, -22.79345109999997], [-43.38834499999996, -22.79354689999996], [-43.38868689999998, -22.79376209999998], [-43.389170999999976, -22.794066899999955], [-43.38963039999993, -22.79339229999994], [-43.389410099999964, -22.793229599999954], [-43.389768199999935, -22.79293449999995], [-43.388723099999936, -22.79186499999997], [-43.38810569999998, -22.79123319999997], [-43.38802419999996, -22.791429599999955]]]}, "properties": {"id": "330510910000127", "name": "Setor 330510910000127", "meanMonthlyBRL": 1639.18, "medianMonthlyBRL": 1425.0, "status": "published", "sourceTerritoryType": "census_sector", "overlayColor": "#c6dbef"}}, {"type": "Feature", "geometry": {"type": "Polygon", "coordinates": [[[-43.39071729999995, -22.79021469999998], [-43.390050299999984, -22.790764399999947], [-43.39108719999996, -22.79184809999999], [-43.391754499999934, -22.79130009999994], [-43.39240579999995, -22.790765199999953], [-43.391358099999934, -22.789686499999966], [-43.39071729999995, -22.79021469999998]]]}, "properties": {"id": "330510910000128", "name": "Setor 330510910000128", "meanMonthlyBRL": 1367.33, "medianMonthlyBRL": 1212.0, "status": "published", "sourceTerritoryType": "census_sector", "overlayColor": "#c6dbef"}}, {"type": "Feature", "geometry": {"type": "Polygon", "coordinates": [[[-43.38920029999997, -22.78955059999993], [-43.389027399999975, -22.78969639999997], [-43.38870919999994, -22.789964899999966], [-43.38853919999997, -22.79026589999995], [-43.38854059999994, -22.790304499999934], [-43.38855569999998, -22.790357999999966], [-43.389390299999945, -22.791308499999957], [-43.390422899999976, -22.792394999999935], [-43.39108719999996, -22.79184809999999], [-43.390050299999984, -22.790764399999947], [-43.39071729999995, -22.79021469999998], [-43.38968879999993, -22.789138499999982], [-43.38920029999997, -22.78955059999993]]]}, "properties": {"id": "330510910000129", "name": "Setor 330510910000129", "meanMonthlyBRL": 1725.38, "medianMonthlyBRL": 1500.0, "status": "published", "sourceTerritoryType": "census_sector", "overlayColor": "#9ecae1"}}, {"type": "Feature", "geometry": {"type": "Polygon", "coordinates": [[[-43.39291819999994, -22.780190199999936], [-43.39226089999994, -22.781685499999984], [-43.392597799999976, -22.78183449999994], [-43.392677599999956, -22.78186979999998], [-43.393073999999956, -22.782045099999944], [-43.393453499999964, -22.782212899999934], [-43.393874299999936, -22.782399099999964], [-43.394267999999954, -22.782573199999945], [-43.39468389999996, -22.782757199999935], [-43.39510869999998, -22.782945099999942], [-43.39551839999996, -22.782541999999975], [-43.39519699999994, -22.782236399999928], [-43.395014199999935, -22.782062599999964], [-43.39467659999997, -22.781741699999948], [-43.39435049999997, -22.781431699999924], [-43.39402209999997, -22.78111949999993], [-43.393664299999955, -22.780779299999946], [-43.393354399999964, -22.780484699999924], [-43.39303239999998, -22.780135199999958], [-43.39291819999994, -22.780190199999936]]]}, "properties": {"id": "330510910000130", "name": "Setor 330510910000130", "meanMonthlyBRL": 3132.67, "medianMonthlyBRL": 2500.0, "status": "published", "sourceTerritoryType": "census_sector", "overlayColor": "#6baed6"}}, {"type": "Feature", "geometry": {"type": "Polygon", "coordinates": [[[-43.38507989999994, -22.790523699999934], [-43.38619579999994, -22.790858999999955], [-43.38802419999996, -22.791429599999955], [-43.38810569999998, -22.79123319999997], [-43.38841919999993, -22.790478299999965], [-43.388454499999966, -22.790385899999933], [-43.38849639999995, -22.790317299999963], [-43.38853919999997, -22.79026589999995], [-43.38671459999995, -22.789330899999978], [-43.38619279999995, -22.78906119999993], [-43.38556539999997, -22.789930699999957], [-43.38542619999998, -22.790123599999955], [-43.38507989999994, -22.790523699999934]]]}, "properties": {"id": "330510910000131", "name": "Setor 330510910000131", "meanMonthlyBRL": 2095.35, "medianMonthlyBRL": 1212.0, "status": "published", "sourceTerritoryType": "census_sector", "overlayColor": "#c6dbef"}}, {"type": "Feature", "geometry": {"type": "Polygon", "coordinates": [[[-43.38489279999993, -22.790739799999987], [-43.38461369999994, -22.791062299999965], [-43.38529939999995, -22.791261999999964], [-43.38591699999995, -22.791441899999935], [-43.38659329999996, -22.791638899999956], [-43.387332999999956, -22.79185429999995], [-43.38779219999998, -22.791988099999966], [-43.38802419999996, -22.791429599999955], [-43.38619579999994, -22.790858999999955], [-43.38507989999994, -22.790523699999934], [-43.38489279999993, -22.790739799999987]]]}, "properties": {"id": "330510910000132", "name": "Setor 330510910000132", "meanMonthlyBRL": 2140.0, "medianMonthlyBRL": 1600.0, "status": "published", "sourceTerritoryType": "census_sector", "overlayColor": "#9ecae1"}}, {"type": "Feature", "geometry": {"type": "Polygon", "coordinates": [[[-43.383290399999964, -22.790984199999972], [-43.38426869999995, -22.79150089999996], [-43.385014099999985, -22.791808099999972], [-43.38505299999997, -22.791823799999968], [-43.385583699999984, -22.79203909999995], [-43.385623599999974, -22.792055299999955], [-43.38591699999995, -22.791441899999935], [-43.38529939999995, -22.791261999999964], [-43.38461369999994, -22.791062299999965], [-43.38489279999993, -22.790739799999987], [-43.38380079999996, -22.790145899999963], [-43.383290399999964, -22.790984199999972]]]}, "properties": {"id": "330510910000133", "name": "Setor 330510910000133", "meanMonthlyBRL": 1737.61, "medianMonthlyBRL": 1212.0, "status": "published", "sourceTerritoryType": "census_sector", "overlayColor": "#c6dbef"}}, {"type": "Feature", "geometry": {"type": "Polygon", "coordinates": [[[-43.37541089999996, -22.781707099999945], [-43.37603589999998, -22.782009799999965], [-43.37624529999994, -22.781598599999935], [-43.37670479999997, -22.78076599999997], [-43.37689169999993, -22.780424499999977], [-43.37710089999996, -22.78006799999997], [-43.37718129999996, -22.779920399999973], [-43.377873799999975, -22.778654499999952], [-43.378007099999934, -22.77841679999994], [-43.37836839999994, -22.777736699999938], [-43.37763869999998, -22.777548199999952], [-43.377616099999955, -22.777593199999945], [-43.37643349999996, -22.779800699999956], [-43.376391299999966, -22.77987729999995], [-43.37615549999998, -22.78031109999995], [-43.37569299999996, -22.781166299999942], [-43.37560829999995, -22.781322899999964], [-43.37541089999996, -22.781707099999945]]]}, "properties": {"id": "330510910000134", "name": "Setor 330510910000134", "meanMonthlyBRL": 2466.78, "medianMonthlyBRL": 2000.0, "status": "published", "sourceTerritoryType": "census_sector", "overlayColor": "#6baed6"}}, {"type": "Feature", "geometry": {"type": "Polygon", "coordinates": [[[-43.37584819999995, -22.777989599999962], [-43.37563579999994, -22.778382499999957], [-43.37527679999994, -22.779055699999954], [-43.37490449999996, -22.77973089999995], [-43.37463809999997, -22.780214099999963], [-43.374546599999974, -22.780375999999933], [-43.37414149999995, -22.781092399999977], [-43.37476589999994, -22.78139469999996], [-43.37541089999996, -22.781707099999945], [-43.37560829999995, -22.781322899999964], [-43.37569299999996, -22.781166299999942], [-43.37615549999998, -22.78031109999995], [-43.376391299999966, -22.77987729999995], [-43.37643349999996, -22.779800699999956], [-43.377616099999955, -22.777593199999945], [-43.37763869999998, -22.777548199999952], [-43.37696809999994, -22.777377399999967], [-43.37628129999996, -22.777202399999965], [-43.37584819999995, -22.777989599999962]]]}, "properties": {"id": "330510910000135", "name": "Setor 330510910000135", "meanMonthlyBRL": 2598.37, "medianMonthlyBRL": 1500.0, "status": "published", "sourceTerritoryType": "census_sector", "overlayColor": "#9ecae1"}}, {"type": "Feature", "geometry": {"type": "Polygon", "coordinates": [[[-43.37310549999995, -22.777234799999963], [-43.37421199999994, -22.777718799999946], [-43.37499509999998, -22.778095099999973], [-43.37563579999994, -22.778382499999957], [-43.37584819999995, -22.777989599999962], [-43.37565809999995, -22.77742339999997], [-43.37555669999995, -22.77704649999998], [-43.37554839999996, -22.77701559999997], [-43.375201199999935, -22.775960199999922], [-43.375103399999944, -22.775999199999934], [-43.37467509999993, -22.776184199999932], [-43.37441779999995, -22.776308299999982], [-43.373901699999976, -22.77655979999997], [-43.373625999999945, -22.776669199999958], [-43.37333129999996, -22.776897299999973], [-43.37325049999998, -22.77700669999996], [-43.37310549999995, -22.777234799999963]]]}, "properties": {"id": "330510910000136", "name": "Setor 330510910000136", "meanMonthlyBRL": 1868.29, "medianMonthlyBRL": 1212.0, "status": "published", "sourceTerritoryType": "census_sector", "overlayColor": "#c6dbef"}}, {"type": "Feature", "geometry": {"type": "Polygon", "coordinates": [[[-43.37236299999995, -22.77855219999998], [-43.37490449999996, -22.77973089999995], [-43.37527679999994, -22.779055699999954], [-43.37563579999994, -22.778382499999957], [-43.37499509999998, -22.778095099999973], [-43.37421199999994, -22.777718799999946], [-43.37310549999995, -22.777234799999963], [-43.372729799999945, -22.77788589999994], [-43.37236299999995, -22.77855219999998]]]}, "properties": {"id": "330510910000137", "name": "Setor 330510910000137", "meanMonthlyBRL": 1632.59, "medianMonthlyBRL": 1212.0, "status": "published", "sourceTerritoryType": "census_sector", "overlayColor": "#c6dbef"}}, {"type": "Feature", "geometry": {"type": "Polygon", "coordinates": [[[-43.37114019999996, -22.776784399999944], [-43.371785399999965, -22.77703419999995], [-43.371857699999964, -22.77688779999994], [-43.37216579999995, -22.77672459999997], [-43.37310549999995, -22.777234799999963], [-43.37325049999998, -22.77700669999996], [-43.37333129999996, -22.776897299999973], [-43.373625999999945, -22.776669199999958], [-43.373901699999976, -22.77655979999997], [-43.37441779999995, -22.776308299999982], [-43.37467509999993, -22.776184199999932], [-43.375103399999944, -22.775999199999934], [-43.375201199999935, -22.775960199999922], [-43.374992099999986, -22.775318299999984], [-43.374873399999956, -22.77494309999997], [-43.37475469999998, -22.774700599999957], [-43.37466969999997, -22.774741499999948], [-43.37308969999998, -22.775518699999964], [-43.37146309999997, -22.776336399999934], [-43.371230199999964, -22.77656459999997], [-43.37114019999996, -22.776784399999944]]]}, "properties": {"id": "330510910000138", "name": "Setor 330510910000138", "meanMonthlyBRL": 2292.23, "medianMonthlyBRL": 1950.0, "status": "published", "sourceTerritoryType": "census_sector", "overlayColor": "#9ecae1"}}, {"type": "Feature", "geometry": {"type": "Polygon", "coordinates": [[[-43.37330989999998, -22.774618099999948], [-43.372581999999966, -22.77497399999993], [-43.371843799999965, -22.775338699999963], [-43.370584099999974, -22.775960899999973], [-43.370578999999964, -22.77613679999996], [-43.37053949999995, -22.77640069999995], [-43.37051719999994, -22.77655029999994], [-43.370057299999985, -22.77757299999996], [-43.370721199999934, -22.777819099999927], [-43.37114019999996, -22.776784399999944], [-43.371230199999964, -22.77656459999997], [-43.37146309999997, -22.776336399999934], [-43.37308969999998, -22.775518699999964], [-43.37466969999997, -22.774741499999948], [-43.37475469999998, -22.774700599999957], [-43.374345699999935, -22.774377399999935], [-43.37407479999996, -22.77407789999995], [-43.374014199999976, -22.774134999999944], [-43.373968299999945, -22.774178299999956], [-43.373538199999984, -22.77450549999997], [-43.37330989999998, -22.774618099999948]]]}, "properties": {"id": "330510910000139", "name": "Setor 330510910000139", "meanMonthlyBRL": 2343.74, "medianMonthlyBRL": 2000.0, "status": "published", "sourceTerritoryType": "census_sector", "overlayColor": "#6baed6"}}, {"type": "Feature", "geometry": {"type": "Polygon", "coordinates": [[[-43.371785399999965, -22.77703419999995], [-43.37167329999994, -22.777261199999934], [-43.37164809999996, -22.777316299999946], [-43.37139659999997, -22.77786709999998], [-43.371323099999984, -22.778064099999934], [-43.37118739999994, -22.77842799999996], [-43.371044799999936, -22.77876309999994], [-43.370901499999945, -22.779099799999983], [-43.37069779999996, -22.779554599999983], [-43.37079289999997, -22.77961159999995], [-43.37085969999998, -22.779636499999985], [-43.371482199999946, -22.779868299999965], [-43.371616899999935, -22.77992839999996], [-43.371992199999966, -22.77922369999993], [-43.37236299999995, -22.77855219999998], [-43.372729799999945, -22.77788589999994], [-43.37310549999995, -22.777234799999963], [-43.37216579999995, -22.77672459999997], [-43.371857699999964, -22.77688779999994], [-43.371785399999965, -22.77703419999995]]]}, "properties": {"id": "330510910000140", "name": "Setor 330510910000140", "meanMonthlyBRL": 2317.5, "medianMonthlyBRL": 1950.0, "status": "published", "sourceTerritoryType": "census_sector", "overlayColor": "#9ecae1"}}, {"type": "Feature", "geometry": {"type": "Polygon", "coordinates": [[[-43.371616899999935, -22.77992839999996], [-43.37228049999993, -22.78022439999995], [-43.372869299999934, -22.780494599999948], [-43.373478999999975, -22.780777499999942], [-43.37377339999995, -22.78091409999996], [-43.37414149999995, -22.781092399999977], [-43.374546599999974, -22.780375999999933], [-43.37463809999997, -22.780214099999963], [-43.37490449999996, -22.77973089999995], [-43.37236299999995, -22.77855219999998], [-43.371992199999966, -22.77922369999993], [-43.371616899999935, -22.77992839999996]]]}, "properties": {"id": "330510910000141", "name": "Setor 330510910000141", "meanMonthlyBRL": 2329.38, "medianMonthlyBRL": 1256.0, "status": "published", "sourceTerritoryType": "census_sector", "overlayColor": "#c6dbef"}}, {"type": "Feature", "geometry": {"type": "Polygon", "coordinates": [[[-43.370627799999966, -22.783201999999964], [-43.37123789999998, -22.783488299999927], [-43.37187729999994, -22.78378969999994], [-43.37270449999994, -22.782233999999956], [-43.373478999999975, -22.780777499999942], [-43.372869299999934, -22.780494599999948], [-43.37228049999993, -22.78022439999995], [-43.37203349999993, -22.78066939999996], [-43.37148799999994, -22.781652199999943], [-43.370627799999966, -22.783201999999964]]]}, "properties": {"id": "330510910000143", "name": "Setor 330510910000143", "meanMonthlyBRL": 2272.75, "medianMonthlyBRL": 1900.0, "status": "published", "sourceTerritoryType": "census_sector", "overlayColor": "#9ecae1"}}, {"type": "Feature", "geometry": {"type": "Polygon", "coordinates": [[[-43.37270449999994, -22.782233999999956], [-43.37334529999998, -22.782540399999956], [-43.37399009999996, -22.782848799999954], [-43.37406809999993, -22.782710999999953], [-43.37453869999996, -22.781788799999955], [-43.37476589999994, -22.78139469999996], [-43.37414149999995, -22.781092399999977], [-43.37377339999995, -22.78091409999996], [-43.373478999999975, -22.780777499999942], [-43.37270449999994, -22.782233999999956]]]}, "properties": {"id": "330510910000144", "name": "Setor 330510910000144", "meanMonthlyBRL": 2858.54, "medianMonthlyBRL": 2000.0, "status": "published", "sourceTerritoryType": "census_sector", "overlayColor": "#6baed6"}}, {"type": "Feature", "geometry": {"type": "Polygon", "coordinates": [[[-43.37228019999998, -22.78594799999996], [-43.37181489999995, -22.786770499999932], [-43.37147269999997, -22.78742179999995], [-43.37128729999995, -22.787735499999936], [-43.371068599999944, -22.788153799999982], [-43.37069309999998, -22.788562599999974], [-43.370530299999984, -22.78869689999993], [-43.37096679999997, -22.789352699999938], [-43.37127779999997, -22.78917109999998], [-43.37152099999998, -22.78875119999997], [-43.37179759999998, -22.788271499999944], [-43.37212859999994, -22.787654699999965], [-43.37263279999996, -22.786739899999933], [-43.37271809999993, -22.78658509999996], [-43.37290799999994, -22.786253699999968], [-43.37298149999998, -22.78612519999996], [-43.373143099999936, -22.785827899999962], [-43.37376569999998, -22.78468239999995], [-43.37313579999994, -22.784386799999936], [-43.37296989999993, -22.78468579999998], [-43.37273239999996, -22.78512579999994], [-43.372508899999964, -22.78552509999998], [-43.37228019999998, -22.78594799999996]]]}, "properties": {"id": "330510910000145", "name": "Setor 330510910000145", "meanMonthlyBRL": 2931.75, "medianMonthlyBRL": 2400.0, "status": "published", "sourceTerritoryType": "census_sector", "overlayColor": "#6baed6"}}, {"type": "Feature", "geometry": {"type": "Polygon", "coordinates": [[[-43.37390819999996, -22.784412299999925], [-43.37451079999994, -22.784723899999968], [-43.37472089999994, -22.784346299999985], [-43.37528279999998, -22.78330309999995], [-43.375653399999976, -22.782644499999943], [-43.37597909999994, -22.782121499999963], [-43.37603589999998, -22.782009799999965], [-43.37541089999996, -22.781707099999945], [-43.37525649999998, -22.782007399999944], [-43.37496179999994, -22.782477999999966], [-43.374605299999985, -22.783143499999934], [-43.37420119999996, -22.783856599999975], [-43.37390819999996, -22.784412299999925]]]}, "properties": {"id": "330510910000146", "name": "Setor 330510910000146", "meanMonthlyBRL": 2513.01, "medianMonthlyBRL": 2000.0, "status": "published", "sourceTerritoryType": "census_sector", "overlayColor": "#6baed6"}}, {"type": "Feature", "geometry": {"type": "Polygon", "coordinates": [[[-43.36947729999997, -22.780690499999935], [-43.37011309999997, -22.78099459999993], [-43.37084089999996, -22.781342699999982], [-43.371616899999935, -22.77992839999996], [-43.371482199999946, -22.779868299999965], [-43.37085969999998, -22.779636499999985], [-43.37079289999997, -22.77961159999995], [-43.37069779999996, -22.779554599999983], [-43.37006229999997, -22.77933549999995], [-43.37000379999995, -22.779421499999952], [-43.36954979999996, -22.780519599999934], [-43.36947729999997, -22.780690499999935]]]}, "properties": {"id": "330510910000147", "name": "Setor 330510910000147", "meanMonthlyBRL": 2855.27, "medianMonthlyBRL": 2000.0, "status": "published", "sourceTerritoryType": "census_sector", "overlayColor": "#6baed6"}}, {"type": "Feature", "geometry": {"type": "Polygon", "coordinates": [[[-43.371003299999984, -22.785325999999934], [-43.370783899999935, -22.78572149999997], [-43.370483899999954, -22.786261899999943], [-43.37012769999996, -22.78688089999997], [-43.36990399999996, -22.78726969999996], [-43.369679599999984, -22.787382799999936], [-43.370099299999936, -22.788036299999927], [-43.370530299999984, -22.78869689999993], [-43.37069309999998, -22.788562599999974], [-43.371068599999944, -22.788153799999982], [-43.37128729999995, -22.787735499999936], [-43.37147269999997, -22.78742179999995], [-43.37181489999995, -22.786770499999932], [-43.37228019999998, -22.78594799999996], [-43.37165829999998, -22.78564499999993], [-43.37180539999997, -22.785387199999946], [-43.372024099999976, -22.78495939999993], [-43.372487199999966, -22.784080699999944], [-43.37187729999994, -22.78378969999994], [-43.371003299999984, -22.785325999999934]]]}, "properties": {"id": "330510910000149", "name": "Setor 330510910000149", "meanMonthlyBRL": 2982.97, "medianMonthlyBRL": 2200.0, "status": "published", "sourceTerritoryType": "census_sector", "overlayColor": "#6baed6"}}, {"type": "Feature", "geometry": {"type": "Polygon", "coordinates": [[[-43.367011599999955, -22.78592009999994], [-43.367524199999934, -22.78671999999995], [-43.36765339999994, -22.78695459999994], [-43.36772929999995, -22.78709239999995], [-43.36843019999998, -22.787241499999944], [-43.36872129999995, -22.787187999999954], [-43.36837439999994, -22.78667299999994], [-43.36813559999996, -22.786328399999952], [-43.36793879999993, -22.786003399999966], [-43.36781709999997, -22.78579129999996], [-43.36779469999993, -22.785717599999945], [-43.367011599999955, -22.78592009999994]]]}, "properties": {"id": "330510910000150", "name": "Setor 330510910000150", "meanMonthlyBRL": 1248.69, "medianMonthlyBRL": 1212.0, "status": "published", "sourceTerritoryType": "census_sector", "overlayColor": "#c6dbef"}}, {"type": "Feature", "geometry": {"type": "Polygon", "coordinates": [[[-43.365677199999936, -22.785911999999943], [-43.365736899999945, -22.785983199999976], [-43.36635009999998, -22.78643959999994], [-43.36687709999996, -22.786770199999978], [-43.36707739999997, -22.78689589999993], [-43.36738639999993, -22.78701949999993], [-43.36772929999995, -22.78709239999995], [-43.36765339999994, -22.78695459999994], [-43.367524199999934, -22.78671999999995], [-43.367011599999955, -22.78592009999994], [-43.36694429999994, -22.785812099999927], [-43.36682539999998, -22.78567899999996], [-43.36663209999995, -22.785548599999967], [-43.36662099999995, -22.785541099999936], [-43.36627879999998, -22.785536399999955], [-43.36610029999997, -22.785456599999964], [-43.365950699999985, -22.785617599999963], [-43.365677199999936, -22.785911999999943]]]}, "properties": {"id": "330510910000151", "name": "Setor 330510910000151", "meanMonthlyBRL": 1314.99, "medianMonthlyBRL": 1212.0, "status": "published", "sourceTerritoryType": "census_sector", "overlayColor": "#c6dbef"}}, {"type": "Feature", "geometry": {"type": "Polygon", "coordinates": [[[-43.37451079999994, -22.784723899999968], [-43.37428199999994, -22.78513529999998], [-43.37386929999997, -22.785917999999988], [-43.373770399999955, -22.78608299999996], [-43.374558899999954, -22.78645019999994], [-43.37550259999995, -22.78473679999996], [-43.37643469999995, -22.78304459999998], [-43.375653399999976, -22.782644499999943], [-43.37528279999998, -22.78330309999995], [-43.37472089999994, -22.784346299999985], [-43.37451079999994, -22.784723899999968]]]}, "properties": {"id": "330510910000153", "name": "Setor 330510910000153", "meanMonthlyBRL": 2204.22, "medianMonthlyBRL": 1500.0, "status": "published", "sourceTerritoryType": "census_sector", "overlayColor": "#9ecae1"}}, {"type": "Feature", "geometry": {"type": "Polygon", "coordinates": [[[-43.37550259999995, -22.78473679999996], [-43.376292099999944, -22.78513119999997], [-43.37722999999994, -22.783422299999927], [-43.376730099999975, -22.783195799999927], [-43.37643469999995, -22.78304459999998], [-43.37550259999995, -22.78473679999996]]]}, "properties": {"id": "330510910000154", "name": "Setor 330510910000154", "meanMonthlyBRL": 2378.2, "medianMonthlyBRL": 2000.0, "status": "published", "sourceTerritoryType": "census_sector", "overlayColor": "#6baed6"}}, {"type": "Feature", "geometry": {"type": "Polygon", "coordinates": [[[-43.37788049999995, -22.78587489999995], [-43.37746989999994, -22.786620099999936], [-43.378368199999954, -22.786112199999934], [-43.37874029999995, -22.785919999999976], [-43.37977989999996, -22.78538519999994], [-43.37991569999997, -22.78529889999993], [-43.38017069999995, -22.785136899999937], [-43.380336599999964, -22.78503149999995], [-43.380336099999965, -22.785029399999924], [-43.38028419999995, -22.784903599999954], [-43.38013289999998, -22.78481279999993], [-43.37993679999994, -22.78471169999995], [-43.379616899999974, -22.78455819999993], [-43.37929709999998, -22.784404799999944], [-43.378822699999944, -22.784177299999953], [-43.37855549999995, -22.78462669999993], [-43.37844129999996, -22.78483799999998], [-43.37788049999995, -22.78587489999995]]]}, "properties": {"id": "330510910000155", "name": "Setor 330510910000155", "meanMonthlyBRL": 2001.42, "medianMonthlyBRL": 1500.0, "status": "published", "sourceTerritoryType": "census_sector", "overlayColor": "#9ecae1"}}, {"type": "Feature", "geometry": {"type": "Polygon", "coordinates": [[[-43.37746989999994, -22.786620099999936], [-43.37632999999994, -22.787268199999975], [-43.376478299999974, -22.78734149999997], [-43.37658279999994, -22.78739319999994], [-43.37667129999994, -22.787434399999935], [-43.37694709999994, -22.787562599999937], [-43.37775779999998, -22.787939499999943], [-43.37854129999994, -22.788303699999968], [-43.37895759999998, -22.787535499999926], [-43.37943909999996, -22.786663199999964], [-43.37990999999994, -22.785827899999955], [-43.37998159999995, -22.78570099999996], [-43.380177299999964, -22.785229099999977], [-43.38017069999995, -22.785136899999937], [-43.37991569999997, -22.78529889999993], [-43.37977989999996, -22.78538519999994], [-43.37874029999995, -22.785919999999976], [-43.378368199999954, -22.786112199999934], [-43.37746989999994, -22.786620099999936]]]}, "properties": {"id": "330510910000156", "name": "Setor 330510910000156", "meanMonthlyBRL": 2003.89, "medianMonthlyBRL": 1500.0, "status": "published", "sourceTerritoryType": "census_sector", "overlayColor": "#9ecae1"}}, {"type": "Feature", "geometry": {"type": "Polygon", "coordinates": [[[-43.374558899999954, -22.78645019999994], [-43.37533419999994, -22.786804199999942], [-43.376125299999956, -22.787166899999935], [-43.37632999999994, -22.787268199999975], [-43.37746989999994, -22.786620099999936], [-43.37788049999995, -22.78587489999995], [-43.37745639999997, -22.785686699999932], [-43.37746969999995, -22.785646899999954], [-43.37748409999995, -22.785567999999948], [-43.377493699999945, -22.78549869999995], [-43.37748929999998, -22.785431099999986], [-43.37747839999997, -22.785356999999973], [-43.37746319999997, -22.78529819999994], [-43.37741959999994, -22.785245899999946], [-43.37732369999998, -22.78517399999993], [-43.37728359999994, -22.785152599999943], [-43.37725829999994, -22.785139099999977], [-43.37705349999993, -22.785097699999934], [-43.37695099999996, -22.78510859999994], [-43.37684639999998, -22.785141299999967], [-43.37675709999996, -22.785204499999967], [-43.376678599999934, -22.785293799999973], [-43.37666709999996, -22.785318599999982], [-43.376292099999944, -22.78513119999997], [-43.37550259999995, -22.78473679999996], [-43.374558899999954, -22.78645019999994]]]}, "properties": {"id": "330510910000157", "name": "Setor 330510910000157", "meanMonthlyBRL": 1687.64, "medianMonthlyBRL": 1200.0, "status": "published", "sourceTerritoryType": "census_sector", "overlayColor": "#c6dbef"}}, {"type": "Feature", "geometry": {"type": "Polygon", "coordinates": [[[-43.376292099999944, -22.78513119999997], [-43.37666709999996, -22.785318599999982], [-43.376678599999934, -22.785293799999973], [-43.37675709999996, -22.785204499999967], [-43.37684639999998, -22.785141299999967], [-43.37695099999996, -22.78510859999994], [-43.37705349999993, -22.785097699999934], [-43.37725829999994, -22.785139099999977], [-43.37728359999994, -22.785152599999943], [-43.37732369999998, -22.78517399999993], [-43.37741959999994, -22.785245899999946], [-43.37746319999997, -22.78529819999994], [-43.37747839999997, -22.785356999999973], [-43.37748929999998, -22.785431099999986], [-43.377493699999945, -22.78549869999995], [-43.37748409999995, -22.785567999999948], [-43.37746969999995, -22.785646899999954], [-43.37745639999997, -22.785686699999932], [-43.37788049999995, -22.78587489999995], [-43.37844129999996, -22.78483799999998], [-43.37855549999995, -22.78462669999993], [-43.378822699999944, -22.784177299999953], [-43.37864119999995, -22.78408849999994], [-43.378039799999954, -22.783794399999977], [-43.37772549999994, -22.78364679999992], [-43.37722999999994, -22.783422299999927], [-43.376292099999944, -22.78513119999997]]]}, "properties": {"id": "330510910000158", "name": "Setor 330510910000158", "meanMonthlyBRL": 1803.8, "medianMonthlyBRL": 1350.0, "status": "published", "sourceTerritoryType": "census_sector", "overlayColor": "#c6dbef"}}, {"type": "Feature", "geometry": {"type": "Polygon", "coordinates": [[[-43.383699899999954, -22.78323749999993], [-43.38364739999997, -22.783251099999973], [-43.38298189999995, -22.783472899999932], [-43.38196869999996, -22.78399449999995], [-43.38140019999998, -22.784355699999928], [-43.380739699999936, -22.78477539999994], [-43.38054329999994, -22.78490009999996], [-43.38050229999993, -22.784926199999973], [-43.380564099999965, -22.784959099999977], [-43.38120329999998, -22.78529759999998], [-43.38273589999994, -22.78609789999995], [-43.38284559999994, -22.786156899999984], [-43.383870599999966, -22.78453809999996], [-43.38481539999998, -22.783006099999966], [-43.38485769999994, -22.78293759999996], [-43.38457089999997, -22.78301189999996], [-43.383699899999954, -22.78323749999993]]]}, "properties": {"id": "330510910000159", "name": "Setor 330510910000159", "meanMonthlyBRL": 2648.78, "medianMonthlyBRL": 2000.0, "status": "published", "sourceTerritoryType": "census_sector", "overlayColor": "#6baed6"}}, {"type": "Feature", "geometry": {"type": "Polygon", "coordinates": [[[-43.38284559999994, -22.786156899999984], [-43.383076399999936, -22.786256499999972], [-43.383568699999955, -22.786508599999934], [-43.38449069999996, -22.786986099999975], [-43.38545749999997, -22.78539319999993], [-43.384526999999935, -22.784899699999983], [-43.38401679999998, -22.78462919999993], [-43.38397539999994, -22.78460339999998], [-43.383870599999966, -22.78453809999996], [-43.38284559999994, -22.786156899999984]]]}, "properties": {"id": "330510910000160", "name": "Setor 330510910000160", "meanMonthlyBRL": 2715.66, "medianMonthlyBRL": 2300.0, "status": "published", "sourceTerritoryType": "census_sector", "overlayColor": "#6baed6"}}, {"type": "Feature", "geometry": {"type": "Polygon", "coordinates": [[[-43.38485769999994, -22.78293759999996], [-43.38491669999996, -22.78297789999994], [-43.38502959999994, -22.78305479999994], [-43.38504439999997, -22.783064899999943], [-43.38550329999998, -22.78330329999994], [-43.386445099999946, -22.783792699999935], [-43.38738699999993, -22.784281999999966], [-43.38841409999998, -22.78260469999998], [-43.38798079999999, -22.782370799999963], [-43.38793959999998, -22.782352099999972], [-43.38769039999994, -22.782239099999973], [-43.387621199999955, -22.782213299999967], [-43.38518349999999, -22.782853199999973], [-43.38485769999994, -22.78293759999996]]]}, "properties": {"id": "330510910000161", "name": "Setor 330510910000161", "meanMonthlyBRL": 1967.83, "medianMonthlyBRL": 1300.0, "status": "published", "sourceTerritoryType": "census_sector", "overlayColor": "#c6dbef"}}, {"type": "Feature", "geometry": {"type": "Polygon", "coordinates": [[[-43.38545749999997, -22.78539319999993], [-43.386392099999966, -22.785888799999956], [-43.387311099999984, -22.786376099999927], [-43.38831749999997, -22.784769599999944], [-43.38738699999993, -22.784281999999966], [-43.386445099999946, -22.783792699999935], [-43.386075699999935, -22.784374699999933], [-43.38563739999995, -22.785096799999955], [-43.38545749999997, -22.78539319999993]]]}, "properties": {"id": "330510910000162", "name": "Setor 330510910000162", "meanMonthlyBRL": 1931.1, "medianMonthlyBRL": 1400.0, "status": "published", "sourceTerritoryType": "census_sector", "overlayColor": "#c6dbef"}}, {"type": "Feature", "geometry": {"type": "Polygon", "coordinates": [[[-43.382289199999946, -22.787022499999978], [-43.38226759999998, -22.787056199999938], [-43.38219179999993, -22.78717409999995], [-43.38176869999995, -22.787900099999945], [-43.381272499999966, -22.78875619999996], [-43.38075689999994, -22.789645599999968], [-43.38076859999995, -22.78965189999996], [-43.38099429999994, -22.789771199999965], [-43.381219999999985, -22.789890599999975], [-43.38164059999997, -22.789457199999966], [-43.38170409999998, -22.789391499999965], [-43.38179829999996, -22.789305799999962], [-43.381945599999945, -22.78917169999994], [-43.382023699999934, -22.789100199999954], [-43.38219379999998, -22.78888289999997], [-43.38258829999995, -22.788450299999962], [-43.382645999999966, -22.788374299999923], [-43.38273389999995, -22.788258399999954], [-43.382947799999954, -22.78789239999998], [-43.38306189999997, -22.78746929999994], [-43.38306319999998, -22.78744329999995], [-43.38306609999995, -22.787384499999966], [-43.38327399999997, -22.787022199999967], [-43.383568699999955, -22.786508599999934], [-43.383076399999936, -22.786256499999972], [-43.38284559999994, -22.786156899999984], [-43.38230079999994, -22.787004399999944], [-43.382289199999946, -22.787022499999978]]]}, "properties": {"id": "330510910000165", "name": "Setor 330510910000165", "meanMonthlyBRL": 2283.87, "medianMonthlyBRL": 1500.0, "status": "published", "sourceTerritoryType": "census_sector", "overlayColor": "#9ecae1"}}, {"type": "Feature", "geometry": {"type": "Polygon", "coordinates": [[[-43.381219999999985, -22.789890599999975], [-43.38236899999998, -22.790497499999958], [-43.382882999999936, -22.789646599999966], [-43.38340649999998, -22.78877979999992], [-43.38393999999994, -22.787896599999957], [-43.38449069999996, -22.786986099999975], [-43.383568699999955, -22.786508599999934], [-43.38327399999997, -22.787022199999967], [-43.38306609999995, -22.787384499999966], [-43.38306319999998, -22.78744329999995], [-43.38306189999997, -22.78746929999994], [-43.382947799999954, -22.78789239999998], [-43.38273389999995, -22.788258399999954], [-43.382645999999966, -22.788374299999923], [-43.38258829999995, -22.788450299999962], [-43.38219379999998, -22.78888289999997], [-43.382023699999934, -22.789100199999954], [-43.381945599999945, -22.78917169999994], [-43.38179829999996, -22.789305799999962], [-43.38170409999998, -22.789391499999965], [-43.38164059999997, -22.789457199999966], [-43.381219999999985, -22.789890599999975]]]}, "properties": {"id": "330510910000166", "name": "Setor 330510910000166", "meanMonthlyBRL": 2731.09, "medianMonthlyBRL": 2000.0, "status": "published", "sourceTerritoryType": "census_sector", "overlayColor": "#6baed6"}}, {"type": "Feature", "geometry": {"type": "Polygon", "coordinates": [[[-43.38236899999998, -22.790497499999958], [-43.383290399999964, -22.790984199999972], [-43.38380079999996, -22.790145899999963], [-43.38433249999997, -22.789273399999956], [-43.38487649999996, -22.788380699999944], [-43.38542799999993, -22.787471499999977], [-43.38449069999996, -22.786986099999975], [-43.38393999999994, -22.787896599999957], [-43.38340649999998, -22.78877979999992], [-43.382882999999936, -22.789646599999966], [-43.38236899999998, -22.790497499999958]]]}, "properties": {"id": "330510910000167", "name": "Setor 330510910000167", "meanMonthlyBRL": 2345.3, "medianMonthlyBRL": 1500.0, "status": "published", "sourceTerritoryType": "census_sector", "overlayColor": "#9ecae1"}}, {"type": "Feature", "geometry": {"type": "Polygon", "coordinates": [[[-43.38380079999996, -22.790145899999963], [-43.38489279999993, -22.790739799999987], [-43.38507989999994, -22.790523699999934], [-43.38542619999998, -22.790123599999955], [-43.38556539999997, -22.789930699999957], [-43.38619279999995, -22.78906119999993], [-43.38681989999998, -22.78819229999993], [-43.38636329999997, -22.78795589999993], [-43.38542799999993, -22.787471499999977], [-43.38487649999996, -22.788380699999944], [-43.38433249999997, -22.789273399999956], [-43.38380079999996, -22.790145899999963]]]}, "properties": {"id": "330510910000168", "name": "Setor 330510910000168", "meanMonthlyBRL": 2183.31, "medianMonthlyBRL": 1500.0, "status": "published", "sourceTerritoryType": "census_sector", "overlayColor": "#9ecae1"}}, {"type": "Feature", "geometry": {"type": "Polygon", "coordinates": [[[-43.387311099999984, -22.786376099999927], [-43.38636329999997, -22.78795589999993], [-43.38681989999998, -22.78819229999993], [-43.38730359999994, -22.788442899999954], [-43.38824429999994, -22.78687099999996], [-43.38841629999996, -22.786584299999955], [-43.38853209999997, -22.786402599999974], [-43.38925539999997, -22.78526809999994], [-43.38831749999997, -22.784769599999944], [-43.387311099999984, -22.786376099999927]]]}, "properties": {"id": "330510910000169", "name": "Setor 330510910000169", "meanMonthlyBRL": 2037.42, "medianMonthlyBRL": 1500.0, "status": "published", "sourceTerritoryType": "census_sector", "overlayColor": "#9ecae1"}}, {"type": "Feature", "geometry": {"type": "Polygon", "coordinates": [[[-43.37268719999997, -22.771789999999942], [-43.37276229999998, -22.77183299999996], [-43.373154399999976, -22.772189999999956], [-43.37366899999995, -22.772665799999967], [-43.37392509999995, -22.772826799999965], [-43.374139199999945, -22.77296139999993], [-43.37489179999994, -22.77331839999994], [-43.37564349999997, -22.772678499999934], [-43.37584749999996, -22.772493999999934], [-43.376484199999936, -22.77189259999994], [-43.37655569999998, -22.771825099999944], [-43.376195999999936, -22.771792499999943], [-43.37580849999995, -22.77175739999995], [-43.37502959999995, -22.771709599999948], [-43.37410829999993, -22.771652999999954], [-43.37268499999993, -22.771565599999974], [-43.37270899999993, -22.771609799999965], [-43.37272449999995, -22.771665299999935], [-43.37268719999997, -22.771789999999942]]]}, "properties": {"id": "330510910000171", "name": "Setor 330510910000171", "meanMonthlyBRL": 1938.16, "medianMonthlyBRL": 2000.0, "status": "published", "sourceTerritoryType": "census_sector", "overlayColor": "#6baed6"}}, {"type": "Feature", "geometry": {"type": "Polygon", "coordinates": [[[-43.37514639999995, -22.76915629999996], [-43.37459719999998, -22.769639999999974], [-43.37454759999997, -22.769682899999957], [-43.37424619999996, -22.769939499999957], [-43.374211499999944, -22.77037019999995], [-43.37503319999996, -22.77043209999994], [-43.37503909999998, -22.770432499999963], [-43.375879199999986, -22.770484799999963], [-43.37667709999994, -22.77053449999994], [-43.37784609999995, -22.77060739999996], [-43.378013599999974, -22.77044669999998], [-43.37804999999997, -22.77035029999996], [-43.37806919999997, -22.770222699999973], [-43.37793879999998, -22.769837699999975], [-43.37659609999997, -22.76981459999996], [-43.37637989999996, -22.76934809999994], [-43.37570559999995, -22.76866389999997], [-43.37514639999995, -22.76915629999996]]]}, "properties": {"id": "330510910000173", "name": "Setor 330510910000173", "meanMonthlyBRL": 2323.53, "medianMonthlyBRL": 1900.0, "status": "published", "sourceTerritoryType": "census_sector", "overlayColor": "#9ecae1"}}, {"type": "Feature", "geometry": {"type": "Polygon", "coordinates": [[[-43.370584099999974, -22.775960899999973], [-43.371843799999965, -22.775338699999963], [-43.372581999999966, -22.77497399999993], [-43.37330989999998, -22.774618099999948], [-43.37278459999993, -22.774097499999982], [-43.37195129999998, -22.773325399999973], [-43.37100209999995, -22.77244589999998], [-43.370816899999966, -22.77313329999993], [-43.370707599999946, -22.773868299999943], [-43.37066599999997, -22.77419969999993], [-43.37064499999997, -22.774510399999947], [-43.37061229999995, -22.774995899999965], [-43.370584099999974, -22.775960899999973]]]}, "properties": {"id": "330510910000174", "name": "Setor 330510910000174", "meanMonthlyBRL": 1836.21, "medianMonthlyBRL": 1500.0, "status": "published", "sourceTerritoryType": "census_sector", "overlayColor": "#9ecae1"}}, {"type": "Feature", "geometry": {"type": "Polygon", "coordinates": [[[-43.371621999999945, -22.771919899999936], [-43.37102369999997, -22.772092499999925], [-43.37100209999995, -22.77244589999998], [-43.37195129999998, -22.773325399999973], [-43.37278459999993, -22.774097499999982], [-43.37330989999998, -22.774618099999948], [-43.373538199999984, -22.77450549999997], [-43.373968299999945, -22.774178299999956], [-43.374014199999976, -22.774134999999944], [-43.37407479999996, -22.77407789999995], [-43.37479539999998, -22.77339869999997], [-43.37489179999994, -22.77331839999994], [-43.374139199999945, -22.77296139999993], [-43.37392509999995, -22.772826799999965], [-43.37366899999995, -22.772665799999967], [-43.373154399999976, -22.772189999999956], [-43.37276229999998, -22.77183299999996], [-43.37268719999997, -22.771789999999942], [-43.37262119999997, -22.77175229999994], [-43.37244289999995, -22.77173649999997], [-43.37220119999995, -22.77177529999994], [-43.37201669999996, -22.77180609999994], [-43.371723299999985, -22.77189069999997], [-43.371621999999945, -22.771919899999936]]]}, "properties": {"id": "330510910000175", "name": "Setor 330510910000175", "meanMonthlyBRL": 2114.63, "medianMonthlyBRL": 1800.0, "status": "published", "sourceTerritoryType": "census_sector", "overlayColor": "#9ecae1"}}, {"type": "Feature", "geometry": {"type": "Polygon", "coordinates": [[[-43.37240799999995, -22.764783699999956], [-43.37272759999996, -22.764832699999936], [-43.374134699999956, -22.765098899999938], [-43.37517569999994, -22.765298599999937], [-43.37575849999996, -22.76541679999997], [-43.37620719999995, -22.76550769999994], [-43.37680349999994, -22.765597799999966], [-43.37727679999995, -22.765669399999975], [-43.37787099999997, -22.765773899999942], [-43.37876669999997, -22.765966499999934], [-43.37880289999998, -22.76588369999996], [-43.37896159999997, -22.76552089999995], [-43.378966299999945, -22.76551009999997], [-43.37789159999994, -22.765291299999944], [-43.37716539999997, -22.76516959999998], [-43.375949799999944, -22.764965799999963], [-43.37564329999998, -22.76489789999994], [-43.375596099999946, -22.76488739999996], [-43.373998599999936, -22.76453329999997], [-43.37396469999993, -22.764515999999947], [-43.37385679999994, -22.76446059999995], [-43.37370039999996, -22.76436289999998], [-43.373414699999955, -22.764264099999934], [-43.37319499999995, -22.764236599999943], [-43.37294639999993, -22.764239299999932], [-43.37266899999997, -22.764220199999947], [-43.37256919999993, -22.764184499999942], [-43.37250819999997, -22.764607799999965], [-43.37240799999995, -22.764783699999956]]]}, "properties": {"id": "330510910000176", "name": "Setor 330510910000176", "meanMonthlyBRL": 1069.8, "medianMonthlyBRL": 1200.0, "status": "published", "sourceTerritoryType": "census_sector", "overlayColor": "#c6dbef"}}, {"type": "Feature", "geometry": {"type": "Polygon", "coordinates": [[[-43.37210319999997, -22.766705999999946], [-43.37236109999998, -22.766762199999963], [-43.372415399999966, -22.76677399999994], [-43.37262439999995, -22.766811599999983], [-43.37285509999998, -22.76685309999993], [-43.37315199999995, -22.76543179999993], [-43.373662499999966, -22.765545699999958], [-43.37415279999993, -22.765633499999982], [-43.37464239999998, -22.765721099999944], [-43.37520949999998, -22.76583109999996], [-43.37567049999996, -22.765923299999937], [-43.375688199999956, -22.765821599999974], [-43.37571329999997, -22.765677099999948], [-43.375751399999956, -22.765457899999937], [-43.37575849999996, -22.76541679999997], [-43.37517569999994, -22.765298599999937], [-43.374134699999956, -22.765098899999938], [-43.37272759999996, -22.764832699999936], [-43.37240799999995, -22.764783699999956], [-43.37235999999996, -22.76506779999994], [-43.37225749999993, -22.765570199999956], [-43.372254699999985, -22.766066299999974], [-43.372182099999975, -22.766443199999966], [-43.37210319999997, -22.766705999999946]]]}, "properties": {"id": "330510910000177", "name": "Setor 330510910000177", "meanMonthlyBRL": 1436.2, "medianMonthlyBRL": 1212.0, "status": "published", "sourceTerritoryType": "census_sector", "overlayColor": "#c6dbef"}}, {"type": "Feature", "geometry": {"type": "Polygon", "coordinates": [[[-43.37567049999996, -22.765923299999937], [-43.37537579999997, -22.76730479999998], [-43.376156899999955, -22.767438799999983], [-43.37643399999996, -22.766082999999973], [-43.37680779999994, -22.76615209999994], [-43.376763299999936, -22.76595999999995], [-43.376760899999965, -22.765790699999965], [-43.37677689999998, -22.765682899999934], [-43.37680349999994, -22.765597799999966], [-43.37620719999995, -22.76550769999994], [-43.37575849999996, -22.76541679999997], [-43.375751399999956, -22.765457899999937], [-43.37571329999997, -22.765677099999948], [-43.375688199999956, -22.765821599999974], [-43.37567049999996, -22.765923299999937]]]}, "properties": {"id": "330510910000178", "name": "Setor 330510910000178", "meanMonthlyBRL": 1513.11, "medianMonthlyBRL": 1300.0, "status": "published", "sourceTerritoryType": "census_sector", "overlayColor": "#c6dbef"}}, {"type": "Feature", "geometry": {"type": "Polygon", "coordinates": [[[-43.37192429999993, -22.767510999999953], [-43.372063399999945, -22.767554799999967], [-43.372829199999956, -22.768385399999936], [-43.373276199999964, -22.768766399999947], [-43.37385359999996, -22.768261999999925], [-43.37414239999998, -22.76801119999993], [-43.37433539999995, -22.767806299999958], [-43.37443049999996, -22.76765179999995], [-43.37454629999996, -22.767414199999966], [-43.37464559999995, -22.76717529999996], [-43.37433169999997, -22.76711879999993], [-43.37382839999998, -22.767028299999932], [-43.37335829999995, -22.766943699999953], [-43.37285509999998, -22.76685309999993], [-43.37262439999995, -22.766811599999983], [-43.372415399999966, -22.76677399999994], [-43.37236109999998, -22.766762199999963], [-43.37210319999997, -22.766705999999946], [-43.37205659999996, -22.76686279999996], [-43.37192429999993, -22.767510999999953]]]}, "properties": {"id": "330510910000179", "name": "Setor 330510910000179", "meanMonthlyBRL": 1673.1, "medianMonthlyBRL": 1300.0, "status": "published", "sourceTerritoryType": "census_sector", "overlayColor": "#c6dbef"}}, {"type": "Feature", "geometry": {"type": "Polygon", "coordinates": [[[-43.37159029999998, -22.76919499999997], [-43.37153939999996, -22.76945129999996], [-43.37163429999998, -22.76947699999993], [-43.37244709999993, -22.769610099999962], [-43.37258159999993, -22.769640799999937], [-43.37294629999997, -22.769724199999928], [-43.37339309999994, -22.769909599999952], [-43.37384279999998, -22.770282899999927], [-43.37424619999996, -22.769939499999957], [-43.37454759999997, -22.769682899999957], [-43.37459719999998, -22.769639999999974], [-43.37440739999994, -22.769426499999945], [-43.373905899999954, -22.769204699999932], [-43.37366579999997, -22.76909849999992], [-43.373276199999964, -22.768766399999947], [-43.372829199999956, -22.768385399999936], [-43.372063399999945, -22.767554799999967], [-43.37192429999993, -22.767510999999953], [-43.371902399999954, -22.767621299999966], [-43.37159029999998, -22.76919499999997]]]}, "properties": {"id": "330510910000180", "name": "Setor 330510910000180", "meanMonthlyBRL": 1786.23, "medianMonthlyBRL": 1300.0, "status": "published", "sourceTerritoryType": "census_sector", "overlayColor": "#c6dbef"}}, {"type": "Feature", "geometry": {"type": "Polygon", "coordinates": [[[-43.36983189999995, -22.769439499999976], [-43.36922049999998, -22.769653599999963], [-43.368486099999984, -22.769757299999984], [-43.36779969999998, -22.76984959999993], [-43.36800509999995, -22.771287499999975], [-43.368678399999965, -22.771198299999977], [-43.36864809999997, -22.770971099999944], [-43.369216499999936, -22.770919599999953], [-43.36943669999994, -22.770873099999953], [-43.36975689999997, -22.770736199999927], [-43.369928699999946, -22.77054869999995], [-43.37006059999993, -22.770327599999973], [-43.370046299999956, -22.770138699999958], [-43.36997539999993, -22.76993909999993], [-43.370967399999984, -22.76968119999998], [-43.371040999999934, -22.770110199999976], [-43.37133269999998, -22.77016129999992], [-43.371396999999945, -22.770182399999953], [-43.37153939999996, -22.76945129999996], [-43.37159029999998, -22.76919499999997], [-43.37152809999998, -22.769188399999962], [-43.37081679999994, -22.76909459999995], [-43.36983189999995, -22.769439499999976]]]}, "properties": {"id": "330510910000181", "name": "Setor 330510910000181", "meanMonthlyBRL": 1519.84, "medianMonthlyBRL": 1212.0, "status": "published", "sourceTerritoryType": "census_sector", "overlayColor": "#c6dbef"}}, {"type": "Feature", "geometry": {"type": "Polygon", "coordinates": [[[-43.36880899999994, -22.772177299999953], [-43.36873879999996, -22.772168799999974], [-43.36847019999993, -22.772209099999934], [-43.36816609999994, -22.772414399999935], [-43.36780989999994, -22.77266179999998], [-43.367984999999976, -22.772757899999934], [-43.36855349999996, -22.772931899999946], [-43.36864069999996, -22.772992799999933], [-43.36887969999998, -22.773004499999956], [-43.36915479999993, -22.773099799999954], [-43.369360599999936, -22.773214299999953], [-43.369578099999956, -22.773401799999927], [-43.369754099999966, -22.77366029999996], [-43.36982489999997, -22.77398989999995], [-43.369807099999946, -22.774349599999937], [-43.36977269999994, -22.775045199999965], [-43.36974159999994, -22.775425499999983], [-43.36993959999995, -22.775469299999944], [-43.37007459999995, -22.775539399999953], [-43.37013809999996, -22.77559659999997], [-43.37012459999994, -22.77601469999996], [-43.37016509999995, -22.77621029999994], [-43.37033369999995, -22.776324999999932], [-43.37053949999995, -22.77640069999995], [-43.370578999999964, -22.77613679999996], [-43.370584099999974, -22.775960899999973], [-43.37061229999995, -22.774995899999965], [-43.37064499999997, -22.774510399999947], [-43.37066599999997, -22.77419969999993], [-43.370707599999946, -22.773868299999943], [-43.370816899999966, -22.77313329999993], [-43.37100209999995, -22.77244589999998], [-43.37102369999997, -22.772092499999925], [-43.370727699999975, -22.772177899999974], [-43.37061959999994, -22.772209099999937], [-43.36998149999994, -22.77237029999998], [-43.369806799999935, -22.772397199999943], [-43.36960839999995, -22.772376099999974], [-43.36935009999996, -22.77230979999996], [-43.36896049999996, -22.772195699999948], [-43.36880899999994, -22.772177299999953]]]}, "properties": {"id": "330510910000183", "name": "Setor 330510910000183", "meanMonthlyBRL": 1608.98, "medianMonthlyBRL": 1300.0, "status": "published", "sourceTerritoryType": "census_sector", "overlayColor": "#c6dbef"}}, {"type": "Feature", "geometry": {"type": "Polygon", "coordinates": [[[-43.36907139999994, -22.77664689999995], [-43.369406399999946, -22.77653399999996], [-43.36954919999994, -22.77637619999996], [-43.36969179999994, -22.776033999999974], [-43.36974159999994, -22.775425499999983], [-43.36977269999994, -22.775045199999965], [-43.369807099999946, -22.774349599999937], [-43.36982489999997, -22.77398989999995], [-43.369754099999966, -22.77366029999996], [-43.369578099999956, -22.773401799999927], [-43.369360599999936, -22.773214299999953], [-43.36915479999993, -22.773099799999954], [-43.36887969999998, -22.773004499999956], [-43.36864069999996, -22.772992799999933], [-43.36841709999993, -22.773080699999976], [-43.368168999999966, -22.773288399999956], [-43.36806649999994, -22.773750599999975], [-43.36796149999998, -22.775344699999952], [-43.36860569999993, -22.77610039999996], [-43.36907139999994, -22.77664689999995]]]}, "properties": {"id": "330510910000184", "name": "Setor 330510910000184", "meanMonthlyBRL": 1623.71, "medianMonthlyBRL": 1300.0, "status": "published", "sourceTerritoryType": "census_sector", "overlayColor": "#c6dbef"}}, {"type": "Feature", "geometry": {"type": "Polygon", "coordinates": [[[-43.36752319999994, -22.77286089999995], [-43.36732509999996, -22.772998499999975], [-43.36722949999995, -22.774493799999963], [-43.367165299999954, -22.775549099999974], [-43.367956799999945, -22.77657589999996], [-43.36835609999997, -22.77674699999994], [-43.36871259999998, -22.776761299999972], [-43.36907139999994, -22.77664689999995], [-43.36860569999993, -22.77610039999996], [-43.36796149999998, -22.775344699999952], [-43.36806649999994, -22.773750599999975], [-43.368168999999966, -22.773288399999956], [-43.36841709999993, -22.773080699999976], [-43.36864069999996, -22.772992799999933], [-43.36855349999996, -22.772931899999946], [-43.367984999999976, -22.772757899999934], [-43.36780989999994, -22.77266179999998], [-43.36752319999994, -22.77286089999995]]]}, "properties": {"id": "330510910000185", "name": "Setor 330510910000185", "meanMonthlyBRL": 1914.55, "medianMonthlyBRL": 1500.0, "status": "published", "sourceTerritoryType": "census_sector", "overlayColor": "#9ecae1"}}, {"type": "Feature", "geometry": {"type": "Polygon", "coordinates": [[[-43.36719799999997, -22.773086699999954], [-43.36697229999993, -22.773243499999975], [-43.36649709999995, -22.773545799999972], [-43.36645009999995, -22.77441869999996], [-43.36641679999997, -22.775038299999952], [-43.366414099999986, -22.77508849999998], [-43.36637339999993, -22.77584579999995], [-43.36647769999996, -22.77591559999997], [-43.367143899999974, -22.77669229999998], [-43.368424499999946, -22.777787099999962], [-43.36833669999993, -22.77799139999996], [-43.36807049999993, -22.778609999999958], [-43.368710799999974, -22.77882999999997], [-43.368983499999956, -22.778226399999934], [-43.36939079999996, -22.77732589999993], [-43.36949219999997, -22.77710349999995], [-43.369530199999986, -22.776856299999963], [-43.369406399999946, -22.77653399999996], [-43.36907139999994, -22.77664689999995], [-43.36871259999998, -22.776761299999972], [-43.36835609999997, -22.77674699999994], [-43.367956799999945, -22.77657589999996], [-43.367165299999954, -22.775549099999974], [-43.36722949999995, -22.774493799999963], [-43.36732509999996, -22.772998499999975], [-43.36719799999997, -22.773086699999954]]]}, "properties": {"id": "330510910000186", "name": "Setor 330510910000186", "meanMonthlyBRL": 2156.25, "medianMonthlyBRL": 1500.0, "status": "published", "sourceTerritoryType": "census_sector", "overlayColor": "#9ecae1"}}, {"type": "Feature", "geometry": {"type": "Polygon", "coordinates": [[[-43.369406399999946, -22.77653399999996], [-43.369530199999986, -22.776856299999963], [-43.36949219999997, -22.77710349999995], [-43.36939079999996, -22.77732589999993], [-43.368983499999956, -22.778226399999934], [-43.368710799999974, -22.77882999999997], [-43.36875839999993, -22.778846299999945], [-43.36930499999994, -22.779074499999986], [-43.36937139999998, -22.779097399999955], [-43.369447599999944, -22.778908099999967], [-43.36984219999994, -22.778052499999937], [-43.370057299999985, -22.77757299999996], [-43.37051719999994, -22.77655029999994], [-43.37053949999995, -22.77640069999995], [-43.37033369999995, -22.776324999999932], [-43.37016509999995, -22.77621029999994], [-43.37012459999994, -22.77601469999996], [-43.37013809999996, -22.77559659999997], [-43.37007459999995, -22.775539399999953], [-43.36993959999995, -22.775469299999944], [-43.36974159999994, -22.775425499999983], [-43.36969179999994, -22.776033999999974], [-43.36954919999994, -22.77637619999996], [-43.369406399999946, -22.77653399999996]]]}, "properties": {"id": "330510910000187", "name": "Setor 330510910000187", "meanMonthlyBRL": 3209.08, "medianMonthlyBRL": 1800.0, "status": "published", "sourceTerritoryType": "census_sector", "overlayColor": "#9ecae1"}}, {"type": "Feature", "geometry": {"type": "Polygon", "coordinates": [[[-43.36781979999995, -22.779192699999953], [-43.367560499999975, -22.779795499999985], [-43.36729209999993, -22.78041999999994], [-43.36703579999994, -22.781020899999927], [-43.36735599999997, -22.781146999999965], [-43.36783139999994, -22.781322899999964], [-43.368362899999966, -22.781507499999975], [-43.36861299999999, -22.780929899999933], [-43.368891599999984, -22.780279999999944], [-43.36913409999994, -22.779685999999966], [-43.36937139999998, -22.779097399999955], [-43.36930499999994, -22.779074499999986], [-43.36875839999993, -22.778846299999945], [-43.368710799999974, -22.77882999999997], [-43.36807049999993, -22.778609999999958], [-43.36781979999995, -22.779192699999953]]]}, "properties": {"id": "330510910000188", "name": "Setor 330510910000188", "meanMonthlyBRL": 2122.11, "medianMonthlyBRL": 1427.0, "status": "published", "sourceTerritoryType": "census_sector", "overlayColor": "#c6dbef"}}, {"type": "Feature", "geometry": {"type": "Polygon", "coordinates": [[[-43.36652309999994, -22.782222799999943], [-43.36632629999997, -22.78268419999995], [-43.366236999999956, -22.782821999999953], [-43.36687389999997, -22.78306729999997], [-43.36755499999998, -22.78332959999995], [-43.36778869999995, -22.783419599999945], [-43.36802249999994, -22.782762999999935], [-43.36783329999997, -22.78268309999993], [-43.368073799999934, -22.782197599999964], [-43.368107899999984, -22.78211379999992], [-43.368240199999946, -22.78178879999996], [-43.368362899999966, -22.781507499999975], [-43.36783139999994, -22.781322899999964], [-43.36735599999997, -22.781146999999965], [-43.36703579999994, -22.781020899999927], [-43.36678089999998, -22.781618399999953], [-43.36652309999994, -22.782222799999943]]]}, "properties": {"id": "330510910000189", "name": "Setor 330510910000189", "meanMonthlyBRL": 2100.49, "medianMonthlyBRL": 1212.0, "status": "published", "sourceTerritoryType": "census_sector", "overlayColor": "#c6dbef"}}, {"type": "Feature", "geometry": {"type": "Polygon", "coordinates": [[[-43.36586289999997, -22.783399099999944], [-43.36571309999994, -22.783630199999944], [-43.36494899999997, -22.784358199999925], [-43.36470049999998, -22.784595499999963], [-43.36483329999993, -22.78480479999995], [-43.36489049999995, -22.78489479999996], [-43.36500009999998, -22.78510379999994], [-43.36553139999995, -22.785737999999984], [-43.365677199999936, -22.785911999999943], [-43.365950699999985, -22.785617599999963], [-43.36610029999997, -22.785456599999964], [-43.36627879999998, -22.785536399999955], [-43.36662099999995, -22.785541099999936], [-43.36663209999995, -22.785548599999967], [-43.366673299999945, -22.78543659999996], [-43.36671809999996, -22.785245999999972], [-43.36679639999994, -22.784913299999968], [-43.36680929999994, -22.78485839999997], [-43.36688179999993, -22.78455069999995], [-43.36693829999996, -22.784310599999962], [-43.36695849999995, -22.784224399999964], [-43.36755499999998, -22.78332959999995], [-43.36687389999997, -22.78306729999997], [-43.366236999999956, -22.782821999999953], [-43.36586289999997, -22.783399099999944]]]}, "properties": {"id": "330510910000190", "name": "Setor 330510910000190", "meanMonthlyBRL": 1383.19, "medianMonthlyBRL": 1212.0, "status": "published", "sourceTerritoryType": "census_sector", "overlayColor": "#c6dbef"}}, {"type": "Feature", "geometry": {"type": "Polygon", "coordinates": [[[-43.36778869999995, -22.783419599999945], [-43.36755499999998, -22.78332959999995], [-43.36695849999995, -22.784224399999964], [-43.36693829999996, -22.784310599999962], [-43.36747889999998, -22.784507999999956], [-43.36819989999998, -22.78477139999995], [-43.368149899999935, -22.784873799999954], [-43.36789319999997, -22.785263599999944], [-43.36786729999994, -22.785319799999964], [-43.36848889999993, -22.785593799999955], [-43.36889149999996, -22.784907099999945], [-43.36922419999996, -22.784251099999953], [-43.36944289999997, -22.78392309999997], [-43.369637799999964, -22.783504799999946], [-43.36966459999997, -22.78345629999996], [-43.36907709999998, -22.783208299999956], [-43.368745399999966, -22.783788099999988], [-43.36786959999995, -22.78345079999996], [-43.36778869999995, -22.783419599999945]]]}, "properties": {"id": "330510910000191", "name": "Setor 330510910000191", "meanMonthlyBRL": 2545.02, "medianMonthlyBRL": 1500.0, "status": "published", "sourceTerritoryType": "census_sector", "overlayColor": "#9ecae1"}}, {"type": "Feature", "geometry": {"type": "Polygon", "coordinates": [[[-43.36740809999998, -22.766932799999942], [-43.36753639999995, -22.76777139999996], [-43.36754109999998, -22.76782229999998], [-43.367593099999965, -22.768387399999934], [-43.367597099999955, -22.768430999999964], [-43.36779969999998, -22.76984959999993], [-43.368486099999984, -22.769757299999984], [-43.36922049999998, -22.769653599999963], [-43.36904289999996, -22.768226799999976], [-43.36886919999995, -22.76683129999998], [-43.36811959999995, -22.766853799999982], [-43.36740809999998, -22.766932799999942]]]}, "properties": {"id": "330510910000192", "name": "Setor 330510910000192", "meanMonthlyBRL": 1674.73, "medianMonthlyBRL": 1212.0, "status": "published", "sourceTerritoryType": "census_sector", "overlayColor": "#c6dbef"}}, {"type": "Feature", "geometry": {"type": "Polygon", "coordinates": [[[-43.366896199999985, -22.76847679999998], [-43.367078299999946, -22.76977589999996], [-43.36730959999994, -22.77137959999993], [-43.36752319999994, -22.77286089999995], [-43.36780989999994, -22.77266179999998], [-43.36816609999994, -22.772414399999935], [-43.36800509999995, -22.771287499999975], [-43.36779969999998, -22.76984959999993], [-43.367597099999955, -22.768430999999964], [-43.367593099999965, -22.768387399999934], [-43.366896199999985, -22.76847679999998]]]}, "properties": {"id": "330510910000195", "name": "Setor 330510910000195", "meanMonthlyBRL": 2052.17, "medianMonthlyBRL": 1212.0, "status": "published", "sourceTerritoryType": "census_sector", "overlayColor": "#c6dbef"}}, {"type": "Feature", "geometry": {"type": "Polygon", "coordinates": [[[-43.36618939999994, -22.76756459999996], [-43.36588539999997, -22.76773929999996], [-43.36603899999995, -22.768824399999968], [-43.366295899999955, -22.77063899999996], [-43.36639279999997, -22.77132389999997], [-43.36650789999993, -22.77201489999993], [-43.36717109999995, -22.773044899999938], [-43.36719799999997, -22.773086699999954], [-43.36732509999996, -22.772998499999975], [-43.36752319999994, -22.77286089999995], [-43.36730959999994, -22.77137959999993], [-43.367078299999946, -22.76977589999996], [-43.366896199999985, -22.76847679999998], [-43.36681909999993, -22.76792649999993], [-43.366754199999946, -22.767463099999933], [-43.36631179999995, -22.767494199999934], [-43.36618939999994, -22.76756459999996]]]}, "properties": {"id": "330510910000196", "name": "Setor 330510910000196", "meanMonthlyBRL": 1614.96, "medianMonthlyBRL": 1212.0, "status": "published", "sourceTerritoryType": "census_sector", "overlayColor": "#c6dbef"}}, {"type": "Feature", "geometry": {"type": "Polygon", "coordinates": [[[-43.36264259999996, -22.777754599999977], [-43.363458099999946, -22.77741309999993], [-43.363567399999965, -22.777629399999967], [-43.363833599999964, -22.777990699999975], [-43.36401379999995, -22.77802899999994], [-43.36441199999996, -22.77692529999996], [-43.364261099999965, -22.776356599999925], [-43.36290429999997, -22.77593879999995], [-43.361968099999956, -22.775700399999945], [-43.36218409999998, -22.77682599999997], [-43.36220249999997, -22.776865699999966], [-43.36245029999998, -22.777401199999925], [-43.36264259999996, -22.777754599999977]]]}, "properties": {"id": "330510910000197", "name": "Setor 330510910000197", "meanMonthlyBRL": 2105.76, "medianMonthlyBRL": 1600.0, "status": "published", "sourceTerritoryType": "census_sector", "overlayColor": "#9ecae1"}}, {"type": "Feature", "geometry": {"type": "Polygon", "coordinates": [[[-43.36552809999995, -22.779738999999946], [-43.36654719999996, -22.780132399999953], [-43.36627859999993, -22.780742999999973], [-43.36659549999996, -22.780847599999955], [-43.36703579999994, -22.781020899999927], [-43.36729209999993, -22.78041999999994], [-43.367560499999975, -22.779795499999985], [-43.36781979999995, -22.779192699999953], [-43.366125599999975, -22.77861729999995], [-43.36604109999996, -22.77865789999993], [-43.36595189999997, -22.77872699999994], [-43.36585569999994, -22.778852799999978], [-43.36575069999998, -22.779136799999943], [-43.36552809999995, -22.779738999999946]]]}, "properties": {"id": "330510910000198", "name": "Setor 330510910000198", "meanMonthlyBRL": 1916.91, "medianMonthlyBRL": 1500.0, "status": "published", "sourceTerritoryType": "census_sector", "overlayColor": "#9ecae1"}}, {"type": "Feature", "geometry": {"type": "Polygon", "coordinates": [[[-43.363220299999966, -22.768821999999943], [-43.36314609999994, -22.769056799999923], [-43.36283619999995, -22.76928399999997], [-43.36245789999998, -22.76954739999996], [-43.362104399999964, -22.76974139999992], [-43.36177319999996, -22.769796399999954], [-43.361781399999984, -22.769957499999975], [-43.36179709999993, -22.770265699999985], [-43.36204129999994, -22.770935999999956], [-43.36223729999995, -22.77125589999997], [-43.36237849999998, -22.771486299999935], [-43.36244489999996, -22.771276099999962], [-43.36281669999995, -22.770099299999963], [-43.363263199999956, -22.77022809999994], [-43.36388949999997, -22.77036289999995], [-43.36412839999997, -22.76949719999993], [-43.36430769999998, -22.768856699999954], [-43.36343789999995, -22.768683299999964], [-43.363220299999966, -22.768821999999943]]]}, "properties": {"id": "330510910000200", "name": "Setor 330510910000200", "meanMonthlyBRL": 1823.55, "medianMonthlyBRL": 1500.0, "status": "published", "sourceTerritoryType": "census_sector", "overlayColor": "#9ecae1"}}, {"type": "Feature", "geometry": {"type": "Polygon", "coordinates": [[[-43.36237849999998, -22.771486299999935], [-43.36347439999997, -22.77186129999996], [-43.36451429999994, -22.772169399999942], [-43.36486729999996, -22.770921899999962], [-43.36495439999993, -22.77063399999997], [-43.36426299999994, -22.770443699999934], [-43.36388949999997, -22.77036289999995], [-43.363263199999956, -22.77022809999994], [-43.36281669999995, -22.770099299999963], [-43.36244489999996, -22.771276099999962], [-43.36237849999998, -22.771486299999935]]]}, "properties": {"id": "330510910000201", "name": "Setor 330510910000201", "meanMonthlyBRL": 1830.47, "medianMonthlyBRL": 1500.0, "status": "published", "sourceTerritoryType": "census_sector", "overlayColor": "#9ecae1"}}, {"type": "Feature", "geometry": {"type": "Polygon", "coordinates": [[[-43.36410669999998, -22.77355059999996], [-43.36382439999994, -22.77387379999993], [-43.36385909999996, -22.77390739999993], [-43.364352199999985, -22.774281899999945], [-43.364466799999946, -22.77441739999995], [-43.364475599999935, -22.774450499999947], [-43.36452289999994, -22.77462989999998], [-43.36467989999994, -22.775491399999964], [-43.36484619999993, -22.775647099999965], [-43.36533099999997, -22.77597509999999], [-43.36572559999996, -22.776017899999943], [-43.36637339999993, -22.77584579999995], [-43.366414099999986, -22.77508849999998], [-43.36641679999997, -22.775038299999952], [-43.36645009999995, -22.77441869999996], [-43.36649709999995, -22.773545799999972], [-43.365758899999946, -22.773615399999983], [-43.36410669999998, -22.77355059999996]]]}, "properties": {"id": "330510910000203", "name": "Setor 330510910000203", "meanMonthlyBRL": 2227.56, "medianMonthlyBRL": 1212.0, "status": "published", "sourceTerritoryType": "census_sector", "overlayColor": "#c6dbef"}}, {"type": "Feature", "geometry": {"type": "Polygon", "coordinates": [[[-43.361968099999956, -22.775700399999945], [-43.36290429999997, -22.77593879999995], [-43.364261099999965, -22.776356599999925], [-43.36439459999997, -22.77639819999996], [-43.36515989999998, -22.776559799999973], [-43.36543389999997, -22.776596199999975], [-43.36595369999998, -22.776711899999952], [-43.366313599999955, -22.776956599999945], [-43.36637339999993, -22.77584579999995], [-43.36572559999996, -22.776017899999943], [-43.36533099999997, -22.77597509999999], [-43.36484619999993, -22.775647099999965], [-43.36467989999994, -22.775491399999964], [-43.36452289999994, -22.77462989999998], [-43.364475599999935, -22.774450499999947], [-43.364466799999946, -22.77441739999995], [-43.364352199999985, -22.774281899999945], [-43.36385909999996, -22.77390739999993], [-43.36382439999994, -22.77387379999993], [-43.36350559999994, -22.774216299999978], [-43.36297319999994, -22.774710699999957], [-43.36223169999994, -22.775475999999973], [-43.362171099999955, -22.775527599999975], [-43.361968099999956, -22.775700399999945]]]}, "properties": {"id": "330510910000204", "name": "Setor 330510910000204", "meanMonthlyBRL": 4150.26, "medianMonthlyBRL": 2125.0, "status": "published", "sourceTerritoryType": "census_sector", "overlayColor": "#6baed6"}}, {"type": "Feature", "geometry": {"type": "Polygon", "coordinates": [[[-43.36466559999997, -22.78017329999994], [-43.36490799999996, -22.780215299999945], [-43.36529489999998, -22.780369799999963], [-43.36552809999995, -22.779738999999946], [-43.36575069999998, -22.779136799999943], [-43.36585569999994, -22.778852799999978], [-43.36595189999997, -22.77872699999994], [-43.36604109999996, -22.77865789999993], [-43.366125599999975, -22.77861729999995], [-43.36612579999996, -22.778589099999976], [-43.366102299999966, -22.77816429999995], [-43.36609629999998, -22.77805719999998], [-43.366057599999976, -22.778152299999928], [-43.36598289999995, -22.778211699999932], [-43.365804699999956, -22.778262299999934], [-43.365544899999975, -22.778223599999933], [-43.365297699999985, -22.77823779999994], [-43.364964999999984, -22.77839469999998], [-43.36468929999995, -22.77850879999994], [-43.36446589999997, -22.778632399999932], [-43.36428049999996, -22.77877979999994], [-43.36412359999997, -22.779060199999947], [-43.364175899999964, -22.77928359999993], [-43.36428999999998, -22.77944049999997], [-43.36454669999995, -22.779440499999957], [-43.36474629999998, -22.779278899999944], [-43.364808799999935, -22.77909459999995], [-43.364820399999985, -22.779125099999934], [-43.36499089999995, -22.779579699999946], [-43.36496559999995, -22.779689199999947], [-43.364912199999935, -22.77975849999996], [-43.364866999999954, -22.779966299999952], [-43.36472759999998, -22.78013589999994], [-43.36466559999997, -22.78017329999994]]]}, "properties": {"id": "330510910000205", "name": "Setor 330510910000205", "meanMonthlyBRL": 2175.99, "medianMonthlyBRL": 2035.0, "status": "published", "sourceTerritoryType": "census_sector", "overlayColor": "#6baed6"}}, {"type": "Feature", "geometry": {"type": "Polygon", "coordinates": [[[-43.362196799999936, -22.78119139999995], [-43.36245809999997, -22.78205179999997], [-43.362523299999964, -22.782272999999982], [-43.36262799999997, -22.782623999999938], [-43.36265819999994, -22.782722299999925], [-43.36280689999996, -22.783205299999963], [-43.362958599999956, -22.783777399999956], [-43.363572199999965, -22.783200599999937], [-43.36370999999997, -22.782815499999966], [-43.36381159999996, -22.782631099999954], [-43.36403219999994, -22.78198469999995], [-43.36440859999993, -22.780868599999962], [-43.36466559999997, -22.78017329999994], [-43.36444209999996, -22.780134499999967], [-43.36432519999994, -22.78014319999994], [-43.36405709999997, -22.780162999999945], [-43.36383839999996, -22.780067999999964], [-43.363648299999966, -22.780010899999976], [-43.363606999999945, -22.77996209999998], [-43.36340759999996, -22.780397799999946], [-43.36301179999998, -22.780843499999946], [-43.36291799999998, -22.780949199999945], [-43.362196799999936, -22.78119139999995]]]}, "properties": {"id": "330510910000207", "name": "Setor 330510910000207", "meanMonthlyBRL": 2338.47, "medianMonthlyBRL": 2100.0, "status": "published", "sourceTerritoryType": "census_sector", "overlayColor": "#6baed6"}}, {"type": "Feature", "geometry": {"type": "Polygon", "coordinates": [[[-43.36235289999996, -22.762963199999945], [-43.36267109999994, -22.76302109999995], [-43.367061099999944, -22.763929499999968], [-43.36894939999996, -22.764320199999933], [-43.370096899999965, -22.764559599999924], [-43.37093179999994, -22.764675199999942], [-43.372208899999976, -22.764848599999937], [-43.37240799999995, -22.764783699999956], [-43.37250819999997, -22.764607799999965], [-43.37256919999993, -22.764184499999942], [-43.37253059999995, -22.76417069999996], [-43.37245339999998, -22.764143199999975], [-43.37213479999997, -22.764071799999947], [-43.37189859999995, -22.764055299999935], [-43.371618499999954, -22.764082799999986], [-43.37150639999993, -22.764121899999964], [-43.37139399999995, -22.764161199999933], [-43.37128089999993, -22.764167299999944], [-43.371205499999974, -22.764171399999952], [-43.37048579999998, -22.76402079999997], [-43.36953919999996, -22.76382279999996], [-43.36840719999998, -22.763585999999968], [-43.36741839999996, -22.763379199999974], [-43.36667579999994, -22.763223799999935], [-43.36581189999998, -22.76304309999994], [-43.365608899999984, -22.763000599999934], [-43.36555999999996, -22.76299239999997], [-43.36498849999998, -22.762896699999946], [-43.36360779999996, -22.762665199999955], [-43.36317619999994, -22.762592899999955], [-43.36235419999997, -22.762490799999966], [-43.36235419999997, -22.762502799999936], [-43.36235289999996, -22.762963199999945]]]}, "properties": {"id": "330510910000208", "name": "Setor 330510910000208", "meanMonthlyBRL": 1056.76, "medianMonthlyBRL": 1200.0, "status": "published", "sourceTerritoryType": "census_sector", "overlayColor": "#c6dbef"}}, {"type": "Feature", "geometry": {"type": "Polygon", "coordinates": [[[-43.36413289999996, -22.764520999999945], [-43.36587909999997, -22.76489469999996], [-43.366133599999955, -22.764995199999934], [-43.36644339999998, -22.76500579999998], [-43.366488999999945, -22.76537529999996], [-43.366690999999946, -22.767012499999957], [-43.366754199999946, -22.767463099999933], [-43.36681909999993, -22.76792649999993], [-43.366896199999985, -22.76847679999998], [-43.367593099999965, -22.768387399999934], [-43.36754109999998, -22.76782229999998], [-43.36753639999995, -22.76777139999996], [-43.36740809999998, -22.766932799999942], [-43.367221699999966, -22.765463099999987], [-43.367186999999944, -22.765179999999926], [-43.367160799999965, -22.764965799999963], [-43.36708409999994, -22.76433929999996], [-43.36637239999993, -22.76442809999997], [-43.364974699999955, -22.764238899999953], [-43.36422539999995, -22.764101499999974], [-43.36413289999996, -22.764520999999945]]]}, "properties": {"id": "330510910000210", "name": "Setor 330510910000210", "meanMonthlyBRL": 1679.68, "medianMonthlyBRL": 1212.0, "status": "published", "sourceTerritoryType": "census_sector", "overlayColor": "#c6dbef"}}, {"type": "Feature", "geometry": {"type": "Polygon", "coordinates": [[[-43.36398279999998, -22.765200799999942], [-43.36429089999996, -22.765261399999936], [-43.36496919999996, -22.76539469999994], [-43.365543499999944, -22.765507499999956], [-43.36565159999998, -22.76560259999996], [-43.36583699999994, -22.76653429999993], [-43.36583219999994, -22.766610399999934], [-43.36549209999998, -22.766876399999937], [-43.36583109999998, -22.767143299999926], [-43.366101199999946, -22.767112699999924], [-43.36611889999995, -22.76720359999996], [-43.36613669999997, -22.76729449999993], [-43.36618939999994, -22.76756459999996], [-43.36631179999995, -22.767494199999934], [-43.366754199999946, -22.767463099999933], [-43.366690999999946, -22.767012499999957], [-43.366488999999945, -22.76537529999996], [-43.36644339999998, -22.76500579999998], [-43.366133599999955, -22.764995199999934], [-43.36587909999997, -22.76489469999996], [-43.36413289999996, -22.764520999999945], [-43.36398279999998, -22.765200799999942]]]}, "properties": {"id": "330510910000211", "name": "Setor 330510910000211", "meanMonthlyBRL": 1430.85, "medianMonthlyBRL": 1212.0, "status": "published", "sourceTerritoryType": "census_sector", "overlayColor": "#c6dbef"}}, {"type": "Feature", "geometry": {"type": "Polygon", "coordinates": [[[-43.36355169999996, -22.768051199999945], [-43.36362249999997, -22.768092199999952], [-43.36374159999997, -22.76809959999997], [-43.36457729999995, -22.76752779999998], [-43.36509069999994, -22.767190299999974], [-43.36522269999995, -22.767087099999976], [-43.36549209999998, -22.766876399999937], [-43.36583219999994, -22.766610399999934], [-43.36583699999994, -22.76653429999993], [-43.36565159999998, -22.76560259999996], [-43.365543499999944, -22.765507499999956], [-43.36496919999996, -22.76539469999994], [-43.36429089999996, -22.765261399999936], [-43.36423049999996, -22.76547869999995], [-43.364056699999935, -22.766105499999973], [-43.36396129999997, -22.76645219999995], [-43.363826199999956, -22.767085699999935], [-43.36375489999995, -22.767656099999954], [-43.36368209999995, -22.767831599999955], [-43.36358149999995, -22.767909699999958], [-43.36355169999996, -22.768051199999945]]]}, "properties": {"id": "330510910000212", "name": "Setor 330510910000212", "meanMonthlyBRL": 1427.02, "medianMonthlyBRL": 1212.0, "status": "published", "sourceTerritoryType": "census_sector", "overlayColor": "#c6dbef"}}, {"type": "Feature", "geometry": {"type": "Polygon", "coordinates": [[[-43.36102009999996, -22.774116199999984], [-43.36099859999996, -22.77455659999999], [-43.36099109999998, -22.77471709999997], [-43.36098769999996, -22.77478969999992], [-43.360955099999956, -22.775485299999957], [-43.36096999999995, -22.77589789999996], [-43.361159199999975, -22.775915099999956], [-43.36182239999994, -22.775739099999953], [-43.361968099999956, -22.775700399999945], [-43.362171099999955, -22.775527599999975], [-43.36223169999994, -22.775475999999973], [-43.36297319999994, -22.774710699999957], [-43.36350559999994, -22.774216299999978], [-43.36382439999994, -22.77387379999993], [-43.36410669999998, -22.77355059999996], [-43.36414169999995, -22.77339989999996], [-43.36451429999994, -22.772169399999942], [-43.36347439999997, -22.77186129999996], [-43.36237849999998, -22.771486299999935], [-43.36297639999998, -22.772645599999976], [-43.36322729999995, -22.772775799999973], [-43.36336209999996, -22.772894599999965], [-43.362778299999945, -22.773303599999966], [-43.36172589999995, -22.77378999999996], [-43.36102009999996, -22.774116199999984]]]}, "properties": {"id": "330510910000214", "name": "Setor 330510910000214", "meanMonthlyBRL": 2285.21, "medianMonthlyBRL": 2000.0, "status": "published", "sourceTerritoryType": "census_sector", "overlayColor": "#6baed6"}}, {"type": "Feature", "geometry": {"type": "Polygon", "coordinates": [[[-43.36247549999996, -22.765220899999985], [-43.36236519999994, -22.766177599999935], [-43.36235979999998, -22.76622409999993], [-43.36231339999995, -22.767254399999956], [-43.36214229999996, -22.767814199999975], [-43.36192059999996, -22.768064299999928], [-43.36184499999996, -22.76814959999996], [-43.36199159999995, -22.768297299999976], [-43.36211999999995, -22.768423399999953], [-43.36214179999996, -22.768453199999954], [-43.36224749999997, -22.768448499999977], [-43.36240859999998, -22.76844799999997], [-43.36240299999997, -22.768520099999932], [-43.36254459999998, -22.768586799999973], [-43.36260069999997, -22.768567699999952], [-43.36268059999998, -22.768541199999966], [-43.36281509999998, -22.768590499999952], [-43.362918099999945, -22.76864409999996], [-43.36307429999994, -22.76866949999993], [-43.36315239999993, -22.76868229999996], [-43.363255299999935, -22.76871109999996], [-43.36327449999993, -22.76865029999993], [-43.36330839999994, -22.76852189999994], [-43.363309399999935, -22.768515999999973], [-43.36334469999997, -22.768319899999945], [-43.36335799999995, -22.76824559999994], [-43.36338299999994, -22.767536099999965], [-43.363297399999965, -22.767179599999963], [-43.363319099999956, -22.76692189999994], [-43.36335799999995, -22.765831899999963], [-43.36344359999998, -22.765272199999963], [-43.36354339999997, -22.765168799999973], [-43.36371099999997, -22.765147399999936], [-43.36398279999998, -22.765200799999942], [-43.36413289999996, -22.764520999999945], [-43.36396279999997, -22.764484899999953], [-43.362482299999954, -22.76423239999997], [-43.36251059999995, -22.764528199999976], [-43.36253089999997, -22.764740999999955], [-43.36247549999996, -22.765220899999985]]]}, "properties": {"id": "330510910000215", "name": "Setor 330510910000215", "meanMonthlyBRL": 1585.72, "medianMonthlyBRL": 1500.0, "status": "published", "sourceTerritoryType": "census_sector", "overlayColor": "#9ecae1"}}, {"type": "Feature", "geometry": {"type": "Polygon", "coordinates": [[[-43.36171009999998, -22.76830169999993], [-43.36163119999998, -22.76839089999993], [-43.361710899999935, -22.768680699999944], [-43.36177319999996, -22.769796399999954], [-43.362104399999964, -22.76974139999992], [-43.36245789999998, -22.76954739999996], [-43.36283619999995, -22.76928399999997], [-43.36314609999994, -22.769056799999923], [-43.363220299999966, -22.768821999999943], [-43.363255299999935, -22.76871109999996], [-43.36315239999993, -22.76868229999996], [-43.36307429999994, -22.76866949999993], [-43.362918099999945, -22.76864409999996], [-43.36281509999998, -22.768590499999952], [-43.36268059999998, -22.768541199999966], [-43.36260069999997, -22.768567699999952], [-43.36254459999998, -22.768586799999973], [-43.36240299999997, -22.768520099999932], [-43.36240859999998, -22.76844799999997], [-43.36224749999997, -22.768448499999977], [-43.36214179999996, -22.768453199999954], [-43.36211999999995, -22.768423399999953], [-43.36199159999995, -22.768297299999976], [-43.36184499999996, -22.76814959999996], [-43.36171009999998, -22.76830169999993]]]}, "properties": {"id": "330510910000216", "name": "Setor 330510910000216", "meanMonthlyBRL": 1440.46, "medianMonthlyBRL": 1212.0, "status": "published", "sourceTerritoryType": "census_sector", "overlayColor": "#c6dbef"}}, {"type": "Feature", "geometry": {"type": "Polygon", "coordinates": [[[-43.377752699999974, -22.78172179999996], [-43.37789509999993, -22.782170499999953], [-43.37826549999994, -22.781974199999983], [-43.378484199999946, -22.781774499999976], [-43.37908769999996, -22.78067799999996], [-43.379106899999954, -22.780643199999922], [-43.37913669999995, -22.780584999999974], [-43.37930659999995, -22.78025339999994], [-43.37946819999996, -22.779987199999933], [-43.37970109999998, -22.779896799999968], [-43.379750399999985, -22.779905499999924], [-43.38002439999997, -22.779953899999956], [-43.38049499999994, -22.780063199999976], [-43.38096559999997, -22.780281899999977], [-43.381575099999964, -22.78059579999995], [-43.38180689999996, -22.780210599999972], [-43.38137229999995, -22.77953099999996], [-43.38131109999995, -22.779556599999975], [-43.38128009999997, -22.77956969999997], [-43.38009089999997, -22.779397699999937], [-43.37988699999994, -22.779377799999967], [-43.37941929999994, -22.77933199999995], [-43.379113899999936, -22.779285499999954], [-43.37893579999997, -22.77959259999994], [-43.37828779999995, -22.78082639999997], [-43.377752699999974, -22.78172179999996]]]}, "properties": {"id": "330510910000217", "name": "Setor 330510910000217", "meanMonthlyBRL": 2114.18, "medianMonthlyBRL": 1500.0, "status": "published", "sourceTerritoryType": "census_sector", "overlayColor": "#9ecae1"}}, {"type": "Feature", "geometry": {"type": "Polygon", "coordinates": [[[-43.37793879999998, -22.769837699999975], [-43.37806919999997, -22.770222699999973], [-43.37804999999997, -22.77035029999996], [-43.378013599999974, -22.77044669999998], [-43.37784609999995, -22.77060739999996], [-43.377570299999945, -22.77086819999994], [-43.37818329999993, -22.771163499999936], [-43.37872839999994, -22.77142599999996], [-43.37881689999995, -22.771259599999954], [-43.37897859999998, -22.77099809999992], [-43.37925429999996, -22.77090779999998], [-43.37941609999996, -22.77084759999996], [-43.379287499999975, -22.770760499999938], [-43.37902129999998, -22.770432499999966], [-43.37938649999995, -22.770173199999928], [-43.38033779999995, -22.76932049999993], [-43.380308799999966, -22.76925439999997], [-43.38028319999995, -22.769195799999977], [-43.380262399999935, -22.769162399999974], [-43.380116999999984, -22.768928499999955], [-43.38010039999995, -22.768901799999984], [-43.38009949999997, -22.76890279999998], [-43.379946099999984, -22.769069399999978], [-43.37979119999994, -22.76913719999993], [-43.37947839999998, -22.769058799999968], [-43.37948719999997, -22.768801999999937], [-43.37930179999995, -22.768388399999935], [-43.37910219999998, -22.768207799999974], [-43.37856019999998, -22.767989099999966], [-43.37836219999997, -22.767950499999923], [-43.37819579999996, -22.767741599999958], [-43.377079099999946, -22.768275199999948], [-43.37703069999998, -22.768376899999968], [-43.37702589999998, -22.768522199999946], [-43.37710089999996, -22.768659399999933], [-43.37755719999996, -22.769044399999927], [-43.37776199999996, -22.769374499999977], [-43.37786689999996, -22.769623599999935], [-43.37793879999998, -22.769837699999975]]]}, "properties": {"id": "330510910000218", "name": "Setor 330510910000218", "meanMonthlyBRL": 1396.58, "medianMonthlyBRL": 1212.0, "status": "published", "sourceTerritoryType": "census_sector", "overlayColor": "#c6dbef"}}, {"type": "Feature", "geometry": {"type": "Polygon", "coordinates": [[[-43.39877429999996, -22.794611199999956], [-43.399658099999954, -22.795290399999935], [-43.39976699999994, -22.795374799999937], [-43.400408699999964, -22.79587189999996], [-43.40177579999994, -22.794400599999967], [-43.40115019999996, -22.793909499999923], [-43.400163299999974, -22.79313329999996], [-43.399022499999944, -22.79435229999995], [-43.39877429999996, -22.794611199999956]]]}, "properties": {"id": "330510910000219", "name": "Setor 330510910000219", "meanMonthlyBRL": 1761.32, "medianMonthlyBRL": 1250.0, "status": "published", "sourceTerritoryType": "census_sector", "overlayColor": "#c6dbef"}}, {"type": "Feature", "geometry": {"type": "Polygon", "coordinates": [[[-43.368362899999966, -22.781507499999975], [-43.368240199999946, -22.78178879999996], [-43.368107899999984, -22.78211379999992], [-43.368073799999934, -22.782197599999964], [-43.36783329999997, -22.78268309999993], [-43.36802249999994, -22.782762999999935], [-43.36907709999998, -22.783208299999956], [-43.36966459999997, -22.78345629999996], [-43.369974799999966, -22.78289559999996], [-43.37084089999996, -22.781342699999982], [-43.37011309999997, -22.78099459999993], [-43.36947729999997, -22.780690499999935], [-43.36945349999996, -22.780745299999975], [-43.369219499999986, -22.78119459999994], [-43.36894849999993, -22.78166519999996], [-43.36893479999998, -22.781706099999948], [-43.368362899999966, -22.781507499999975]]]}, "properties": {"id": "330510910000220", "name": "Setor 330510910000220", "meanMonthlyBRL": 2398.6, "medianMonthlyBRL": 1650.0, "status": "published", "sourceTerritoryType": "census_sector", "overlayColor": "#9ecae1"}}, {"type": "Feature", "geometry": {"type": "Polygon", "coordinates": [[[-43.36663209999995, -22.785548599999967], [-43.36682539999998, -22.78567899999996], [-43.36694429999994, -22.785812099999927], [-43.367011599999955, -22.78592009999994], [-43.36779469999993, -22.785717599999945], [-43.367750599999965, -22.785572599999952], [-43.36786729999994, -22.785319799999964], [-43.36789319999997, -22.785263599999944], [-43.368149899999935, -22.784873799999954], [-43.36819989999998, -22.78477139999995], [-43.36747889999998, -22.784507999999956], [-43.36693829999996, -22.784310599999962], [-43.36688179999993, -22.78455069999995], [-43.36680929999994, -22.78485839999997], [-43.36679639999994, -22.784913299999968], [-43.36671809999996, -22.785245999999972], [-43.366673299999945, -22.78543659999996], [-43.36663209999995, -22.785548599999967]]]}, "properties": {"id": "330510910000221", "name": "Setor 330510910000221", "meanMonthlyBRL": 1577.58, "medianMonthlyBRL": 1212.0, "status": "published", "sourceTerritoryType": "census_sector", "overlayColor": "#c6dbef"}}, {"type": "Feature", "geometry": {"type": "Polygon", "coordinates": [[[-43.37285509999998, -22.76685309999993], [-43.37335829999995, -22.766943699999953], [-43.37382839999998, -22.767028299999932], [-43.37433169999997, -22.76711879999993], [-43.37464559999995, -22.76717529999996], [-43.374923799999976, -22.76722529999995], [-43.37537579999997, -22.76730479999998], [-43.37567049999996, -22.765923299999937], [-43.37520949999998, -22.76583109999996], [-43.37464239999998, -22.765721099999944], [-43.37415279999993, -22.765633499999982], [-43.373662499999966, -22.765545699999958], [-43.37315199999995, -22.76543179999993], [-43.37285509999998, -22.76685309999993]]]}, "properties": {"id": "330510910000222", "name": "Setor 330510910000222", "meanMonthlyBRL": 1939.92, "medianMonthlyBRL": 1580.0, "status": "published", "sourceTerritoryType": "census_sector", "overlayColor": "#9ecae1"}}, {"type": "Feature", "geometry": {"type": "Polygon", "coordinates": [[[-43.38311409999994, -22.78095249999995], [-43.38365299999998, -22.781224599999973], [-43.38425829999995, -22.78153019999996], [-43.384852499999965, -22.781830099999976], [-43.38521609999998, -22.78201369999993], [-43.38537309999998, -22.782101699999938], [-43.385751599999935, -22.781487799999976], [-43.385602999999946, -22.781398999999958], [-43.38512009999994, -22.78117229999998], [-43.38484949999997, -22.781045299999956], [-43.384056499999986, -22.78065839999993], [-43.383429099999944, -22.78035229999994], [-43.38323119999996, -22.78072939999992], [-43.38312589999998, -22.78093009999997], [-43.38311409999994, -22.78095249999995]]]}, "properties": {"id": "330510910000223", "name": "Setor 330510910000223", "meanMonthlyBRL": 2681.44, "medianMonthlyBRL": 2500.0, "status": "published", "sourceTerritoryType": "census_sector", "overlayColor": "#6baed6"}}, {"type": "Feature", "geometry": {"type": "Polygon", "coordinates": [[[-43.38097869999996, -22.783894299999933], [-43.38084669999995, -22.784346199999955], [-43.38082159999994, -22.78440919999997], [-43.380739699999936, -22.78477539999994], [-43.38140019999998, -22.784355699999928], [-43.38196869999996, -22.78399449999995], [-43.38298189999995, -22.783472899999932], [-43.38364739999997, -22.783251099999973], [-43.383699899999954, -22.78323749999993], [-43.38362289999998, -22.78319849999997], [-43.382727099999954, -22.78270459999992], [-43.38365299999998, -22.781224599999973], [-43.38311409999994, -22.78095249999995], [-43.38303259999998, -22.780911399999976], [-43.38241229999994, -22.780598299999944], [-43.38223839999995, -22.780919099999945], [-43.38164059999997, -22.782021699999973], [-43.381617699999936, -22.78209799999997], [-43.38156929999997, -22.782259399999933], [-43.381588299999976, -22.78268239999994], [-43.381390899999985, -22.783109499999966], [-43.38097869999996, -22.783894299999933]]]}, "properties": {"id": "330510910000224", "name": "Setor 330510910000224", "meanMonthlyBRL": 1587.64, "medianMonthlyBRL": 1212.0, "status": "published", "sourceTerritoryType": "census_sector", "overlayColor": "#c6dbef"}}, {"type": "Feature", "geometry": {"type": "Polygon", "coordinates": [[[-43.388462999999945, -22.780491099999942], [-43.38938419999994, -22.780997699999944], [-43.38958569999994, -22.780642599999968], [-43.39041899999995, -22.77934949999996], [-43.38948359999995, -22.778855399999944], [-43.388462999999945, -22.780491099999942]]]}, "properties": {"id": "330510910000225", "name": "Setor 330510910000225", "meanMonthlyBRL": 2344.86, "medianMonthlyBRL": 1500.0, "status": "published", "sourceTerritoryType": "census_sector", "overlayColor": "#9ecae1"}}, {"type": "Feature", "geometry": {"type": "Polygon", "coordinates": [[[-43.38438019999995, -22.775925999999963], [-43.38622659999993, -22.77679509999996], [-43.386995799999966, -22.777157599999956], [-43.38729729999994, -22.776578799999985], [-43.38738939999996, -22.776428199999945], [-43.38660149999998, -22.776057899999948], [-43.384772099999964, -22.775198199999977], [-43.38438019999995, -22.775925999999963]]]}, "properties": {"id": "330510910000226", "name": "Setor 330510910000226", "meanMonthlyBRL": 2041.85, "medianMonthlyBRL": 1212.0, "status": "published", "sourceTerritoryType": "census_sector", "overlayColor": "#c6dbef"}}, {"type": "Feature", "geometry": {"type": "Polygon", "coordinates": [[[-43.39303239999998, -22.780135199999958], [-43.393354399999964, -22.780484699999924], [-43.393664299999955, -22.780779299999946], [-43.39402209999997, -22.78111949999993], [-43.39435049999997, -22.781431699999924], [-43.39467659999997, -22.781741699999948], [-43.395014199999935, -22.782062599999964], [-43.39519699999994, -22.782236399999928], [-43.39551839999996, -22.782541999999975], [-43.395692199999985, -22.782382999999985], [-43.39577819999994, -22.782315399999955], [-43.39589179999996, -22.782226099999946], [-43.396091499999955, -22.781917099999923], [-43.39613429999997, -22.781726999999936], [-43.396086699999955, -22.78148929999997], [-43.39600589999998, -22.781185099999952], [-43.39606289999995, -22.781018699999944], [-43.39625579999995, -22.78084939999997], [-43.39656189999994, -22.780578799999947], [-43.39687669999995, -22.780293699999955], [-43.39715719999998, -22.780039799999937], [-43.39746399999996, -22.779761899999983], [-43.397752999999966, -22.779500299999942], [-43.39804329999998, -22.779237399999946], [-43.398157099999935, -22.77911619999997], [-43.39843539999998, -22.77880199999993], [-43.398399799999936, -22.778769799999957], [-43.398312199999964, -22.778690299999937], [-43.39741499999997, -22.77784879999995], [-43.39730799999995, -22.77774909999994], [-43.397280999999964, -22.777723899999955], [-43.39718689999995, -22.77763619999996], [-43.397142299999985, -22.77759449999996], [-43.39713169999993, -22.777584299999944], [-43.39563789999994, -22.778628699999953], [-43.39337169999993, -22.779971699999972], [-43.39303239999998, -22.780135199999958]]]}, "properties": {"id": "330510910000227", "name": "Setor 330510910000227", "meanMonthlyBRL": 3155.16, "medianMonthlyBRL": 2000.0, "status": "published", "sourceTerritoryType": "census_sector", "overlayColor": "#6baed6"}}, {"type": "Feature", "geometry": {"type": "Polygon", "coordinates": [[[-43.40612519999996, -22.78819579999998], [-43.40509249999997, -22.78964189999993], [-43.40514759999997, -22.78965569999997], [-43.405697499999974, -22.789794699999963], [-43.40591899999998, -22.789870899999986], [-43.40599339999994, -22.789896599999963], [-43.406198199999956, -22.790087099999937], [-43.407231699999954, -22.78868359999996], [-43.407257399999935, -22.788646499999974], [-43.40736049999998, -22.788497299999957], [-43.40734749999996, -22.788466899999946], [-43.40729619999996, -22.788347099999957], [-43.40692789999997, -22.787476799999972], [-43.406834999999944, -22.787257299999965], [-43.40665379999996, -22.78748229999997], [-43.40662189999995, -22.78752199999996], [-43.40612519999996, -22.78819579999998]]]}, "properties": {"id": "330510910000228", "name": "Setor 330510910000228", "meanMonthlyBRL": 1674.96, "medianMonthlyBRL": 1212.0, "status": "published", "sourceTerritoryType": "census_sector", "overlayColor": "#c6dbef"}}, {"type": "Feature", "geometry": {"type": "Polygon", "coordinates": [[[-43.394618399999956, -22.79749499999997], [-43.395084699999984, -22.79777699999994], [-43.39555889999997, -22.798063599999978], [-43.39570519999995, -22.797882599999973], [-43.39591729999995, -22.79765279999998], [-43.39637419999997, -22.797177899999948], [-43.396452299999964, -22.797096999999955], [-43.39729709999995, -22.797727099999967], [-43.39782009999993, -22.797158699999954], [-43.397000299999945, -22.796516599999958], [-43.39668069999993, -22.796859699999974], [-43.39616569999998, -22.796501299999928], [-43.395987899999966, -22.79636209999995], [-43.39571629999995, -22.79614929999996], [-43.39507089999995, -22.796859399999953], [-43.39499919999997, -22.79695799999996], [-43.39499939999996, -22.796959799999968], [-43.39477589999996, -22.79727369999995], [-43.394618399999956, -22.79749499999997]]]}, "properties": {"id": "330510910000229", "name": "Setor 330510910000229", "meanMonthlyBRL": 1339.51, "medianMonthlyBRL": 1200.0, "status": "published", "sourceTerritoryType": "census_sector", "overlayColor": "#c6dbef"}}, {"type": "Feature", "geometry": {"type": "Polygon", "coordinates": [[[-43.39479939999996, -22.794507399999926], [-43.39459179999995, -22.79462369999993], [-43.394252499999936, -22.794986699999974], [-43.39436359999996, -22.79508489999995], [-43.39441499999998, -22.795130199999956], [-43.39502669999996, -22.795609299999967], [-43.39544749999993, -22.795938799999924], [-43.39571629999995, -22.79614929999996], [-43.395987899999966, -22.79636209999995], [-43.39616569999998, -22.796501299999928], [-43.39668069999993, -22.796859699999974], [-43.397000299999945, -22.796516599999958], [-43.397397299999966, -22.79609039999997], [-43.39678089999995, -22.795614799999957], [-43.39630429999995, -22.795257799999934], [-43.396095499999944, -22.79510309999995], [-43.395807599999955, -22.79488969999994], [-43.39526829999994, -22.79443389999994], [-43.395150899999976, -22.794330299999952], [-43.39502159999995, -22.794382999999975], [-43.39479939999996, -22.794507399999926]]]}, "properties": {"id": "330510910000230", "name": "Setor 330510910000230", "meanMonthlyBRL": 2030.24, "medianMonthlyBRL": 1450.0, "status": "published", "sourceTerritoryType": "census_sector", "overlayColor": "#c6dbef"}}, {"type": "Feature", "geometry": {"type": "Polygon", "coordinates": [[[-43.370057299999985, -22.77757299999996], [-43.36984219999994, -22.778052499999937], [-43.369447599999944, -22.778908099999967], [-43.36937139999998, -22.779097399999955], [-43.37006229999997, -22.77933549999995], [-43.37069779999996, -22.779554599999983], [-43.370901499999945, -22.779099799999983], [-43.371044799999936, -22.77876309999994], [-43.37118739999994, -22.77842799999996], [-43.371323099999984, -22.778064099999934], [-43.37139659999997, -22.77786709999998], [-43.37164809999996, -22.777316299999946], [-43.37167329999994, -22.777261199999934], [-43.371785399999965, -22.77703419999995], [-43.37114019999996, -22.776784399999944], [-43.370721199999934, -22.777819099999927], [-43.370057299999985, -22.77757299999996]]]}, "properties": {"id": "330510910000231", "name": "Setor 330510910000231", "meanMonthlyBRL": 3474.59, "medianMonthlyBRL": 2000.0, "status": "published", "sourceTerritoryType": "census_sector", "overlayColor": "#6baed6"}}, {"type": "Feature", "geometry": {"type": "Polygon", "coordinates": [[[-43.37187729999994, -22.78378969999994], [-43.372487199999966, -22.784080699999944], [-43.372024099999976, -22.78495939999993], [-43.37180539999997, -22.785387199999946], [-43.37165829999998, -22.78564499999993], [-43.37228019999998, -22.78594799999996], [-43.372508899999964, -22.78552509999998], [-43.37273239999996, -22.78512579999994], [-43.37296989999993, -22.78468579999998], [-43.37313579999994, -22.784386799999936], [-43.37399009999996, -22.782848799999954], [-43.37334529999998, -22.782540399999956], [-43.37270449999994, -22.782233999999956], [-43.37187729999994, -22.78378969999994]]]}, "properties": {"id": "330510910000232", "name": "Setor 330510910000232", "meanMonthlyBRL": 2942.38, "medianMonthlyBRL": 2424.0, "status": "published", "sourceTerritoryType": "census_sector", "overlayColor": "#6baed6"}}, {"type": "Feature", "geometry": {"type": "Polygon", "coordinates": [[[-43.37376569999998, -22.78468239999995], [-43.373143099999936, -22.785827899999962], [-43.37298149999998, -22.78612519999996], [-43.37290799999994, -22.786253699999968], [-43.37271809999993, -22.78658509999996], [-43.37263279999996, -22.786739899999933], [-43.37212859999994, -22.787654699999965], [-43.37179759999998, -22.788271499999944], [-43.37152099999998, -22.78875119999997], [-43.37127779999997, -22.78917109999998], [-43.37096679999997, -22.789352699999938], [-43.37129239999996, -22.78989079999997], [-43.371430499999974, -22.790100199999923], [-43.371689199999935, -22.78994819999996], [-43.371906199999955, -22.789538399999966], [-43.372537499999964, -22.788310699999954], [-43.37284129999995, -22.78776899999997], [-43.37364029999998, -22.786299899999964], [-43.373770399999955, -22.78608299999996], [-43.37386929999997, -22.785917999999988], [-43.37428199999994, -22.78513529999998], [-43.37451079999994, -22.784723899999968], [-43.37390819999996, -22.784412299999925], [-43.37376569999998, -22.78468239999995]]]}, "properties": {"id": "330510910000233", "name": "Setor 330510910000233", "meanMonthlyBRL": 2229.06, "medianMonthlyBRL": 2000.0, "status": "published", "sourceTerritoryType": "census_sector", "overlayColor": "#6baed6"}}, {"type": "Feature", "geometry": {"type": "Polygon", "coordinates": [[[-43.388822199999936, -22.781859599999965], [-43.388203799999985, -22.782051999999968], [-43.387621199999955, -22.782213299999967], [-43.38769039999994, -22.782239099999973], [-43.38793959999998, -22.782352099999972], [-43.38798079999999, -22.782370799999963], [-43.38841409999998, -22.78260469999998], [-43.38738699999993, -22.784281999999966], [-43.38831749999997, -22.784769599999944], [-43.38935099999998, -22.78309149999995], [-43.38993659999994, -22.78219009999997], [-43.39038659999994, -22.781497199999936], [-43.39040399999993, -22.78145839999996], [-43.390453899999955, -22.78134759999994], [-43.39048509999998, -22.781276999999935], [-43.38955269999997, -22.78163229999995], [-43.388822199999936, -22.781859599999965]]]}, "properties": {"id": "330510910000234", "name": "Setor 330510910000234", "meanMonthlyBRL": 1790.36, "medianMonthlyBRL": 1500.0, "status": "published", "sourceTerritoryType": "census_sector", "overlayColor": "#9ecae1"}}, {"type": "Feature", "geometry": {"type": "Polygon", "coordinates": [[[-43.38449069999996, -22.786986099999975], [-43.38542799999993, -22.787471499999977], [-43.386392099999966, -22.785888799999956], [-43.38545749999997, -22.78539319999993], [-43.38449069999996, -22.786986099999975]]]}, "properties": {"id": "330510910000235", "name": "Setor 330510910000235", "meanMonthlyBRL": 2280.42, "medianMonthlyBRL": 1800.0, "status": "published", "sourceTerritoryType": "census_sector", "overlayColor": "#9ecae1"}}, {"type": "Feature", "geometry": {"type": "Polygon", "coordinates": [[[-43.38542799999993, -22.787471499999977], [-43.38636329999997, -22.78795589999993], [-43.387311099999984, -22.786376099999927], [-43.386392099999966, -22.785888799999956], [-43.38542799999993, -22.787471499999977]]]}, "properties": {"id": "330510910000236", "name": "Setor 330510910000236", "meanMonthlyBRL": 2445.41, "medianMonthlyBRL": 1700.0, "status": "published", "sourceTerritoryType": "census_sector", "overlayColor": "#9ecae1"}}, {"type": "Feature", "geometry": {"type": "Polygon", "coordinates": [[[-43.371396999999945, -22.770182399999953], [-43.37122389999996, -22.77104259999993], [-43.37123699999995, -22.771419699999967], [-43.37144449999994, -22.771756999999983], [-43.371621999999945, -22.771919899999936], [-43.371723299999985, -22.77189069999997], [-43.37201669999996, -22.77180609999994], [-43.37220119999995, -22.77177529999994], [-43.37244289999995, -22.77173649999997], [-43.37262119999997, -22.77175229999994], [-43.37268719999997, -22.771789999999942], [-43.37272449999995, -22.771665299999935], [-43.37270899999993, -22.771609799999965], [-43.37268499999993, -22.771565599999974], [-43.372530799999936, -22.77142829999996], [-43.373239199999944, -22.770816899999943], [-43.37384279999998, -22.770282899999927], [-43.37339309999994, -22.769909599999952], [-43.37294629999997, -22.769724199999928], [-43.37258159999993, -22.769640799999937], [-43.37244709999993, -22.769610099999962], [-43.37163429999998, -22.76947699999993], [-43.37153939999996, -22.76945129999996], [-43.371396999999945, -22.770182399999953]]]}, "properties": {"id": "330510910000238", "name": "Setor 330510910000238", "meanMonthlyBRL": 1867.39, "medianMonthlyBRL": 1450.0, "status": "published", "sourceTerritoryType": "census_sector", "overlayColor": "#c6dbef"}}, {"type": "Feature", "geometry": {"type": "Polygon", "coordinates": [[[-43.366313599999955, -22.776956599999945], [-43.36642909999995, -22.777035199999943], [-43.36666199999996, -22.77740119999993], [-43.36684189999994, -22.777751499999958], [-43.36716589999998, -22.77822359999994], [-43.367474899999934, -22.778423199999967], [-43.36798349999998, -22.778580099999942], [-43.36807049999993, -22.778609999999958], [-43.36833669999993, -22.77799139999996], [-43.368424499999946, -22.777787099999962], [-43.367143899999974, -22.77669229999998], [-43.36647769999996, -22.77591559999997], [-43.36637339999993, -22.77584579999995], [-43.366313599999955, -22.776956599999945]]]}, "properties": {"id": "330510910000239", "name": "Setor 330510910000239", "meanMonthlyBRL": 1502.03, "medianMonthlyBRL": 1212.0, "status": "published", "sourceTerritoryType": "census_sector", "overlayColor": "#c6dbef"}}, {"type": "Feature", "geometry": {"type": "Polygon", "coordinates": [[[-43.36401379999995, -22.77802899999994], [-43.36405709999997, -22.778038199999965], [-43.36438029999994, -22.77800969999993], [-43.36468929999995, -22.77789559999996], [-43.36496959999994, -22.777757499999947], [-43.36513609999997, -22.777520099999943], [-43.36524829999996, -22.777239499999954], [-43.36526589999994, -22.777180199999975], [-43.365511699999956, -22.777268099999958], [-43.365813499999945, -22.77735189999993], [-43.36595369999998, -22.77745829999998], [-43.36604879999994, -22.77765789999995], [-43.36608239999998, -22.777887299999968], [-43.36609629999998, -22.77805719999998], [-43.366102299999966, -22.77816429999995], [-43.36612579999996, -22.778589099999976], [-43.366125599999975, -22.77861729999995], [-43.36781979999995, -22.779192699999953], [-43.36807049999993, -22.778609999999958], [-43.36798349999998, -22.778580099999942], [-43.367474899999934, -22.778423199999967], [-43.36716589999998, -22.77822359999994], [-43.36684189999994, -22.777751499999958], [-43.36666199999996, -22.77740119999993], [-43.36642909999995, -22.777035199999943], [-43.366313599999955, -22.776956599999945], [-43.36595369999998, -22.776711899999952], [-43.36543389999997, -22.776596199999975], [-43.36515989999998, -22.776559799999973], [-43.36439459999997, -22.77639819999996], [-43.364261099999965, -22.776356599999925], [-43.36441199999996, -22.77692529999996], [-43.36401379999995, -22.77802899999994]]]}, "properties": {"id": "330510910000240", "name": "Setor 330510910000240", "meanMonthlyBRL": 2122.45, "medianMonthlyBRL": 2000.0, "status": "published", "sourceTerritoryType": "census_sector", "overlayColor": "#6baed6"}}, {"type": "Feature", "geometry": {"type": "Polygon", "coordinates": [[[-43.36529489999998, -22.780369799999963], [-43.36506959999998, -22.78097939999998], [-43.36483949999996, -22.781601799999972], [-43.36574459999997, -22.78195509999995], [-43.36652309999994, -22.782222799999943], [-43.36678089999998, -22.781618399999953], [-43.36703579999994, -22.781020899999927], [-43.36659549999996, -22.780847599999955], [-43.36627859999993, -22.780742999999973], [-43.36654719999996, -22.780132399999953], [-43.36552809999995, -22.779738999999946], [-43.36529489999998, -22.780369799999963]]]}, "properties": {"id": "330510910000241", "name": "Setor 330510910000241", "meanMonthlyBRL": 2131.79, "medianMonthlyBRL": 1300.0, "status": "published", "sourceTerritoryType": "census_sector", "overlayColor": "#c6dbef"}}, {"type": "Feature", "geometry": {"type": "Polygon", "coordinates": [[[-43.36430769999998, -22.768856699999954], [-43.36412839999997, -22.76949719999993], [-43.36388949999997, -22.77036289999995], [-43.36426299999994, -22.770443699999934], [-43.36495439999993, -22.77063399999997], [-43.36529299999995, -22.77072719999995], [-43.36593949999997, -22.770893599999965], [-43.36604749999998, -22.77094849999997], [-43.36615779999994, -22.771040999999965], [-43.36625429999998, -22.77115129999993], [-43.36639279999997, -22.77132389999997], [-43.366295899999955, -22.77063899999996], [-43.36603899999995, -22.768824399999968], [-43.36588539999997, -22.76773929999996], [-43.36521369999997, -22.768125199999933], [-43.364462799999956, -22.768717199999962], [-43.36430769999998, -22.768856699999954]]]}, "properties": {"id": "330510910000242", "name": "Setor 330510910000242", "meanMonthlyBRL": 1740.17, "medianMonthlyBRL": 1600.0, "status": "published", "sourceTerritoryType": "census_sector", "overlayColor": "#9ecae1"}}, {"type": "Feature", "geometry": {"type": "Polygon", "coordinates": [[[-43.36401379999995, -22.77802899999994], [-43.363833599999964, -22.777990699999975], [-43.363567399999965, -22.777629399999967], [-43.363458099999946, -22.77741309999993], [-43.36264259999996, -22.777754599999977], [-43.36280209999995, -22.77804769999995], [-43.36314909999993, -22.778637099999965], [-43.36325919999996, -22.778942999999973], [-43.36332029999994, -22.77911249999994], [-43.36349139999993, -22.779825499999962], [-43.363606999999945, -22.77996209999998], [-43.363648299999966, -22.780010899999976], [-43.36383839999996, -22.780067999999964], [-43.36405709999997, -22.780162999999945], [-43.36432519999994, -22.78014319999994], [-43.36444209999996, -22.780134499999967], [-43.36466559999997, -22.78017329999994], [-43.36472759999998, -22.78013589999994], [-43.364866999999954, -22.779966299999952], [-43.364912199999935, -22.77975849999996], [-43.36496559999995, -22.779689199999947], [-43.36499089999995, -22.779579699999946], [-43.364820399999985, -22.779125099999934], [-43.364808799999935, -22.77909459999995], [-43.36474629999998, -22.779278899999944], [-43.36454669999995, -22.779440499999957], [-43.36428999999998, -22.77944049999997], [-43.364175899999964, -22.77928359999993], [-43.36412359999997, -22.779060199999947], [-43.36428049999996, -22.77877979999994], [-43.36446589999997, -22.778632399999932], [-43.36468929999995, -22.77850879999994], [-43.364964999999984, -22.77839469999998], [-43.365297699999985, -22.77823779999994], [-43.365544899999975, -22.778223599999933], [-43.365804699999956, -22.778262299999934], [-43.36598289999995, -22.778211699999932], [-43.366057599999976, -22.778152299999928], [-43.36609629999998, -22.77805719999998], [-43.36608239999998, -22.777887299999968], [-43.36604879999994, -22.77765789999995], [-43.36595369999998, -22.77745829999998], [-43.365813499999945, -22.77735189999993], [-43.365511699999956, -22.777268099999958], [-43.36526589999994, -22.777180199999975], [-43.36524829999996, -22.777239499999954], [-43.36513609999997, -22.777520099999943], [-43.36496959999994, -22.777757499999947], [-43.36468929999995, -22.77789559999996], [-43.36438029999994, -22.77800969999993], [-43.36405709999997, -22.778038199999965], [-43.36401379999995, -22.77802899999994]]]}, "properties": {"id": "330510910000243", "name": "Setor 330510910000243", "meanMonthlyBRL": 2136.61, "medianMonthlyBRL": 1231.0, "status": "published", "sourceTerritoryType": "census_sector", "overlayColor": "#c6dbef"}}, {"type": "Feature", "geometry": {"type": "Polygon", "coordinates": [[[-43.37734909999995, -22.77522729999998], [-43.37802739999995, -22.77550929999995], [-43.378393899999935, -22.775685199999934], [-43.37864529999996, -22.775819499999947], [-43.37892649999998, -22.77597039999995], [-43.37920769999994, -22.776121299999947], [-43.37923699999993, -22.77613809999997], [-43.379580499999975, -22.775527299999958], [-43.37790189999998, -22.774742699999933], [-43.377666199999965, -22.774632599999954], [-43.37734909999995, -22.77522729999998]]]}, "properties": {"id": "330510910000245", "name": "Setor 330510910000245", "meanMonthlyBRL": 1938.02, "medianMonthlyBRL": 1350.0, "status": "published", "sourceTerritoryType": "census_sector", "overlayColor": "#c6dbef"}}, {"type": "Feature", "geometry": {"type": "Polygon", "coordinates": [[[-43.389579899999944, -22.794337599999942], [-43.390030399999944, -22.794635899999943], [-43.390197299999954, -22.794425599999954], [-43.39065649999998, -22.79384719999996], [-43.39028129999997, -22.79345949999998], [-43.390098999999964, -22.79363329999995], [-43.389579899999944, -22.794337599999942]]]}, "properties": {"id": "330510910000246", "name": "Setor 330510910000246", "meanMonthlyBRL": 1647.73, "medianMonthlyBRL": 1212.0, "status": "published", "sourceTerritoryType": "census_sector", "overlayColor": "#c6dbef"}}, {"type": "Feature", "geometry": {"type": "Polygon", "coordinates": [[[-43.389170999999976, -22.794066899999955], [-43.389579899999944, -22.794337599999942], [-43.390098999999964, -22.79363329999995], [-43.39028129999997, -22.79345949999998], [-43.39000509999994, -22.793176899999935], [-43.389768199999935, -22.79293449999995], [-43.389410099999964, -22.793229599999954], [-43.38963039999993, -22.79339229999994], [-43.389170999999976, -22.794066899999955]]]}, "properties": {"id": "330510910000247", "name": "Setor 330510910000247", "meanMonthlyBRL": 2092.91, "medianMonthlyBRL": 2000.0, "status": "published", "sourceTerritoryType": "census_sector", "overlayColor": "#6baed6"}}, {"type": "Feature", "geometry": {"type": "Polygon", "coordinates": [[[-43.36355169999996, -22.768051199999945], [-43.36343259999995, -22.768248599999936], [-43.36334469999997, -22.768319899999945], [-43.363309399999935, -22.768515999999973], [-43.36330839999994, -22.76852189999994], [-43.36327449999993, -22.76865029999993], [-43.363255299999935, -22.76871109999996], [-43.363220299999966, -22.768821999999943], [-43.36343789999995, -22.768683299999964], [-43.36430769999998, -22.768856699999954], [-43.364462799999956, -22.768717199999962], [-43.36521369999997, -22.768125199999933], [-43.36588539999997, -22.76773929999996], [-43.36618939999994, -22.76756459999996], [-43.36613669999997, -22.76729449999993], [-43.36611889999995, -22.76720359999996], [-43.366101199999946, -22.767112699999924], [-43.36583109999998, -22.767143299999926], [-43.36549209999998, -22.766876399999937], [-43.36522269999995, -22.767087099999976], [-43.36509069999994, -22.767190299999974], [-43.36457729999995, -22.76752779999998], [-43.36374159999997, -22.76809959999997], [-43.36362249999997, -22.768092199999952], [-43.36355169999996, -22.768051199999945]]]}, "properties": {"id": "330510910000248", "name": "Setor 330510910000248", "meanMonthlyBRL": 1450.99, "medianMonthlyBRL": 1212.0, "status": "published", "sourceTerritoryType": "census_sector", "overlayColor": "#c6dbef"}}, {"type": "Feature", "geometry": {"type": "Polygon", "coordinates": [[[-43.36344209999993, -22.785522499999956], [-43.36352079999995, -22.785766099999936], [-43.36365529999995, -22.786108599999974], [-43.36393349999997, -22.786608899999973], [-43.364192199999934, -22.787341299999976], [-43.36488529999997, -22.78715059999996], [-43.365392199999974, -22.786496999999937], [-43.36548529999993, -22.786103899999947], [-43.36548709999994, -22.786089599999972], [-43.36553139999995, -22.785737999999984], [-43.36500009999998, -22.78510379999994], [-43.36489049999995, -22.78489479999996], [-43.36483329999993, -22.78480479999995], [-43.36470049999998, -22.784595499999963], [-43.36426799999998, -22.785008699999935], [-43.36416869999994, -22.785070499999957], [-43.36384819999995, -22.785269899999943], [-43.36344209999993, -22.785522499999956]]]}, "properties": {"id": "330510910000249", "name": "Setor 330510910000249", "meanMonthlyBRL": 1570.24, "medianMonthlyBRL": 1212.0, "status": "published", "sourceTerritoryType": "census_sector", "overlayColor": "#c6dbef"}}, {"type": "Feature", "geometry": {"type": "Polygon", "coordinates": [[[-43.368362899999966, -22.781507499999975], [-43.36893479999998, -22.781706099999948], [-43.36894849999993, -22.78166519999996], [-43.369219499999986, -22.78119459999994], [-43.36945349999996, -22.780745299999975], [-43.36947729999997, -22.780690499999935], [-43.36954979999996, -22.780519599999934], [-43.37000379999995, -22.779421499999952], [-43.37006229999997, -22.77933549999995], [-43.36937139999998, -22.779097399999955], [-43.36913409999994, -22.779685999999966], [-43.368891599999984, -22.780279999999944], [-43.36861299999999, -22.780929899999933], [-43.368362899999966, -22.781507499999975]]]}, "properties": {"id": "330510910000250", "name": "Setor 330510910000250", "meanMonthlyBRL": 2349.03, "medianMonthlyBRL": 1950.0, "status": "published", "sourceTerritoryType": "census_sector", "overlayColor": "#9ecae1"}}, {"type": "Feature", "geometry": {"type": "Polygon", "coordinates": [[[-43.36778869999995, -22.783419599999945], [-43.36786959999995, -22.78345079999996], [-43.368745399999966, -22.783788099999988], [-43.36907709999998, -22.783208299999956], [-43.36802249999994, -22.782762999999935], [-43.36778869999995, -22.783419599999945]]]}, "properties": {"id": "330510910000251", "name": "Setor 330510910000251", "meanMonthlyBRL": 1925.45, "medianMonthlyBRL": 1212.0, "status": "published", "sourceTerritoryType": "census_sector", "overlayColor": "#c6dbef"}}, {"type": "Feature", "geometry": {"type": "Polygon", "coordinates": [[[-43.373276199999964, -22.768766399999947], [-43.37366579999997, -22.76909849999992], [-43.373905899999954, -22.769204699999932], [-43.37440739999994, -22.769426499999945], [-43.37459719999998, -22.769639999999974], [-43.37514639999995, -22.76915629999996], [-43.37462059999996, -22.768631899999946], [-43.37491459999996, -22.768325999999938], [-43.37510629999997, -22.768055099999973], [-43.375321499999984, -22.767565699999977], [-43.37537579999997, -22.76730479999998], [-43.374923799999976, -22.76722529999995], [-43.37464559999995, -22.76717529999996], [-43.37454629999996, -22.767414199999966], [-43.37443049999996, -22.76765179999995], [-43.37433539999995, -22.767806299999958], [-43.37414239999998, -22.76801119999993], [-43.37385359999996, -22.768261999999925], [-43.373276199999964, -22.768766399999947]]]}, "properties": {"id": "330510910000252", "name": "Setor 330510910000252", "meanMonthlyBRL": 2167.14, "medianMonthlyBRL": 2000.0, "status": "published", "sourceTerritoryType": "census_sector", "overlayColor": "#6baed6"}}, {"type": "Feature", "geometry": {"type": "Polygon", "coordinates": [[[-43.377570299999945, -22.77086819999994], [-43.376921599999946, -22.77147939999997], [-43.378341199999966, -22.772154099999966], [-43.37913249999997, -22.772513599999964], [-43.37953889999994, -22.77181629999996], [-43.37968209999997, -22.771525799999953], [-43.37986399999995, -22.771376799999928], [-43.37956799999995, -22.770950599999928], [-43.37941609999996, -22.77084759999996], [-43.37925429999996, -22.77090779999998], [-43.37897859999998, -22.77099809999992], [-43.37881689999995, -22.771259599999954], [-43.37872839999994, -22.77142599999996], [-43.37818329999993, -22.771163499999936], [-43.377570299999945, -22.77086819999994]]]}, "properties": {"id": "330510910000253", "name": "Setor 330510910000253", "meanMonthlyBRL": 1949.51, "medianMonthlyBRL": 1300.0, "status": "published", "sourceTerritoryType": "census_sector", "overlayColor": "#c6dbef"}}, {"type": "Feature", "geometry": {"type": "Polygon", "coordinates": [[[-43.36334469999997, -22.768319899999945], [-43.36343259999995, -22.768248599999936], [-43.36355169999996, -22.768051199999945], [-43.36358149999995, -22.767909699999958], [-43.36368209999995, -22.767831599999955], [-43.36375489999995, -22.767656099999954], [-43.363826199999956, -22.767085699999935], [-43.36396129999997, -22.76645219999995], [-43.364056699999935, -22.766105499999973], [-43.36423049999996, -22.76547869999995], [-43.36429089999996, -22.765261399999936], [-43.36398279999998, -22.765200799999942], [-43.36371099999997, -22.765147399999936], [-43.36354339999997, -22.765168799999973], [-43.36344359999998, -22.765272199999963], [-43.36335799999995, -22.765831899999963], [-43.363319099999956, -22.76692189999994], [-43.363297399999965, -22.767179599999963], [-43.36338299999994, -22.767536099999965], [-43.36335799999995, -22.76824559999994], [-43.36334469999997, -22.768319899999945]]]}, "properties": {"id": "330510910000254", "name": "Setor 330510910000254", "meanMonthlyBRL": 1793.98, "medianMonthlyBRL": 1800.0, "status": "published", "sourceTerritoryType": "census_sector", "overlayColor": "#9ecae1"}}, {"type": "Feature", "geometry": {"type": "Polygon", "coordinates": [[[-43.38502669999997, -22.77896649999996], [-43.38582359999998, -22.779356399999983], [-43.38658239999995, -22.77972769999997], [-43.38677309999997, -22.779831099999964], [-43.38690159999993, -22.779622699999948], [-43.38712429999998, -22.779261499999954], [-43.38718739999996, -22.779139699999973], [-43.386967099999936, -22.77902689999996], [-43.38618769999994, -22.778654599999975], [-43.38540729999994, -22.778281899999975], [-43.385108799999955, -22.778813199999952], [-43.38502669999997, -22.77896649999996]]]}, "properties": {"id": "330510910000255", "name": "Setor 330510910000255", "meanMonthlyBRL": 1647.56, "medianMonthlyBRL": 1300.0, "status": "published", "sourceTerritoryType": "census_sector", "overlayColor": "#c6dbef"}}, {"type": "Feature", "geometry": {"type": "Polygon", "coordinates": [[[-43.397793399999955, -22.793254499999932], [-43.39773439999993, -22.79327839999996], [-43.39723939999993, -22.793478199999985], [-43.39734349999998, -22.793591999999926], [-43.39751629999995, -22.793656799999948], [-43.397815899999955, -22.79389399999996], [-43.39800739999998, -22.79404559999995], [-43.398116899999934, -22.79412359999998], [-43.39838089999995, -22.79431159999996], [-43.39877429999996, -22.794611199999956], [-43.399022499999944, -22.79435229999995], [-43.400163299999974, -22.79313329999996], [-43.39956459999996, -22.792660099999978], [-43.399392999999975, -22.792539399999953], [-43.39895809999996, -22.792784399999963], [-43.39782729999996, -22.793240899999947], [-43.397793399999955, -22.793254499999932]]]}, "properties": {"id": "330510910000258", "name": "Setor 330510910000258", "meanMonthlyBRL": 2014.42, "medianMonthlyBRL": 1500.0, "status": "published", "sourceTerritoryType": "census_sector", "overlayColor": "#9ecae1"}}, {"type": "Feature", "geometry": {"type": "Polygon", "coordinates": [[[-43.39564529999996, -22.788110499999956], [-43.39760739999997, -22.789458499999963], [-43.399558999999954, -22.790806599999932], [-43.39974879999995, -22.790121199999923], [-43.39802679999997, -22.788939499999973], [-43.396202399999936, -22.787687299999956], [-43.39564529999996, -22.788110499999956]]]}, "properties": {"id": "330510910000259", "name": "Setor 330510910000259", "meanMonthlyBRL": 1971.84, "medianMonthlyBRL": 1600.0, "status": "published", "sourceTerritoryType": "census_sector", "overlayColor": "#9ecae1"}}, {"type": "Feature", "geometry": {"type": "Polygon", "coordinates": [[[-43.385623599999974, -22.792055299999955], [-43.38626379999994, -22.792290999999977], [-43.38629119999996, -22.792300999999952], [-43.38657409999996, -22.792405199999962], [-43.38699979999996, -22.792712899999966], [-43.38751689999998, -22.79301109999995], [-43.38788859999994, -22.79256689999994], [-43.388070099999936, -22.792414299999965], [-43.38773579999997, -22.79212399999995], [-43.38779219999998, -22.791988099999966], [-43.387332999999956, -22.79185429999995], [-43.38659329999996, -22.791638899999956], [-43.38591699999995, -22.791441899999935], [-43.385623599999974, -22.792055299999955]]]}, "properties": {"id": "330510910000260", "name": "Setor 330510910000260", "meanMonthlyBRL": 1669.26, "medianMonthlyBRL": 1300.0, "status": "published", "sourceTerritoryType": "census_sector", "overlayColor": "#c6dbef"}}, {"type": "Feature", "geometry": {"type": "Polygon", "coordinates": [[[-43.37399009999996, -22.782848799999954], [-43.37313579999994, -22.784386799999936], [-43.37376569999998, -22.78468239999995], [-43.37390819999996, -22.784412299999925], [-43.37420119999996, -22.783856599999975], [-43.374605299999985, -22.783143499999934], [-43.37496179999994, -22.782477999999966], [-43.37525649999998, -22.782007399999944], [-43.37541089999996, -22.781707099999945], [-43.37476589999994, -22.78139469999996], [-43.37453869999996, -22.781788799999955], [-43.37406809999993, -22.782710999999953], [-43.37399009999996, -22.782848799999954]]]}, "properties": {"id": "330510910000261", "name": "Setor 330510910000261", "meanMonthlyBRL": 2533.78, "medianMonthlyBRL": 2000.0, "status": "published", "sourceTerritoryType": "census_sector", "overlayColor": "#6baed6"}}, {"type": "Feature", "geometry": {"type": "Polygon", "coordinates": [[[-43.383870599999966, -22.78453809999996], [-43.38397539999994, -22.78460339999998], [-43.38401679999998, -22.78462919999993], [-43.384526999999935, -22.784899699999983], [-43.38545749999997, -22.78539319999993], [-43.38563739999995, -22.785096799999955], [-43.386075699999935, -22.784374699999933], [-43.386445099999946, -22.783792699999935], [-43.38550329999998, -22.78330329999994], [-43.38504439999997, -22.783064899999943], [-43.38502959999994, -22.78305479999994], [-43.38491669999996, -22.78297789999994], [-43.38485769999994, -22.78293759999996], [-43.38481539999998, -22.783006099999966], [-43.383870599999966, -22.78453809999996]]]}, "properties": {"id": "330510910000263", "name": "Setor 330510910000263", "meanMonthlyBRL": 1537.23, "medianMonthlyBRL": 1200.0, "status": "published", "sourceTerritoryType": "census_sector", "overlayColor": "#c6dbef"}}, {"type": "Feature", "geometry": {"type": "Polygon", "coordinates": [[[-43.380336599999964, -22.78503149999995], [-43.38017069999995, -22.785136899999937], [-43.380177299999964, -22.785229099999977], [-43.37998159999995, -22.78570099999996], [-43.37990999999994, -22.785827899999955], [-43.38065569999998, -22.786190199999968], [-43.38216189999997, -22.786932499999974], [-43.382289199999946, -22.787022499999978], [-43.38230079999994, -22.787004399999944], [-43.38284559999994, -22.786156899999984], [-43.38273589999994, -22.78609789999995], [-43.38120329999998, -22.78529759999998], [-43.380564099999965, -22.784959099999977], [-43.38050229999993, -22.784926199999973], [-43.380336599999964, -22.78503149999995]]]}, "properties": {"id": "330510910000264", "name": "Setor 330510910000264", "meanMonthlyBRL": 2287.89, "medianMonthlyBRL": 2000.0, "status": "published", "sourceTerritoryType": "census_sector", "overlayColor": "#6baed6"}}, {"type": "Feature", "geometry": {"type": "Polygon", "coordinates": [[[-43.37943909999996, -22.786663199999964], [-43.38014449999997, -22.787032099999976], [-43.38043069999998, -22.78718179999992], [-43.38160599999998, -22.787796499999953], [-43.38176869999995, -22.787900099999945], [-43.38219179999993, -22.78717409999995], [-43.38226759999998, -22.787056199999938], [-43.382289199999946, -22.787022499999978], [-43.38216189999997, -22.786932499999974], [-43.38065569999998, -22.786190199999968], [-43.37990999999994, -22.785827899999955], [-43.37943909999996, -22.786663199999964]]]}, "properties": {"id": "330510910000265", "name": "Setor 330510910000265", "meanMonthlyBRL": 2855.49, "medianMonthlyBRL": 2000.0, "status": "published", "sourceTerritoryType": "census_sector", "overlayColor": "#6baed6"}}, {"type": "Feature", "geometry": {"type": "Polygon", "coordinates": [[[-43.36381159999996, -22.782631099999954], [-43.364381099999946, -22.78283999999996], [-43.36586289999997, -22.783399099999944], [-43.366236999999956, -22.782821999999953], [-43.36632629999997, -22.78268419999995], [-43.36652309999994, -22.782222799999943], [-43.36574459999997, -22.78195509999995], [-43.36483949999996, -22.781601799999972], [-43.36506959999998, -22.78097939999998], [-43.36529489999998, -22.780369799999963], [-43.36490799999996, -22.780215299999945], [-43.36466559999997, -22.78017329999994], [-43.36440859999993, -22.780868599999962], [-43.36403219999994, -22.78198469999995], [-43.36381159999996, -22.782631099999954]]]}, "properties": {"id": "330510910000266", "name": "Setor 330510910000266", "meanMonthlyBRL": 1984.23, "medianMonthlyBRL": 1212.0, "status": "published", "sourceTerritoryType": "census_sector", "overlayColor": "#c6dbef"}}, {"type": "Feature", "geometry": {"type": "Polygon", "coordinates": [[[-43.362958599999956, -22.783777399999956], [-43.363002499999936, -22.783942899999943], [-43.36310169999996, -22.78431799999992], [-43.36328699999996, -22.78505919999997], [-43.36332829999998, -22.78516979999995], [-43.36344209999993, -22.785522499999956], [-43.36384819999995, -22.785269899999943], [-43.36416869999994, -22.785070499999957], [-43.36426799999998, -22.785008699999935], [-43.36470049999998, -22.784595499999963], [-43.36494899999997, -22.784358199999925], [-43.36571309999994, -22.783630199999944], [-43.36586289999997, -22.783399099999944], [-43.364381099999946, -22.78283999999996], [-43.36381159999996, -22.782631099999954], [-43.36370999999997, -22.782815499999966], [-43.363572199999965, -22.783200599999937], [-43.362958599999956, -22.783777399999956]]]}, "properties": {"id": "330510910000267", "name": "Setor 330510910000267", "meanMonthlyBRL": 1895.91, "medianMonthlyBRL": 1500.0, "status": "published", "sourceTerritoryType": "census_sector", "overlayColor": "#9ecae1"}}, {"type": "Feature", "geometry": {"type": "Polygon", "coordinates": [[[-43.379859299999964, -22.780590899999932], [-43.380209699999966, -22.780590899999932], [-43.38044269999995, -22.78070019999995], [-43.38071839999998, -22.780918899999953], [-43.38075459999993, -22.780960299999954], [-43.380915399999935, -22.781139599999957], [-43.38101409999996, -22.781329499999963], [-43.381043999999974, -22.781562699999935], [-43.38100959999997, -22.781837699999976], [-43.380943799999955, -22.782027599999935], [-43.380879499999935, -22.78250599999995], [-43.38094829999994, -22.782934999999952], [-43.38097669999996, -22.78358679999997], [-43.38097869999996, -22.783894299999933], [-43.381390899999985, -22.783109499999966], [-43.381588299999976, -22.78268239999994], [-43.38156929999997, -22.782259399999933], [-43.381617699999936, -22.78209799999997], [-43.38164059999997, -22.782021699999973], [-43.38223839999995, -22.780919099999945], [-43.38241229999994, -22.780598299999944], [-43.38185579999998, -22.78025619999994], [-43.38180689999996, -22.780210599999972], [-43.381575099999964, -22.78059579999995], [-43.38096559999997, -22.780281899999977], [-43.38049499999994, -22.780063199999976], [-43.38002439999997, -22.779953899999956], [-43.379750399999985, -22.779905499999924], [-43.37980569999996, -22.78021529999995], [-43.379859299999964, -22.780590899999932]]]}, "properties": {"id": "330510910000268", "name": "Setor 330510910000268", "meanMonthlyBRL": 1670.97, "medianMonthlyBRL": 1400.0, "status": "published", "sourceTerritoryType": "census_sector", "overlayColor": "#c6dbef"}}, {"type": "Feature", "geometry": {"type": "Polygon", "coordinates": [[[-43.38054329999994, -22.78490009999996], [-43.380739699999936, -22.78477539999994], [-43.38082159999994, -22.78440919999997], [-43.38084669999995, -22.784346199999955], [-43.38097869999996, -22.783894299999933], [-43.38097669999996, -22.78358679999997], [-43.38094829999994, -22.782934999999952], [-43.380879499999935, -22.78250599999995], [-43.380943799999955, -22.782027599999935], [-43.38100959999997, -22.781837699999976], [-43.381043999999974, -22.781562699999935], [-43.38101409999996, -22.781329499999963], [-43.380915399999935, -22.781139599999957], [-43.38075459999993, -22.780960299999954], [-43.38048539999994, -22.781679399999973], [-43.38024779999996, -22.782202299999938], [-43.38012939999994, -22.78261669999995], [-43.38033809999996, -22.782729999999958], [-43.38041409999994, -22.782877299999935], [-43.380461699999955, -22.783062699999963], [-43.38049499999994, -22.783385999999954], [-43.38052819999996, -22.783942099999937], [-43.380539399999975, -22.784344499999975], [-43.38054079999995, -22.784395899999936], [-43.38054489999996, -22.784542099999953], [-43.38054329999994, -22.78490009999996]]]}, "properties": {"id": "330510910000269", "name": "Setor 330510910000269", "meanMonthlyBRL": 2431.84, "medianMonthlyBRL": 1212.0, "status": "published", "sourceTerritoryType": "census_sector", "overlayColor": "#c6dbef"}}, {"type": "Feature", "geometry": {"type": "Polygon", "coordinates": [[[-43.37968569999998, -22.76680029999994], [-43.379986299999985, -22.767185799999936], [-43.38024779999996, -22.767604099999975], [-43.380276199999976, -22.767638399999957], [-43.38068029999994, -22.768126999999932], [-43.38073179999998, -22.768142299999962], [-43.38125609999997, -22.76764259999993], [-43.38161599999995, -22.76722969999998], [-43.38175899999993, -22.76709299999993], [-43.38105169999995, -22.766931799999952], [-43.38028599999996, -22.766755299999943], [-43.37982589999996, -22.76664179999995], [-43.37968569999998, -22.76680029999994]]]}, "properties": {"id": "330510910000270", "name": "Setor 330510910000270", "meanMonthlyBRL": 1691.71, "medianMonthlyBRL": 1212.0, "status": "published", "sourceTerritoryType": "census_sector", "overlayColor": "#c6dbef"}}, {"type": "Feature", "geometry": {"type": "Polygon", "coordinates": [[[-43.37876669999997, -22.765966499999934], [-43.37873879999995, -22.76600649999994], [-43.378493599999956, -22.766433999999947], [-43.37847339999996, -22.766469199999957], [-43.37920669999994, -22.766582099999933], [-43.37958229999998, -22.766667599999952], [-43.37968569999998, -22.76680029999994], [-43.37982589999996, -22.76664179999995], [-43.38028599999996, -22.766755299999943], [-43.38105169999995, -22.766931799999952], [-43.38175899999993, -22.76709299999993], [-43.381821499999944, -22.767033299999984], [-43.382050799999945, -22.766784699999967], [-43.38216659999995, -22.766736399999957], [-43.382182599999965, -22.766710799999938], [-43.38270989999995, -22.766047499999956], [-43.38177889999997, -22.765901799999927], [-43.38144049999994, -22.765848599999973], [-43.381154599999945, -22.765846099999973], [-43.38098439999993, -22.765881499999978], [-43.380821399999945, -22.765895499999946], [-43.38062089999995, -22.765889699999946], [-43.38045009999996, -22.765850099999966], [-43.37913219999996, -22.765543899999958], [-43.378966299999945, -22.76551009999997], [-43.37896159999997, -22.76552089999995], [-43.37880289999998, -22.76588369999996], [-43.37876669999997, -22.765966499999934]]]}, "properties": {"id": "330510910000271", "name": "Setor 330510910000271", "meanMonthlyBRL": 1388.8, "medianMonthlyBRL": 1300.0, "status": "published", "sourceTerritoryType": "census_sector", "overlayColor": "#c6dbef"}}, {"type": "Feature", "geometry": {"type": "Polygon", "coordinates": [[[-43.406099299999944, -22.79267609999994], [-43.405381499999976, -22.793467599999925], [-43.404740199999935, -22.794177699999974], [-43.40553749999998, -22.794797499999955], [-43.40688929999993, -22.793303699999964], [-43.406802099999936, -22.793234399999964], [-43.40657339999996, -22.79305279999995], [-43.40708849999993, -22.792486199999924], [-43.40691019999997, -22.792216499999938], [-43.40683759999996, -22.792106699999977], [-43.40678899999995, -22.791971499999928], [-43.40640819999993, -22.792360499999965], [-43.406099299999944, -22.79267609999994]]]}, "properties": {"id": "330510910000272", "name": "Setor 330510910000272", "meanMonthlyBRL": 2477.11, "medianMonthlyBRL": 1800.0, "status": "published", "sourceTerritoryType": "census_sector", "overlayColor": "#9ecae1"}}, {"type": "Feature", "geometry": {"type": "Polygon", "coordinates": [[[-43.403369699999985, -22.79565309999998], [-43.403975799999955, -22.796124699999947], [-43.40408149999996, -22.796207099999943], [-43.40436889999995, -22.796431399999957], [-43.40445089999997, -22.796495399999962], [-43.40510509999996, -22.795753299999944], [-43.40578579999993, -22.794990499999983], [-43.40553749999998, -22.794797499999955], [-43.404740199999935, -22.794177699999974], [-43.403369699999985, -22.79565309999998]]]}, "properties": {"id": "330510910000273", "name": "Setor 330510910000273", "meanMonthlyBRL": 1696.33, "medianMonthlyBRL": 1315.0, "status": "published", "sourceTerritoryType": "census_sector", "overlayColor": "#c6dbef"}}, {"type": "Feature", "geometry": {"type": "Polygon", "coordinates": [[[-43.40688929999993, -22.793303699999964], [-43.407267599999955, -22.793618399999957], [-43.40590969999994, -22.795087899999945], [-43.40693189999996, -22.795906899999977], [-43.40697669999997, -22.79585669999995], [-43.40836859999996, -22.794296799999927], [-43.40837369999997, -22.794290999999927], [-43.408122299999945, -22.793919299999974], [-43.408092299999964, -22.793874699999943], [-43.40798899999994, -22.793725099999957], [-43.40781339999995, -22.79348869999995], [-43.40745199999998, -22.79300199999994], [-43.40725719999995, -22.79273959999994], [-43.407110899999964, -22.79251999999996], [-43.40708849999993, -22.792486199999924], [-43.40657339999996, -22.79305279999995], [-43.406802099999936, -22.793234399999964], [-43.40688929999993, -22.793303699999964]]]}, "properties": {"id": "330510910000274", "name": "Setor 330510910000274", "meanMonthlyBRL": 2021.33, "medianMonthlyBRL": 1300.0, "status": "published", "sourceTerritoryType": "census_sector", "overlayColor": "#c6dbef"}}, {"type": "Feature", "geometry": {"type": "Polygon", "coordinates": [[[-43.40553749999998, -22.794797499999955], [-43.40578579999993, -22.794990499999983], [-43.40510509999996, -22.795753299999944], [-43.40445089999997, -22.796495399999962], [-43.40499539999996, -22.796920299999957], [-43.40556479999998, -22.79739569999999], [-43.40563029999999, -22.797324399999976], [-43.40693189999996, -22.795906899999977], [-43.40590969999994, -22.795087899999945], [-43.407267599999955, -22.793618399999957], [-43.40688929999993, -22.793303699999964], [-43.40553749999998, -22.794797499999955]]]}, "properties": {"id": "330510910000275", "name": "Setor 330510910000275", "meanMonthlyBRL": 1642.94, "medianMonthlyBRL": 1212.0, "status": "published", "sourceTerritoryType": "census_sector", "overlayColor": "#c6dbef"}}, {"type": "Feature", "geometry": {"type": "Polygon", "coordinates": [[[-43.402918099999965, -22.790191899999964], [-43.40375099999994, -22.789300899999937], [-43.40339039999998, -22.789210899999944], [-43.40282569999994, -22.789071699999965], [-43.402233699999954, -22.788925699999936], [-43.40165779999995, -22.788782699999953], [-43.401138499999945, -22.788651099999985], [-43.40110389999996, -22.788772399999964], [-43.401665299999934, -22.789200799999943], [-43.402918099999965, -22.790191899999964]]]}, "properties": {"id": "330510910000276", "name": "Setor 330510910000276", "meanMonthlyBRL": 1670.57, "medianMonthlyBRL": 1217.0, "status": "published", "sourceTerritoryType": "census_sector", "overlayColor": "#c6dbef"}}, {"type": "Feature", "geometry": {"type": "Polygon", "coordinates": [[[-43.402918099999965, -22.790191899999964], [-43.40380079999994, -22.790883299999958], [-43.40396149999998, -22.79100909999994], [-43.404305799999975, -22.790616699999934], [-43.40514759999997, -22.78965569999997], [-43.40509249999997, -22.78964189999993], [-43.40464609999998, -22.78953029999996], [-43.404525399999955, -22.78950009999994], [-43.40397679999995, -22.789359199999975], [-43.40375099999994, -22.789300899999937], [-43.402918099999965, -22.790191899999964]]]}, "properties": {"id": "330510910000277", "name": "Setor 330510910000277", "meanMonthlyBRL": 1586.07, "medianMonthlyBRL": 1212.0, "status": "published", "sourceTerritoryType": "census_sector", "overlayColor": "#c6dbef"}}, {"type": "Feature", "geometry": {"type": "Polygon", "coordinates": [[[-43.40029629999998, -22.791213099999936], [-43.400138099999936, -22.79173969999993], [-43.39986209999995, -22.79212779999995], [-43.39953439999994, -22.79245979999996], [-43.399392999999975, -22.792539399999953], [-43.39956459999996, -22.792660099999978], [-43.400163299999974, -22.79313329999996], [-43.40030989999997, -22.792980899999964], [-43.40080629999994, -22.79245229999997], [-43.401545899999974, -22.791661999999974], [-43.400873399999966, -22.791127899999935], [-43.40140239999994, -22.790558199999953], [-43.400748599999986, -22.79003729999993], [-43.40062709999995, -22.78996979999994], [-43.40029629999998, -22.791213099999936]]]}, "properties": {"id": "330510910000278", "name": "Setor 330510910000278", "meanMonthlyBRL": 1587.46, "medianMonthlyBRL": 1212.0, "status": "published", "sourceTerritoryType": "census_sector", "overlayColor": "#c6dbef"}}, {"type": "Feature", "geometry": {"type": "Polygon", "coordinates": [[[-43.40062709999995, -22.78996979999994], [-43.400748599999986, -22.79003729999993], [-43.40140239999994, -22.790558199999953], [-43.400873399999966, -22.791127899999935], [-43.401545899999974, -22.791661999999974], [-43.402918099999965, -22.790191899999964], [-43.401665299999934, -22.789200799999943], [-43.40110389999996, -22.788772399999964], [-43.401138499999945, -22.788651099999985], [-43.400991199999964, -22.788601599999932], [-43.40062709999995, -22.78996979999994]]]}, "properties": {"id": "330510910000279", "name": "Setor 330510910000279", "meanMonthlyBRL": 1780.51, "medianMonthlyBRL": 1500.0, "status": "published", "sourceTerritoryType": "census_sector", "overlayColor": "#9ecae1"}}, {"type": "Feature", "geometry": {"type": "Polygon", "coordinates": [[[-43.39437389999995, -22.789144399999934], [-43.39552879999997, -22.790361899999933], [-43.39620559999997, -22.791015499999958], [-43.39668949999998, -22.791397499999963], [-43.39713989999996, -22.791532299999975], [-43.39773869999994, -22.79174079999996], [-43.39789959999996, -22.79174689999996], [-43.39710579999996, -22.79108139999993], [-43.396407899999986, -22.790436299999957], [-43.396288099999936, -22.790325599999953], [-43.39480549999996, -22.78878879999996], [-43.39437389999995, -22.789144399999934]]]}, "properties": {"id": "330510910000280", "name": "Setor 330510910000280", "meanMonthlyBRL": 2283.07, "medianMonthlyBRL": 1500.0, "status": "published", "sourceTerritoryType": "census_sector", "overlayColor": "#9ecae1"}}, {"type": "Feature", "geometry": {"type": "Polygon", "coordinates": [[[-43.39789959999996, -22.79174689999996], [-43.39773869999994, -22.79174079999996], [-43.39713989999996, -22.791532299999975], [-43.39668949999998, -22.791397499999963], [-43.396835099999976, -22.791512499999953], [-43.39804189999995, -22.79272179999998], [-43.39738629999994, -22.79298789999996], [-43.39742599999994, -22.793007399999965], [-43.39766899999995, -22.793165599999952], [-43.397793399999955, -22.793254499999932], [-43.39782729999996, -22.793240899999947], [-43.39895809999996, -22.792784399999963], [-43.399392999999975, -22.792539399999953], [-43.39953439999994, -22.79245979999996], [-43.39986209999995, -22.79212779999995], [-43.400138099999936, -22.79173969999993], [-43.40029629999998, -22.791213099999936], [-43.40013269999997, -22.79113859999995], [-43.39993709999993, -22.791067799999947], [-43.399558999999954, -22.790806599999932], [-43.399376899999936, -22.791356799999964], [-43.39928109999994, -22.791619199999957], [-43.39906829999996, -22.791816299999937], [-43.39902439999997, -22.79185689999997], [-43.39878379999993, -22.791956099999933], [-43.39832269999994, -22.79191809999997], [-43.39794929999994, -22.791802899999936], [-43.39789959999996, -22.79174689999996]]]}, "properties": {"id": "330510910000281", "name": "Setor 330510910000281", "meanMonthlyBRL": 1926.57, "medianMonthlyBRL": 1500.0, "status": "published", "sourceTerritoryType": "census_sector", "overlayColor": "#9ecae1"}}, {"type": "Feature", "geometry": {"type": "Polygon", "coordinates": [[[-43.37084089999996, -22.781342699999982], [-43.369974799999966, -22.78289559999996], [-43.370627799999966, -22.783201999999964], [-43.37148799999994, -22.781652199999943], [-43.37203349999993, -22.78066939999996], [-43.37228049999993, -22.78022439999995], [-43.371616899999935, -22.77992839999996], [-43.37084089999996, -22.781342699999982]]]}, "properties": {"id": "330510910000282", "name": "Setor 330510910000282", "meanMonthlyBRL": 2633.66, "medianMonthlyBRL": 2000.0, "status": "published", "sourceTerritoryType": "census_sector", "overlayColor": "#6baed6"}}, {"type": "Feature", "geometry": {"type": "Polygon", "coordinates": [[[-43.36966459999997, -22.78345629999996], [-43.369637799999964, -22.783504799999946], [-43.36944289999997, -22.78392309999997], [-43.36922419999996, -22.784251099999953], [-43.36889149999996, -22.784907099999945], [-43.36848889999993, -22.785593799999955], [-43.369138599999985, -22.785880199999948], [-43.36977959999996, -22.784730099999933], [-43.370627799999966, -22.783201999999964], [-43.369974799999966, -22.78289559999996], [-43.36966459999997, -22.78345629999996]]]}, "properties": {"id": "330510910000283", "name": "Setor 330510910000283", "meanMonthlyBRL": 3423.51, "medianMonthlyBRL": 1300.0, "status": "published", "sourceTerritoryType": "census_sector", "overlayColor": "#c6dbef"}}, {"type": "Feature", "geometry": {"type": "Polygon", "coordinates": [[[-43.36779469999993, -22.785717599999945], [-43.36781709999997, -22.78579129999996], [-43.36793879999993, -22.786003399999966], [-43.36813559999996, -22.786328399999952], [-43.36837439999994, -22.78667299999994], [-43.36872129999995, -22.787187999999954], [-43.369077999999945, -22.787705599999978], [-43.36931929999997, -22.787564399999955], [-43.369679599999984, -22.787382799999936], [-43.369330599999955, -22.78687689999998], [-43.368782099999976, -22.786062199999947], [-43.36848889999993, -22.785593799999955], [-43.36786729999994, -22.785319799999964], [-43.367750599999965, -22.785572599999952], [-43.36779469999993, -22.785717599999945]]]}, "properties": {"id": "330510910000284", "name": "Setor 330510910000284", "meanMonthlyBRL": 1663.29, "medianMonthlyBRL": 1200.0, "status": "published", "sourceTerritoryType": "census_sector", "overlayColor": "#c6dbef"}}, {"type": "Feature", "geometry": {"type": "Polygon", "coordinates": [[[-43.365392199999974, -22.786496999999937], [-43.36548579999994, -22.786604999999952], [-43.36555819999996, -22.786688599999934], [-43.36576919999993, -22.78689899999995], [-43.366020299999946, -22.787150799999942], [-43.36635299999995, -22.787350499999945], [-43.36664779999995, -22.787507299999962], [-43.36697579999998, -22.787583399999956], [-43.36733229999993, -22.787635699999946], [-43.36815459999997, -22.78782579999995], [-43.36864899999995, -22.787859099999935], [-43.36892949999998, -22.787792499999966], [-43.369077999999945, -22.787705599999978], [-43.36872129999995, -22.787187999999954], [-43.36843019999998, -22.787241499999944], [-43.36772929999995, -22.78709239999995], [-43.36738639999993, -22.78701949999993], [-43.36707739999997, -22.78689589999993], [-43.36687709999996, -22.786770199999978], [-43.36635009999998, -22.78643959999994], [-43.365736899999945, -22.785983199999976], [-43.365677199999936, -22.785911999999943], [-43.36553139999995, -22.785737999999984], [-43.36548709999994, -22.786089599999972], [-43.36548529999993, -22.786103899999947], [-43.365392199999974, -22.786496999999937]]]}, "properties": {"id": "330510910000285", "name": "Setor 330510910000285", "meanMonthlyBRL": 1792.34, "medianMonthlyBRL": 1325.0, "status": "published", "sourceTerritoryType": "census_sector", "overlayColor": "#c6dbef"}}, {"type": "Feature", "geometry": {"type": "Polygon", "coordinates": [[[-43.39048509999998, -22.781276999999935], [-43.390453899999955, -22.78134759999994], [-43.39040399999993, -22.78145839999996], [-43.39038659999994, -22.781497199999936], [-43.38993659999994, -22.78219009999997], [-43.38935099999998, -22.78309149999995], [-43.39031619999997, -22.783583599999933], [-43.39088089999996, -22.782655899999952], [-43.39128009999996, -22.78199999999998], [-43.39215879999995, -22.780556199999978], [-43.39187889999994, -22.780691099999952], [-43.39048509999998, -22.781276999999935]]]}, "properties": {"id": "330510910000286", "name": "Setor 330510910000286", "meanMonthlyBRL": 1589.9, "medianMonthlyBRL": 1200.0, "status": "published", "sourceTerritoryType": "census_sector", "overlayColor": "#c6dbef"}}, {"type": "Feature", "geometry": {"type": "Polygon", "coordinates": [[[-43.38831749999997, -22.784769599999944], [-43.38925539999997, -22.78526809999994], [-43.389747899999975, -22.78449559999995], [-43.39004019999993, -22.784037199999943], [-43.39031619999997, -22.783583599999933], [-43.38935099999998, -22.78309149999995], [-43.38831749999997, -22.784769599999944]]]}, "properties": {"id": "330510910000287", "name": "Setor 330510910000287", "meanMonthlyBRL": 2002.28, "medianMonthlyBRL": 1500.0, "status": "published", "sourceTerritoryType": "census_sector", "overlayColor": "#9ecae1"}}, {"type": "Feature", "geometry": {"type": "Polygon", "coordinates": [[[-43.369330599999955, -22.78687689999998], [-43.369679599999984, -22.787382799999936], [-43.36990399999996, -22.78726969999996], [-43.37012769999996, -22.78688089999997], [-43.370483899999954, -22.786261899999943], [-43.370783899999935, -22.78572149999997], [-43.371003299999984, -22.785325999999934], [-43.37039729999998, -22.785030899999978], [-43.369777899999974, -22.786181899999974], [-43.36963499999996, -22.786429599999966], [-43.369415799999956, -22.786766199999924], [-43.369330599999955, -22.78687689999998]]]}, "properties": {"id": "330510910000288", "name": "Setor 330510910000288", "meanMonthlyBRL": 2543.87, "medianMonthlyBRL": 1800.0, "status": "published", "sourceTerritoryType": "census_sector", "overlayColor": "#9ecae1"}}, {"type": "Feature", "geometry": {"type": "Polygon", "coordinates": [[[-43.36848889999993, -22.785593799999955], [-43.368782099999976, -22.786062199999947], [-43.369330599999955, -22.78687689999998], [-43.369415799999956, -22.786766199999924], [-43.36963499999996, -22.786429599999966], [-43.369777899999974, -22.786181899999974], [-43.37039729999998, -22.785030899999978], [-43.36977959999996, -22.784730099999933], [-43.369138599999985, -22.785880199999948], [-43.36848889999993, -22.785593799999955]]]}, "properties": {"id": "330510910000289", "name": "Setor 330510910000289", "meanMonthlyBRL": 2311.21, "medianMonthlyBRL": 2000.0, "status": "published", "sourceTerritoryType": "census_sector", "overlayColor": "#6baed6"}}, {"type": "Feature", "geometry": {"type": "Polygon", "coordinates": [[[-43.37895759999998, -22.787535499999926], [-43.37962169999997, -22.787899099999947], [-43.38108569999997, -22.78868109999996], [-43.381272499999966, -22.78875619999996], [-43.38176869999995, -22.787900099999945], [-43.38160599999998, -22.787796499999953], [-43.38043069999998, -22.78718179999992], [-43.38014449999997, -22.787032099999976], [-43.37943909999996, -22.786663199999964], [-43.37895759999998, -22.787535499999926]]]}, "properties": {"id": "330510910000290", "name": "Setor 330510910000290", "meanMonthlyBRL": 2406.48, "medianMonthlyBRL": 2000.0, "status": "published", "sourceTerritoryType": "census_sector", "overlayColor": "#6baed6"}}, {"type": "Feature", "geometry": {"type": "Polygon", "coordinates": [[[-43.37854129999994, -22.788303699999968], [-43.37848159999993, -22.788415199999974], [-43.37909719999993, -22.788730599999948], [-43.380637699999966, -22.789585399999968], [-43.38068709999993, -22.789610399999958], [-43.38075689999994, -22.789645599999968], [-43.381272499999966, -22.78875619999996], [-43.38108569999997, -22.78868109999996], [-43.37962169999997, -22.787899099999947], [-43.37895759999998, -22.787535499999926], [-43.37854129999994, -22.788303699999968]]]}, "properties": {"id": "330510910000291", "name": "Setor 330510910000291", "meanMonthlyBRL": 2156.82, "medianMonthlyBRL": 2000.0, "status": "published", "sourceTerritoryType": "census_sector", "overlayColor": "#6baed6"}}, {"type": "Feature", "geometry": {"type": "Polygon", "coordinates": [[[-43.37502959999995, -22.771709599999948], [-43.37580849999995, -22.77175739999995], [-43.376195999999936, -22.771792499999943], [-43.37655569999998, -22.771825099999944], [-43.376623999999936, -22.77176049999997], [-43.376921599999946, -22.77147939999997], [-43.377570299999945, -22.77086819999994], [-43.37784609999995, -22.77060739999996], [-43.37667709999994, -22.77053449999994], [-43.375879199999986, -22.770484799999963], [-43.37503909999998, -22.770432499999963], [-43.37503319999996, -22.77043209999994], [-43.374988299999984, -22.77151719999995], [-43.37502959999995, -22.771709599999948]]]}, "properties": {"id": "330510910000292", "name": "Setor 330510910000292", "meanMonthlyBRL": 1982.96, "medianMonthlyBRL": 1400.0, "status": "published", "sourceTerritoryType": "census_sector", "overlayColor": "#c6dbef"}}, {"type": "Feature", "geometry": {"type": "Polygon", "coordinates": [[[-43.37384279999998, -22.770282899999927], [-43.373239199999944, -22.770816899999943], [-43.372530799999936, -22.77142829999996], [-43.37268499999993, -22.771565599999974], [-43.37410829999993, -22.771652999999954], [-43.37502959999995, -22.771709599999948], [-43.374988299999984, -22.77151719999995], [-43.37503319999996, -22.77043209999994], [-43.374211499999944, -22.77037019999995], [-43.37424619999996, -22.769939499999957], [-43.37384279999998, -22.770282899999927]]]}, "properties": {"id": "330510910000293", "name": "Setor 330510910000293", "meanMonthlyBRL": 1959.0, "medianMonthlyBRL": 1500.0, "status": "published", "sourceTerritoryType": "census_sector", "overlayColor": "#9ecae1"}}, {"type": "Feature", "geometry": {"type": "Polygon", "coordinates": [[[-43.36983189999995, -22.769439499999976], [-43.37081679999994, -22.76909459999995], [-43.37152809999998, -22.769188399999962], [-43.37159029999998, -22.76919499999997], [-43.371902399999954, -22.767621299999966], [-43.37192429999993, -22.767510999999953], [-43.37205659999996, -22.76686279999996], [-43.37210319999997, -22.766705999999946], [-43.37201709999994, -22.766698599999927], [-43.37165539999995, -22.76657489999996], [-43.37132269999995, -22.766459599999962], [-43.370921899999985, -22.766261399999962], [-43.370664499999975, -22.766182799999967], [-43.37081459999996, -22.76669819999995], [-43.37076769999993, -22.76692379999997], [-43.369847999999934, -22.76807349999995], [-43.36981819999994, -22.768111799999925], [-43.36983189999995, -22.769439499999976]]]}, "properties": {"id": "330510910000294", "name": "Setor 330510910000294", "meanMonthlyBRL": 1481.95, "medianMonthlyBRL": 1212.0, "status": "published", "sourceTerritoryType": "census_sector", "overlayColor": "#c6dbef"}}, {"type": "Feature", "geometry": {"type": "Polygon", "coordinates": [[[-43.36886919999995, -22.76683129999998], [-43.36904289999996, -22.768226799999976], [-43.36922049999998, -22.769653599999963], [-43.36983189999995, -22.769439499999976], [-43.36981819999994, -22.768111799999925], [-43.369847999999934, -22.76807349999995], [-43.37076769999993, -22.76692379999997], [-43.37081459999996, -22.76669819999995], [-43.370664499999975, -22.766182799999967], [-43.37059149999993, -22.766180199999955], [-43.36975839999997, -22.766151499999975], [-43.36943499999995, -22.76613949999995], [-43.36940819999995, -22.76613849999996], [-43.369118499999956, -22.766097299999952], [-43.36898639999998, -22.766107499999976], [-43.368898299999955, -22.766145699999978], [-43.36880209999998, -22.766291799999973], [-43.36886919999995, -22.76683129999998]]]}, "properties": {"id": "330510910000295", "name": "Setor 330510910000295", "meanMonthlyBRL": 1877.5, "medianMonthlyBRL": 1500.0, "status": "published", "sourceTerritoryType": "census_sector", "overlayColor": "#9ecae1"}}, {"type": "Feature", "geometry": {"type": "Polygon", "coordinates": [[[-43.36451429999994, -22.772169399999942], [-43.36717109999995, -22.773044899999938], [-43.36650789999993, -22.77201489999993], [-43.36639279999997, -22.77132389999997], [-43.36625429999998, -22.77115129999993], [-43.36615779999994, -22.771040999999965], [-43.36604749999998, -22.77094849999997], [-43.36593949999997, -22.770893599999965], [-43.36529299999995, -22.77072719999995], [-43.36495439999993, -22.77063399999997], [-43.36486729999996, -22.770921899999962], [-43.36451429999994, -22.772169399999942]]]}, "properties": {"id": "330510910000296", "name": "Setor 330510910000296", "meanMonthlyBRL": 2158.34, "medianMonthlyBRL": 1850.0, "status": "published", "sourceTerritoryType": "census_sector", "overlayColor": "#9ecae1"}}, {"type": "Feature", "geometry": {"type": "Polygon", "coordinates": [[[-43.36410669999998, -22.77355059999996], [-43.365758899999946, -22.773615399999983], [-43.36649709999995, -22.773545799999972], [-43.36697229999993, -22.773243499999975], [-43.36719799999997, -22.773086699999954], [-43.36717109999995, -22.773044899999938], [-43.36451429999994, -22.772169399999942], [-43.36414169999995, -22.77339989999996], [-43.36410669999998, -22.77355059999996]]]}, "properties": {"id": "330510910000297", "name": "Setor 330510910000297", "meanMonthlyBRL": 2082.5, "medianMonthlyBRL": 1500.0, "status": "published", "sourceTerritoryType": "census_sector", "overlayColor": "#9ecae1"}}, {"type": "Feature", "geometry": {"type": "Polygon", "coordinates": [[[-43.36096999999995, -22.77589789999996], [-43.36101309999998, -22.777088699999982], [-43.361077199999954, -22.77730709999997], [-43.36120319999998, -22.777736599999972], [-43.361321499999974, -22.778139599999978], [-43.36135439999998, -22.778289899999955], [-43.36158729999994, -22.778993399999933], [-43.36166749999995, -22.77933089999993], [-43.36249879999997, -22.77913289999997], [-43.36212079999996, -22.777965999999935], [-43.36215039999996, -22.777956099999976], [-43.36264259999996, -22.777754599999977], [-43.36245029999998, -22.777401199999925], [-43.36220249999997, -22.776865699999966], [-43.36218409999998, -22.77682599999997], [-43.361968099999956, -22.775700399999945], [-43.36182239999994, -22.775739099999953], [-43.361159199999975, -22.775915099999956], [-43.36096999999995, -22.77589789999996]]]}, "properties": {"id": "330510910000298", "name": "Setor 330510910000298", "meanMonthlyBRL": 2355.88, "medianMonthlyBRL": 1800.0, "status": "published", "sourceTerritoryType": "census_sector", "overlayColor": "#9ecae1"}}, {"type": "Feature", "geometry": {"type": "Polygon", "coordinates": [[[-43.36166749999995, -22.77933089999993], [-43.361725099999944, -22.779573399999947], [-43.36181779999998, -22.779903799999943], [-43.36199469999997, -22.78053449999993], [-43.36202709999998, -22.780648299999946], [-43.362196799999936, -22.78119139999995], [-43.36291799999998, -22.780949199999945], [-43.36301179999998, -22.780843499999946], [-43.36340759999996, -22.780397799999946], [-43.363606999999945, -22.77996209999998], [-43.36349139999993, -22.779825499999962], [-43.36332029999994, -22.77911249999994], [-43.36325919999996, -22.778942999999973], [-43.36314909999993, -22.778637099999965], [-43.36280209999995, -22.77804769999995], [-43.36264259999996, -22.777754599999977], [-43.36215039999996, -22.777956099999976], [-43.36212079999996, -22.777965999999935], [-43.36249879999997, -22.77913289999997], [-43.36166749999995, -22.77933089999993]]]}, "properties": {"id": "330510910000299", "name": "Setor 330510910000299", "meanMonthlyBRL": 2278.69, "medianMonthlyBRL": 1500.0, "status": "published", "sourceTerritoryType": "census_sector", "overlayColor": "#9ecae1"}}, {"type": "Feature", "geometry": {"type": "Polygon", "coordinates": [[[-43.36139009999994, -22.768662699999936], [-43.361303299999975, -22.76891239999997], [-43.36117679999995, -22.769280399999957], [-43.36116089999996, -22.769803499999966], [-43.36115559999996, -22.769985099999932], [-43.36112339999994, -22.771088799999973], [-43.36237849999998, -22.771486299999935], [-43.36223729999995, -22.77125589999997], [-43.36204129999994, -22.770935999999956], [-43.36179709999993, -22.770265699999985], [-43.361781399999984, -22.769957499999975], [-43.36177319999996, -22.769796399999954], [-43.361710899999935, -22.768680699999944], [-43.36163119999998, -22.76839089999993], [-43.36139009999994, -22.768662699999936]]]}, "properties": {"id": "330510910000300", "name": "Setor 330510910000300", "meanMonthlyBRL": 1881.75, "medianMonthlyBRL": 1500.0, "status": "published", "sourceTerritoryType": "census_sector", "overlayColor": "#9ecae1"}}, {"type": "Feature", "geometry": {"type": "Polygon", "coordinates": [[[-43.36109189999996, -22.77216769999995], [-43.36105159999994, -22.77354599999995], [-43.36102009999996, -22.774116199999984], [-43.36172589999995, -22.77378999999996], [-43.362778299999945, -22.773303599999966], [-43.36336209999996, -22.772894599999965], [-43.36322729999995, -22.772775799999973], [-43.36297639999998, -22.772645599999976], [-43.36237849999998, -22.771486299999935], [-43.36112339999994, -22.771088799999973], [-43.36109189999996, -22.77216769999995]]]}, "properties": {"id": "330510910000301", "name": "Setor 330510910000301", "meanMonthlyBRL": 1549.11, "medianMonthlyBRL": 1212.0, "status": "published", "sourceTerritoryType": "census_sector", "overlayColor": "#c6dbef"}}, {"type": "Feature", "geometry": {"type": "Polygon", "coordinates": [[[-43.37680779999994, -22.76615209999994], [-43.37724319999995, -22.766243799999923], [-43.37698419999998, -22.767542199999976], [-43.37799929999994, -22.766753199999975], [-43.37847339999996, -22.766469199999957], [-43.378493599999956, -22.766433999999947], [-43.37873879999995, -22.76600649999994], [-43.37876669999997, -22.765966499999934], [-43.37787099999997, -22.765773899999942], [-43.37727679999995, -22.765669399999975], [-43.37680349999994, -22.765597799999966], [-43.37677689999998, -22.765682899999934], [-43.376760899999965, -22.765790699999965], [-43.376763299999936, -22.76595999999995], [-43.37680779999994, -22.76615209999994]]]}, "properties": {"id": "330510910000302", "name": "Setor 330510910000302", "meanMonthlyBRL": 1782.12, "medianMonthlyBRL": 1206.0, "status": "published", "sourceTerritoryType": "census_sector", "overlayColor": "#c6dbef"}}, {"type": "Feature", "geometry": {"type": "Polygon", "coordinates": [[[-43.37537579999997, -22.76730479999998], [-43.375321499999984, -22.767565699999977], [-43.37510629999997, -22.768055099999973], [-43.37491459999996, -22.768325999999938], [-43.37462059999996, -22.768631899999946], [-43.37514639999995, -22.76915629999996], [-43.37570559999995, -22.76866389999997], [-43.37694359999995, -22.767573699999957], [-43.37698419999998, -22.767542199999976], [-43.37724319999995, -22.766243799999923], [-43.37680779999994, -22.76615209999994], [-43.37643399999996, -22.766082999999973], [-43.376156899999955, -22.767438799999983], [-43.37537579999997, -22.76730479999998]]]}, "properties": {"id": "330510910000303", "name": "Setor 330510910000303", "meanMonthlyBRL": 1568.69, "medianMonthlyBRL": 1212.0, "status": "published", "sourceTerritoryType": "census_sector", "overlayColor": "#c6dbef"}}, {"type": "Feature", "geometry": {"type": "Polygon", "coordinates": [[[-43.38135539999996, -22.771231099999966], [-43.381160299999976, -22.77169639999994], [-43.380978899999945, -22.77200159999995], [-43.381482699999935, -22.772243399999976], [-43.38134169999995, -22.772531299999958], [-43.381240599999956, -22.77257009999994], [-43.38227829999994, -22.773079499999938], [-43.38231659999997, -22.773084499999975], [-43.38233569999994, -22.773078199999933], [-43.382352999999966, -22.773062599999946], [-43.382723999999946, -22.772373499999958], [-43.382201399999985, -22.772126899999936], [-43.38168449999995, -22.77188289999998], [-43.38209139999998, -22.77114989999995], [-43.38158069999997, -22.770906299999975], [-43.38135539999996, -22.771231099999966]]]}, "properties": {"id": "330510910000304", "name": "Setor 330510910000304", "meanMonthlyBRL": 2025.35, "medianMonthlyBRL": 1900.0, "status": "published", "sourceTerritoryType": "census_sector", "overlayColor": "#9ecae1"}}, {"type": "Feature", "geometry": {"type": "Polygon", "coordinates": [[[-43.37986399999995, -22.771376799999928], [-43.37968209999997, -22.771525799999953], [-43.37953889999994, -22.77181629999996], [-43.38011229999995, -22.772127099999985], [-43.38024059999998, -22.77230299999997], [-43.38058529999995, -22.772483599999926], [-43.380883799999935, -22.772610299999933], [-43.38107609999997, -22.77263569999996], [-43.381240599999956, -22.77257009999994], [-43.38134169999995, -22.772531299999958], [-43.381482699999935, -22.772243399999976], [-43.380978899999945, -22.77200159999995], [-43.381160299999976, -22.77169639999994], [-43.38135539999996, -22.771231099999966], [-43.381269799999984, -22.771207299999958], [-43.38077539999995, -22.770679599999937], [-43.37986399999995, -22.771376799999928]]]}, "properties": {"id": "330510910000305", "name": "Setor 330510910000305", "meanMonthlyBRL": 1409.62, "medianMonthlyBRL": 1230.0, "status": "published", "sourceTerritoryType": "census_sector", "overlayColor": "#c6dbef"}}, {"type": "Feature", "geometry": {"type": "Polygon", "coordinates": [[[-43.401545899999974, -22.791661999999974], [-43.40214519999995, -22.792148199999932], [-43.402445399999976, -22.79238589999994], [-43.40282639999998, -22.79198979999995], [-43.40380079999994, -22.790883299999958], [-43.402918099999965, -22.790191899999964], [-43.401545899999974, -22.791661999999974]]]}, "properties": {"id": "330510910000306", "name": "Setor 330510910000306", "meanMonthlyBRL": 1962.14, "medianMonthlyBRL": 1500.0, "status": "published", "sourceTerritoryType": "census_sector", "overlayColor": "#9ecae1"}}, {"type": "Feature", "geometry": {"type": "Polygon", "coordinates": [[[-43.40115019999996, -22.793909499999923], [-43.40177579999994, -22.794400599999967], [-43.403138499999955, -22.792933399999978], [-43.402445399999976, -22.79238589999994], [-43.40214519999995, -22.792148199999932], [-43.40142049999997, -22.792916899999966], [-43.40180349999997, -22.79320659999996], [-43.40115019999996, -22.793909499999923]]]}, "properties": {"id": "330510910000307", "name": "Setor 330510910000307", "meanMonthlyBRL": 1700.9, "medianMonthlyBRL": 1230.0, "status": "published", "sourceTerritoryType": "census_sector", "overlayColor": "#c6dbef"}}, {"type": "Feature", "geometry": {"type": "Polygon", "coordinates": [[[-43.37039729999998, -22.785030899999978], [-43.371003299999984, -22.785325999999934], [-43.37187729999994, -22.78378969999994], [-43.37123789999998, -22.783488299999927], [-43.37039729999998, -22.785030899999978]]]}, "properties": {"id": "330510910000308", "name": "Setor 330510910000308", "meanMonthlyBRL": 2062.81, "medianMonthlyBRL": 1500.0, "status": "published", "sourceTerritoryType": "census_sector", "overlayColor": "#9ecae1"}}, {"type": "Feature", "geometry": {"type": "Polygon", "coordinates": [[[-43.36977959999996, -22.784730099999933], [-43.37039729999998, -22.785030899999978], [-43.37123789999998, -22.783488299999927], [-43.370627799999966, -22.783201999999964], [-43.36977959999996, -22.784730099999933]]]}, "properties": {"id": "330510910000309", "name": "Setor 330510910000309", "meanMonthlyBRL": 2355.68, "medianMonthlyBRL": 1800.0, "status": "published", "sourceTerritoryType": "census_sector", "overlayColor": "#9ecae1"}}, {"type": "Feature", "geometry": {"type": "Polygon", "coordinates": [[[-43.36880899999994, -22.772177299999953], [-43.36896049999996, -22.772195699999948], [-43.36935009999996, -22.77230979999996], [-43.36960839999995, -22.772376099999974], [-43.369806799999935, -22.772397199999943], [-43.36998149999994, -22.77237029999998], [-43.37061959999994, -22.772209099999937], [-43.370727699999975, -22.772177899999974], [-43.37102369999997, -22.772092499999925], [-43.371621999999945, -22.771919899999936], [-43.37144449999994, -22.771756999999983], [-43.37123699999995, -22.771419699999967], [-43.37122389999996, -22.77104259999993], [-43.371396999999945, -22.770182399999953], [-43.37133269999998, -22.77016129999992], [-43.371040999999934, -22.770110199999976], [-43.37087239999994, -22.77059399999996], [-43.370311199999946, -22.77123199999993], [-43.370248799999956, -22.771303899999957], [-43.36973079999996, -22.77154139999993], [-43.36950049999996, -22.77158939999998], [-43.36874499999993, -22.77165169999995], [-43.36880899999994, -22.772177299999953]]]}, "properties": {"id": "330510910000310", "name": "Setor 330510910000310", "meanMonthlyBRL": 1894.59, "medianMonthlyBRL": 1500.0, "status": "published", "sourceTerritoryType": "census_sector", "overlayColor": "#9ecae1"}}, {"type": "Feature", "geometry": {"type": "Polygon", "coordinates": [[[-43.36800509999995, -22.771287499999975], [-43.36816609999994, -22.772414399999935], [-43.36847019999993, -22.772209099999934], [-43.36873879999996, -22.772168799999974], [-43.36880899999994, -22.772177299999953], [-43.36874499999993, -22.77165169999995], [-43.36950049999996, -22.77158939999998], [-43.36973079999996, -22.77154139999993], [-43.370248799999956, -22.771303899999957], [-43.370311199999946, -22.77123199999993], [-43.37087239999994, -22.77059399999996], [-43.371040999999934, -22.770110199999976], [-43.370967399999984, -22.76968119999998], [-43.36997539999993, -22.76993909999993], [-43.370046299999956, -22.770138699999958], [-43.37006059999993, -22.770327599999973], [-43.369928699999946, -22.77054869999995], [-43.36975689999997, -22.770736199999927], [-43.36943669999994, -22.770873099999953], [-43.369216499999936, -22.770919599999953], [-43.36864809999997, -22.770971099999944], [-43.368678399999965, -22.771198299999977], [-43.36800509999995, -22.771287499999975]]]}, "properties": {"id": "330510910000311", "name": "Setor 330510910000311", "meanMonthlyBRL": 1606.06, "medianMonthlyBRL": 1200.0, "status": "published", "sourceTerritoryType": "census_sector", "overlayColor": "#c6dbef"}}, {"type": "Feature", "geometry": {"type": "Polygon", "coordinates": [[[-43.36740809999998, -22.766932799999942], [-43.36811959999995, -22.766853799999982], [-43.36886919999995, -22.76683129999998], [-43.36880209999998, -22.766291799999973], [-43.368898299999955, -22.766145699999978], [-43.36898639999998, -22.766107499999976], [-43.369118499999956, -22.766097299999952], [-43.36940819999995, -22.76613849999996], [-43.36943499999995, -22.76613949999995], [-43.36869749999994, -22.76518529999993], [-43.367160799999965, -22.764965799999963], [-43.367186999999944, -22.765179999999926], [-43.367221699999966, -22.765463099999987], [-43.36740809999998, -22.766932799999942]]]}, "properties": {"id": "330510910000314", "name": "Setor 330510910000314", "meanMonthlyBRL": 1494.87, "medianMonthlyBRL": 1212.0, "status": "published", "sourceTerritoryType": "census_sector", "overlayColor": "#c6dbef"}}, {"type": "Feature", "geometry": {"type": "Polygon", "coordinates": [[[-43.37093179999994, -22.764675199999942], [-43.37083339999998, -22.765140199999962], [-43.37074119999994, -22.765529999999956], [-43.37065449999995, -22.765948599999938], [-43.37059149999993, -22.766180199999955], [-43.370664499999975, -22.766182799999967], [-43.370921899999985, -22.766261399999962], [-43.37132269999995, -22.766459599999962], [-43.37165539999995, -22.76657489999996], [-43.37201709999994, -22.766698599999927], [-43.37210319999997, -22.766705999999946], [-43.372182099999975, -22.766443199999966], [-43.372254699999985, -22.766066299999974], [-43.37225749999993, -22.765570199999956], [-43.37235999999996, -22.76506779999994], [-43.37240799999995, -22.764783699999956], [-43.372208899999976, -22.764848599999937], [-43.37093179999994, -22.764675199999942]]]}, "properties": {"id": "330510910000315", "name": "Setor 330510910000315", "meanMonthlyBRL": 1192.95, "medianMonthlyBRL": 1222.0, "status": "published", "sourceTerritoryType": "census_sector", "overlayColor": "#c6dbef"}}, {"type": "Feature", "geometry": {"type": "Polygon", "coordinates": [[[-43.37059149999993, -22.766180199999955], [-43.37065449999995, -22.765948599999938], [-43.37074119999994, -22.765529999999956], [-43.37083339999998, -22.765140199999962], [-43.37093179999994, -22.764675199999942], [-43.370096899999965, -22.764559599999924], [-43.369970499999965, -22.76502359999994], [-43.36978159999995, -22.76604719999994], [-43.36975839999997, -22.766151499999975], [-43.37059149999993, -22.766180199999955]]]}, "properties": {"id": "330510910000316", "name": "Setor 330510910000316", "meanMonthlyBRL": 1472.45, "medianMonthlyBRL": 1212.0, "status": "published", "sourceTerritoryType": "census_sector", "overlayColor": "#c6dbef"}}, {"type": "Feature", "geometry": {"type": "Polygon", "coordinates": [[[-43.36894939999996, -22.764320199999933], [-43.36885549999994, -22.764782899999936], [-43.36881839999995, -22.764991099999985], [-43.36877449999997, -22.764988699999943], [-43.36875499999997, -22.764999499999927], [-43.368737599999974, -22.765019799999944], [-43.36872839999995, -22.76505239999995], [-43.36871049999996, -22.765128299999947], [-43.36869749999994, -22.76518529999993], [-43.36943499999995, -22.76613949999995], [-43.36975839999997, -22.766151499999975], [-43.36978159999995, -22.76604719999994], [-43.369970499999965, -22.76502359999994], [-43.370096899999965, -22.764559599999924], [-43.36894939999996, -22.764320199999933]]]}, "properties": {"id": "330510910000317", "name": "Setor 330510910000317", "meanMonthlyBRL": 1362.85, "medianMonthlyBRL": 1212.0, "status": "published", "sourceTerritoryType": "census_sector", "overlayColor": "#c6dbef"}}, {"type": "Feature", "geometry": {"type": "Polygon", "coordinates": [[[-43.36869749999994, -22.76518529999993], [-43.36871049999996, -22.765128299999947], [-43.36872839999995, -22.76505239999995], [-43.368737599999974, -22.765019799999944], [-43.36875499999997, -22.764999499999927], [-43.36877449999997, -22.764988699999943], [-43.36881839999995, -22.764991099999985], [-43.36885549999994, -22.764782899999936], [-43.36894939999996, -22.764320199999933], [-43.367061099999944, -22.763929499999968], [-43.36706589999994, -22.764010399999957], [-43.367070799999965, -22.764099899999966], [-43.36708409999994, -22.76433929999996], [-43.367160799999965, -22.764965799999963], [-43.36869749999994, -22.76518529999993]]]}, "properties": {"id": "330510910000318", "name": "Setor 330510910000318", "meanMonthlyBRL": 2283.22, "medianMonthlyBRL": 2000.0, "status": "published", "sourceTerritoryType": "census_sector", "overlayColor": "#6baed6"}}, {"type": "Feature", "geometry": {"type": "Polygon", "coordinates": [[[-43.36244679999993, -22.763860599999933], [-43.362482299999954, -22.76423239999997], [-43.36396279999997, -22.764484899999953], [-43.36413289999996, -22.764520999999945], [-43.36422539999995, -22.764101499999974], [-43.364974699999955, -22.764238899999953], [-43.36637239999993, -22.76442809999997], [-43.36708409999994, -22.76433929999996], [-43.367070799999965, -22.764099899999966], [-43.36706589999994, -22.764010399999957], [-43.367061099999944, -22.763929499999968], [-43.36267109999994, -22.76302109999995], [-43.36235289999996, -22.762963199999945], [-43.36240269999996, -22.763399699999976], [-43.36244679999993, -22.763860599999933]]]}, "properties": {"id": "330510910000319", "name": "Setor 330510910000319", "meanMonthlyBRL": 1664.02, "medianMonthlyBRL": 1300.0, "status": "published", "sourceTerritoryType": "census_sector", "overlayColor": "#c6dbef"}}, {"type": "Feature", "geometry": {"type": "Polygon", "coordinates": [[[-43.38431239999994, -22.802638699999928], [-43.384244999999964, -22.802730299999947], [-43.38372199999998, -22.803440799999976], [-43.38355569999993, -22.803873299999957], [-43.38350419999995, -22.804340199999956], [-43.383628199999976, -22.80442119999998], [-43.38407109999997, -22.80471069999993], [-43.384354299999984, -22.804303499999946], [-43.38522309999996, -22.803115999999928], [-43.384797299999946, -22.80284959999994], [-43.38462519999996, -22.80274199999997], [-43.38441609999995, -22.802632599999978], [-43.38431239999994, -22.802638699999928]]]}, "properties": {"id": "330510915000001", "name": "Setor 330510915000001", "meanMonthlyBRL": 2073.82, "medianMonthlyBRL": 1500.0, "status": "published", "sourceTerritoryType": "census_sector", "overlayColor": "#9ecae1"}}, {"type": "Feature", "geometry": {"type": "Polygon", "coordinates": [[[-43.38282229999993, -22.804205599999932], [-43.382652499999956, -22.80468619999994], [-43.38230289999996, -22.805785699999948], [-43.382269699999945, -22.80586859999994], [-43.38220899999994, -22.806020399999962], [-43.38225689999996, -22.80608349999994], [-43.38235259999993, -22.80621169999995], [-43.382485299999985, -22.80642109999997], [-43.38260999999994, -22.80657539999992], [-43.38271449999996, -22.806681499999964], [-43.38274969999998, -22.80671719999998], [-43.38277469999997, -22.80670489999995], [-43.382992599999966, -22.80659789999993], [-43.38333719999997, -22.806481399999935], [-43.383091699999966, -22.806274099999946], [-43.38298049999998, -22.806193099999984], [-43.38360559999995, -22.805380199999952], [-43.38407109999997, -22.80471069999993], [-43.383628199999976, -22.80442119999998], [-43.38350419999995, -22.804340199999956], [-43.38355569999993, -22.803873299999957], [-43.38372199999998, -22.803440799999976], [-43.384244999999964, -22.802730299999947], [-43.38431239999994, -22.802638699999928], [-43.38409279999997, -22.80265169999995], [-43.38387419999998, -22.802585099999927], [-43.38342259999996, -22.802507399999964], [-43.38282229999993, -22.804205599999932]]]}, "properties": {"id": "330510915000002", "name": "Setor 330510915000002", "meanMonthlyBRL": 1501.58, "medianMonthlyBRL": 1200.0, "status": "published", "sourceTerritoryType": "census_sector", "overlayColor": "#c6dbef"}}, {"type": "Feature", "geometry": {"type": "Polygon", "coordinates": [[[-43.38407109999997, -22.80471069999993], [-43.38360559999995, -22.805380199999952], [-43.38298049999998, -22.806193099999984], [-43.383091699999966, -22.806274099999946], [-43.38333719999997, -22.806481399999935], [-43.382992599999966, -22.80659789999993], [-43.38277469999997, -22.80670489999995], [-43.38274969999998, -22.80671719999998], [-43.38304189999997, -22.80701389999995], [-43.38322439999996, -22.807188099999966], [-43.38331119999998, -22.80725209999997], [-43.38359149999997, -22.80738099999996], [-43.383775999999955, -22.807427799999967], [-43.38387269999998, -22.807437599999954], [-43.38405719999997, -22.807448299999976], [-43.38427159999998, -22.80742279999998], [-43.38445839999997, -22.80737949999996], [-43.385711399999934, -22.80649889999995], [-43.38607319999994, -22.806286099999962], [-43.38622289999995, -22.80623099999997], [-43.38633459999994, -22.806189999999955], [-43.38610879999994, -22.806042399999967], [-43.38588189999996, -22.80589419999996], [-43.38704539999998, -22.80425609999998], [-43.386134399999946, -22.803686099999926], [-43.38496999999995, -22.805298099999963], [-43.38407109999997, -22.80471069999993]]]}, "properties": {"id": "330510915000003", "name": "Setor 330510915000003", "meanMonthlyBRL": 2169.59, "medianMonthlyBRL": 2000.0, "status": "published", "sourceTerritoryType": "census_sector", "overlayColor": "#6baed6"}}, {"type": "Feature", "geometry": {"type": "Polygon", "coordinates": [[[-43.37972739999998, -22.80298009999996], [-43.379678499999955, -22.803187199999968], [-43.38095979999997, -22.803529599999933], [-43.38192429999998, -22.80387969999998], [-43.382559399999934, -22.80235869999996], [-43.381906699999945, -22.802246299999975], [-43.38153999999997, -22.802183199999938], [-43.37997879999995, -22.801914399999927], [-43.37972739999998, -22.80298009999996]]]}, "properties": {"id": "330510915000004", "name": "Setor 330510915000004", "meanMonthlyBRL": 1924.83, "medianMonthlyBRL": 1500.0, "status": "published", "sourceTerritoryType": "census_sector", "overlayColor": "#9ecae1"}}, {"type": "Feature", "geometry": {"type": "Polygon", "coordinates": [[[-43.378711299999964, -22.80708179999994], [-43.379518399999945, -22.807514199999954], [-43.37960869999995, -22.807562599999986], [-43.37981569999994, -22.806871099999967], [-43.38001639999993, -22.806200099999955], [-43.38005529999998, -22.80621649999995], [-43.38025169999998, -22.806235399999927], [-43.38045319999998, -22.806188999999957], [-43.38057549999996, -22.80616509999993], [-43.380686899999944, -22.805579899999934], [-43.38069399999995, -22.805533999999962], [-43.380723399999965, -22.805343999999938], [-43.37957879999993, -22.805177099999984], [-43.37931309999993, -22.805138399999976], [-43.37928729999993, -22.80521899999996], [-43.37927979999995, -22.80524239999994], [-43.378711299999964, -22.80708179999994]]]}, "properties": {"id": "330510915000006", "name": "Setor 330510915000006", "meanMonthlyBRL": 2072.19, "medianMonthlyBRL": 1500.0, "status": "published", "sourceTerritoryType": "census_sector", "overlayColor": "#9ecae1"}}, {"type": "Feature", "geometry": {"type": "Polygon", "coordinates": [[[-43.380217699999946, -22.80790289999993], [-43.38053999999994, -22.808133899999977], [-43.380985599999974, -22.80845339999996], [-43.38137599999993, -22.80737229999994], [-43.381604299999935, -22.80670169999996], [-43.38164139999998, -22.806667799999953], [-43.38054759999994, -22.806311199999985], [-43.380217699999946, -22.80790289999993]]]}, "properties": {"id": "330510915000007", "name": "Setor 330510915000007", "meanMonthlyBRL": 1794.53, "medianMonthlyBRL": 1300.0, "status": "published", "sourceTerritoryType": "census_sector", "overlayColor": "#c6dbef"}}, {"type": "Feature", "geometry": {"type": "Polygon", "coordinates": [[[-43.38164139999998, -22.806667799999953], [-43.381604299999935, -22.80670169999996], [-43.38137599999993, -22.80737229999994], [-43.380985599999974, -22.80845339999996], [-43.38189229999995, -22.80889049999995], [-43.38212239999996, -22.809017899999954], [-43.38212829999998, -22.80902109999994], [-43.38215009999993, -22.809033199999924], [-43.38216959999994, -22.80904399999998], [-43.382804299999975, -22.808580599999974], [-43.383574599999974, -22.808018099999963], [-43.38421119999998, -22.80755329999993], [-43.38445839999997, -22.80737949999996], [-43.38427159999998, -22.80742279999998], [-43.38405719999997, -22.807448299999976], [-43.38387269999998, -22.807437599999954], [-43.383775999999955, -22.807427799999967], [-43.38359149999997, -22.80738099999996], [-43.38331119999998, -22.80725209999997], [-43.38322439999996, -22.807188099999966], [-43.38304189999997, -22.80701389999995], [-43.38274969999998, -22.80671719999998], [-43.38271449999996, -22.806681499999964], [-43.38260999999994, -22.80657539999992], [-43.382485299999985, -22.80642109999997], [-43.38235259999993, -22.80621169999995], [-43.38225689999996, -22.80608349999994], [-43.382182599999965, -22.806168499999952], [-43.382165199999974, -22.806188299999967], [-43.38164139999998, -22.806667799999953]]]}, "properties": {"id": "330510915000008", "name": "Setor 330510915000008", "meanMonthlyBRL": 2104.33, "medianMonthlyBRL": 1242.0, "status": "published", "sourceTerritoryType": "census_sector", "overlayColor": "#c6dbef"}}, {"type": "Feature", "geometry": {"type": "Polygon", "coordinates": [[[-43.37980419999997, -22.809578899999952], [-43.38033509999997, -22.80974529999997], [-43.38081409999995, -22.809896399999957], [-43.38094099999995, -22.80993449999994], [-43.38216959999994, -22.80904399999998], [-43.38215009999993, -22.809033199999924], [-43.38212829999998, -22.80902109999994], [-43.38212239999996, -22.809017899999954], [-43.38189229999995, -22.80889049999995], [-43.380985599999974, -22.80845339999996], [-43.38053999999994, -22.808133899999977], [-43.37980419999997, -22.809578899999952]]]}, "properties": {"id": "330510915000009", "name": "Setor 330510915000009", "meanMonthlyBRL": 2056.5, "medianMonthlyBRL": 1212.0, "status": "published", "sourceTerritoryType": "census_sector", "overlayColor": "#c6dbef"}}, {"type": "Feature", "geometry": {"type": "Polygon", "coordinates": [[[-43.38216959999994, -22.80904399999998], [-43.38233719999994, -22.809132599999938], [-43.38234229999995, -22.809204199999954], [-43.38237809999998, -22.809275799999963], [-43.38248179999994, -22.80933849999997], [-43.38281809999995, -22.809541899999935], [-43.38296139999994, -22.80963909999997], [-43.38305759999997, -22.809846799999946], [-43.38323759999997, -22.81025809999994], [-43.38336549999997, -22.810437199999964], [-43.383495299999936, -22.810536399999933], [-43.38353949999998, -22.81057019999997], [-43.38394869999996, -22.810698099999957], [-43.384829699999955, -22.810892699999954], [-43.38534969999995, -22.81019129999993], [-43.38446109999995, -22.80963849999994], [-43.38293889999994, -22.808684199999956], [-43.382804299999975, -22.808580599999974], [-43.38216959999994, -22.80904399999998]]]}, "properties": {"id": "330510915000010", "name": "Setor 330510915000010", "meanMonthlyBRL": 1876.09, "medianMonthlyBRL": 1800.0, "status": "published", "sourceTerritoryType": "census_sector", "overlayColor": "#9ecae1"}}, {"type": "Feature", "geometry": {"type": "Polygon", "coordinates": [[[-43.38445839999997, -22.80737949999996], [-43.38421119999998, -22.80755329999993], [-43.383574599999974, -22.808018099999963], [-43.38370499999996, -22.808124799999966], [-43.384061299999985, -22.808319199999975], [-43.38427099999996, -22.808523799999932], [-43.384613299999955, -22.808926199999977], [-43.38480649999997, -22.809152799999932], [-43.38524019999994, -22.808542899999967], [-43.38557789999993, -22.808068199999976], [-43.38581519999997, -22.807729499999937], [-43.386738599999944, -22.806441399999986], [-43.38650609999996, -22.80630209999998], [-43.38633459999994, -22.806189999999955], [-43.38622289999995, -22.80623099999997], [-43.38607319999994, -22.806286099999962], [-43.385711399999934, -22.80649889999995], [-43.38445839999997, -22.80737949999996]]]}, "properties": {"id": "330510915000011", "name": "Setor 330510915000011", "meanMonthlyBRL": 1947.74, "medianMonthlyBRL": 1400.0, "status": "published", "sourceTerritoryType": "census_sector", "overlayColor": "#c6dbef"}}, {"type": "Feature", "geometry": {"type": "Polygon", "coordinates": [[[-43.382804299999975, -22.808580599999974], [-43.38293889999994, -22.808684199999956], [-43.38446109999995, -22.80963849999994], [-43.38534969999995, -22.81019129999993], [-43.38549379999995, -22.809997199999938], [-43.38577809999998, -22.80959429999995], [-43.38611769999994, -22.809113199999956], [-43.38647989999998, -22.808600199999944], [-43.38602579999997, -22.80831919999997], [-43.38557789999993, -22.808068199999976], [-43.38524019999994, -22.808542899999967], [-43.38480649999997, -22.809152799999932], [-43.384613299999955, -22.808926199999977], [-43.38427099999996, -22.808523799999932], [-43.384061299999985, -22.808319199999975], [-43.38370499999996, -22.808124799999966], [-43.383574599999974, -22.808018099999963], [-43.382804299999975, -22.808580599999974]]]}, "properties": {"id": "330510915000012", "name": "Setor 330510915000012", "meanMonthlyBRL": 1552.12, "medianMonthlyBRL": 1212.0, "status": "published", "sourceTerritoryType": "census_sector", "overlayColor": "#c6dbef"}}, {"type": "Feature", "geometry": {"type": "Polygon", "coordinates": [[[-43.38557789999993, -22.808068199999976], [-43.38602579999997, -22.80831919999997], [-43.38647989999998, -22.808600199999944], [-43.387140399999964, -22.809010699999938], [-43.38743249999993, -22.80919339999997], [-43.38790379999995, -22.80854999999997], [-43.38812849999994, -22.808242399999983], [-43.38859699999995, -22.807564099999976], [-43.38839449999995, -22.807434099999956], [-43.38767819999998, -22.807004699999933], [-43.386738599999944, -22.806441399999986], [-43.38581519999997, -22.807729499999937], [-43.38557789999993, -22.808068199999976]]]}, "properties": {"id": "330510915000013", "name": "Setor 330510915000013", "meanMonthlyBRL": 1666.49, "medianMonthlyBRL": 1212.0, "status": "published", "sourceTerritoryType": "census_sector", "overlayColor": "#c6dbef"}}, {"type": "Feature", "geometry": {"type": "Polygon", "coordinates": [[[-43.38743249999993, -22.80919339999997], [-43.38775409999994, -22.809394499999936], [-43.38834849999995, -22.80976619999996], [-43.38914139999997, -22.80870289999996], [-43.389202299999965, -22.80860369999993], [-43.38937679999998, -22.808319199999968], [-43.38950799999998, -22.80814859999998], [-43.38859699999995, -22.807564099999976], [-43.38812849999994, -22.808242399999983], [-43.38790379999995, -22.80854999999997], [-43.38743249999993, -22.80919339999997]]]}, "properties": {"id": "330510915000014", "name": "Setor 330510915000014", "meanMonthlyBRL": 1647.06, "medianMonthlyBRL": 1212.0, "status": "published", "sourceTerritoryType": "census_sector", "overlayColor": "#c6dbef"}}, {"type": "Feature", "geometry": {"type": "Polygon", "coordinates": [[[-43.38633459999994, -22.806189999999955], [-43.38650609999996, -22.80630209999998], [-43.386738599999944, -22.806441399999986], [-43.38767819999998, -22.807004699999933], [-43.38839449999995, -22.807434099999956], [-43.38859699999995, -22.807564099999976], [-43.38881399999997, -22.80724989999993], [-43.389764499999956, -22.80599629999994], [-43.38948179999994, -22.805831899999927], [-43.38941459999995, -22.805773499999923], [-43.389265799999976, -22.80564439999994], [-43.38655559999995, -22.80610869999998], [-43.38636459999998, -22.806178899999964], [-43.38633459999994, -22.806189999999955]]]}, "properties": {"id": "330510915000015", "name": "Setor 330510915000015", "meanMonthlyBRL": 1867.6, "medianMonthlyBRL": 1212.0, "status": "published", "sourceTerritoryType": "census_sector", "overlayColor": "#c6dbef"}}, {"type": "Feature", "geometry": {"type": "Polygon", "coordinates": [[[-43.38633459999994, -22.806189999999955], [-43.38636459999998, -22.806178899999964], [-43.38655559999995, -22.80610869999998], [-43.389265799999976, -22.80564439999994], [-43.38915859999997, -22.80556489999998], [-43.388911399999984, -22.805412399999966], [-43.387936699999955, -22.804810799999927], [-43.38704539999998, -22.80425609999998], [-43.38588189999996, -22.80589419999996], [-43.38610879999994, -22.806042399999967], [-43.38633459999994, -22.806189999999955]]]}, "properties": {"id": "330510915000016", "name": "Setor 330510915000016", "meanMonthlyBRL": 2007.25, "medianMonthlyBRL": 1400.0, "status": "published", "sourceTerritoryType": "census_sector", "overlayColor": "#c6dbef"}}, {"type": "Feature", "geometry": {"type": "Polygon", "coordinates": [[[-43.38704539999998, -22.80425609999998], [-43.387936699999955, -22.804810799999927], [-43.388911399999984, -22.805412399999966], [-43.39001049999996, -22.80383449999993], [-43.38985649999995, -22.80369979999994], [-43.38911049999996, -22.803229899999963], [-43.38820739999994, -22.80266109999996], [-43.38704539999998, -22.80425609999998]]]}, "properties": {"id": "330510915000017", "name": "Setor 330510915000017", "meanMonthlyBRL": 1589.17, "medianMonthlyBRL": 1212.0, "status": "published", "sourceTerritoryType": "census_sector", "overlayColor": "#c6dbef"}}, {"type": "Feature", "geometry": {"type": "Polygon", "coordinates": [[[-43.386134399999946, -22.803686099999926], [-43.38704539999998, -22.80425609999998], [-43.38820739999994, -22.80266109999996], [-43.38730879999997, -22.80209509999997], [-43.386134399999946, -22.803686099999926]]]}, "properties": {"id": "330510915000018", "name": "Setor 330510915000018", "meanMonthlyBRL": 1765.41, "medianMonthlyBRL": 1212.0, "status": "published", "sourceTerritoryType": "census_sector", "overlayColor": "#c6dbef"}}, {"type": "Feature", "geometry": {"type": "Polygon", "coordinates": [[[-43.382097699999974, -22.801263099999964], [-43.381906699999945, -22.802246299999975], [-43.382559399999934, -22.80235869999996], [-43.38342259999996, -22.802507399999964], [-43.38387419999998, -22.802585099999927], [-43.38409279999997, -22.80265169999995], [-43.38431239999994, -22.802638699999928], [-43.38438019999995, -22.802546699999937], [-43.384730099999956, -22.801990299999943], [-43.38492709999997, -22.80167719999997], [-43.38546089999994, -22.800931099999953], [-43.384860499999945, -22.800552999999976], [-43.38434829999994, -22.80036339999998], [-43.384287599999936, -22.80066799999997], [-43.384091299999966, -22.80165389999996], [-43.383862299999976, -22.801582099999965], [-43.38328339999998, -22.801477499999976], [-43.38277879999999, -22.80138619999997], [-43.382097699999974, -22.801263099999964]]]}, "properties": {"id": "330510915000019", "name": "Setor 330510915000019", "meanMonthlyBRL": 1499.17, "medianMonthlyBRL": 1200.0, "status": "published", "sourceTerritoryType": "census_sector", "overlayColor": "#c6dbef"}}, {"type": "Feature", "geometry": {"type": "Polygon", "coordinates": [[[-43.38434829999994, -22.80036339999998], [-43.384860499999945, -22.800552999999976], [-43.38546089999994, -22.800931099999953], [-43.38618329999997, -22.79995879999996], [-43.38556349999993, -22.799849999999942], [-43.385056099999986, -22.799760299999942], [-43.384491899999944, -22.799654799999928], [-43.384423099999935, -22.799989199999967], [-43.38434829999994, -22.80036339999998]]]}, "properties": {"id": "330510915000020", "name": "Setor 330510915000020", "meanMonthlyBRL": 1826.28, "medianMonthlyBRL": 1400.0, "status": "published", "sourceTerritoryType": "census_sector", "overlayColor": "#c6dbef"}}, {"type": "Feature", "geometry": {"type": "Polygon", "coordinates": [[[-43.37985249999997, -22.80189259999998], [-43.37997879999995, -22.801914399999927], [-43.38153999999997, -22.802183199999938], [-43.381906699999945, -22.802246299999975], [-43.382097699999974, -22.801263099999964], [-43.38228879999997, -22.80027979999993], [-43.38116439999993, -22.80008949999995], [-43.380231599999945, -22.799931599999972], [-43.37985249999997, -22.80189259999998]]]}, "properties": {"id": "330510915000021", "name": "Setor 330510915000021", "meanMonthlyBRL": 2511.49, "medianMonthlyBRL": 1500.0, "status": "published", "sourceTerritoryType": "census_sector", "overlayColor": "#9ecae1"}}, {"type": "Feature", "geometry": {"type": "Polygon", "coordinates": [[[-43.37835769999998, -22.807784499999972], [-43.37794939999998, -22.808862199999965], [-43.37817089999993, -22.808972199999968], [-43.37841219999996, -22.809106499999928], [-43.37882309999998, -22.809303299999954], [-43.379138799999964, -22.808596199999954], [-43.379518399999945, -22.807514199999954], [-43.378711299999964, -22.80708179999994], [-43.378629599999954, -22.807038099999936], [-43.37835769999998, -22.807784499999972]]]}, "properties": {"id": "330510915000022", "name": "Setor 330510915000022", "meanMonthlyBRL": 1920.12, "medianMonthlyBRL": 1550.0, "status": "published", "sourceTerritoryType": "census_sector", "overlayColor": "#9ecae1"}}, {"type": "Feature", "geometry": {"type": "Polygon", "coordinates": [[[-43.38094099999995, -22.80993449999994], [-43.379814299999964, -22.810745899999972], [-43.37981209999999, -22.810750499999973], [-43.379852599999936, -22.81078369999994], [-43.37993249999994, -22.810862699999973], [-43.38001839999998, -22.810947399999975], [-43.380089399999974, -22.810994299999948], [-43.380124999999964, -22.811007799999977], [-43.38016049999993, -22.81102129999993], [-43.380302599999936, -22.81105539999993], [-43.38057409999993, -22.811095199999954], [-43.38076319999993, -22.811144099999975], [-43.38095219999997, -22.81116059999994], [-43.38109429999997, -22.81118099999998], [-43.38126599999998, -22.811289799999937], [-43.38143409999998, -22.811395999999945], [-43.38163659999998, -22.811505999999948], [-43.38203869999995, -22.811709399999927], [-43.38206659999997, -22.81172349999997], [-43.382147799999984, -22.81174199999998], [-43.382179399999984, -22.81170589999994], [-43.38225989999996, -22.81162319999992], [-43.38238839999997, -22.81149109999996], [-43.38304709999995, -22.81092239999998], [-43.383495299999936, -22.810536399999933], [-43.38336549999997, -22.810437199999964], [-43.38323759999997, -22.81025809999994], [-43.38305759999997, -22.809846799999946], [-43.38296139999994, -22.80963909999997], [-43.38281809999995, -22.809541899999935], [-43.38248179999994, -22.80933849999997], [-43.38237809999998, -22.809275799999963], [-43.38234229999995, -22.809204199999954], [-43.38233719999994, -22.809132599999938], [-43.38216959999994, -22.80904399999998], [-43.38094099999995, -22.80993449999994]]]}, "properties": {"id": "330510915000023", "name": "Setor 330510915000023", "meanMonthlyBRL": 1600.7, "medianMonthlyBRL": 1300.0, "status": "published", "sourceTerritoryType": "census_sector", "overlayColor": "#c6dbef"}}, {"type": "Feature", "geometry": {"type": "Polygon", "coordinates": [[[-43.383721899999955, -22.812426899999927], [-43.38377429999997, -22.812469099999934], [-43.38382629999995, -22.81251089999995], [-43.38397409999993, -22.812695699999953], [-43.38407879999994, -22.81288669999997], [-43.384087799999975, -22.81290319999994], [-43.384292499999965, -22.81328129999997], [-43.38430959999994, -22.813324299999973], [-43.384391999999934, -22.813531499999947], [-43.38448299999993, -22.81371339999998], [-43.38448399999993, -22.81371469999993], [-43.38451219999996, -22.813747999999972], [-43.384559699999954, -22.813804099999967], [-43.38460809999998, -22.813861199999955], [-43.38471889999994, -22.81393799999995], [-43.38478569999995, -22.813967799999936], [-43.384852499999965, -22.813997699999952], [-43.38485449999996, -22.81399799999997], [-43.38494629999997, -22.814013799999938], [-43.38503549999996, -22.814029099999964], [-43.38516089999996, -22.81405069999994], [-43.385371299999974, -22.81379059999994], [-43.385580699999934, -22.813486299999965], [-43.385729099999935, -22.813291899999964], [-43.38600329999997, -22.81296009999994], [-43.385085699999934, -22.81238089999993], [-43.38416959999995, -22.811779499999954], [-43.38384089999994, -22.812275799999956], [-43.38381849999996, -22.812304199999968], [-43.383721899999955, -22.812426899999927]]]}, "properties": {"id": "330510915000024", "name": "Setor 330510915000024", "meanMonthlyBRL": 1550.44, "medianMonthlyBRL": 1212.0, "status": "published", "sourceTerritoryType": "census_sector", "overlayColor": "#c6dbef"}}, {"type": "Feature", "geometry": {"type": "Polygon", "coordinates": [[[-43.384829699999955, -22.810892699999954], [-43.384637399999974, -22.811177999999927], [-43.38456779999996, -22.811281299999962], [-43.38443989999996, -22.81143929999997], [-43.38419159999995, -22.81174629999998], [-43.38416959999995, -22.811779499999954], [-43.385085699999934, -22.81238089999993], [-43.38600329999997, -22.81296009999994], [-43.38630239999998, -22.812589199999927], [-43.386575499999935, -22.812219099999936], [-43.387188699999975, -22.811361399999953], [-43.38669599999997, -22.811051099999922], [-43.38627239999994, -22.81077639999995], [-43.38534969999995, -22.81019129999993], [-43.384829699999955, -22.810892699999954]]]}, "properties": {"id": "330510915000025", "name": "Setor 330510915000025", "meanMonthlyBRL": 1950.21, "medianMonthlyBRL": 1212.0, "status": "published", "sourceTerritoryType": "census_sector", "overlayColor": "#c6dbef"}}, {"type": "Feature", "geometry": {"type": "Polygon", "coordinates": [[[-43.38534969999995, -22.81019129999993], [-43.38627239999994, -22.81077639999995], [-43.38669599999997, -22.811051099999922], [-43.387188699999975, -22.811361399999953], [-43.38754529999994, -22.810887399999956], [-43.388067099999944, -22.810140399999966], [-43.38834849999995, -22.80976619999996], [-43.38775409999994, -22.809394499999936], [-43.38743249999993, -22.80919339999997], [-43.387140399999964, -22.809010699999938], [-43.38647989999998, -22.808600199999944], [-43.38611769999994, -22.809113199999956], [-43.38577809999998, -22.80959429999995], [-43.38549379999995, -22.809997199999938], [-43.38534969999995, -22.81019129999993]]]}, "properties": {"id": "330510915000026", "name": "Setor 330510915000026", "meanMonthlyBRL": 1619.36, "medianMonthlyBRL": 1212.0, "status": "published", "sourceTerritoryType": "census_sector", "overlayColor": "#c6dbef"}}, {"type": "Feature", "geometry": {"type": "Polygon", "coordinates": [[[-43.38859699999995, -22.807564099999976], [-43.38950799999998, -22.80814859999998], [-43.389989199999945, -22.80752299999995], [-43.39013279999995, -22.807336299999974], [-43.39034879999997, -22.807055499999937], [-43.39040939999995, -22.806971799999936], [-43.39062489999998, -22.806673899999964], [-43.39069959999995, -22.806570599999926], [-43.390364199999965, -22.806359699999966], [-43.389764499999956, -22.80599629999994], [-43.38881399999997, -22.80724989999993], [-43.38859699999995, -22.807564099999976]]]}, "properties": {"id": "330510915000027", "name": "Setor 330510915000027", "meanMonthlyBRL": 1838.88, "medianMonthlyBRL": 1500.0, "status": "published", "sourceTerritoryType": "census_sector", "overlayColor": "#9ecae1"}}, {"type": "Feature", "geometry": {"type": "Polygon", "coordinates": [[[-43.39126599999997, -22.80533129999997], [-43.39119219999998, -22.805341899999966], [-43.389265799999976, -22.80564439999994], [-43.38941459999995, -22.805773499999923], [-43.38948179999994, -22.805831899999927], [-43.389764499999956, -22.80599629999994], [-43.390364199999965, -22.806359699999966], [-43.39069959999995, -22.806570599999926], [-43.391418699999974, -22.807022599999975], [-43.391596499999935, -22.80713429999998], [-43.39195909999995, -22.807359399999932], [-43.39253039999994, -22.807712799999933], [-43.393116599999985, -22.806953199999953], [-43.39331519999996, -22.80667679999993], [-43.39392159999994, -22.805803399999952], [-43.392719899999975, -22.805336099999977], [-43.39262779999996, -22.80529769999998], [-43.39212209999994, -22.805086399999936], [-43.39202339999997, -22.80514059999995], [-43.39163529999996, -22.80527859999995], [-43.39126599999997, -22.80533129999997]]]}, "properties": {"id": "330510915000028", "name": "Setor 330510915000028", "meanMonthlyBRL": 1684.42, "medianMonthlyBRL": 1200.0, "status": "published", "sourceTerritoryType": "census_sector", "overlayColor": "#c6dbef"}}, {"type": "Feature", "geometry": {"type": "Polygon", "coordinates": [[[-43.39001049999996, -22.80383449999993], [-43.39012269999995, -22.803932799999927], [-43.390371699999946, -22.804242099999957], [-43.39118509999997, -22.80525269999998], [-43.39126599999997, -22.80533129999997], [-43.39163529999996, -22.80527859999995], [-43.39202339999997, -22.80514059999995], [-43.39212209999994, -22.805086399999936], [-43.39237689999993, -22.804946599999937], [-43.392752099999946, -22.804696499999977], [-43.39311159999994, -22.804371799999952], [-43.39295469999997, -22.80428689999997], [-43.39229729999994, -22.803935699999947], [-43.39188109999998, -22.803713399999936], [-43.39139019999993, -22.803488099999974], [-43.39135509999994, -22.803471999999942], [-43.39048289999994, -22.80315639999998], [-43.39001049999996, -22.80383449999993]]]}, "properties": {"id": "330510915000029", "name": "Setor 330510915000029", "meanMonthlyBRL": 1733.84, "medianMonthlyBRL": 1430.0, "status": "published", "sourceTerritoryType": "census_sector", "overlayColor": "#c6dbef"}}, {"type": "Feature", "geometry": {"type": "Polygon", "coordinates": [[[-43.39048289999994, -22.80315639999998], [-43.39135509999994, -22.803471999999942], [-43.39139019999993, -22.803488099999974], [-43.39188109999998, -22.803713399999936], [-43.39229729999994, -22.803935699999947], [-43.39295469999997, -22.80428689999997], [-43.39311159999994, -22.804371799999952], [-43.39319619999998, -22.80429549999997], [-43.393424699999976, -22.80393329999998], [-43.39350439999998, -22.80371279999997], [-43.39336289999994, -22.803619299999976], [-43.39275319999996, -22.803237399999936], [-43.39212459999993, -22.80282829999993], [-43.39115859999998, -22.80220879999996], [-43.39048289999994, -22.80315639999998]]]}, "properties": {"id": "330510915000030", "name": "Setor 330510915000030", "meanMonthlyBRL": 1597.8, "medianMonthlyBRL": 1212.0, "status": "published", "sourceTerritoryType": "census_sector", "overlayColor": "#c6dbef"}}, {"type": "Feature", "geometry": {"type": "Polygon", "coordinates": [[[-43.38820739999994, -22.80266109999996], [-43.38911049999996, -22.803229899999963], [-43.390060999999946, -22.80186019999996], [-43.39023839999993, -22.801635599999937], [-43.38975069999998, -22.801324599999923], [-43.389362699999936, -22.801077099999926], [-43.38820739999994, -22.80266109999996]]]}, "properties": {"id": "330510915000031", "name": "Setor 330510915000031", "meanMonthlyBRL": 2001.64, "medianMonthlyBRL": 1500.0, "status": "published", "sourceTerritoryType": "census_sector", "overlayColor": "#9ecae1"}}, {"type": "Feature", "geometry": {"type": "Polygon", "coordinates": [[[-43.39052099999998, -22.79949239999996], [-43.39140699999996, -22.800054199999977], [-43.39254029999995, -22.798466699999945], [-43.391624999999976, -22.797887699999936], [-43.39081679999998, -22.79908889999996], [-43.39052099999998, -22.79949239999996]]]}, "properties": {"id": "330510915000032", "name": "Setor 330510915000032", "meanMonthlyBRL": 1519.98, "medianMonthlyBRL": 1200.0, "status": "published", "sourceTerritoryType": "census_sector", "overlayColor": "#c6dbef"}}, {"type": "Feature", "geometry": {"type": "Polygon", "coordinates": [[[-43.389582099999984, -22.79889699999995], [-43.39052099999998, -22.79949239999996], [-43.39081679999998, -22.79908889999996], [-43.391624999999976, -22.797887699999936], [-43.39071249999995, -22.79730789999996], [-43.39035289999998, -22.797812099999927], [-43.39008949999993, -22.79816669999997], [-43.389582099999984, -22.79889699999995]]]}, "properties": {"id": "330510915000033", "name": "Setor 330510915000033", "meanMonthlyBRL": 1335.93, "medianMonthlyBRL": 1212.0, "status": "published", "sourceTerritoryType": "census_sector", "overlayColor": "#c6dbef"}}, {"type": "Feature", "geometry": {"type": "Polygon", "coordinates": [[[-43.38639449999994, -22.80151909999995], [-43.38730879999997, -22.80209509999997], [-43.38820739999994, -22.80266109999996], [-43.389362699999936, -22.801077099999926], [-43.38846529999995, -22.800504799999942], [-43.38753669999994, -22.799912599999967], [-43.386723899999936, -22.801071099999948], [-43.38639449999994, -22.80151909999995]]]}, "properties": {"id": "330510915000034", "name": "Setor 330510915000034", "meanMonthlyBRL": 1870.54, "medianMonthlyBRL": 1400.0, "status": "published", "sourceTerritoryType": "census_sector", "overlayColor": "#c6dbef"}}, {"type": "Feature", "geometry": {"type": "Polygon", "coordinates": [[[-43.38745289999997, -22.798215599999928], [-43.38663639999993, -22.799338399999957], [-43.38753669999994, -22.799912599999967], [-43.38846529999995, -22.800504799999942], [-43.389582099999984, -22.79889699999995], [-43.38868219999995, -22.79832629999993], [-43.38778559999997, -22.797757699999973], [-43.38745289999997, -22.798215599999928]]]}, "properties": {"id": "330510915000035", "name": "Setor 330510915000035", "meanMonthlyBRL": 1442.64, "medianMonthlyBRL": 1212.0, "status": "published", "sourceTerritoryType": "census_sector", "overlayColor": "#c6dbef"}}, {"type": "Feature", "geometry": {"type": "Polygon", "coordinates": [[[-43.38469049999998, -22.798689699999954], [-43.38457359999995, -22.799257799999967], [-43.384491899999944, -22.799654799999928], [-43.385056099999986, -22.799760299999942], [-43.38556349999993, -22.799849999999942], [-43.38618329999997, -22.79995879999996], [-43.38646959999994, -22.799567599999932], [-43.38663639999993, -22.799338399999957], [-43.38745289999997, -22.798215599999928], [-43.386891599999956, -22.797878999999966], [-43.386581999999976, -22.798287699999943], [-43.386010899999974, -22.79788619999994], [-43.38489519999996, -22.797694299999936], [-43.38478759999998, -22.798210899999965], [-43.38469049999998, -22.798689699999954]]]}, "properties": {"id": "330510915000036", "name": "Setor 330510915000036", "meanMonthlyBRL": 1662.48, "medianMonthlyBRL": 1212.0, "status": "published", "sourceTerritoryType": "census_sector", "overlayColor": "#c6dbef"}}, {"type": "Feature", "geometry": {"type": "Polygon", "coordinates": [[[-43.38416289999998, -22.797564799999975], [-43.38489519999996, -22.797694299999936], [-43.386010899999974, -22.79788619999994], [-43.386581999999976, -22.798287699999943], [-43.386891599999956, -22.797878999999966], [-43.38745289999997, -22.798215599999928], [-43.38778559999997, -22.797757699999973], [-43.38673719999997, -22.797092899999946], [-43.38667639999994, -22.797054299999953], [-43.38507819999995, -22.796326499999967], [-43.38478429999998, -22.796192599999927], [-43.38450469999998, -22.79670829999998], [-43.38444899999996, -22.796811099999957], [-43.38426959999998, -22.797141999999948], [-43.384213999999986, -22.797244499999977], [-43.38416289999998, -22.797564799999975]]]}, "properties": {"id": "330510915000037", "name": "Setor 330510915000037", "meanMonthlyBRL": 1525.49, "medianMonthlyBRL": 1300.0, "status": "published", "sourceTerritoryType": "census_sector", "overlayColor": "#c6dbef"}}, {"type": "Feature", "geometry": {"type": "Polygon", "coordinates": [[[-43.38014199999998, -22.797802499999932], [-43.38039219999996, -22.797895699999966], [-43.38140119999998, -22.79808499999995], [-43.38266909999993, -22.798322799999937], [-43.38469049999998, -22.798689699999954], [-43.38478759999998, -22.798210899999965], [-43.38489519999996, -22.797694299999936], [-43.38416289999998, -22.797564799999975], [-43.38286109999996, -22.79733459999995], [-43.38051119999995, -22.79691899999994], [-43.38036949999997, -22.797218699999966], [-43.38016399999998, -22.797653299999983], [-43.38014199999998, -22.797802499999932]]]}, "properties": {"id": "330510915000038", "name": "Setor 330510915000038", "meanMonthlyBRL": 1488.47, "medianMonthlyBRL": 1212.0, "status": "published", "sourceTerritoryType": "census_sector", "overlayColor": "#c6dbef"}}, {"type": "Feature", "geometry": {"type": "Polygon", "coordinates": [[[-43.38248149999998, -22.79928809999996], [-43.38286399999999, -22.799350299999954], [-43.38404019999996, -22.799570299999964], [-43.384491899999944, -22.799654799999928], [-43.38457359999995, -22.799257799999967], [-43.38469049999998, -22.798689699999954], [-43.38266909999993, -22.798322799999937], [-43.38256519999993, -22.798857499999944], [-43.38248149999998, -22.79928809999996]]]}, "properties": {"id": "330510915000039", "name": "Setor 330510915000039", "meanMonthlyBRL": 1880.35, "medianMonthlyBRL": 1212.0, "status": "published", "sourceTerritoryType": "census_sector", "overlayColor": "#c6dbef"}}, {"type": "Feature", "geometry": {"type": "Polygon", "coordinates": [[[-43.38600329999997, -22.81296009999994], [-43.385729099999935, -22.813291899999964], [-43.385580699999934, -22.813486299999965], [-43.385371299999974, -22.81379059999994], [-43.38516089999996, -22.81405069999994], [-43.385180899999966, -22.81405409999996], [-43.38524599999994, -22.81406529999998], [-43.38527389999996, -22.81407009999998], [-43.38543889999994, -22.814098499999933], [-43.38564169999995, -22.814133399999942], [-43.38568049999998, -22.81413999999995], [-43.385842699999955, -22.81416789999997], [-43.386013899999966, -22.814197299999933], [-43.38608769999996, -22.81420999999994], [-43.386208599999975, -22.81423079999996], [-43.38624909999993, -22.814242499999974], [-43.386272599999984, -22.81424929999997], [-43.38632179999996, -22.814263499999985], [-43.38633119999997, -22.814266299999925], [-43.386347099999966, -22.81427089999994], [-43.386359899999945, -22.814274599999973], [-43.38636139999995, -22.814274999999952], [-43.386364399999934, -22.814275899999924], [-43.38636719999994, -22.814276799999952], [-43.38659339999999, -22.81434809999996], [-43.38700589999996, -22.814535799999938], [-43.38719779999997, -22.81462309999994], [-43.38738149999995, -22.81470279999996], [-43.387584499999946, -22.81479079999997], [-43.387700999999936, -22.814804999999968], [-43.38780429999997, -22.81479949999993], [-43.38780619999994, -22.814799399999963], [-43.38783289999998, -22.814792499999946], [-43.387905699999976, -22.81477379999996], [-43.38798579999997, -22.814717399999953], [-43.38826229999995, -22.81454059999993], [-43.38835179999995, -22.81448339999997], [-43.388284399999975, -22.814450899999937], [-43.387830099999974, -22.81414959999995], [-43.38690589999993, -22.813536699999933], [-43.38724339999993, -22.81310769999993], [-43.38810339999998, -22.81193789999997], [-43.387188699999975, -22.811361399999953], [-43.386575499999935, -22.812219099999936], [-43.38630239999998, -22.812589199999927], [-43.38600329999997, -22.81296009999994]]]}, "properties": {"id": "330510915000040", "name": "Setor 330510915000040", "meanMonthlyBRL": 1747.23, "medianMonthlyBRL": 1450.0, "status": "published", "sourceTerritoryType": "census_sector", "overlayColor": "#c6dbef"}}, {"type": "Feature", "geometry": {"type": "Polygon", "coordinates": [[[-43.38835179999995, -22.81448339999997], [-43.388369799999964, -22.814471899999944], [-43.38851119999998, -22.814381499999968], [-43.38854569999995, -22.81435889999994], [-43.38865709999993, -22.81428589999996], [-43.38884939999997, -22.81415979999997], [-43.38885259999995, -22.81415739999994], [-43.38886209999998, -22.81415049999998], [-43.38911959999996, -22.813960699999935], [-43.38918959999995, -22.813924599999947], [-43.38925969999997, -22.81388839999994], [-43.389382499999954, -22.813824299999958], [-43.38965539999998, -22.81373619999994], [-43.38986909999994, -22.813671899999978], [-43.39000509999994, -22.813630999999923], [-43.39012169999995, -22.813636699999954], [-43.39023769999995, -22.81366099999996], [-43.39045319999997, -22.81376889999996], [-43.39055589999999, -22.813820399999933], [-43.39103229999995, -22.813291899999964], [-43.39120719999994, -22.813097199999962], [-43.391002699999945, -22.81299909999996], [-43.39069989999996, -22.812921299999974], [-43.39060039999998, -22.812921299999974], [-43.390524099999936, -22.812938999999975], [-43.390480099999934, -22.812949299999953], [-43.39035389999998, -22.813029399999945], [-43.39018949999996, -22.81318079999994], [-43.39004679999994, -22.813180799999945], [-43.38958139999994, -22.81287239999994], [-43.38902559999997, -22.81252099999994], [-43.38810339999998, -22.81193789999997], [-43.38724339999993, -22.81310769999993], [-43.38690589999993, -22.813536699999933], [-43.387830099999974, -22.81414959999995], [-43.388284399999975, -22.814450899999937], [-43.38835179999995, -22.81448339999997]]]}, "properties": {"id": "330510915000041", "name": "Setor 330510915000041", "meanMonthlyBRL": 1700.23, "medianMonthlyBRL": 1200.0, "status": "published", "sourceTerritoryType": "census_sector", "overlayColor": "#c6dbef"}}, {"type": "Feature", "geometry": {"type": "Polygon", "coordinates": [[[-43.38902559999997, -22.81252099999994], [-43.38958139999994, -22.81287239999994], [-43.39004679999994, -22.813180799999945], [-43.39018949999996, -22.81318079999994], [-43.39035389999998, -22.813029399999945], [-43.390480099999934, -22.812949299999953], [-43.390524099999936, -22.812938999999975], [-43.39060039999998, -22.812921299999974], [-43.39069989999996, -22.812921299999974], [-43.391002699999945, -22.81299909999996], [-43.39120719999994, -22.813097199999962], [-43.391233899999975, -22.81306829999994], [-43.39202729999994, -22.812188199999973], [-43.392095099999956, -22.81211289999993], [-43.39158699999996, -22.81175759999996], [-43.39154419999994, -22.811723499999964], [-43.39113099999997, -22.811483699999943], [-43.39099599999997, -22.81140539999995], [-43.39060759999995, -22.811167499999954], [-43.39020089999997, -22.81091579999997], [-43.38994059999993, -22.811263499999942], [-43.38984319999997, -22.81139369999994], [-43.38969739999993, -22.81158869999995], [-43.38947699999994, -22.811899599999947], [-43.38935139999995, -22.812077699999975], [-43.38920489999998, -22.812284599999934], [-43.38902559999997, -22.81252099999994]]]}, "properties": {"id": "330510915000042", "name": "Setor 330510915000042", "meanMonthlyBRL": 1795.43, "medianMonthlyBRL": 1500.0, "status": "published", "sourceTerritoryType": "census_sector", "overlayColor": "#9ecae1"}}, {"type": "Feature", "geometry": {"type": "Polygon", "coordinates": [[[-43.39020089999997, -22.81091579999997], [-43.39060759999995, -22.811167499999954], [-43.39099599999997, -22.81140539999995], [-43.39113099999997, -22.811483699999943], [-43.39154419999994, -22.811723499999964], [-43.39158699999996, -22.81175759999996], [-43.392095099999956, -22.81211289999993], [-43.39349859999993, -22.810555999999956], [-43.393496199999966, -22.810554999999965], [-43.39296109999998, -22.810255599999945], [-43.39293569999995, -22.810241299999973], [-43.392768899999965, -22.81013969999998], [-43.392290199999934, -22.809847899999966], [-43.39135599999997, -22.809278499999945], [-43.390942999999936, -22.809862199999937], [-43.39020089999997, -22.81091579999997]]]}, "properties": {"id": "330510915000043", "name": "Setor 330510915000043", "meanMonthlyBRL": 1680.35, "medianMonthlyBRL": 1400.0, "status": "published", "sourceTerritoryType": "census_sector", "overlayColor": "#c6dbef"}}, {"type": "Feature", "geometry": {"type": "Polygon", "coordinates": [[[-43.38950799999998, -22.80814859999998], [-43.38937679999998, -22.808319199999968], [-43.389202299999965, -22.80860369999993], [-43.38914139999997, -22.80870289999996], [-43.38834849999995, -22.80976619999996], [-43.38926139999995, -22.810334499999954], [-43.39020089999997, -22.81091579999997], [-43.390942999999936, -22.809862199999937], [-43.39135599999997, -22.809278499999945], [-43.39044489999998, -22.80872319999997], [-43.390903099999946, -22.80809099999993], [-43.391596499999935, -22.80713429999998], [-43.391418699999974, -22.807022599999975], [-43.39069959999995, -22.806570599999926], [-43.39062489999998, -22.806673899999964], [-43.39040939999995, -22.806971799999936], [-43.39034879999997, -22.807055499999937], [-43.39013279999995, -22.807336299999974], [-43.389989199999945, -22.80752299999995], [-43.38950799999998, -22.80814859999998]]]}, "properties": {"id": "330510915000044", "name": "Setor 330510915000044", "meanMonthlyBRL": 1995.29, "medianMonthlyBRL": 1350.0, "status": "published", "sourceTerritoryType": "census_sector", "overlayColor": "#c6dbef"}}, {"type": "Feature", "geometry": {"type": "Polygon", "coordinates": [[[-43.39135599999997, -22.809278499999945], [-43.392290199999934, -22.809847899999966], [-43.392768899999965, -22.81013969999998], [-43.39293569999995, -22.810241299999973], [-43.39296109999998, -22.810255599999945], [-43.393496199999966, -22.810554999999965], [-43.39349859999993, -22.810555999999956], [-43.39473499999997, -22.809184499999954], [-43.39481489999997, -22.80909589999993], [-43.39438529999995, -22.808851199999932], [-43.394204599999966, -22.808740699999927], [-43.39393649999994, -22.80857679999997], [-43.393448699999965, -22.808278399999946], [-43.39253039999994, -22.807712799999933], [-43.39195909999995, -22.807359399999932], [-43.391596499999935, -22.80713429999998], [-43.390903099999946, -22.80809099999993], [-43.39044489999998, -22.80872319999997], [-43.39135599999997, -22.809278499999945]]]}, "properties": {"id": "330510915000045", "name": "Setor 330510915000045", "meanMonthlyBRL": 1733.7, "medianMonthlyBRL": 1500.0, "status": "published", "sourceTerritoryType": "census_sector", "overlayColor": "#9ecae1"}}, {"type": "Feature", "geometry": {"type": "Polygon", "coordinates": [[[-43.39253039999994, -22.807712799999933], [-43.393448699999965, -22.808278399999946], [-43.39393649999994, -22.80857679999997], [-43.394204599999966, -22.808740699999927], [-43.39438529999995, -22.808851199999932], [-43.39481489999997, -22.80909589999993], [-43.39540389999996, -22.808442399999926], [-43.396285199999966, -22.807532999999975], [-43.396779299999935, -22.807023099999974], [-43.39685209999993, -22.80694799999998], [-43.396265899999946, -22.806659899999943], [-43.39621469999997, -22.806634699999957], [-43.39487839999998, -22.806178099999954], [-43.39392159999994, -22.805803399999952], [-43.39331519999996, -22.80667679999993], [-43.393116599999985, -22.806953199999953], [-43.39253039999994, -22.807712799999933]]]}, "properties": {"id": "330510915000046", "name": "Setor 330510915000046", "meanMonthlyBRL": 1697.09, "medianMonthlyBRL": 1212.0, "status": "published", "sourceTerritoryType": "census_sector", "overlayColor": "#c6dbef"}}, {"type": "Feature", "geometry": {"type": "Polygon", "coordinates": [[[-43.395721599999945, -22.805048899999978], [-43.39526589999997, -22.805661299999937], [-43.39487839999998, -22.806178099999954], [-43.39621469999997, -22.806634699999957], [-43.396265899999946, -22.806659899999943], [-43.39685209999993, -22.80694799999998], [-43.39724339999998, -22.806544099999943], [-43.39728279999997, -22.806503499999955], [-43.39890209999993, -22.80483239999995], [-43.39846239999997, -22.804525799999965], [-43.39831949999996, -22.804430999999965], [-43.39774399999993, -22.804058199999933], [-43.39698929999997, -22.805075599999952], [-43.39660739999994, -22.805627899999934], [-43.39613149999997, -22.80530409999994], [-43.395721599999945, -22.805048899999978]]]}, "properties": {"id": "330510915000047", "name": "Setor 330510915000047", "meanMonthlyBRL": 1799.54, "medianMonthlyBRL": 1400.0, "status": "published", "sourceTerritoryType": "census_sector", "overlayColor": "#c6dbef"}}, {"type": "Feature", "geometry": {"type": "Polygon", "coordinates": [[[-43.39392159999994, -22.805803399999952], [-43.39487839999998, -22.806178099999954], [-43.39526589999997, -22.805661299999937], [-43.395721599999945, -22.805048899999978], [-43.39686139999998, -22.80349059999998], [-43.39597039999996, -22.80293209999996], [-43.39572569999996, -22.803279899999946], [-43.39500429999998, -22.80423659999997], [-43.39481059999997, -22.804520399999937], [-43.39438529999995, -22.80515239999994], [-43.394231899999966, -22.805360599999972], [-43.39392159999994, -22.805803399999952]]]}, "properties": {"id": "330510915000048", "name": "Setor 330510915000048", "meanMonthlyBRL": 1916.9, "medianMonthlyBRL": 1500.0, "status": "published", "sourceTerritoryType": "census_sector", "overlayColor": "#9ecae1"}}, {"type": "Feature", "geometry": {"type": "Polygon", "coordinates": [[[-43.39350439999998, -22.80371279999997], [-43.393424699999976, -22.80393329999998], [-43.39319619999998, -22.80429549999997], [-43.39311159999994, -22.804371799999952], [-43.392752099999946, -22.804696499999977], [-43.39237689999993, -22.804946599999937], [-43.39212209999994, -22.805086399999936], [-43.39262779999996, -22.80529769999998], [-43.392719899999975, -22.805336099999977], [-43.39392159999994, -22.805803399999952], [-43.394231899999966, -22.805360599999972], [-43.39438529999995, -22.80515239999994], [-43.39481059999997, -22.804520399999937], [-43.39500429999998, -22.80423659999997], [-43.39572569999996, -22.803279899999946], [-43.39597039999996, -22.80293209999996], [-43.39508609999996, -22.802362299999963], [-43.394799699999965, -22.802174899999947], [-43.394163899999974, -22.801810799999934], [-43.39394129999994, -22.801682799999973], [-43.39386979999995, -22.80163179999994], [-43.39381549999996, -22.801592999999976], [-43.39368339999993, -22.803139999999924], [-43.39350439999998, -22.80371279999997]]]}, "properties": {"id": "330510915000049", "name": "Setor 330510915000049", "meanMonthlyBRL": 2991.67, "medianMonthlyBRL": 1500.0, "status": "published", "sourceTerritoryType": "census_sector", "overlayColor": "#9ecae1"}}, {"type": "Feature", "geometry": {"type": "Polygon", "coordinates": [[[-43.392300499999976, -22.800620899999956], [-43.39327849999995, -22.801241099999974], [-43.39368929999995, -22.80150159999993], [-43.39381549999996, -22.801592999999976], [-43.39404559999997, -22.799420699999928], [-43.39388159999993, -22.799309099999956], [-43.393461299999956, -22.79904419999997], [-43.392300499999976, -22.800620899999956]]]}, "properties": {"id": "330510915000050", "name": "Setor 330510915000050", "meanMonthlyBRL": 1441.89, "medianMonthlyBRL": 1212.0, "status": "published", "sourceTerritoryType": "census_sector", "overlayColor": "#c6dbef"}}, {"type": "Feature", "geometry": {"type": "Polygon", "coordinates": [[[-43.39115859999998, -22.80220879999996], [-43.39212459999993, -22.80282829999993], [-43.39226569999994, -22.80263419999994], [-43.39327849999995, -22.801241099999974], [-43.392300499999976, -22.800620899999956], [-43.39182239999997, -22.800317699999937], [-43.391175799999985, -22.801191399999944], [-43.391655399999934, -22.801517399999966], [-43.39128169999998, -22.80203749999998], [-43.39115859999998, -22.80220879999996]]]}, "properties": {"id": "330510915000051", "name": "Setor 330510915000051", "meanMonthlyBRL": 1598.27, "medianMonthlyBRL": 1212.0, "status": "published", "sourceTerritoryType": "census_sector", "overlayColor": "#c6dbef"}}, {"type": "Feature", "geometry": {"type": "Polygon", "coordinates": [[[-43.39140699999996, -22.800054199999977], [-43.39182239999997, -22.800317699999937], [-43.392300499999976, -22.800620899999956], [-43.393461299999956, -22.79904419999997], [-43.39254029999995, -22.798466699999945], [-43.39140699999996, -22.800054199999977]]]}, "properties": {"id": "330510915000052", "name": "Setor 330510915000052", "meanMonthlyBRL": 1590.24, "medianMonthlyBRL": 1212.0, "status": "published", "sourceTerritoryType": "census_sector", "overlayColor": "#c6dbef"}}, {"type": "Feature", "geometry": {"type": "Polygon", "coordinates": [[[-43.38778559999997, -22.797757699999973], [-43.38868219999995, -22.79832629999993], [-43.389582099999984, -22.79889699999995], [-43.39008949999993, -22.79816669999997], [-43.39035289999998, -22.797812099999927], [-43.39071249999995, -22.79730789999996], [-43.39021169999995, -22.797015799999944], [-43.389809999999954, -22.796770099999947], [-43.38891159999997, -22.796218999999944], [-43.38854289999995, -22.796720699999973], [-43.388179899999955, -22.79721479999995], [-43.38778559999997, -22.797757699999973]]]}, "properties": {"id": "330510915000053", "name": "Setor 330510915000053", "meanMonthlyBRL": 1690.19, "medianMonthlyBRL": 1212.0, "status": "published", "sourceTerritoryType": "census_sector", "overlayColor": "#c6dbef"}}, {"type": "Feature", "geometry": {"type": "Polygon", "coordinates": [[[-43.38673719999997, -22.797092899999946], [-43.38778559999997, -22.797757699999973], [-43.388179899999955, -22.79721479999995], [-43.38854289999995, -22.796720699999973], [-43.38891159999997, -22.796218999999944], [-43.38803429999996, -22.795680899999972], [-43.38755029999993, -22.795395199999973], [-43.38709589999996, -22.795108899999942], [-43.387066199999936, -22.79529069999995], [-43.387038099999984, -22.795783099999934], [-43.38700019999993, -22.796449199999923], [-43.386918499999986, -22.796728199999954], [-43.38673719999997, -22.797092899999946]]]}, "properties": {"id": "330510915000054", "name": "Setor 330510915000054", "meanMonthlyBRL": 1872.2, "medianMonthlyBRL": 1340.0, "status": "published", "sourceTerritoryType": "census_sector", "overlayColor": "#c6dbef"}}, {"type": "Feature", "geometry": {"type": "Polygon", "coordinates": [[[-43.38478429999998, -22.796192599999927], [-43.38507819999995, -22.796326499999967], [-43.38667639999994, -22.797054299999953], [-43.38673719999997, -22.797092899999946], [-43.386918499999986, -22.796728199999954], [-43.38700019999993, -22.796449199999923], [-43.387038099999984, -22.795783099999934], [-43.387066199999936, -22.79529069999995], [-43.38709589999996, -22.795108899999942], [-43.386878199999956, -22.794971699999955], [-43.38572469999997, -22.794448299999935], [-43.385612599999945, -22.79466469999993], [-43.38540879999994, -22.795040599999943], [-43.385108199999934, -22.79559519999998], [-43.38478429999998, -22.796192599999927]]]}, "properties": {"id": "330510915000055", "name": "Setor 330510915000055", "meanMonthlyBRL": 1947.11, "medianMonthlyBRL": 1300.0, "status": "published", "sourceTerritoryType": "census_sector", "overlayColor": "#c6dbef"}}, {"type": "Feature", "geometry": {"type": "Polygon", "coordinates": [[[-43.38368049999997, -22.79568999999998], [-43.38478429999998, -22.796192599999927], [-43.385108199999934, -22.79559519999998], [-43.38540879999994, -22.795040599999943], [-43.385612599999945, -22.79466469999993], [-43.38572469999997, -22.794448299999935], [-43.384618899999964, -22.79394639999998], [-43.38430409999995, -22.79453729999994], [-43.383996699999955, -22.795105799999934], [-43.38368049999997, -22.79568999999998]]]}, "properties": {"id": "330510915000056", "name": "Setor 330510915000056", "meanMonthlyBRL": 1939.83, "medianMonthlyBRL": 1250.0, "status": "published", "sourceTerritoryType": "census_sector", "overlayColor": "#c6dbef"}}, {"type": "Feature", "geometry": {"type": "Polygon", "coordinates": [[[-43.381124599999964, -22.79605689999994], [-43.38082469999995, -22.796374599999986], [-43.38058279999996, -22.79677009999994], [-43.38057749999996, -22.79677859999998], [-43.38051119999995, -22.79691899999994], [-43.38286109999996, -22.79733459999995], [-43.38416289999998, -22.797564799999975], [-43.384213999999986, -22.797244499999977], [-43.38426959999998, -22.797141999999948], [-43.38444899999996, -22.796811099999957], [-43.38450469999998, -22.79670829999998], [-43.38478429999998, -22.796192599999927], [-43.38368049999997, -22.79568999999998], [-43.38341749999995, -22.796175999999942], [-43.38335519999998, -22.79629109999996], [-43.38316169999996, -22.796648499999943], [-43.38304469999997, -22.796669299999955], [-43.38299359999996, -22.79665299999994], [-43.381124599999964, -22.79605689999994]]]}, "properties": {"id": "330510915000057", "name": "Setor 330510915000057", "meanMonthlyBRL": 1884.03, "medianMonthlyBRL": 1212.0, "status": "published", "sourceTerritoryType": "census_sector", "overlayColor": "#c6dbef"}}, {"type": "Feature", "geometry": {"type": "Polygon", "coordinates": [[[-43.381124599999964, -22.79605689999994], [-43.38299359999996, -22.79665299999994], [-43.38304469999997, -22.796669299999955], [-43.38316169999996, -22.796648499999943], [-43.38335519999998, -22.79629109999996], [-43.38341749999995, -22.796175999999942], [-43.38368049999997, -22.79568999999998], [-43.38219849999996, -22.79501499999997], [-43.38197659999997, -22.794956099999975], [-43.38177069999995, -22.795152899999945], [-43.38158079999994, -22.795443599999935], [-43.38130479999995, -22.795865899999967], [-43.381124599999964, -22.79605689999994]]]}, "properties": {"id": "330510915000058", "name": "Setor 330510915000058", "meanMonthlyBRL": 2407.24, "medianMonthlyBRL": 1335.0, "status": "published", "sourceTerritoryType": "census_sector", "overlayColor": "#c6dbef"}}, {"type": "Feature", "geometry": {"type": "Polygon", "coordinates": [[[-43.38256979999994, -22.79405869999993], [-43.38235619999995, -22.79438339999996], [-43.38198459999995, -22.794948499999972], [-43.38197659999997, -22.794956099999975], [-43.38219849999996, -22.79501499999997], [-43.38368049999997, -22.79568999999998], [-43.383996699999955, -22.795105799999934], [-43.38430409999995, -22.79453729999994], [-43.384618899999964, -22.79394639999998], [-43.38309839999994, -22.793256399999954], [-43.38272639999997, -22.79382059999995], [-43.38256979999994, -22.79405869999993]]]}, "properties": {"id": "330510915000059", "name": "Setor 330510915000059", "meanMonthlyBRL": 2123.85, "medianMonthlyBRL": 1545.0, "status": "published", "sourceTerritoryType": "census_sector", "overlayColor": "#9ecae1"}}, {"type": "Feature", "geometry": {"type": "Polygon", "coordinates": [[[-43.39593099999996, -22.79936699999996], [-43.39531149999994, -22.80021289999996], [-43.395106699999985, -22.800547999999928], [-43.39484059999995, -22.800941899999938], [-43.39473949999996, -22.80106949999998], [-43.394163899999974, -22.801810799999934], [-43.394799699999965, -22.802174899999947], [-43.39508609999996, -22.802362299999963], [-43.39540499999998, -22.80190089999997], [-43.395608299999935, -22.801647699999933], [-43.39579719999995, -22.80135179999996], [-43.39620249999996, -22.800776399999958], [-43.397384099999954, -22.799202099999945], [-43.39648209999996, -22.798631699999934], [-43.39593099999996, -22.79936699999996]]]}, "properties": {"id": "330510915000060", "name": "Setor 330510915000060", "meanMonthlyBRL": 1775.25, "medianMonthlyBRL": 1350.0, "status": "published", "sourceTerritoryType": "census_sector", "overlayColor": "#c6dbef"}}, {"type": "Feature", "geometry": {"type": "Polygon", "coordinates": [[[-43.39404559999997, -22.799420699999928], [-43.39381549999996, -22.801592999999976], [-43.39386979999995, -22.80163179999994], [-43.39394129999994, -22.801682799999973], [-43.394163899999974, -22.801810799999934], [-43.39473949999996, -22.80106949999998], [-43.39484059999995, -22.800941899999938], [-43.395106699999985, -22.800547999999928], [-43.39531149999994, -22.80021289999996], [-43.39593099999996, -22.79936699999996], [-43.39545719999995, -22.79907919999994], [-43.39556939999994, -22.798917199999956], [-43.39510009999998, -22.798654599999963], [-43.39441929999998, -22.799645799999944], [-43.394163499999934, -22.79948259999998], [-43.39404559999997, -22.799420699999928]]]}, "properties": {"id": "330510915000061", "name": "Setor 330510915000061", "meanMonthlyBRL": 1559.71, "medianMonthlyBRL": 1215.0, "status": "published", "sourceTerritoryType": "census_sector", "overlayColor": "#c6dbef"}}, {"type": "Feature", "geometry": {"type": "Polygon", "coordinates": [[[-43.391624999999976, -22.797887699999936], [-43.39254029999995, -22.798466699999945], [-43.393461299999956, -22.79904419999997], [-43.39388159999993, -22.799309099999956], [-43.39404559999997, -22.799420699999928], [-43.394066899999984, -22.799065499999987], [-43.394065499999954, -22.798753899999948], [-43.39403699999997, -22.798297899999962], [-43.39397319999995, -22.79779779999995], [-43.39394189999996, -22.797432999999955], [-43.39391019999994, -22.797068399999937], [-43.393696499999976, -22.79695839999993], [-43.393615799999964, -22.796919899999967], [-43.392722499999934, -22.796317099999953], [-43.39201939999998, -22.79730149999995], [-43.391624999999976, -22.797887699999936]]]}, "properties": {"id": "330510915000062", "name": "Setor 330510915000062", "meanMonthlyBRL": 1947.82, "medianMonthlyBRL": 1579.5, "status": "published", "sourceTerritoryType": "census_sector", "overlayColor": "#9ecae1"}}, {"type": "Feature", "geometry": {"type": "Polygon", "coordinates": [[[-43.38891159999997, -22.796218999999944], [-43.389809999999954, -22.796770099999947], [-43.39021169999995, -22.797015799999944], [-43.39071249999995, -22.79730789999996], [-43.391624999999976, -22.797887699999936], [-43.39201939999998, -22.79730149999995], [-43.392722499999934, -22.796317099999953], [-43.39225469999997, -22.79600139999996], [-43.39183189999994, -22.79573799999997], [-43.39137979999998, -22.795479299999954], [-43.39091519999994, -22.795195199999963], [-43.390030399999944, -22.794635899999943], [-43.38891159999997, -22.796218999999944]]]}, "properties": {"id": "330510915000063", "name": "Setor 330510915000063", "meanMonthlyBRL": 1841.97, "medianMonthlyBRL": 1700.0, "status": "published", "sourceTerritoryType": "census_sector", "overlayColor": "#9ecae1"}}, {"type": "Feature", "geometry": {"type": "Polygon", "coordinates": [[[-43.387211899999954, -22.79437979999995], [-43.38709589999996, -22.795108899999942], [-43.38755029999993, -22.795395199999973], [-43.38803429999996, -22.795680899999972], [-43.38891159999997, -22.796218999999944], [-43.390030399999944, -22.794635899999943], [-43.389579899999944, -22.794337599999942], [-43.389170999999976, -22.794066899999955], [-43.38868689999998, -22.79376209999998], [-43.38834499999996, -22.79354689999996], [-43.388192799999956, -22.79345109999997], [-43.387804899999935, -22.793198599999982], [-43.38751689999998, -22.79301109999995], [-43.387498799999946, -22.793032799999935], [-43.38741319999997, -22.79335599999996], [-43.38734189999997, -22.79369529999996], [-43.38730199999998, -22.793885199999973], [-43.38725629999994, -22.79410229999996], [-43.387211899999954, -22.79437979999995]]]}, "properties": {"id": "330510915000064", "name": "Setor 330510915000064", "meanMonthlyBRL": 1872.94, "medianMonthlyBRL": 1350.0, "status": "published", "sourceTerritoryType": "census_sector", "overlayColor": "#c6dbef"}}, {"type": "Feature", "geometry": {"type": "Polygon", "coordinates": [[[-43.38313859999994, -22.793195999999966], [-43.38309839999994, -22.793256399999954], [-43.384618899999964, -22.79394639999998], [-43.38572469999997, -22.794448299999935], [-43.386878199999956, -22.794971699999955], [-43.38709589999996, -22.795108899999942], [-43.387211899999954, -22.79437979999995], [-43.38602229999998, -22.793871899999942], [-43.384910899999966, -22.793397399999947], [-43.38342679999994, -22.792763799999936], [-43.38313859999994, -22.793195999999966]]]}, "properties": {"id": "330510915000066", "name": "Setor 330510915000066", "meanMonthlyBRL": 1950.32, "medianMonthlyBRL": 2000.0, "status": "published", "sourceTerritoryType": "census_sector", "overlayColor": "#6baed6"}}, {"type": "Feature", "geometry": {"type": "Polygon", "coordinates": [[[-43.39686139999998, -22.80349059999998], [-43.39711569999997, -22.80365119999993], [-43.39774399999993, -22.804058199999933], [-43.39831949999996, -22.804430999999965], [-43.39846239999997, -22.804525799999965], [-43.39890209999993, -22.80483239999995], [-43.39892649999996, -22.804804899999965], [-43.40014789999998, -22.803424599999968], [-43.399747599999955, -22.803091099999957], [-43.39959669999996, -22.802965399999948], [-43.39909709999995, -22.802599499999932], [-43.39888249999996, -22.802466099999943], [-43.39885359999994, -22.80244809999993], [-43.397995599999945, -22.801914499999956], [-43.39686139999998, -22.80349059999998]]]}, "properties": {"id": "330510915000067", "name": "Setor 330510915000067", "meanMonthlyBRL": 1983.6, "medianMonthlyBRL": 1300.0, "status": "published", "sourceTerritoryType": "census_sector", "overlayColor": "#c6dbef"}}, {"type": "Feature", "geometry": {"type": "Polygon", "coordinates": [[[-43.397995599999945, -22.801914499999956], [-43.39885359999994, -22.80244809999993], [-43.39888249999996, -22.802466099999943], [-43.39909709999995, -22.802599499999932], [-43.39959669999996, -22.802965399999948], [-43.399747599999955, -22.803091099999957], [-43.40014789999998, -22.803424599999968], [-43.40037879999994, -22.80316369999997], [-43.40063559999993, -22.80287349999998], [-43.40104759999997, -22.802407899999935], [-43.401487299999985, -22.801911099999923], [-43.40113649999995, -22.80154839999994], [-43.40096679999994, -22.801405899999963], [-43.40052019999996, -22.801138499999976], [-43.400035799999955, -22.800848099999946], [-43.39914209999995, -22.80031709999997], [-43.397995599999945, -22.801914499999956]]]}, "properties": {"id": "330510915000068", "name": "Setor 330510915000068", "meanMonthlyBRL": 1789.29, "medianMonthlyBRL": 1500.0, "status": "published", "sourceTerritoryType": "census_sector", "overlayColor": "#9ecae1"}}, {"type": "Feature", "geometry": {"type": "Polygon", "coordinates": [[[-43.39597039999996, -22.80293209999996], [-43.39686139999998, -22.80349059999998], [-43.397995599999945, -22.801914499999956], [-43.39914209999995, -22.80031709999997], [-43.39823919999998, -22.79974239999996], [-43.39708919999998, -22.801347499999952], [-43.39597039999996, -22.80293209999996]]]}, "properties": {"id": "330510915000069", "name": "Setor 330510915000069", "meanMonthlyBRL": 1966.15, "medianMonthlyBRL": 1300.0, "status": "published", "sourceTerritoryType": "census_sector", "overlayColor": "#c6dbef"}}, {"type": "Feature", "geometry": {"type": "Polygon", "coordinates": [[[-43.37975499999993, -22.79983939999994], [-43.380231599999945, -22.799931599999972], [-43.38116439999993, -22.80008949999995], [-43.38228879999997, -22.80027979999993], [-43.38248149999998, -22.79928809999996], [-43.38153299999993, -22.799133999999988], [-43.38098639999998, -22.79902229999993], [-43.380033899999944, -22.798901799999946], [-43.38002609999995, -22.799017499999934], [-43.37979319999994, -22.799754399999976], [-43.37975499999993, -22.79983939999994]]]}, "properties": {"id": "330510915000070", "name": "Setor 330510915000070", "meanMonthlyBRL": 2164.57, "medianMonthlyBRL": 1350.0, "status": "published", "sourceTerritoryType": "census_sector", "overlayColor": "#c6dbef"}}, {"type": "Feature", "geometry": {"type": "Polygon", "coordinates": [[[-43.38126299999993, -22.805430799999943], [-43.38133039999997, -22.805448099999982], [-43.381524799999966, -22.805498099999966], [-43.38179509999998, -22.80563599999994], [-43.38206539999993, -22.80582809999992], [-43.38220899999994, -22.806020399999962], [-43.382269699999945, -22.80586859999994], [-43.38230289999996, -22.805785699999948], [-43.382652499999956, -22.80468619999994], [-43.38282229999993, -22.804205599999932], [-43.38192429999998, -22.80387969999998], [-43.381343399999935, -22.80524369999995], [-43.381320899999935, -22.805295999999945], [-43.38126299999993, -22.805430799999943]]]}, "properties": {"id": "330510915000071", "name": "Setor 330510915000071", "meanMonthlyBRL": 2242.24, "medianMonthlyBRL": 2000.0, "status": "published", "sourceTerritoryType": "census_sector", "overlayColor": "#6baed6"}}, {"type": "Feature", "geometry": {"type": "Polygon", "coordinates": [[[-43.38522309999996, -22.803115999999928], [-43.386134399999946, -22.803686099999926], [-43.38730879999997, -22.80209509999997], [-43.38639449999994, -22.80151909999995], [-43.38522309999996, -22.803115999999928]]]}, "properties": {"id": "330510915000072", "name": "Setor 330510915000072", "meanMonthlyBRL": 1576.86, "medianMonthlyBRL": 1212.0, "status": "published", "sourceTerritoryType": "census_sector", "overlayColor": "#c6dbef"}}, {"type": "Feature", "geometry": {"type": "Polygon", "coordinates": [[[-43.38407109999997, -22.80471069999993], [-43.38496999999995, -22.805298099999963], [-43.386134399999946, -22.803686099999926], [-43.38522309999996, -22.803115999999928], [-43.384354299999984, -22.804303499999946], [-43.38407109999997, -22.80471069999993]]]}, "properties": {"id": "330510915000073", "name": "Setor 330510915000073", "meanMonthlyBRL": 1493.18, "medianMonthlyBRL": 1200.0, "status": "published", "sourceTerritoryType": "census_sector", "overlayColor": "#c6dbef"}}, {"type": "Feature", "geometry": {"type": "Polygon", "coordinates": [[[-43.37866299999996, -22.810748999999934], [-43.37943579999995, -22.81063799999998], [-43.37951799999996, -22.81062609999998], [-43.379606199999955, -22.810628999999942], [-43.379654499999965, -22.810647499999956], [-43.37971239999996, -22.810675799999956], [-43.37981209999999, -22.810750499999973], [-43.379814299999964, -22.810745899999972], [-43.38094099999995, -22.80993449999994], [-43.38081409999995, -22.809896399999957], [-43.38033509999997, -22.80974529999997], [-43.37980419999997, -22.809578899999952], [-43.37882309999998, -22.809303299999954], [-43.37880229999996, -22.80939769999998], [-43.37869019999994, -22.809903399999936], [-43.378682399999946, -22.810277199999966], [-43.37868049999997, -22.81032539999995], [-43.37866779999996, -22.810642099999942], [-43.37866299999996, -22.810748999999934]]]}, "properties": {"id": "330510915000074", "name": "Setor 330510915000074", "meanMonthlyBRL": 1390.74, "medianMonthlyBRL": 1212.0, "status": "published", "sourceTerritoryType": "census_sector", "overlayColor": "#c6dbef"}}, {"type": "Feature", "geometry": {"type": "Polygon", "coordinates": [[[-43.39508609999996, -22.802362299999963], [-43.39597039999996, -22.80293209999996], [-43.39708919999998, -22.801347499999952], [-43.39823919999998, -22.79974239999996], [-43.397384099999954, -22.799202099999945], [-43.39620249999996, -22.800776399999958], [-43.39579719999995, -22.80135179999996], [-43.395608299999935, -22.801647699999933], [-43.39540499999998, -22.80190089999997], [-43.39508609999996, -22.802362299999963]]]}, "properties": {"id": "330510915000075", "name": "Setor 330510915000075", "meanMonthlyBRL": 1868.13, "medianMonthlyBRL": 1212.0, "status": "published", "sourceTerritoryType": "census_sector", "overlayColor": "#c6dbef"}}, {"type": "Feature", "geometry": {"type": "Polygon", "coordinates": [[[-43.38192429999998, -22.80387969999998], [-43.38282229999993, -22.804205599999932], [-43.38342259999996, -22.802507399999964], [-43.382559399999934, -22.80235869999996], [-43.38192429999998, -22.80387969999998]]]}, "properties": {"id": "330510915000076", "name": "Setor 330510915000076", "meanMonthlyBRL": 1603.31, "medianMonthlyBRL": 1242.0, "status": "published", "sourceTerritoryType": "census_sector", "overlayColor": "#c6dbef"}}, {"type": "Feature", "geometry": {"type": "Polygon", "coordinates": [[[-43.382147799999984, -22.81174199999998], [-43.382187199999976, -22.811750999999955], [-43.38222859999996, -22.811760399999955], [-43.382352399999945, -22.811783599999952], [-43.38259249999993, -22.811828599999952], [-43.38284519999996, -22.811875099999945], [-43.38287109999993, -22.811879799999932], [-43.383001899999954, -22.81193379999996], [-43.383158699999974, -22.812030799999942], [-43.38325669999995, -22.81210359999994], [-43.38342259999996, -22.81222659999998], [-43.38357039999994, -22.81231759999998], [-43.38370969999994, -22.812417099999955], [-43.383721899999955, -22.812426899999927], [-43.38381849999996, -22.812304199999968], [-43.38384089999994, -22.812275799999956], [-43.38416959999995, -22.811779499999954], [-43.38419159999995, -22.81174629999998], [-43.38443989999996, -22.81143929999997], [-43.38456779999996, -22.811281299999962], [-43.384637399999974, -22.811177999999927], [-43.384829699999955, -22.810892699999954], [-43.38394869999996, -22.810698099999957], [-43.38353949999998, -22.81057019999997], [-43.383495299999936, -22.810536399999933], [-43.38304709999995, -22.81092239999998], [-43.38238839999997, -22.81149109999996], [-43.38225989999996, -22.81162319999992], [-43.382179399999984, -22.81170589999994], [-43.382147799999984, -22.81174199999998]]]}, "properties": {"id": "330510915000077", "name": "Setor 330510915000077", "meanMonthlyBRL": 1266.59, "medianMonthlyBRL": 1212.0, "status": "published", "sourceTerritoryType": "census_sector", "overlayColor": "#c6dbef"}}, {"type": "Feature", "geometry": {"type": "Polygon", "coordinates": [[[-43.38228879999997, -22.80027979999993], [-43.382097699999974, -22.801263099999964], [-43.38277879999999, -22.80138619999997], [-43.38328339999998, -22.801477499999976], [-43.383862299999976, -22.801582099999965], [-43.384091299999966, -22.80165389999996], [-43.384287599999936, -22.80066799999997], [-43.38434829999994, -22.80036339999998], [-43.384423099999935, -22.799989199999967], [-43.384491899999944, -22.799654799999928], [-43.38404019999996, -22.799570299999964], [-43.383766599999944, -22.80056299999995], [-43.38350139999995, -22.80051169999996], [-43.38287089999995, -22.800392399999968], [-43.38228879999997, -22.80027979999993]]]}, "properties": {"id": "330510915000078", "name": "Setor 330510915000078", "meanMonthlyBRL": 1839.23, "medianMonthlyBRL": 1260.5, "status": "published", "sourceTerritoryType": "census_sector", "overlayColor": "#c6dbef"}}, {"type": "Feature", "geometry": {"type": "Polygon", "coordinates": [[[-43.38228879999997, -22.80027979999993], [-43.38287089999995, -22.800392399999968], [-43.38350139999995, -22.80051169999996], [-43.383766599999944, -22.80056299999995], [-43.38404019999996, -22.799570299999964], [-43.38286399999999, -22.799350299999954], [-43.38248149999998, -22.79928809999996], [-43.38228879999997, -22.80027979999993]]]}, "properties": {"id": "330510915000079", "name": "Setor 330510915000079", "meanMonthlyBRL": 1596.92, "medianMonthlyBRL": 1212.0, "status": "published", "sourceTerritoryType": "census_sector", "overlayColor": "#c6dbef"}}, {"type": "Feature", "geometry": {"type": "Polygon", "coordinates": [[[-43.38911049999996, -22.803229899999963], [-43.38985649999995, -22.80369979999994], [-43.39001049999996, -22.80383449999993], [-43.39048289999994, -22.80315639999998], [-43.39115859999998, -22.80220879999996], [-43.39023839999993, -22.801635599999937], [-43.390060999999946, -22.80186019999996], [-43.38911049999996, -22.803229899999963]]]}, "properties": {"id": "330510915000080", "name": "Setor 330510915000080", "meanMonthlyBRL": 1431.47, "medianMonthlyBRL": 1200.0, "status": "published", "sourceTerritoryType": "census_sector", "overlayColor": "#c6dbef"}}, {"type": "Feature", "geometry": {"type": "Polygon", "coordinates": [[[-43.38618329999997, -22.79995879999996], [-43.38546089999994, -22.800931099999953], [-43.38639449999994, -22.80151909999995], [-43.386723899999936, -22.801071099999948], [-43.38753669999994, -22.799912599999967], [-43.38663639999993, -22.799338399999957], [-43.38646959999994, -22.799567599999932], [-43.38618329999997, -22.79995879999996]]]}, "properties": {"id": "330510915000081", "name": "Setor 330510915000081", "meanMonthlyBRL": 1428.3, "medianMonthlyBRL": 1212.0, "status": "published", "sourceTerritoryType": "census_sector", "overlayColor": "#c6dbef"}}, {"type": "Feature", "geometry": {"type": "Polygon", "coordinates": [[[-43.380033899999944, -22.798901799999946], [-43.38098639999998, -22.79902229999993], [-43.38153299999993, -22.799133999999988], [-43.38248149999998, -22.79928809999996], [-43.38256519999993, -22.798857499999944], [-43.38266909999993, -22.798322799999937], [-43.38140119999998, -22.79808499999995], [-43.38039219999996, -22.797895699999966], [-43.38014199999998, -22.797802499999932], [-43.380078399999945, -22.798233199999963], [-43.380033899999944, -22.798901799999946]]]}, "properties": {"id": "330510915000082", "name": "Setor 330510915000082", "meanMonthlyBRL": 1667.61, "medianMonthlyBRL": 1212.0, "status": "published", "sourceTerritoryType": "census_sector", "overlayColor": "#c6dbef"}}, {"type": "Feature", "geometry": {"type": "Polygon", "coordinates": [[[-43.387188699999975, -22.811361399999953], [-43.38810339999998, -22.81193789999997], [-43.38902559999997, -22.81252099999994], [-43.38920489999998, -22.812284599999934], [-43.38935139999995, -22.812077699999975], [-43.38947699999994, -22.811899599999947], [-43.38969739999993, -22.81158869999995], [-43.38984319999997, -22.81139369999994], [-43.38994059999993, -22.811263499999942], [-43.39020089999997, -22.81091579999997], [-43.38926139999995, -22.810334499999954], [-43.38834849999995, -22.80976619999996], [-43.388067099999944, -22.810140399999966], [-43.38754529999994, -22.810887399999956], [-43.387188699999975, -22.811361399999953]]]}, "properties": {"id": "330510915000083", "name": "Setor 330510915000083", "meanMonthlyBRL": 2151.7, "medianMonthlyBRL": 2000.0, "status": "published", "sourceTerritoryType": "census_sector", "overlayColor": "#6baed6"}}, {"type": "Feature", "geometry": {"type": "Polygon", "coordinates": [[[-43.39404559999997, -22.799420699999928], [-43.394163499999934, -22.79948259999998], [-43.39441929999998, -22.799645799999944], [-43.39510009999998, -22.798654599999963], [-43.39556939999994, -22.798917199999956], [-43.39545719999995, -22.79907919999994], [-43.39593099999996, -22.79936699999996], [-43.39648209999996, -22.798631699999934], [-43.39555889999997, -22.798063599999978], [-43.395084699999984, -22.79777699999994], [-43.394618399999956, -22.79749499999997], [-43.39406539999993, -22.79715699999997], [-43.393987799999934, -22.79711269999996], [-43.39391019999994, -22.797068399999937], [-43.39394189999996, -22.797432999999955], [-43.39397319999995, -22.79779779999995], [-43.39403699999997, -22.798297899999962], [-43.394065499999954, -22.798753899999948], [-43.394066899999984, -22.799065499999987], [-43.39404559999997, -22.799420699999928]]]}, "properties": {"id": "330510915000084", "name": "Setor 330510915000084", "meanMonthlyBRL": 1768.13, "medianMonthlyBRL": 1500.0, "status": "published", "sourceTerritoryType": "census_sector", "overlayColor": "#9ecae1"}}, {"type": "Feature", "geometry": {"type": "Polygon", "coordinates": [[[-43.38057549999996, -22.80616509999993], [-43.38054759999994, -22.806311199999985], [-43.38164139999998, -22.806667799999953], [-43.382165199999974, -22.806188299999967], [-43.382182599999965, -22.806168499999952], [-43.38225689999996, -22.80608349999994], [-43.38220899999994, -22.806020399999962], [-43.38206539999993, -22.80582809999992], [-43.38179509999998, -22.80563599999994], [-43.381524799999966, -22.805498099999966], [-43.38133039999997, -22.805448099999982], [-43.38126299999993, -22.805430799999943], [-43.38119569999998, -22.805413499999926], [-43.380723399999965, -22.805343999999938], [-43.38069399999995, -22.805533999999962], [-43.380686899999944, -22.805579899999934], [-43.38057549999996, -22.80616509999993]]]}, "properties": {"id": "330510915000085", "name": "Setor 330510915000085", "meanMonthlyBRL": 1928.22, "medianMonthlyBRL": 1500.0, "status": "published", "sourceTerritoryType": "census_sector", "overlayColor": "#9ecae1"}}, {"type": "Feature", "geometry": {"type": "Polygon", "coordinates": [[[-43.37960869999995, -22.807562599999986], [-43.38014019999997, -22.807847299999942], [-43.380217699999946, -22.80790289999993], [-43.38054759999994, -22.806311199999985], [-43.38057549999996, -22.80616509999993], [-43.38045319999998, -22.806188999999957], [-43.38025169999998, -22.806235399999927], [-43.38005529999998, -22.80621649999995], [-43.38001639999993, -22.806200099999955], [-43.37981569999994, -22.806871099999967], [-43.37960869999995, -22.807562599999986]]]}, "properties": {"id": "330510915000086", "name": "Setor 330510915000086", "meanMonthlyBRL": 2248.24, "medianMonthlyBRL": 1500.0, "status": "published", "sourceTerritoryType": "census_sector", "overlayColor": "#9ecae1"}}, {"type": "Feature", "geometry": {"type": "Polygon", "coordinates": [[[-43.37882309999998, -22.809303299999954], [-43.37980419999997, -22.809578899999952], [-43.38053999999994, -22.808133899999977], [-43.380217699999946, -22.80790289999993], [-43.38014019999997, -22.807847299999942], [-43.37960869999995, -22.807562599999986], [-43.379518399999945, -22.807514199999954], [-43.379138799999964, -22.808596199999954], [-43.37882309999998, -22.809303299999954]]]}, "properties": {"id": "330510915000087", "name": "Setor 330510915000087", "meanMonthlyBRL": 1630.44, "medianMonthlyBRL": 1212.0, "status": "published", "sourceTerritoryType": "census_sector", "overlayColor": "#c6dbef"}}, {"type": "Feature", "geometry": {"type": "Polygon", "coordinates": [[[-43.38431239999994, -22.802638699999928], [-43.38441609999995, -22.802632599999978], [-43.38462519999996, -22.80274199999997], [-43.384797299999946, -22.80284959999994], [-43.38522309999996, -22.803115999999928], [-43.38639449999994, -22.80151909999995], [-43.38546089999994, -22.800931099999953], [-43.38492709999997, -22.80167719999997], [-43.384730099999956, -22.801990299999943], [-43.38438019999995, -22.802546699999937], [-43.38431239999994, -22.802638699999928]]]}, "properties": {"id": "330510915000088", "name": "Setor 330510915000088", "meanMonthlyBRL": 1700.63, "medianMonthlyBRL": 1400.0, "status": "published", "sourceTerritoryType": "census_sector", "overlayColor": "#c6dbef"}}, {"type": "Feature", "geometry": {"type": "Polygon", "coordinates": [[[-43.39023839999993, -22.801635599999937], [-43.39115859999998, -22.80220879999996], [-43.39128169999998, -22.80203749999998], [-43.391655399999934, -22.801517399999966], [-43.391175799999985, -22.801191399999944], [-43.39182239999997, -22.800317699999937], [-43.39140699999996, -22.800054199999977], [-43.390678099999946, -22.801078899999933], [-43.39023839999993, -22.801635599999937]]]}, "properties": {"id": "330510915000089", "name": "Setor 330510915000089", "meanMonthlyBRL": 1414.38, "medianMonthlyBRL": 1212.0, "status": "published", "sourceTerritoryType": "census_sector", "overlayColor": "#c6dbef"}}, {"type": "Feature", "geometry": {"type": "Polygon", "coordinates": [[[-43.388911399999984, -22.805412399999966], [-43.38915859999997, -22.80556489999998], [-43.389265799999976, -22.80564439999994], [-43.39119219999998, -22.805341899999966], [-43.39126599999997, -22.80533129999997], [-43.39118509999997, -22.80525269999998], [-43.390371699999946, -22.804242099999957], [-43.39012269999995, -22.803932799999927], [-43.39001049999996, -22.80383449999993], [-43.388911399999984, -22.805412399999966]]]}, "properties": {"id": "330510915000090", "name": "Setor 330510915000090", "meanMonthlyBRL": 1783.54, "medianMonthlyBRL": 1212.0, "status": "published", "sourceTerritoryType": "census_sector", "overlayColor": "#c6dbef"}}, {"type": "Feature", "geometry": {"type": "Polygon", "coordinates": [[[-43.38846529999995, -22.800504799999942], [-43.389362699999936, -22.801077099999926], [-43.39052099999998, -22.79949239999996], [-43.389582099999984, -22.79889699999995], [-43.38846529999995, -22.800504799999942]]]}, "properties": {"id": "330510915000091", "name": "Setor 330510915000091", "meanMonthlyBRL": 1658.3, "medianMonthlyBRL": 1212.0, "status": "published", "sourceTerritoryType": "census_sector", "overlayColor": "#c6dbef"}}, {"type": "Feature", "geometry": {"type": "Polygon", "coordinates": [[[-43.389362699999936, -22.801077099999926], [-43.38975069999998, -22.801324599999923], [-43.39023839999993, -22.801635599999937], [-43.390678099999946, -22.801078899999933], [-43.39140699999996, -22.800054199999977], [-43.39052099999998, -22.79949239999996], [-43.389362699999936, -22.801077099999926]]]}, "properties": {"id": "330510915000092", "name": "Setor 330510915000092", "meanMonthlyBRL": 1650.48, "medianMonthlyBRL": 1200.0, "status": "published", "sourceTerritoryType": "census_sector", "overlayColor": "#c6dbef"}}, {"type": "Feature", "geometry": {"type": "Polygon", "coordinates": [[[-43.39212459999993, -22.80282829999993], [-43.39275319999996, -22.803237399999936], [-43.39336289999994, -22.803619299999976], [-43.39350439999998, -22.80371279999997], [-43.39368339999993, -22.803139999999924], [-43.39381549999996, -22.801592999999976], [-43.39368929999995, -22.80150159999993], [-43.39327849999995, -22.801241099999974], [-43.39226569999994, -22.80263419999994], [-43.39212459999993, -22.80282829999993]]]}, "properties": {"id": "330510915000093", "name": "Setor 330510915000093", "meanMonthlyBRL": 1934.93, "medianMonthlyBRL": 1800.0, "status": "published", "sourceTerritoryType": "census_sector", "overlayColor": "#9ecae1"}}, {"type": "Feature", "geometry": {"type": "Polygon", "coordinates": [[[-43.395721599999945, -22.805048899999978], [-43.39613149999997, -22.80530409999994], [-43.39660739999994, -22.805627899999934], [-43.39698929999997, -22.805075599999952], [-43.39774399999993, -22.804058199999933], [-43.39711569999997, -22.80365119999993], [-43.39686139999998, -22.80349059999998], [-43.395721599999945, -22.805048899999978]]]}, "properties": {"id": "330510915000094", "name": "Setor 330510915000094", "meanMonthlyBRL": 1791.31, "medianMonthlyBRL": 1212.0, "status": "published", "sourceTerritoryType": "census_sector", "overlayColor": "#c6dbef"}}, {"type": "Feature", "geometry": {"type": "Polygon", "coordinates": [[[-43.37725779999994, -22.810324899999948], [-43.37680579999994, -22.810672599999968], [-43.37677179999997, -22.810766799999953], [-43.37684009999998, -22.810816599999946], [-43.376886999999954, -22.81083789999996], [-43.37693389999998, -22.810859199999975], [-43.37699649999996, -22.810870599999927], [-43.377169899999956, -22.810887699999963], [-43.37786609999995, -22.81083429999995], [-43.37795089999997, -22.810825799999975], [-43.37854859999993, -22.810765399999983], [-43.37866299999996, -22.810748999999934], [-43.37866779999996, -22.810642099999942], [-43.37868049999997, -22.81032539999995], [-43.378682399999946, -22.810277199999966], [-43.37869019999994, -22.809903399999936], [-43.37880229999996, -22.80939769999998], [-43.37882309999998, -22.809303299999954], [-43.37841219999996, -22.809106499999928], [-43.37817089999993, -22.808972199999968], [-43.37794939999998, -22.808862199999965], [-43.377211999999986, -22.808574599999925], [-43.37746629999998, -22.809168799999945], [-43.377480899999966, -22.809559899999957], [-43.377446599999985, -22.809878699999956], [-43.377368399999966, -22.81014439999996], [-43.37725779999994, -22.810324899999948]]]}, "properties": {"id": "330510915000095", "name": "Setor 330510915000095", "meanMonthlyBRL": 1696.66, "medianMonthlyBRL": 1212.0, "status": "published", "sourceTerritoryType": "census_sector", "overlayColor": "#c6dbef"}}, {"type": "Feature", "geometry": {"type": "Polygon", "coordinates": [[[-43.379237699999976, -22.805133499999954], [-43.37931309999993, -22.805138399999976], [-43.37957879999993, -22.805177099999984], [-43.37972929999995, -22.804728599999972], [-43.37978199999998, -22.80466269999994], [-43.38039149999997, -22.804738499999935], [-43.380457399999955, -22.80470219999995], [-43.38095979999997, -22.803529599999933], [-43.379678499999955, -22.803187199999968], [-43.379260699999975, -22.80495819999993], [-43.379237699999976, -22.805133499999954]]]}, "properties": {"id": "330510915000096", "name": "Setor 330510915000096", "meanMonthlyBRL": 1495.83, "medianMonthlyBRL": 1200.0, "status": "published", "sourceTerritoryType": "census_sector", "overlayColor": "#c6dbef"}}, {"type": "Feature", "geometry": {"type": "Polygon", "coordinates": [[[-43.37957879999993, -22.805177099999984], [-43.380723399999965, -22.805343999999938], [-43.38119569999998, -22.805413499999926], [-43.38126299999993, -22.805430799999943], [-43.381320899999935, -22.805295999999945], [-43.381343399999935, -22.80524369999995], [-43.38192429999998, -22.80387969999998], [-43.38095979999997, -22.803529599999933], [-43.380457399999955, -22.80470219999995], [-43.38039149999997, -22.804738499999935], [-43.37978199999998, -22.80466269999994], [-43.37972929999995, -22.804728599999972], [-43.37957879999993, -22.805177099999984]]]}, "properties": {"id": "330510915000097", "name": "Setor 330510915000097", "meanMonthlyBRL": 1525.26, "medianMonthlyBRL": 1212.0, "status": "published", "sourceTerritoryType": "census_sector", "overlayColor": "#c6dbef"}}, {"type": "Feature", "geometry": {"type": "Polygon", "coordinates": [[[-43.385623599999974, -22.792055299999955], [-43.385200199999986, -22.792857199999954], [-43.384910899999966, -22.793397399999947], [-43.38602229999998, -22.793871899999942], [-43.387211899999954, -22.79437979999995], [-43.38725629999994, -22.79410229999996], [-43.38730199999998, -22.793885199999973], [-43.38734189999997, -22.79369529999996], [-43.38741319999997, -22.79335599999996], [-43.387498799999946, -22.793032799999935], [-43.38751689999998, -22.79301109999995], [-43.38699979999996, -22.792712899999966], [-43.38657409999996, -22.792405199999962], [-43.38629119999996, -22.792300999999952], [-43.38626379999994, -22.792290999999977], [-43.385623599999974, -22.792055299999955]]]}, "properties": {"id": "330510915000098", "name": "Setor 330510915000098", "meanMonthlyBRL": 2270.77, "medianMonthlyBRL": 1500.0, "status": "published", "sourceTerritoryType": "census_sector", "overlayColor": "#9ecae1"}}, {"type": "Feature", "geometry": {"type": "Polygon", "coordinates": [[[-43.384910899999966, -22.793397399999947], [-43.385200199999986, -22.792857199999954], [-43.385623599999974, -22.792055299999955], [-43.385583699999984, -22.79203909999995], [-43.38505299999997, -22.791823799999968], [-43.385014099999985, -22.791808099999972], [-43.38426869999995, -22.79150089999996], [-43.383695099999954, -22.79236129999999], [-43.38342679999994, -22.792763799999936], [-43.384910899999966, -22.793397399999947]]]}, "properties": {"id": "330510915000099", "name": "Setor 330510915000099", "meanMonthlyBRL": 1841.67, "medianMonthlyBRL": 1350.0, "status": "published", "sourceTerritoryType": "census_sector", "overlayColor": "#c6dbef"}}]}