{
  "type": "FeatureCollection",
  "features": [
    {
      "type": "Feature",
      "properties": {
        "id": "bc25-189793",
        "name": "Canal de Sarapuí",
        "category": "Curso de água",
        "sourceDate": "BC25, edição 2018",
        "sourceUrl": "https://geoportal.inea.rj.gov.br/server/rest/services/BC_25/FeatureServer/84",
        "geometryMethod": "Traçado oficial BC25. Entorno de 500 m. Canais já contidos na rede foram usados somente para classificar trechos com sobreposição de 99% ou mais, sem duplicar linhas. Sobreposições da própria rede foram dissolvidas por nome e categoria.",
        "sourceFeatureIds": "189793,189794,190565,190566,190628,190629,190641,190642,191299,191300,191301,191302,194180,194181,195096,195097,195098,195099,208459,208460,208461,208462,208463,208464,208465,208667,208668,208669,208670,212433,212434,212435",
        "overlayColor": "#3ab6ef"
      },
      "geometry": {
        "type": "MultiLineString",
        "coordinates": [
          [
            [
              -43.338743726042026,
              -22.758061905558137
            ],
            [
              -43.34060518687977,
              -22.75835198817932
            ]
          ],
          [
            [
              -43.34060518687977,
              -22.75835198817932
            ],
            [
              -43.342450979728824,
              -22.758738914295073
            ]
          ],
          [
            [
              -43.342450979728824,
              -22.758738914295073
            ],
            [
              -43.34430578468408,
              -22.759064619961862
            ]
          ],
          [
            [
              -43.34430578468408,
              -22.759064619961862
            ],
            [
              -43.34684396917373,
              -22.75958125979291
            ]
          ],
          [
            [
              -43.34684396917373,
              -22.75958125979291
            ],
            [
              -43.34936676086721,
              -22.760005761382374
            ]
          ],
          [
            [
              -43.34936676086721,
              -22.760005761382374
            ],
            [
              -43.35040497331073,
              -22.76025219091147
            ]
          ],
          [
            [
              -43.338743726042026,
              -22.758061905558137
            ],
            [
              -43.338708733421186,
              -22.758056452069216
            ]
          ],
          [
            [
              -43.338708733421186,
              -22.758056452069216
            ],
            [
              -43.33862486084854,
              -22.758041219352414
            ]
          ],
          [
            [
              -43.33862486084854,
              -22.758041219352414
            ],
            [
              -43.335889686159994,
              -22.75754442126365
            ]
          ],
          [
            [
              -43.335889686159994,
              -22.75754442126365
            ],
            [
              -43.33481191433827,
              -22.75718075611267
            ]
          ],
          [
            [
              -43.33481191433827,
              -22.75718075611267
            ],
            [
              -43.333939342626415,
              -22.756926486293978
            ]
          ],
          [
            [
              -43.333939342626415,
              -22.756926486293978
            ],
            [
              -43.33370000335236,
              -22.756832600669668
            ]
          ],
          [
            [
              -43.329449635592084,
              -22.75590235993163
            ],
            [
              -43.329449873912445,
              -22.755902409394338
            ]
          ],
          [
            [
              -43.35040497331073,
              -22.76025219091147
            ],
            [
              -43.350716069490886,
              -22.760306094476253
            ]
          ],
          [
            [
              -43.350716069490886,
              -22.760306094476253
            ],
            [
              -43.35402389558618,
              -22.760873628740537
            ]
          ],
          [
            [
              -43.35402389558618,
              -22.760873628740537
            ],
            [
              -43.35455126073197,
              -22.760986326383396
            ]
          ],
          [
            [
              -43.35455126073197,
              -22.760986326383396
            ],
            [
              -43.35638162840928,
              -22.761288658670207
            ]
          ],
          [
            [
              -43.35638162840928,
              -22.761288658670207
            ],
            [
              -43.36004074408493,
              -22.76203115244127
            ]
          ],
          [
            [
              -43.36004074408493,
              -22.76203115244127
            ],
            [
              -43.362182655804816,
              -22.762535819597915
            ]
          ],
          [
            [
              -43.362182655804816,
              -22.762535819597915
            ],
            [
              -43.363725963482295,
              -22.762666569332197
            ]
          ],
          [
            [
              -43.363725963482295,
              -22.762666569332197
            ],
            [
              -43.36534197595131,
              -22.762935956754497
            ]
          ],
          [
            [
              -43.36534197595131,
              -22.762935956754497
            ],
            [
              -43.366250895562246,
              -22.763118698095
            ]
          ],
          [
            [
              -43.329449873912445,
              -22.755902409394338
            ],
            [
              -43.32993577491595,
              -22.756003590319107
            ]
          ],
          [
            [
              -43.32993577491595,
              -22.756003590319107
            ],
            [
              -43.332332487054494,
              -22.75659558974037
            ]
          ],
          [
            [
              -43.332332487054494,
              -22.75659558974037
            ],
            [
              -43.33334686476587,
              -22.756736427170043
            ]
          ],
          [
            [
              -43.33334686476587,
              -22.756736427170043
            ],
            [
              -43.3336970634686,
              -22.756831447738755
            ]
          ],
          [
            [
              -43.3336970634686,
              -22.756831447738755
            ],
            [
              -43.33370000335236,
              -22.756832600669668
            ]
          ],
          [
            [
              -43.324559854745374,
              -22.75484799442998
            ],
            [
              -43.32561032635533,
              -22.75506189941285
            ],
            [
              -43.32630180788204,
              -22.755260685557886
            ],
            [
              -43.32734019929063,
              -22.75546310316534
            ],
            [
              -43.329449635592084,
              -22.75590235993163
            ]
          ],
          [
            [
              -43.414749235948214,
              -22.794193093716615
            ],
            [
              -43.41469733911077,
              -22.794165589295286
            ]
          ],
          [
            [
              -43.41469733911077,
              -22.794165589295286
            ],
            [
              -43.41436596681581,
              -22.79395502742738
            ]
          ],
          [
            [
              -43.41436596681581,
              -22.79395502742738
            ],
            [
              -43.414028995341766,
              -22.793748654601526
            ]
          ],
          [
            [
              -43.414028995341766,
              -22.793748654601526
            ],
            [
              -43.41371471646091,
              -22.793525798101882
            ]
          ],
          [
            [
              -43.41371471646091,
              -22.793525798101882
            ],
            [
              -43.413383011416734,
              -22.793335822614953
            ]
          ],
          [
            [
              -43.413383011416734,
              -22.793335822614953
            ],
            [
              -43.41305437485937,
              -22.793124924400576
            ]
          ],
          [
            [
              -43.41305437485937,
              -22.793124924400576
            ],
            [
              -43.4127111566944,
              -22.792936819503453
            ]
          ],
          [
            [
              -43.4127111566944,
              -22.792936819503453
            ],
            [
              -43.41237847228854,
              -22.792747644413065
            ]
          ],
          [
            [
              -43.41237847228854,
              -22.792747644413065
            ],
            [
              -43.412057892757446,
              -22.792530954564736
            ]
          ],
          [
            [
              -43.412057892757446,
              -22.792530954564736
            ],
            [
              -43.41171558470637,
              -22.79234023803642
            ]
          ],
          [
            [
              -43.41171558470637,
              -22.79234023803642
            ],
            [
              -43.41137748638175,
              -22.792156154907477
            ]
          ],
          [
            [
              -43.41137748638175,
              -22.792156154907477
            ],
            [
              -43.41102276588782,
              -22.791969196645972
            ]
          ],
          [
            [
              -43.41102276588782,
              -22.791969196645972
            ],
            [
              -43.41068603902938,
              -22.791776185047755
            ]
          ],
          [
            [
              -43.41068603902938,
              -22.791776185047755
            ],
            [
              -43.4104641070328,
              -22.791644455951754
            ]
          ],
          [
            [
              -43.4104641070328,
              -22.791644455951754
            ],
            [
              -43.410353164866535,
              -22.79157860579288
            ]
          ],
          [
            [
              -43.410353164866535,
              -22.79157860579288
            ],
            [
              -43.41004291404914,
              -22.791345306365663
            ]
          ],
          [
            [
              -43.41004291404914,
              -22.791345306365663
            ],
            [
              -43.40996203082296,
              -22.791243717148696
            ]
          ],
          [
            [
              -43.40996203082296,
              -22.791243717148696
            ],
            [
              -43.40980568728252,
              -22.791047349280646
            ]
          ],
          [
            [
              -43.40980568728252,
              -22.791047349280646
            ],
            [
              -43.40963927673112,
              -22.79071550753953
            ]
          ],
          [
            [
              -43.40963927673112,
              -22.79071550753953
            ],
            [
              -43.40945794103101,
              -22.790368796407694
            ]
          ],
          [
            [
              -43.40945794103101,
              -22.790368796407694
            ],
            [
              -43.40923478235919,
              -22.790067456972423
            ]
          ],
          [
            [
              -43.40923478235919,
              -22.790067456972423
            ],
            [
              -43.408878384629645,
              -22.78990829315811
            ]
          ],
          [
            [
              -43.408878384629645,
              -22.78990829315811
            ],
            [
              -43.40850414884727,
              -22.789783901630667
            ]
          ],
          [
            [
              -43.40850414884727,
              -22.789783901630667
            ],
            [
              -43.408149624405496,
              -22.78963134873263
            ]
          ],
          [
            [
              -43.408149624405496,
              -22.78963134873263
            ],
            [
              -43.40791390040607,
              -22.789338731821932
            ]
          ],
          [
            [
              -43.40791390040607,
              -22.789338731821932
            ],
            [
              -43.40765420138019,
              -22.78905580960287
            ]
          ],
          [
            [
              -43.40765420138019,
              -22.78905580960287
            ],
            [
              -43.40745911324734,
              -22.788728195574663
            ]
          ],
          [
            [
              -43.40745911324734,
              -22.788728195574663
            ],
            [
              -43.407259881038556,
              -22.788396837668888
            ]
          ],
          [
            [
              -43.407259881038556,
              -22.788396837668888
            ],
            [
              -43.4070861059389,
              -22.788070881091205
            ]
          ],
          [
            [
              -43.4070861059389,
              -22.788070881091205
            ],
            [
              -43.40687684449068,
              -22.787756130066292
            ]
          ],
          [
            [
              -43.40687684449068,
              -22.787756130066292
            ],
            [
              -43.40674786102483,
              -22.78740623623375
            ]
          ],
          [
            [
              -43.40674786102483,
              -22.78740623623375
            ],
            [
              -43.40664782493707,
              -22.78704633564483
            ]
          ],
          [
            [
              -43.40664782493707,
              -22.78704633564483
            ],
            [
              -43.40654478331499,
              -22.786693630531584
            ]
          ],
          [
            [
              -43.40654478331499,
              -22.786693630531584
            ],
            [
              -43.40641984320109,
              -22.78650374048021
            ]
          ],
          [
            [
              -43.39015410662659,
              -22.770864387107128
            ],
            [
              -43.39014652893905,
              -22.77085559713342
            ],
            [
              -43.38951184949213,
              -22.770253745639167
            ],
            [
              -43.389162786633165,
              -22.769920549519078
            ]
          ],
          [
            [
              -43.39231354073718,
              -22.77311993805996
            ],
            [
              -43.392138109985694,
              -22.77295660588791
            ],
            [
              -43.391383059880184,
              -22.772300040539722
            ],
            [
              -43.390912521995176,
              -22.77178573085211
            ],
            [
              -43.39042009820884,
              -22.771172937306535
            ],
            [
              -43.39036157033008,
              -22.771105044787326
            ]
          ],
          [
            [
              -43.39385531866793,
              -22.77469437666939
            ],
            [
              -43.393090129605696,
              -22.77384296870333
            ],
            [
              -43.393009247278826,
              -22.7737676639718
            ]
          ],
          [
            [
              -43.39540922665435,
              -22.776022919047715
            ],
            [
              -43.39504888180033,
              -22.775670408188002
            ],
            [
              -43.39453457301204,
              -22.77536401096554
            ],
            [
              -43.393941284862315,
              -22.7747804498831
            ]
          ],
          [
            [
              -43.397129211543756,
              -22.777614748746853
            ],
            [
              -43.397007634894294,
              -22.777497847672727
            ],
            [
              -43.39608844322697,
              -22.776622427807983
            ],
            [
              -43.3960598582757,
              -22.776597926678175
            ]
          ],
          [
            [
              -43.38640861286706,
              -22.767457140959692
            ],
            [
              -43.38637219841809,
              -22.767424317503682
            ],
            [
              -43.386020756852304,
              -22.767143311739844
            ]
          ],
          [
            [
              -43.38817667101643,
              -22.769026359004616
            ],
            [
              -43.387709923773855,
              -22.768658567764085
            ]
          ],
          [
            [
              -43.383556359038614,
              -22.766214803096105
            ],
            [
              -43.383174042847656,
              -22.766122696330807
            ]
          ],
          [
            [
              -43.383174042847656,
              -22.766122696330807
            ],
            [
              -43.38295694920373,
              -22.766095175277552
            ]
          ],
          [
            [
              -43.386020756852304,
              -22.767143311739844
            ],
            [
              -43.38574907975613,
              -22.766876040422332
            ]
          ],
          [
            [
              -43.38574907975613,
              -22.766876040422332
            ],
            [
              -43.38545613639144,
              -22.76662842288886
            ]
          ],
          [
            [
              -43.38545613639144,
              -22.76662842288886
            ],
            [
              -43.38509757399373,
              -22.766478761311195
            ]
          ],
          [
            [
              -43.38509757399373,
              -22.766478761311195
            ],
            [
              -43.38471634238516,
              -22.766385314556025
            ]
          ],
          [
            [
              -43.387709923773855,
              -22.768658567764085
            ],
            [
              -43.38744582526448,
              -22.76839218857403
            ]
          ],
          [
            [
              -43.38744582526448,
              -22.76839218857403
            ],
            [
              -43.387179084546965,
              -22.76812704685109
            ]
          ],
          [
            [
              -43.387179084546965,
              -22.76812704685109
            ],
            [
              -43.38688430746469,
              -22.76788591612754
            ]
          ],
          [
            [
              -43.37022733162593,
              -22.764003473606923
            ],
            [
              -43.36951919195701,
              -22.763886573432114
            ]
          ],
          [
            [
              -43.36951919195701,
              -22.763886573432114
            ],
            [
              -43.36847380652086,
              -22.763565599098634
            ]
          ],
          [
            [
              -43.36847380652086,
              -22.763565599098634
            ],
            [
              -43.366250895562246,
              -22.763118698095
            ]
          ],
          [
            [
              -43.398090209995075,
              -22.778513662500654
            ],
            [
              -43.39786116975706,
              -22.778318554582775
            ],
            [
              -43.397129211543756,
              -22.777614748746853
            ]
          ],
          [
            [
              -43.399022321322946,
              -22.779412529489765
            ],
            [
              -43.39894884940975,
              -22.779336434254155
            ]
          ],
          [
            [
              -43.40046803547137,
              -22.7808229560397
            ],
            [
              -43.40006631280999,
              -22.78047479610009
            ]
          ],
          [
            [
              -43.40153164027287,
              -22.781870903644396
            ],
            [
              -43.4012753083087,
              -22.781557609521137
            ],
            [
              -43.40123188904033,
              -22.781517406228428
            ]
          ],
          [
            [
              -43.40252332629035,
              -22.78268546099028
            ],
            [
              -43.40252278220049,
              -22.782684712754335
            ],
            [
              -43.402358640638624,
              -22.782553400044463
            ],
            [
              -43.40198658751086,
              -22.782345487579263
            ],
            [
              -43.40179015938821,
              -22.78215583315026
            ]
          ],
          [
            [
              -43.40313103596845,
              -22.784596394433088
            ],
            [
              -43.40289483622759,
              -22.784205755915924
            ],
            [
              -43.40275257966773,
              -22.783494476713777
            ],
            [
              -43.40268692376242,
              -22.783111480635366
            ],
            [
              -43.402610324007135,
              -22.782805083412896
            ],
            [
              -43.402590908543466,
              -22.782778387038004
            ]
          ],
          [
            [
              -43.40372293106828,
              -22.78510264709448
            ],
            [
              -43.40360611453042,
              -22.785026461926666
            ],
            [
              -43.403199325988,
              -22.784692686643194
            ]
          ],
          [
            [
              -43.40620584412431,
              -22.786262000915592
            ],
            [
              -43.406177661170034,
              -22.786230164915136
            ],
            [
              -43.40613153314359,
              -22.786196616605537
            ]
          ],
          [
            [
              -43.389162786633165,
              -22.769920549519078
            ],
            [
              -43.38878962733929,
              -22.769564352338342
            ],
            [
              -43.38817667101643,
              -22.769026359004616
            ]
          ],
          [
            [
              -43.39036157033008,
              -22.771105044787326
            ],
            [
              -43.39015410662659,
              -22.770864387107128
            ]
          ],
          [
            [
              -43.393009247278826,
              -22.7737676639718
            ],
            [
              -43.39231354073718,
              -22.77311993805996
            ]
          ],
          [
            [
              -43.393941284862315,
              -22.7747804498831
            ],
            [
              -43.39386706471316,
              -22.77470744651667
            ],
            [
              -43.39385531866793,
              -22.77469437666939
            ]
          ],
          [
            [
              -43.3960598582757,
              -22.776597926678175
            ],
            [
              -43.39555224853735,
              -22.776162831974332
            ],
            [
              -43.39540922665435,
              -22.776022919047715
            ]
          ],
          [
            [
              -43.39894884940975,
              -22.779336434254155
            ],
            [
              -43.398452078300636,
              -22.778821921319764
            ],
            [
              -43.398090209995075,
              -22.778513662500654
            ]
          ],
          [
            [
              -43.40006631280999,
              -22.78047479610009
            ],
            [
              -43.399863693754355,
              -22.780299192678708
            ],
            [
              -43.399064872745555,
              -22.779456600766647
            ],
            [
              -43.399022321322946,
              -22.779412529489765
            ]
          ],
          [
            [
              -43.40123188904033,
              -22.781517406228428
            ],
            [
              -43.40068439976511,
              -22.78101047188085
            ],
            [
              -43.40046803547137,
              -22.7808229560397
            ]
          ],
          [
            [
              -43.40179015938821,
              -22.78215583315026
            ],
            [
              -43.40166924733779,
              -22.7820390903568
            ],
            [
              -43.40153164027287,
              -22.781870903644396
            ]
          ],
          [
            [
              -43.402590908543466,
              -22.782778387038004
            ],
            [
              -43.40252332629035,
              -22.78268546099028
            ]
          ],
          [
            [
              -43.403199325988,
              -22.784692686643194
            ],
            [
              -43.40317934754876,
              -22.784676293800924
            ],
            [
              -43.40313103596845,
              -22.784596394433088
            ]
          ],
          [
            [
              -43.40613153314359,
              -22.786196616605537
            ],
            [
              -43.405936920752204,
              -22.786055080402612
            ],
            [
              -43.4052912983546,
              -22.78573774112882
            ],
            [
              -43.404492477345855,
              -22.785453228908377
            ],
            [
              -43.403857797898915,
              -22.785190603488584
            ],
            [
              -43.40372293106828,
              -22.78510264709448
            ]
          ],
          [
            [
              -43.40641984320109,
              -22.78650374048021
            ],
            [
              -43.40620584412431,
              -22.786262000915592
            ]
          ],
          [
            [
              -43.38471634238516,
              -22.766385314556025
            ],
            [
              -43.384315335584176,
              -22.766325433197615
            ],
            [
              -43.383556359038614,
              -22.766214803096105
            ]
          ],
          [
            [
              -43.38688430746469,
              -22.76788591612754
            ],
            [
              -43.38640861286706,
              -22.767457140959692
            ]
          ],
          [
            [
              -43.37257263491904,
              -22.764160961984324
            ],
            [
              -43.372746146517336,
              -22.76420155558282
            ]
          ],
          [
            [
              -43.372746146517336,
              -22.76420155558282
            ],
            [
              -43.37314836830245,
              -22.764231755716416
            ]
          ],
          [
            [
              -43.37314836830245,
              -22.764231755716416
            ],
            [
              -43.37353919837518,
              -22.764302839929588
            ]
          ],
          [
            [
              -43.37353919837518,
              -22.764302839929588
            ],
            [
              -43.37388068084863,
              -22.764486941944305
            ]
          ],
          [
            [
              -43.37388068084863,
              -22.764486941944305
            ],
            [
              -43.37424945055158,
              -22.764603678442462
            ]
          ],
          [
            [
              -43.37424945055158,
              -22.764603678442462
            ],
            [
              -43.37462672244516,
              -22.764701443742105
            ]
          ],
          [
            [
              -43.37462672244516,
              -22.764701443742105
            ],
            [
              -43.37501172491108,
              -22.76479612706509
            ]
          ],
          [
            [
              -43.37501172491108,
              -22.76479612706509
            ],
            [
              -43.375391675885,
              -22.764881545572322
            ]
          ],
          [
            [
              -43.375391675885,
              -22.764881545572322
            ],
            [
              -43.37578000134584,
              -22.764967139447407
            ]
          ],
          [
            [
              -43.37578000134584,
              -22.764967139447407
            ],
            [
              -43.37617139169624,
              -22.76503235288622
            ]
          ],
          [
            [
              -43.37617139169624,
              -22.76503235288622
            ],
            [
              -43.37656180718153,
              -22.765089427460616
            ]
          ],
          [
            [
              -43.37656180718153,
              -22.765089427460616
            ],
            [
              -43.37695440442212,
              -22.76515970857916
            ]
          ],
          [
            [
              -43.37695440442212,
              -22.76515970857916
            ],
            [
              -43.37734079274327,
              -22.76523633801205
            ]
          ],
          [
            [
              -43.37734079274327,
              -22.76523633801205
            ],
            [
              -43.37773399342893,
              -22.765313306489382
            ]
          ],
          [
            [
              -43.37773399342893,
              -22.765313306489382
            ],
            [
              -43.37813217456011,
              -22.765356186164492
            ]
          ],
          [
            [
              -43.37813217456011,
              -22.765356186164492
            ],
            [
              -43.37852754530986,
              -22.76541439028737
            ]
          ],
          [
            [
              -43.37852754530986,
              -22.76541439028737
            ],
            [
              -43.378916695448986,
              -22.765512899326286
            ]
          ],
          [
            [
              -43.378916695448986,
              -22.765512899326286
            ],
            [
              -43.37930997707366,
              -22.765583181344212
            ]
          ],
          [
            [
              -43.37930997707366,
              -22.765583181344212
            ],
            [
              -43.37968256349939,
              -22.76569073216702
            ]
          ],
          [
            [
              -43.37968256349939,
              -22.76569073216702
            ],
            [
              -43.380062578325244,
              -22.76577957259465
            ]
          ],
          [
            [
              -43.380062578325244,
              -22.76577957259465
            ],
            [
              -43.38044029358456,
              -22.765889973368992
            ]
          ],
          [
            [
              -43.38044029358456,
              -22.765889973368992
            ],
            [
              -43.38083695845875,
              -22.76592127247422
            ]
          ],
          [
            [
              -43.38083695845875,
              -22.76592127247422
            ],
            [
              -43.38121810732969,
              -22.765831485060428
            ]
          ],
          [
            [
              -43.38121810732969,
              -22.765831485060428
            ],
            [
              -43.38161110566789,
              -22.76588468985201
            ]
          ],
          [
            [
              -43.38161110566789,
              -22.76588468985201
            ],
            [
              -43.38200438369523,
              -22.765947288961648
            ]
          ],
          [
            [
              -43.38200438369523,
              -22.765947288961648
            ],
            [
              -43.38238872336075,
              -22.76600808133334
            ]
          ],
          [
            [
              -43.38238872336075,
              -22.76600808133334
            ],
            [
              -43.382779932947415,
              -22.766072735393845
            ]
          ],
          [
            [
              -43.382779932947415,
              -22.766072735393845
            ],
            [
              -43.38295694920373,
              -22.766095175277552
            ]
          ],
          [
            [
              -43.37079801981264,
              -22.764143391929508
            ],
            [
              -43.37118765198841,
              -22.76418394415918
            ]
          ],
          [
            [
              -43.37118765198841,
              -22.76418394415918
            ],
            [
              -43.371571460154655,
              -22.764108025190694
            ]
          ],
          [
            [
              -43.371571460154655,
              -22.764108025190694
            ],
            [
              -43.37196148533417,
              -22.764074433713635
            ]
          ],
          [
            [
              -43.37196148533417,
              -22.764074433713635
            ],
            [
              -43.3723530330659,
              -22.764109584615134
            ]
          ],
          [
            [
              -43.3723530330659,
              -22.764109584615134
            ],
            [
              -43.37257263491904,
              -22.764160961984324
            ]
          ],
          [
            [
              -43.37022733162593,
              -22.764003473606923
            ],
            [
              -43.37028600069823,
              -22.764013158406044
            ]
          ],
          [
            [
              -43.37028600069823,
              -22.764013158406044
            ],
            [
              -43.37079801981264,
              -22.764143391929508
            ]
          ]
        ]
      }
    },
    {
      "type": "Feature",
      "properties": {
        "id": "bc25-190497",
        "name": "Canal sem nome na fonte",
        "category": "Canal",
        "sourceDate": "BC25, edição 2018",
        "sourceUrl": "https://geoportal.inea.rj.gov.br/server/rest/services/BC_25/FeatureServer/84",
        "geometryMethod": "Traçado oficial BC25. Entorno de 500 m. Canais já contidos na rede foram usados somente para classificar trechos com sobreposição de 99% ou mais, sem duplicar linhas. Sobreposições da própria rede foram dissolvidas por nome e categoria.",
        "sourceFeatureIds": "190497,190819,191008,191129,191556,193282,208293,208466,208664,208665,208666,211912,212459,228433,228434,267947,267948",
        "overlayColor": "#36d6cf"
      },
      "geometry": {
        "type": "MultiLineString",
        "coordinates": [
          [
            [
              -43.333726352589,
              -22.756776858890596
            ],
            [
              -43.33370000335236,
              -22.756832600669668
            ]
          ],
          [
            [
              -43.36760397671935,
              -22.75878923684747
            ],
            [
              -43.367555018649064,
              -22.75894029768223
            ],
            [
              -43.367444645753665,
              -22.759287952202836
            ],
            [
              -43.36731438884783,
              -22.759628899579635
            ],
            [
              -43.36720644861862,
              -22.759976578381988
            ],
            [
              -43.36710702766709,
              -22.76032840755554
            ],
            [
              -43.36699662869137,
              -22.76067804777923
            ],
            [
              -43.36690174661817,
              -22.761032994003028
            ],
            [
              -43.36679710510219,
              -22.761381518168108
            ],
            [
              -43.36666452075092,
              -22.761721267647946
            ],
            [
              -43.36654248095061,
              -22.762066904089917
            ],
            [
              -43.36634177295434,
              -22.762771265706842
            ],
            [
              -43.366290007977355,
              -22.76291505291285
            ],
            [
              -43.366281973434184,
              -22.763009811778915
            ]
          ],
          [
            [
              -43.35044067909393,
              -22.76013438152208
            ],
            [
              -43.35040497331073,
              -22.76025219091147
            ]
          ],
          [
            [
              -43.335679507403206,
              -22.753138902464134
            ],
            [
              -43.33552806696662,
              -22.75342904803785
            ],
            [
              -43.3353630449684,
              -22.753756328417555
            ],
            [
              -43.335189362498966,
              -22.75408306740536
            ],
            [
              -43.33502995586764,
              -22.754412844303026
            ],
            [
              -43.33482635565168,
              -22.754725271479778
            ],
            [
              -43.33464384543698,
              -22.755057064657525
            ],
            [
              -43.33447588715234,
              -22.75539325462071
            ],
            [
              -43.33429423219292,
              -22.75572659103501
            ],
            [
              -43.334096075573314,
              -22.756039526328745
            ],
            [
              -43.33387780831408,
              -22.75650911992564
            ],
            [
              -43.333726352589,
              -22.756776858890596
            ]
          ],
          [
            [
              -43.33589837388032,
              -22.752746240695135
            ],
            [
              -43.335884414334146,
              -22.75277331546191
            ],
            [
              -43.33570321802898,
              -22.75309347411028
            ],
            [
              -43.335679507403206,
              -22.753138902464134
            ]
          ],
          [
            [
              -43.39437907663296,
              -22.815123439719294
            ],
            [
              -43.39442755638651,
              -22.815105911932577
            ]
          ],
          [
            [
              -43.39442755638651,
              -22.815105911932577
            ],
            [
              -43.39443298469439,
              -22.815103949611874
            ]
          ],
          [
            [
              -43.37752444689556,
              -22.783332926098716
            ],
            [
              -43.375473715639366,
              -22.777078944362977
            ],
            [
              -43.37547210135625,
              -22.777074237311393
            ]
          ],
          [
            [
              -43.37547210135625,
              -22.777074237311393
            ],
            [
              -43.37552319364033,
              -22.77703754407258
            ],
            [
              -43.37691529200703,
              -22.77740961518677
            ],
            [
              -43.37999096441137,
              -22.77821520449324
            ],
            [
              -43.38046349249607,
              -22.77834905778794
            ],
            [
              -43.380614156817785,
              -22.77845652227581
            ],
            [
              -43.38130081797823,
              -22.779542532786802
            ],
            [
              -43.38160826470955,
              -22.779965690789126
            ],
            [
              -43.38183687147433,
              -22.780294034167444
            ],
            [
              -43.38212187202662,
              -22.780836898229392
            ]
          ],
          [
            [
              -43.37192036653158,
              -22.767530526537985
            ],
            [
              -43.37122390635807,
              -22.771042559891555
            ],
            [
              -43.37123696091691,
              -22.77141965282005
            ],
            [
              -43.37144448307629,
              -22.771757006505933
            ],
            [
              -43.374673243475286,
              -22.774744822340928
            ],
            [
              -43.37547210135625,
              -22.777074237311393
            ]
          ],
          [
            [
              -43.37192036653158,
              -22.767530526537985
            ],
            [
              -43.37199080772944,
              -22.76754702639957
            ],
            [
              -43.37348318140357,
              -22.76907152655507
            ],
            [
              -43.37389952704143,
              -22.769308139984037
            ],
            [
              -43.3744160571552,
              -22.76953069161349
            ],
            [
              -43.37504109137313,
              -22.770253769021597
            ],
            [
              -43.37503383564291,
              -22.770422396401806
            ],
            [
              -43.374951844451914,
              -22.771663615508764
            ],
            [
              -43.375478154692985,
              -22.772549871304797
            ]
          ],
          [
            [
              -43.36833210214468,
              -22.77774102345463
            ],
            [
              -43.36754574484012,
              -22.777095653766576
            ],
            [
              -43.367086172388845,
              -22.77664409157677
            ],
            [
              -43.366444070837076,
              -22.77590807652172
            ],
            [
              -43.36630801330403,
              -22.77585105141011
            ],
            [
              -43.365764286792285,
              -22.775981491777614
            ],
            [
              -43.365560956372924,
              -22.776020591602226
            ],
            [
              -43.365278892107085,
              -22.775965140304226
            ],
            [
              -43.364881491587425,
              -22.775674873322004
            ],
            [
              -43.364675662851425,
              -22.77547416982234
            ],
            [
              -43.36446671706522,
              -22.774489262894395
            ],
            [
              -43.36439245914454,
              -22.774346080932148
            ],
            [
              -43.36433439441663,
              -22.77427432042878
            ],
            [
              -43.36419569467545,
              -22.774153236607837
            ],
            [
              -43.36396427842857,
              -22.773794865765698
            ],
            [
              -43.36403120597527,
              -22.773453006476306
            ],
            [
              -43.36335222412572,
              -22.772887470505655
            ],
            [
              -43.36285248255593,
              -22.772533673615424
            ],
            [
              -43.36254500704632,
              -22.771831813013076
            ],
            [
              -43.36176762407649,
              -22.77057693680152
            ],
            [
              -43.36172289449587,
              -22.770440739873568
            ],
            [
              -43.36172227396367,
              -22.770443713931595
            ],
            [
              -43.36164129181202,
              -22.768783959337622
            ],
            [
              -43.36159844900908,
              -22.768603980714502
            ],
            [
              -43.36154042385135,
              -22.768056010302047
            ],
            [
              -43.36154117838254,
              -22.767690890047927
            ],
            [
              -43.36151620241071,
              -22.767327582827118
            ],
            [
              -43.36141413565372,
              -22.766977483049832
            ],
            [
              -43.3613563712994,
              -22.766611672116433
            ],
            [
              -43.36134742574296,
              -22.766243472583596
            ],
            [
              -43.36132849591326,
              -22.765871286356255
            ],
            [
              -43.36134045689647,
              -22.765505649891306
            ],
            [
              -43.36130825936857,
              -22.765143623305022
            ],
            [
              -43.36125459592273,
              -22.7647851697253
            ],
            [
              -43.36124032458122,
              -22.764414386440237
            ],
            [
              -43.361180813743424,
              -22.764056324065564
            ],
            [
              -43.36114453509207,
              -22.76369362388709
            ],
            [
              -43.36113456790587,
              -22.763329386767314
            ],
            [
              -43.36111161181135,
              -22.762968267596953
            ],
            [
              -43.36109572978398,
              -22.76293640551623
            ],
            [
              -43.36100098710573,
              -22.762903010990684
            ],
            [
              -43.36067792004985,
              -22.76298088328664
            ],
            [
              -43.36030064635764,
              -22.76288462075414
            ],
            [
              -43.3599255310383,
              -22.762787114459268
            ],
            [
              -43.359540283956854,
              -22.762722557525503
            ],
            [
              -43.35915739579707,
              -22.762648089163488
            ],
            [
              -43.35877160192774,
              -22.76259670999569
            ],
            [
              -43.35838454720897,
              -22.762528699665303
            ],
            [
              -43.35799750058408,
              -22.762460056212124
            ],
            [
              -43.35760365508452,
              -22.76239811450692
            ],
            [
              -43.357234453706944,
              -22.76227862788192
            ],
            [
              -43.35684679464373,
              -22.76222875957511
            ],
            [
              -43.35645387724452,
              -22.762162581163732
            ],
            [
              -43.356049343302466,
              -22.762098810237426
            ],
            [
              -43.35566977454033,
              -22.761999532278143
            ],
            [
              -43.355276077428925,
              -22.7619497790846
            ],
            [
              -43.35488263752359,
              -22.761837984361016
            ],
            [
              -43.35449814767128,
              -22.761743259669228
            ],
            [
              -43.3541149582386,
              -22.761678168538204
            ],
            [
              -43.353719231357324,
              -22.761611051234592
            ],
            [
              -43.353328827563246,
              -22.76160350232533
            ],
            [
              -43.35294380081564,
              -22.761504974400562
            ],
            [
              -43.35255320456662,
              -22.761432398212154
            ],
            [
              -43.35217079394687,
              -22.761343198055688
            ],
            [
              -43.351775900737096,
              -22.76127165968489
            ],
            [
              -43.351385706485075,
              -22.76121443672242
            ],
            [
              -43.35099986225373,
              -22.761135494233212
            ],
            [
              -43.35060521455887,
              -22.76107614707207
            ],
            [
              -43.350369554411316,
              -22.760995231470318
            ],
            [
              -43.35025864731859,
              -22.76100266526636
            ],
            [
              -43.34986702224518,
              -22.76092682094159
            ],
            [
              -43.349478490839545,
              -22.76084477579134
            ],
            [
              -43.34908643139357,
              -22.760756552298602
            ],
            [
              -43.348710871809146,
              -22.760656758128476
            ],
            [
              -43.34845687718303,
              -22.760648187589336
            ]
          ],
          [
            [
              -43.367345319230985,
              -22.76692826495292
            ],
            [
              -43.366972664456796,
              -22.76407873876826
            ]
          ],
          [
            [
              -43.35373756493658,
              -22.76787799939556
            ],
            [
              -43.35371462772776,
              -22.76769551616057
            ],
            [
              -43.3536284376022,
              -22.767492962755433
            ],
            [
              -43.353517969378686,
              -22.767309124242075
            ],
            [
              -43.35304687031669,
              -22.76669665265382
            ],
            [
              -43.35141057184029,
              -22.76454472338576
            ],
            [
              -43.35002568873443,
              -22.762739010622372
            ],
            [
              -43.34845687718303,
              -22.760648187589336
            ]
          ],
          [
            [
              -43.37192036653158,
              -22.767530526537985
            ],
            [
              -43.371955204468975,
              -22.76735484217766
            ],
            [
              -43.37205657515069,
              -22.766862775422155
            ],
            [
              -43.37218211241446,
              -22.76644320481546
            ],
            [
              -43.372254653529296,
              -22.76606626207378
            ],
            [
              -43.37225751607138,
              -22.765570210422336
            ],
            [
              -43.3723599884226,
              -22.76506778257757
            ]
          ],
          [
            [
              -43.37257263491904,
              -22.764160961984324
            ],
            [
              -43.372508197595096,
              -22.764607789243527
            ],
            [
              -43.37240804729345,
              -22.764783688541844
            ],
            [
              -43.3723599884226,
              -22.76506778257757
            ]
          ],
          [
            [
              -43.372265517059084,
              -22.759552840348857
            ],
            [
              -43.3702639124495,
              -22.763923597621442
            ]
          ]
        ]
      }
    },
    {
      "type": "Feature",
      "properties": {
        "id": "bc25-189589",
        "name": "Curso de água sem nome na fonte",
        "category": "Curso de água",
        "sourceDate": "BC25, edição 2018",
        "sourceUrl": "https://geoportal.inea.rj.gov.br/server/rest/services/BC_25/FeatureServer/84",
        "geometryMethod": "Traçado oficial BC25. Entorno de 500 m. Canais já contidos na rede foram usados somente para classificar trechos com sobreposição de 99% ou mais, sem duplicar linhas. Sobreposições da própria rede foram dissolvidas por nome e categoria.",
        "sourceFeatureIds": "189589,189590,189591,189755,189795,190007,190008,190086,190243,190288,190449,190523,190567,190732,190895,191006,191007,191131,191372,194539,194540,195331,196303,205364,205370,205373,205376,205389,208471,208660,208661,251276,251277,270466,270467,270468",
        "overlayColor": "#3ab6ef"
      },
      "geometry": {
        "type": "MultiLineString",
        "coordinates": [
          [
            [
              -43.33795692122591,
              -22.807613107288255
            ],
            [
              -43.337380218921844,
              -22.80670555873904
            ],
            [
              -43.335346349054646,
              -22.804794313231493
            ],
            [
              -43.33534350809629,
              -22.804763578900616
            ],
            [
              -43.33534058529966,
              -22.80469148025217
            ],
            [
              -43.33534087578067,
              -22.80461941667729
            ],
            [
              -43.33533767869079,
              -22.80456185556974
            ],
            [
              -43.3353176417956,
              -22.804519381488802
            ],
            [
              -43.335286278838566,
              -22.804462971513477
            ],
            [
              -43.33526848035598,
              -22.804436686128707
            ],
            [
              -43.33525738362124,
              -22.8044120051345
            ],
            [
              -43.335249555922125,
              -22.80438275378565
            ],
            [
              -43.33524438212244,
              -22.80434359550507
            ],
            [
              -43.335235030072454,
              -22.804303581069956
            ],
            [
              -43.3352325308565,
              -22.804284769950737
            ],
            [
              -43.33522544869538,
              -22.804234303594775
            ],
            [
              -43.33522022723156,
              -22.80418304313751
            ],
            [
              -43.335218568881714,
              -22.804143108742036
            ],
            [
              -43.33521355875859,
              -22.804098533844854
            ],
            [
              -43.335213133379284,
              -22.804069358938357
            ],
            [
              -43.33521451563729,
              -22.80397969563103
            ],
            [
              -43.3352192847421,
              -22.803939918616933
            ],
            [
              -43.335235026475175,
              -22.803838845610812
            ],
            [
              -43.33524110319422,
              -22.803819763795605
            ],
            [
              -43.335256049027294,
              -22.8037601342474
            ],
            [
              -43.335299049211635,
              -22.803604347387303
            ],
            [
              -43.33531297341489,
              -22.80356466570134
            ],
            [
              -43.33536859828205,
              -22.803395915113995
            ],
            [
              -43.3353860954918,
              -22.803334777402654
            ],
            [
              -43.335389848362695,
              -22.803306549482286
            ],
            [
              -43.335390253956916,
              -22.803281176909366
            ],
            [
              -43.33539035558033,
              -22.803272779040082
            ],
            [
              -43.335390592102044,
              -22.803261312684025
            ],
            [
              -43.335387610849466,
              -22.803186072703685
            ],
            [
              -43.33538383819348,
              -22.803150997345263
            ]
          ],
          [
            [
              -43.34155296439769,
              -22.803209104341253
            ],
            [
              -43.341529644977015,
              -22.80333642316197
            ]
          ],
          [
            [
              -43.335369463429856,
              -22.80301737967291
            ],
            [
              -43.33538383819348,
              -22.803150997345263
            ]
          ],
          [
            [
              -43.334015974757335,
              -22.80278486625316
            ],
            [
              -43.33396878103429,
              -22.80290738179481
            ]
          ],
          [
            [
              -43.3367097950209,
              -22.7991289530634
            ],
            [
              -43.33672948297914,
              -22.799358986152964
            ],
            [
              -43.3366676590851,
              -22.799547047882623
            ],
            [
              -43.33662954221949,
              -22.799684096468557
            ],
            [
              -43.33647564303635,
              -22.799949496296875
            ],
            [
              -43.33620708478901,
              -22.80025087800028
            ],
            [
              -43.33604862784176,
              -22.800391176736078
            ],
            [
              -43.33589796441942,
              -22.80059014004758
            ],
            [
              -43.33564680895296,
              -22.80085903104408
            ],
            [
              -43.33552628990623,
              -22.800977192967707
            ],
            [
              -43.33536511161049,
              -22.80124138950315
            ],
            [
              -43.33508303475412,
              -22.801454751859914
            ],
            [
              -43.3349954147065,
              -22.801565371169595
            ],
            [
              -43.33489487859566,
              -22.80173894482104
            ],
            [
              -43.3348109988284,
              -22.80184171664654
            ],
            [
              -43.334600811078474,
              -22.802038929877344
            ],
            [
              -43.33440386404697,
              -22.802246421459795
            ],
            [
              -43.33411596857695,
              -22.802571427453998
            ],
            [
              -43.33405506468939,
              -22.80268339214941
            ],
            [
              -43.334015974757335,
              -22.80278486625316
            ]
          ],
          [
            [
              -43.35669155367214,
              -22.794222765493025
            ],
            [
              -43.35671483172399,
              -22.7943416909411
            ],
            [
              -43.35688147969642,
              -22.79514325398278
            ],
            [
              -43.357019146116556,
              -22.795677626645915
            ],
            [
              -43.35701914611656,
              -22.79591141350569
            ],
            [
              -43.35697567288889,
              -22.79663949114431
            ],
            [
              -43.356932198761854,
              -22.797153818818437
            ],
            [
              -43.356939444599554,
              -22.797554592695032
            ],
            [
              -43.35696118121342,
              -22.797761658898157
            ],
            [
              -43.35699016366499,
              -22.798082276200784
            ],
            [
              -43.356990163664996,
              -22.79843629072696
            ],
            [
              -43.356932198761854,
              -22.79888381675943
            ],
            [
              -43.356751060013266,
              -22.79972542930981
            ],
            [
              -43.356707585886284,
              -22.799812261551295
            ],
            [
              -43.35649457426507,
              -22.80005044699518
            ],
            [
              -43.35600494557167,
              -22.800625437538553
            ],
            [
              -43.35588717125581,
              -22.80078534509222
            ],
            [
              -43.355842891336245,
              -22.80093526837261
            ],
            [
              -43.35568207816527,
              -22.801463522048536
            ],
            [
              -43.35562131637056,
              -22.802021450654056
            ],
            [
              -43.35560312128689,
              -22.802250413550347
            ],
            [
              -43.35558630036735,
              -22.802364815408527
            ],
            [
              -43.355538975343336,
              -22.802446678895734
            ],
            [
              -43.3553210795041,
              -22.80261065228434
            ]
          ],
          [
            [
              -43.34321724078291,
              -22.78996598017077
            ],
            [
              -43.34320676727839,
              -22.790332982705895
            ],
            [
              -43.343211736932,
              -22.790695449060593
            ],
            [
              -43.34319571550975,
              -22.79106212244386
            ],
            [
              -43.3431962074389,
              -22.791424453000943
            ],
            [
              -43.3431433237053,
              -22.79178667923673
            ],
            [
              -43.34307705446235,
              -22.79214434141304
            ],
            [
              -43.34293254510078,
              -22.79247996840067
            ],
            [
              -43.34269692362404,
              -22.792770576225927
            ],
            [
              -43.34245290787527,
              -22.79305459471859
            ],
            [
              -43.34223381323977,
              -22.793355668853852
            ],
            [
              -43.34202713644305,
              -22.793668882937425
            ],
            [
              -43.34177928328717,
              -22.79394780227403
            ],
            [
              -43.34158204667398,
              -22.794261475911174
            ],
            [
              -43.341367697760916,
              -22.7945644943807
            ],
            [
              -43.34113835984733,
              -22.79485850703925
            ],
            [
              -43.340958276902825,
              -22.795179130637134
            ],
            [
              -43.34093699714459,
              -22.795545116938364
            ],
            [
              -43.34100092635157,
              -22.795904584054092
            ],
            [
              -43.34111131273676,
              -22.796256406932386
            ],
            [
              -43.341230509780075,
              -22.796604618133344
            ],
            [
              -43.341345602317574,
              -22.79695396068147
            ],
            [
              -43.341455014736994,
              -22.797305953531655
            ],
            [
              -43.341560823573055,
              -22.79765790950964
            ],
            [
              -43.34167862396919,
              -22.798008995843187
            ],
            [
              -43.341785037149634,
              -22.798359422074398
            ],
            [
              -43.341902882511874,
              -22.798706896730597
            ],
            [
              -43.34203768549065,
              -22.799037569353054
            ],
            [
              -43.341871061799964,
              -22.799106910680035
            ],
            [
              -43.34178369266317,
              -22.799195047837877
            ],
            [
              -43.341789316123936,
              -22.799277739600697
            ],
            [
              -43.34183009947941,
              -22.799529768308815
            ],
            [
              -43.34180984314963,
              -22.79989170046624
            ],
            [
              -43.341804581216316,
              -22.800254150633204
            ],
            [
              -43.34176565586023,
              -22.800621307851717
            ],
            [
              -43.34173464543744,
              -22.800986470373967
            ],
            [
              -43.34171397092291,
              -22.801350656232426
            ],
            [
              -43.341699280497274,
              -22.801711382398974
            ],
            [
              -43.34166509546765,
              -22.8020731706649
            ],
            [
              -43.34162112131759,
              -22.80243892044442
            ],
            [
              -43.341582843473304,
              -22.80280075547508
            ],
            [
              -43.34156120398626,
              -22.803164119353205
            ],
            [
              -43.34155296439769,
              -22.803209104341253
            ]
          ],
          [
            [
              -43.32954877055919,
              -22.78260222423833
            ],
            [
              -43.32936197327632,
              -22.78268296717024
            ]
          ],
          [
            [
              -43.329712637827875,
              -22.761514840862787
            ],
            [
              -43.32970303396774,
              -22.761151603789024
            ],
            [
              -43.329697130817806,
              -22.760788314554667
            ],
            [
              -43.329694918485586,
              -22.76042587697819
            ],
            [
              -43.32969309286181,
              -22.760063623762836
            ],
            [
              -43.329691671933006,
              -22.759700110597223
            ],
            [
              -43.32966470036552,
              -22.75933967221368
            ],
            [
              -43.32966467068786,
              -22.758973915239626
            ],
            [
              -43.32965679712339,
              -22.75861250199099
            ],
            [
              -43.32963592116072,
              -22.75824734036811
            ],
            [
              -43.32962076938287,
              -22.757883864074685
            ],
            [
              -43.329600409631105,
              -22.75751626978568
            ],
            [
              -43.32961545618821,
              -22.75715184470755
            ],
            [
              -43.32960397724162,
              -22.75679066528261
            ],
            [
              -43.32960843518101,
              -22.756757572929303
            ]
          ],
          [
            [
              -43.34845687718303,
              -22.760648187589336
            ],
            [
              -43.348321026494034,
              -22.760643603744906
            ],
            [
              -43.34794969821985,
              -22.760532111193545
            ],
            [
              -43.34783614082511,
              -22.76052515583686
            ],
            [
              -43.34744100569776,
              -22.760466066781106
            ],
            [
              -43.347061567337335,
              -22.760365054928943
            ],
            [
              -43.34667366815512,
              -22.760295562515786
            ],
            [
              -43.346285761778354,
              -22.76025090488092
            ],
            [
              -43.34589956141554,
              -22.760169778837827
            ],
            [
              -43.345509511054956,
              -22.76012527768498
            ],
            [
              -43.34512488720367,
              -22.76004272082051
            ],
            [
              -43.3447409387432,
              -22.759968749783575
            ],
            [
              -43.34435842290276,
              -22.759897140366306
            ],
            [
              -43.34396947870834,
              -22.759849938549443
            ],
            [
              -43.343579359999346,
              -22.759843542571037
            ],
            [
              -43.34321133763302,
              -22.759724939080268
            ],
            [
              -43.34282363899961,
              -22.75965525960816
            ],
            [
              -43.34242799125866,
              -22.75958269690953
            ],
            [
              -43.34205283187259,
              -22.759482711183747
            ],
            [
              -43.341663567519504,
              -22.759438028367928
            ],
            [
              -43.34127958938142,
              -22.759366847927307
            ],
            [
              -43.34089537831892,
              -22.75928275052411
            ],
            [
              -43.34050441694517,
              -22.759217366214088
            ],
            [
              -43.34011610947079,
              -22.759158059522413
            ],
            [
              -43.33973310889576,
              -22.759086705512637
            ],
            [
              -43.33935799897233,
              -22.758982920151265
            ],
            [
              -43.33896605284093,
              -22.758942809488655
            ],
            [
              -43.338574665188496,
              -22.75886459185302
            ],
            [
              -43.33819471421458,
              -22.758774752278633
            ],
            [
              -43.337810581393114,
              -22.758700582491496
            ],
            [
              -43.33757440863195,
              -22.758735421328264
            ],
            [
              -43.33748308967273,
              -22.758677394371837
            ],
            [
              -43.33741338591893,
              -22.758611555004865
            ],
            [
              -43.33735548846488,
              -22.758616099279173
            ],
            [
              -43.33695727585746,
              -22.758578988754966
            ],
            [
              -43.33656982094038,
              -22.75852194026096
            ],
            [
              -43.33617621825773,
              -22.758433849867874
            ],
            [
              -43.33580802861752,
              -22.758297797730812
            ],
            [
              -43.33541838654918,
              -22.75821245656524
            ],
            [
              -43.33504213808408,
              -22.758106753849255
            ],
            [
              -43.334658821847036,
              -22.758013799922566
            ],
            [
              -43.334270133959414,
              -22.75793821999846
            ],
            [
              -43.33389077384005,
              -22.757856323236382
            ],
            [
              -43.33353759028744,
              -22.757703806311252
            ],
            [
              -43.33315132157611,
              -22.75764567773147
            ],
            [
              -43.332772393131336,
              -22.757560442685904
            ],
            [
              -43.332388557985446,
              -22.757478405629545
            ],
            [
              -43.33200875270165,
              -22.757369227033823
            ],
            [
              -43.33162068534626,
              -22.757274952003105
            ],
            [
              -43.33122502321612,
              -22.75719676314575
            ],
            [
              -43.33083907826073,
              -22.757120209255888
            ],
            [
              -43.33046092593088,
              -22.75701944291859
            ],
            [
              -43.33007813669655,
              -22.756915737596877
            ],
            [
              -43.32970536770842,
              -22.75678883606161
            ],
            [
              -43.32960843518101,
              -22.756757572929303
            ]
          ],
          [
            [
              -43.338743726042026,
              -22.758061905558137
            ],
            [
              -43.3387907686789,
              -22.757875288139687
            ]
          ],
          [
            [
              -43.32936197327632,
              -22.78268296717024
            ],
            [
              -43.329194239822186,
              -22.782755470513592
            ],
            [
              -43.32918645439123,
              -22.782762974456745
            ],
            [
              -43.328797849241255,
              -22.782835125265894
            ],
            [
              -43.328409874515955,
              -22.782887504479806
            ],
            [
              -43.32827629731315,
              -22.7829234926501
            ],
            [
              -43.327886938531265,
              -22.78289764703381
            ],
            [
              -43.32750857665934,
              -22.782800571514233
            ],
            [
              -43.32713464574721,
              -22.782699657688077
            ],
            [
              -43.32674844718298,
              -22.782638350904257
            ],
            [
              -43.326398566840275,
              -22.782474109517608
            ],
            [
              -43.32630499687799,
              -22.782424089225376
            ],
            [
              -43.32614485010465,
              -22.78239477402465
            ],
            [
              -43.325852477809455,
              -22.782338604168295
            ],
            [
              -43.32556920305614,
              -22.78221533859208
            ],
            [
              -43.32540647882582,
              -22.78216576616225
            ],
            [
              -43.325110290707244,
              -22.782023398985743
            ],
            [
              -43.32484723361285,
              -22.782031112470957
            ],
            [
              -43.32459208245853,
              -22.781997637905757
            ],
            [
              -43.32449543742488,
              -22.78197197917174
            ]
          ],
          [
            [
              -43.32947650823417,
              -22.764850862502755
            ],
            [
              -43.329443811582514,
              -22.76448882872193
            ],
            [
              -43.32938675229667,
              -22.764128255440152
            ],
            [
              -43.3294011954087,
              -22.763765631704036
            ],
            [
              -43.329453294933494,
              -22.763405387574064
            ],
            [
              -43.32941189913971,
              -22.763038024410804
            ],
            [
              -43.32938853835026,
              -22.762669044266527
            ],
            [
              -43.32936868491675,
              -22.762307957471805
            ],
            [
              -43.32930978651734,
              -22.76194646148554
            ],
            [
              -43.329329309899606,
              -22.76158244559895
            ],
            [
              -43.32931892722661,
              -22.76123527491353
            ],
            [
              -43.32943809818954,
              -22.76100487669926
            ],
            [
              -43.32934216570828,
              -22.76065392166671
            ],
            [
              -43.32926411084992,
              -22.760298275770406
            ],
            [
              -43.32927135129171,
              -22.760247417310023
            ],
            [
              -43.32928007111826,
              -22.759882926581362
            ],
            [
              -43.3292485516792,
              -22.75952027226834
            ],
            [
              -43.329260669144446,
              -22.75915662960039
            ],
            [
              -43.329266736870295,
              -22.758793917730717
            ],
            [
              -43.329246128905595,
              -22.758430836239736
            ],
            [
              -43.32923719414106,
              -22.758068689144313
            ],
            [
              -43.3292191474456,
              -22.757703195671553
            ],
            [
              -43.32920579970778,
              -22.757335584295436
            ],
            [
              -43.329173328786,
              -22.756971114251204
            ],
            [
              -43.329162538720084,
              -22.756627859214007
            ]
          ],
          [
            [
              -43.32824635888221,
              -22.763229742783913
            ],
            [
              -43.32808945236621,
              -22.762896119485813
            ],
            [
              -43.32794811671209,
              -22.762555344778878
            ],
            [
              -43.32779979422502,
              -22.762220636898395
            ],
            [
              -43.32764935113653,
              -22.76188419152777
            ],
            [
              -43.327515106636724,
              -22.761545025707903
            ],
            [
              -43.32736992997815,
              -22.761208002972527
            ],
            [
              -43.32722463910567,
              -22.760872423649026
            ],
            [
              -43.32721042262278,
              -22.760848432434745
            ],
            [
              -43.32713089377564,
              -22.760726132730397
            ],
            [
              -43.32710943775022,
              -22.76065682018165
            ],
            [
              -43.32719547589039,
              -22.76030081635517
            ],
            [
              -43.32718393399125,
              -22.760233053338332
            ],
            [
              -43.32702965619353,
              -22.759891961170688
            ],
            [
              -43.326801625894184,
              -22.759593897066274
            ],
            [
              -43.3267195591602,
              -22.759512119014683
            ],
            [
              -43.32656112019942,
              -22.759177033418954
            ],
            [
              -43.3264029501359,
              -22.75884384719138
            ],
            [
              -43.326203265568154,
              -22.758529371358993
            ],
            [
              -43.32604120953409,
              -22.75819560237076
            ],
            [
              -43.325810641347914,
              -22.757898413306776
            ],
            [
              -43.32547688045355,
              -22.757703094048196
            ],
            [
              -43.32515150124067,
              -22.757499193458646
            ],
            [
              -43.32481759375685,
              -22.75730802547064
            ],
            [
              -43.32449038352428,
              -22.757110697126613
            ],
            [
              -43.32446618333647,
              -22.757095665425116
            ]
          ],
          [
            [
              -43.329162538720084,
              -22.756627859214007
            ],
            [
              -43.3293349432529,
              -22.75666936292641
            ],
            [
              -43.32945392715692,
              -22.756707738796763
            ]
          ],
          [
            [
              -43.329162538720084,
              -22.756627859214007
            ],
            [
              -43.328946675348675,
              -22.756575892788877
            ],
            [
              -43.32856651753065,
              -22.75647221174881
            ],
            [
              -43.328192502981494,
              -22.75635983336525
            ],
            [
              -43.327803593860665,
              -22.756311147666967
            ],
            [
              -43.32743003167053,
              -22.75617772964416
            ],
            [
              -43.3270509791193,
              -22.756071437872233
            ],
            [
              -43.32666699918252,
              -22.755962021855527
            ],
            [
              -43.32628822092454,
              -22.75587325067564
            ],
            [
              -43.325912626266586,
              -22.75575498083336
            ],
            [
              -43.32551643893236,
              -22.755672617323135
            ],
            [
              -43.32513394557504,
              -22.7555931972939
            ],
            [
              -43.32475657205804,
              -22.755485201306687
            ],
            [
              -43.32445821606355,
              -22.75539633343744
            ]
          ],
          [
            [
              -43.3584496041658,
              -22.761200532304265
            ],
            [
              -43.35806478246361,
              -22.76114157454959
            ],
            [
              -43.35768211733574,
              -22.761048862540527
            ],
            [
              -43.35728904615246,
              -22.760987651984152
            ],
            [
              -43.35689735992509,
              -22.76092464817953
            ],
            [
              -43.35649590076508,
              -22.760864613037047
            ],
            [
              -43.35610097877702,
              -22.760803560761257
            ],
            [
              -43.35572228145798,
              -22.760705014850114
            ],
            [
              -43.35533271583205,
              -22.760627759489104
            ],
            [
              -43.35494613505597,
              -22.76056146146785
            ],
            [
              -43.354555049575765,
              -22.760505412120633
            ],
            [
              -43.35416877726715,
              -22.760429723378625
            ],
            [
              -43.353784246046025,
              -22.760355045474544
            ],
            [
              -43.353300533093034,
              -22.760235813357692
            ],
            [
              -43.352895437973984,
              -22.760211314925836
            ],
            [
              -43.35251655629389,
              -22.760112307662485
            ],
            [
              -43.352135061184015,
              -22.760036302359065
            ],
            [
              -43.35174635441063,
              -22.75996085373598
            ],
            [
              -43.35135922864538,
              -22.759899779876527
            ],
            [
              -43.35097044273164,
              -22.75981475617162
            ],
            [
              -43.350561047953875,
              -22.759731264012192
            ]
          ],
          [
            [
              -43.35044067909393,
              -22.76013438152208
            ],
            [
              -43.35053262757856,
              -22.759831004223084
            ],
            [
              -43.350561047953875,
              -22.759731264012192
            ]
          ],
          [
            [
              -43.347781850551826,
              -22.75603741561994
            ],
            [
              -43.347697064268004,
              -22.75639931630105
            ],
            [
              -43.34758027201185,
              -22.75675049976144
            ],
            [
              -43.34749470151917,
              -22.757104625803485
            ],
            [
              -43.347421715239875,
              -22.757464932886016
            ],
            [
              -43.34735269317213,
              -22.75782753863562
            ],
            [
              -43.347286080388194,
              -22.758184118028243
            ],
            [
              -43.3472054669586,
              -22.758538836723535
            ],
            [
              -43.347101231036845,
              -22.758890240517818
            ],
            [
              -43.347069936428284,
              -22.75906313248317
            ],
            [
              -43.3474537724735,
              -22.759138270840147
            ],
            [
              -43.34784134340316,
              -22.759210556547547
            ],
            [
              -43.348223994141904,
              -22.75927908848474
            ],
            [
              -43.34860630763489,
              -22.759359446506828
            ],
            [
              -43.34899052139531,
              -22.75942763130575
            ],
            [
              -43.349371606414365,
              -22.759504994585424
            ],
            [
              -43.349755303964,
              -22.759567572111326
            ],
            [
              -43.3501346892644,
              -22.75965683701899
            ],
            [
              -43.35051816018483,
              -22.75972212060496
            ],
            [
              -43.350561047953875,
              -22.759731264012192
            ]
          ],
          [
            [
              -43.35138122749155,
              -22.75582996916532
            ],
            [
              -43.351366612079346,
              -22.75589420937594
            ],
            [
              -43.351293398271594,
              -22.756250090894646
            ],
            [
              -43.3512299295175,
              -22.756613388222938
            ],
            [
              -43.35114759388625,
              -22.75697459462748
            ],
            [
              -43.35107107596929,
              -22.757329809748544
            ],
            [
              -43.350987447112864,
              -22.757685131888973
            ],
            [
              -43.35091131050848,
              -22.758040891999165
            ],
            [
              -43.350821545577745,
              -22.758396241119232
            ],
            [
              -43.350755936437224,
              -22.75875915533635
            ],
            [
              -43.35070181163917,
              -22.759122547992785
            ],
            [
              -43.350632665465014,
              -22.75947991609086
            ],
            [
              -43.350561047953875,
              -22.759731264012192
            ]
          ],
          [
            [
              -43.32945392715692,
              -22.756707738796763
            ],
            [
              -43.32960843518101,
              -22.756757572929303
            ]
          ],
          [
            [
              -43.34302520918058,
              -22.754205356357474
            ],
            [
              -43.34290583613529,
              -22.75430403712732
            ],
            [
              -43.3425992284715,
              -22.754527895471703
            ],
            [
              -43.34230505033771,
              -22.754770757390236
            ],
            [
              -43.342000604644056,
              -22.75500899679348
            ],
            [
              -43.34171508518289,
              -22.755260346513502
            ],
            [
              -43.341422399024395,
              -22.7555003324001
            ],
            [
              -43.34114131322093,
              -22.755755338763567
            ],
            [
              -43.34082325898612,
              -22.75597510159532
            ],
            [
              -43.340536826713056,
              -22.75622914838216
            ],
            [
              -43.34025018309933,
              -22.75648445691781
            ],
            [
              -43.33995253628041,
              -22.756723574958706
            ],
            [
              -43.33964117929685,
              -22.756960924932397
            ],
            [
              -43.33934965865972,
              -22.757200557385467
            ],
            [
              -43.339113738608035,
              -22.757351630898707
            ],
            [
              -43.33901977294403,
              -22.75743997040398
            ],
            [
              -43.33887040184743,
              -22.7577696753559
            ],
            [
              -43.3388137022904,
              -22.75785235093092
            ],
            [
              -43.3387907686789,
              -22.757875288139687
            ]
          ],
          [
            [
              -43.39215054975106,
              -22.818081144918263
            ],
            [
              -43.39215123109431,
              -22.818080272111107
            ],
            [
              -43.39221406222908,
              -22.81799429242689
            ],
            [
              -43.39227676206281,
              -22.817919487718434
            ],
            [
              -43.3923625690772,
              -22.8178030066277
            ],
            [
              -43.39243623884124,
              -22.817708168621333
            ],
            [
              -43.3925051341045,
              -22.817619455897404
            ],
            [
              -43.392617166249124,
              -22.817478918841317
            ],
            [
              -43.392692205680646,
              -22.81738048894268
            ],
            [
              -43.392788986222634,
              -22.817256622619293
            ],
            [
              -43.392891606062676,
              -22.817120753044584
            ],
            [
              -43.39303857057348,
              -22.816932245251206
            ],
            [
              -43.393149054085484,
              -22.81679032144045
            ],
            [
              -43.393205697884525,
              -22.81671755009914
            ],
            [
              -43.39433851900731,
              -22.815223947051855
            ],
            [
              -43.39437907663296,
              -22.815123439719294
            ]
          ],
          [
            [
              -43.370709908080194,
              -22.811432532976482
            ],
            [
              -43.37078329341414,
              -22.811340026945103
            ],
            [
              -43.371121228961435,
              -22.81115166124459
            ],
            [
              -43.371414765878626,
              -22.810961305344406
            ],
            [
              -43.371777940899115,
              -22.81081302332678
            ],
            [
              -43.37208421401516,
              -22.8105836008769
            ],
            [
              -43.37242211269023,
              -22.810398031168635
            ],
            [
              -43.37280555483239,
              -22.810331143192133
            ],
            [
              -43.37319130283624,
              -22.810275114529325
            ],
            [
              -43.373575533683834,
              -22.810182764047752
            ],
            [
              -43.373963719749725,
              -22.810110051162344
            ],
            [
              -43.37434336315556,
              -22.810026593177174
            ],
            [
              -43.37473226328319,
              -22.809975741012096
            ],
            [
              -43.37511267560939,
              -22.809893011477723
            ],
            [
              -43.37549499539761,
              -22.809822041478444
            ],
            [
              -43.37587920915802,
              -22.80975551413011
            ],
            [
              -43.37626352723988,
              -22.809688445389867
            ],
            [
              -43.37633926004867,
              -22.809677309984327
            ]
          ],
          [
            [
              -43.376389586110406,
              -22.809704518073453
            ],
            [
              -43.376390079838195,
              -22.809704987519613
            ],
            [
              -43.37640905913065,
              -22.80975891806403
            ]
          ],
          [
            [
              -43.412651133750984,
              -22.796580861213155
            ],
            [
              -43.41258497281814,
              -22.796524035280754
            ],
            [
              -43.41196630040435,
              -22.796006435873043
            ],
            [
              -43.411283000909634,
              -22.79541756609258
            ],
            [
              -43.410922646163044,
              -22.79504378536718
            ],
            [
              -43.41086893505321,
              -22.79497163275941
            ],
            [
              -43.41081675908606,
              -22.794876374769643
            ],
            [
              -43.41076112702427,
              -22.7947598595047
            ],
            [
              -43.41067759079806,
              -22.794580208234812
            ],
            [
              -43.41066232030971,
              -22.794494260026887
            ],
            [
              -43.41055783977236,
              -22.793945203233342
            ],
            [
              -43.410413324115495,
              -22.793186313022723
            ],
            [
              -43.41032502148244,
              -22.79274579270899
            ],
            [
              -43.410253364401115,
              -22.79239015040995
            ],
            [
              -43.41017488056616,
              -22.79201014727531
            ],
            [
              -43.41016716438298,
              -22.791973605122603
            ]
          ],
          [
            [
              -43.41016716438298,
              -22.791973605122603
            ],
            [
              -43.410145241609484,
              -22.791869777493094
            ],
            [
              -43.41001821147114,
              -22.791459666855022
            ],
            [
              -43.40996203082296,
              -22.791243717148696
            ]
          ],
          [
            [
              -43.37633926004867,
              -22.809677309984327
            ],
            [
              -43.376361949044615,
              -22.809678247977196
            ],
            [
              -43.376389586110406,
              -22.809704518073453
            ]
          ],
          [
            [
              -43.353628216368975,
              -22.79122891250915
            ],
            [
              -43.35382384679298,
              -22.791188833322842
            ],
            [
              -43.353983249827024,
              -22.79121555218085
            ],
            [
              -43.354142651961695,
              -22.79127567096032
            ],
            [
              -43.35429480915798,
              -22.79134246990395
            ],
            [
              -43.35442522974046,
              -22.791355829332925
            ],
            [
              -43.35455565032287,
              -22.79134915006807
            ],
            [
              -43.35470780751916,
              -22.791309070881773
            ],
            [
              -43.35496140194704,
              -22.791295710553452
            ],
            [
              -43.355236733888034,
              -22.7913625094971
            ],
            [
              -43.35536715447046,
              -22.791409267948215
            ],
            [
              -43.355512065829025,
              -22.79152950550712
            ],
            [
              -43.35563524057375,
              -22.7917365807035
            ],
            [
              -43.355859853449374,
              -22.79205053223113
            ],
            [
              -43.356359798265935,
              -22.792631675935958
            ],
            [
              -43.35654093791385,
              -22.793453287563985
            ],
            [
              -43.35669155367214,
              -22.794222765493025
            ]
          ],
          [
            [
              -43.366972664456796,
              -22.76407873876826
            ],
            [
              -43.36703612062035,
              -22.764096011147505
            ],
            [
              -43.36743047873347,
              -22.764140324342
            ],
            [
              -43.36781169325491,
              -22.764225321966524
            ],
            [
              -43.36823185921282,
              -22.764310536327685
            ],
            [
              -43.36881529528956,
              -22.764431917824247
            ],
            [
              -43.36920357668362,
              -22.764520687205433
            ],
            [
              -43.36960003921029,
              -22.76460114055566
            ],
            [
              -43.36999003651084,
              -22.764652085350903
            ],
            [
              -43.3703993413564,
              -22.76473366195443
            ],
            [
              -43.37092693133269,
              -22.76481825038738
            ],
            [
              -43.37134289835598,
              -22.764904768765565
            ],
            [
              -43.371729700365286,
              -22.76495423147808
            ],
            [
              -43.37173475455518,
              -22.764955096625872
            ],
            [
              -43.372048122422775,
              -22.765185877052062
            ],
            [
              -43.3723599884226,
              -22.76506778257757
            ]
          ],
          [
            [
              -43.3702639124495,
              -22.763923597621442
            ],
            [
              -43.370263551821324,
              -22.763924385427522
            ],
            [
              -43.37022733162593,
              -22.764003473606923
            ]
          ],
          [
            [
              -43.362761540412635,
              -22.76331140302434
            ],
            [
              -43.36315746964141,
              -22.76332973210693
            ],
            [
              -43.36354006552148,
              -22.763404639338162
            ],
            [
              -43.363917169241866,
              -22.76350730594289
            ],
            [
              -43.36430952996074,
              -22.763563706925044
            ],
            [
              -43.36458854012891,
              -22.763611811661303
            ],
            [
              -43.364607996062034,
              -22.763613455621982
            ],
            [
              -43.36546556888077,
              -22.763750120197365
            ],
            [
              -43.365959972074904,
              -22.76389778348141
            ],
            [
              -43.366655517637916,
              -22.763992413744397
            ],
            [
              -43.366972664456796,
              -22.76407873876826
            ]
          ],
          [
            [
              -43.366281973434184,
              -22.763009811778915
            ],
            [
              -43.36628185382437,
              -22.763011218318614
            ],
            [
              -43.366250895562246,
              -22.763118698095
            ]
          ],
          [
            [
              -43.39486295862527,
              -22.769110934769323
            ],
            [
              -43.39462668966985,
              -22.76938260205081
            ],
            [
              -43.394464164189685,
              -22.769499527406637
            ]
          ],
          [
            [
              -43.38593098742501,
              -22.767887024991595
            ],
            [
              -43.38555740994639,
              -22.767622606323616
            ],
            [
              -43.385423605215074,
              -22.767564447166908
            ],
            [
              -43.384910302768155,
              -22.767447267302984
            ],
            [
              -43.38370500977828,
              -22.76719546882127
            ],
            [
              -43.38264471358252,
              -22.766977913825073
            ],
            [
              -43.38221626936524,
              -22.76688289865228
            ],
            [
              -43.3818369695004,
              -22.766799128602308
            ],
            [
              -43.38179622481579,
              -22.766785800649586
            ],
            [
              -43.38140326694708,
              -22.766720675344345
            ],
            [
              -43.380641566355116,
              -22.766560322626226
            ],
            [
              -43.38025998850753,
              -22.766479956510242
            ],
            [
              -43.37970585594036,
              -22.76635755877977
            ],
            [
              -43.379317114992716,
              -22.76629834202033
            ],
            [
              -43.37887997253256,
              -22.766222917678935
            ],
            [
              -43.37838475185471,
              -22.76612585924643
            ],
            [
              -43.377853813702416,
              -22.766043519118572
            ],
            [
              -43.37742076585557,
              -22.765967771021234
            ],
            [
              -43.37704120608669,
              -22.765881819216034
            ],
            [
              -43.37665175647328,
              -22.76582511696104
            ],
            [
              -43.37623029189434,
              -22.76575824427302
            ],
            [
              -43.37584395663317,
              -22.765701842391564
            ],
            [
              -43.375338305618186,
              -22.76560602322488
            ],
            [
              -43.374918282652516,
              -22.765524441225438
            ],
            [
              -43.374458850495444,
              -22.765423762122357
            ],
            [
              -43.374073646581394,
              -22.765354272407222
            ],
            [
              -43.373614918593496,
              -22.765268227971802
            ],
            [
              -43.3732313397544,
              -22.76520137237091
            ],
            [
              -43.372839395421636,
              -22.765150144289215
            ],
            [
              -43.37243276066322,
              -22.76509768233765
            ],
            [
              -43.3723599884226,
              -22.76506778257757
            ]
          ],
          [
            [
              -43.38510774698723,
              -22.761843546276626
            ],
            [
              -43.384777890187365,
              -22.761907373352116
            ],
            [
              -43.38454931669747,
              -22.76195039691883
            ],
            [
              -43.38445065387447,
              -22.762042781574674
            ],
            [
              -43.384195353432695,
              -22.7620068725447
            ],
            [
              -43.384134118594595,
              -22.762054930516165
            ],
            [
              -43.383065753681485,
              -22.765700836949545
            ],
            [
              -43.38295694920373,
              -22.766095175277552
            ]
          ]
        ]
      }
    },
    {
      "type": "Feature",
      "properties": {
        "id": "bc25-205148",
        "name": "Rio Acari",
        "category": "Curso de água",
        "sourceDate": "BC25, edição 2018",
        "sourceUrl": "https://geoportal.inea.rj.gov.br/server/rest/services/BC_25/FeatureServer/84",
        "geometryMethod": "Traçado oficial BC25. Entorno de 500 m. Canais já contidos na rede foram usados somente para classificar trechos com sobreposição de 99% ou mais, sem duplicar linhas. Sobreposições da própria rede foram dissolvidas por nome e categoria.",
        "sourceFeatureIds": "205148,228482,228483",
        "overlayColor": "#3ab6ef"
      },
      "geometry": {
        "type": "MultiLineString",
        "coordinates": [
          [
            [
              -43.33046952344169,
              -22.807159570816562
            ],
            [
              -43.329499485013116,
              -22.806350760903396
            ],
            [
              -43.32890042591379,
              -22.80573623976017
            ],
            [
              -43.328076012897554,
              -22.804316016895235
            ],
            [
              -43.327774992721636,
              -22.80362428445773
            ],
            [
              -43.32764907144736,
              -22.802785198102995
            ],
            [
              -43.327630188382386,
              -22.802516826015292
            ]
          ],
          [
            [
              -43.327630188382386,
              -22.802516826015292
            ],
            [
              -43.3276377399896,
              -22.802372964165585
            ]
          ],
          [
            [
              -43.3276377399896,
              -22.802372964165585
            ],
            [
              -43.32760512337762,
              -22.80216058296915
            ]
          ]
        ]
      }
    },
    {
      "type": "Feature",
      "properties": {
        "id": "bc25-193862",
        "name": "Rio Dona Eugênia",
        "category": "Curso de água",
        "sourceDate": "BC25, edição 2018",
        "sourceUrl": "https://geoportal.inea.rj.gov.br/server/rest/services/BC_25/FeatureServer/84",
        "geometryMethod": "Traçado oficial BC25. Entorno de 500 m. Canais já contidos na rede foram usados somente para classificar trechos com sobreposição de 99% ou mais, sem duplicar linhas. Sobreposições da própria rede foram dissolvidas por nome e categoria.",
        "sourceFeatureIds": "193862",
        "overlayColor": "#3ab6ef"
      },
      "geometry": {
        "type": "LineString",
        "coordinates": [
          [
            -43.41382692560535,
            -22.788213438064925
          ],
          [
            -43.41372940328922,
            -22.78826578576237
          ],
          [
            -43.41341545176158,
            -22.788276661263815
          ],
          [
            -43.41304014758464,
            -22.788177287077087
          ],
          [
            -43.41292632578916,
            -22.788173805801446
          ],
          [
            -43.41278845252492,
            -22.788178214278112
          ],
          [
            -43.4124164371687,
            -22.78829119520743
          ],
          [
            -43.412232938599125,
            -22.788316011099933
          ],
          [
            -43.41183779178055,
            -22.788323636451604
          ],
          [
            -43.41165896339032,
            -22.788281666890345
          ],
          [
            -43.41128497582088,
            -22.78815276886014
          ],
          [
            -43.41094003635345,
            -22.787971597735986
          ],
          [
            -43.410887788440554,
            -22.787924747553976
          ],
          [
            -43.410618721176945,
            -22.787651490348964
          ],
          [
            -43.41054170593486,
            -22.78759021324268
          ],
          [
            -43.410268630392856,
            -22.787477942777777
          ],
          [
            -43.40987910163909,
            -22.787454913838165
          ],
          [
            -43.40949156848098,
            -22.78741095137926
          ],
          [
            -43.409104396850296,
            -22.78731912610173
          ],
          [
            -43.40871123573481,
            -22.787248282007546
          ],
          [
            -43.40832143178852,
            -22.787165098315576
          ],
          [
            -43.40793075280186,
            -22.787107012003933
          ],
          [
            -43.40753724544737,
            -22.787082854415168
          ],
          [
            -43.4071524471276,
            -22.78702175357601
          ],
          [
            -43.40680757780734,
            -22.786843645542763
          ],
          [
            -43.406714243467434,
            -22.78674526600621
          ],
          [
            -43.40641984320109,
            -22.78650374048021
          ]
        ]
      }
    },
    {
      "type": "Feature",
      "properties": {
        "id": "bc25-195375",
        "name": "Rio Pavuna",
        "category": "Curso de água",
        "sourceDate": "BC25, edição 2018",
        "sourceUrl": "https://geoportal.inea.rj.gov.br/server/rest/services/BC_25/FeatureServer/84",
        "geometryMethod": "Traçado oficial BC25. Entorno de 500 m. Canais já contidos na rede foram usados somente para classificar trechos com sobreposição de 99% ou mais, sem duplicar linhas. Sobreposições da própria rede foram dissolvidas por nome e categoria.",
        "sourceFeatureIds": "195375,195376,195446,195447,205365,205366,205367,205368,205369,205371,205372,205374,205375,205377,205378,205379,205380,205381,205382,205383,207974,207975,207976,207977,207978,207979,256557,256558,256559,256560,256561,256562",
        "overlayColor": "#3ab6ef"
      },
      "geometry": {
        "type": "MultiLineString",
        "coordinates": [
          [
            [
              -43.341529644977015,
              -22.80333642316197
            ],
            [
              -43.34154265546909,
              -22.803337403423036
            ]
          ],
          [
            [
              -43.34154265546909,
              -22.803337403423036
            ],
            [
              -43.343622982514496,
              -22.803456183180913
            ]
          ],
          [
            [
              -43.343622982514496,
              -22.803456183180913
            ],
            [
              -43.34505371755488,
              -22.803568192842416
            ]
          ],
          [
            [
              -43.34505371755488,
              -22.803568192842416
            ],
            [
              -43.34637386925852,
              -22.803581893114426
            ]
          ],
          [
            [
              -43.34637386925852,
              -22.803581893114426
            ],
            [
              -43.34691775584963,
              -22.8036652539729
            ]
          ],
          [
            [
              -43.34691775584963,
              -22.8036652539729
            ],
            [
              -43.34804830078832,
              -22.803761171165714
            ]
          ],
          [
            [
              -43.34804830078832,
              -22.803761171165714
            ],
            [
              -43.34846669957841,
              -22.803773465797406
            ]
          ],
          [
            [
              -43.335369463429856,
              -22.80301737967291
            ],
            [
              -43.33656486477656,
              -22.803084762276523
            ]
          ],
          [
            [
              -43.33656486477656,
              -22.803084762276523
            ],
            [
              -43.33944883409629,
              -22.80317959668561
            ]
          ],
          [
            [
              -43.33944883409629,
              -22.80317959668561
            ],
            [
              -43.341529644977015,
              -22.80333642316197
            ]
          ],
          [
            [
              -43.32760512337762,
              -22.80216058296915
            ],
            [
              -43.32773097270609,
              -22.802260477863374
            ],
            [
              -43.32834286962759,
              -22.8024935776411
            ],
            [
              -43.32949402163166,
              -22.802615746943747
            ]
          ],
          [
            [
              -43.33396878103429,
              -22.80290738179481
            ],
            [
              -43.33427532484626,
              -22.802937798665024
            ]
          ],
          [
            [
              -43.33427532484626,
              -22.802937798665024
            ],
            [
              -43.33515470892257,
              -22.803005274798203
            ]
          ],
          [
            [
              -43.33515470892257,
              -22.803005274798203
            ],
            [
              -43.335369463429856,
              -22.80301737967291
            ]
          ],
          [
            [
              -43.330904771038206,
              -22.802659232762004
            ],
            [
              -43.33090500935856,
              -22.802659239956558
            ]
          ],
          [
            [
              -43.33090500935856,
              -22.802659239956558
            ],
            [
              -43.33172162974927,
              -22.80268441198059
            ]
          ],
          [
            [
              -43.33172162974927,
              -22.80268441198059
            ],
            [
              -43.33396878103429,
              -22.80290738179481
            ]
          ],
          [
            [
              -43.32949402163166,
              -22.802615746943747
            ],
            [
              -43.330904771038206,
              -22.802659232762004
            ]
          ],
          [
            [
              -43.361503742303746,
              -22.804394534005095
            ],
            [
              -43.361521387002306,
              -22.804479586488284
            ]
          ],
          [
            [
              -43.361521387002306,
              -22.804479586488284
            ],
            [
              -43.360822819717214,
              -22.804560142361236
            ],
            [
              -43.35975286929937,
              -22.804652763538773
            ],
            [
              -43.35892227164539,
              -22.80459240104305
            ],
            [
              -43.35710150962683,
              -22.804379345355063
            ],
            [
              -43.35579003817958,
              -22.80422333546311
            ],
            [
              -43.353095855489244,
              -22.804027129472995
            ],
            [
              -43.349410054230475,
              -22.803801183802182
            ],
            [
              -43.34846669957841,
              -22.803773465797406
            ]
          ],
          [
            [
              -43.34852090801336,
              -22.80370802213207
            ],
            [
              -43.34846669957841,
              -22.803773465797406
            ]
          ],
          [
            [
              -43.3553210795041,
              -22.80261065228434
            ],
            [
              -43.35559180511757,
              -22.802640359589496
            ]
          ],
          [
            [
              -43.35559180511757,
              -22.802640359589496
            ],
            [
              -43.3559853952097,
              -22.80266817112381
            ]
          ],
          [
            [
              -43.3559853952097,
              -22.80266817112381
            ],
            [
              -43.35637269544344,
              -22.80271677768174
            ]
          ],
          [
            [
              -43.35637269544344,
              -22.80271677768174
            ],
            [
              -43.35676624236805,
              -22.802699431558107
            ]
          ],
          [
            [
              -43.35676624236805,
              -22.802699431558107
            ],
            [
              -43.35715311542384,
              -22.802645619724174
            ]
          ],
          [
            [
              -43.35715311542384,
              -22.802645619724174
            ],
            [
              -43.35754989091464,
              -22.802618912557403
            ]
          ],
          [
            [
              -43.35754989091464,
              -22.802618912557403
            ],
            [
              -43.35793570097172,
              -22.802678157195786
            ]
          ],
          [
            [
              -43.35793570097172,
              -22.802678157195786
            ],
            [
              -43.35831993271859,
              -22.802747228726236
            ]
          ],
          [
            [
              -43.35831993271859,
              -22.802747228726236
            ],
            [
              -43.35870097906684,
              -22.802838302170485
            ]
          ],
          [
            [
              -43.35870097906684,
              -22.802838302170485
            ],
            [
              -43.359090454760576,
              -22.80290878024062
            ]
          ],
          [
            [
              -43.359090454760576,
              -22.80290878024062
            ],
            [
              -43.3594659828687,
              -22.80300521364428
            ]
          ],
          [
            [
              -43.3594659828687,
              -22.80300521364428
            ],
            [
              -43.35983142148279,
              -22.803147059213995
            ]
          ],
          [
            [
              -43.35983142148279,
              -22.803147059213995
            ],
            [
              -43.360154442673256,
              -22.803349698054717
            ]
          ],
          [
            [
              -43.360154442673256,
              -22.803349698054717
            ],
            [
              -43.36044323656597,
              -22.803604273642925
            ]
          ],
          [
            [
              -43.36044323656597,
              -22.803604273642925
            ],
            [
              -43.36075478960175,
              -22.803837408494175
            ]
          ],
          [
            [
              -43.36075478960175,
              -22.803837408494175
            ],
            [
              -43.36106827977716,
              -22.804055300736124
            ]
          ],
          [
            [
              -43.36106827977716,
              -22.804055300736124
            ],
            [
              -43.36136970554736,
              -22.804288330366703
            ]
          ],
          [
            [
              -43.36136970554736,
              -22.804288330366703
            ],
            [
              -43.361503742303746,
              -22.804394534005095
            ]
          ],
          [
            [
              -43.34852090801336,
              -22.80370802213207
            ],
            [
              -43.34867299596186,
              -22.803524412945873
            ]
          ],
          [
            [
              -43.34867299596186,
              -22.803524412945873
            ],
            [
              -43.34901463132007,
              -22.80334489207769
            ]
          ],
          [
            [
              -43.34901463132007,
              -22.80334489207769
            ],
            [
              -43.349382537673876,
              -22.80321630701156
            ]
          ],
          [
            [
              -43.349382537673876,
              -22.80321630701156
            ],
            [
              -43.34976931180415,
              -22.803146708478383
            ]
          ],
          [
            [
              -43.34976931180415,
              -22.803146708478383
            ],
            [
              -43.35015748617894,
              -22.80309834653606
            ]
          ],
          [
            [
              -43.35015748617894,
              -22.80309834653606
            ],
            [
              -43.35055103849953,
              -22.803023940227288
            ]
          ],
          [
            [
              -43.35055103849953,
              -22.803023940227288
            ],
            [
              -43.350939327088156,
              -22.802982260247695
            ]
          ],
          [
            [
              -43.350939327088156,
              -22.802982260247695
            ],
            [
              -43.35133357458466,
              -22.802930977307323
            ]
          ],
          [
            [
              -43.35133357458466,
              -22.802930977307323
            ],
            [
              -43.351732115444634,
              -22.802903399596826
            ]
          ],
          [
            [
              -43.351732115444634,
              -22.802903399596826
            ],
            [
              -43.35212753026121,
              -22.802844180139417
            ]
          ],
          [
            [
              -43.35212753026121,
              -22.802844180139417
            ],
            [
              -43.352513517484745,
              -22.802775108608966
            ]
          ],
          [
            [
              -43.352513517484745,
              -22.802775108608966
            ],
            [
              -43.35289252776784,
              -22.802670471589604
            ]
          ],
          [
            [
              -43.35289252776784,
              -22.802670471589604
            ],
            [
              -43.353268807709185,
              -22.802574205459823
            ]
          ],
          [
            [
              -43.353268807709185,
              -22.802574205459823
            ],
            [
              -43.35364668574585,
              -22.802474521906227
            ]
          ],
          [
            [
              -43.35364668574585,
              -22.802474521906227
            ],
            [
              -43.35402853249065,
              -22.80240124964253
            ]
          ],
          [
            [
              -43.35402853249065,
              -22.80240124964253
            ],
            [
              -43.3540298922656,
              -22.80240162465984
            ]
          ],
          [
            [
              -43.3540298922656,
              -22.80240162465984
            ],
            [
              -43.35441925284613,
              -22.80243264767316
            ]
          ],
          [
            [
              -43.35441925284613,
              -22.80243264767316
            ],
            [
              -43.354806999143584,
              -22.802508897592148
            ]
          ],
          [
            [
              -43.354806999143584,
              -22.802508897592148
            ],
            [
              -43.35519665020513,
              -22.802596997877767
            ]
          ],
          [
            [
              -43.35519665020513,
              -22.802596997877767
            ],
            [
              -43.3553210795041,
              -22.80261065228434
            ]
          ],
          [
            [
              -43.39546482880636,
              -22.815416284402442
            ],
            [
              -43.395288770560164,
              -22.815352744357956
            ]
          ],
          [
            [
              -43.395288770560164,
              -22.815352744357956
            ],
            [
              -43.39443298469439,
              -22.815103949611874
            ]
          ],
          [
            [
              -43.39443298469439,
              -22.815103949611874
            ],
            [
              -43.39379255498232,
              -22.814921755958572
            ]
          ],
          [
            [
              -43.39379255498232,
              -22.814921755958572
            ],
            [
              -43.39334932321259,
              -22.81482380359997
            ]
          ],
          [
            [
              -43.39334932321259,
              -22.81482380359997
            ],
            [
              -43.39298934977854,
              -22.8148017648139
            ]
          ],
          [
            [
              -43.39298934977854,
              -22.8148017648139
            ],
            [
              -43.39286690977997,
              -22.814765032904262
            ]
          ],
          [
            [
              -43.39286690977997,
              -22.814765032904262
            ],
            [
              -43.39235266214553,
              -22.814547090300294
            ]
          ],
          [
            [
              -43.39235266214553,
              -22.814547090300294
            ],
            [
              -43.391887391589705,
              -22.814341391066684
            ]
          ],
          [
            [
              -43.391887391589705,
              -22.814341391066684
            ],
            [
              -43.391733117389315,
              -22.814319351381286
            ]
          ],
          [
            [
              -43.391733117389315,
              -22.814319351381286
            ],
            [
              -43.3914294657971,
              -22.814265478393434
            ]
          ],
          [
            [
              -43.3914294657971,
              -22.814265478393434
            ],
            [
              -43.39091766791591,
              -22.814025496104126
            ]
          ],
          [
            [
              -43.39091766791591,
              -22.814025496104126
            ],
            [
              -43.39039158430404,
              -22.813751698406506
            ]
          ],
          [
            [
              -43.39039158430404,
              -22.813751698406506
            ],
            [
              -43.390258941496825,
              -22.813682664647605
            ]
          ],
          [
            [
              -43.390258941496825,
              -22.813682664647605
            ],
            [
              -43.39011446181286,
              -22.8136508304458
            ]
          ],
          [
            [
              -43.39011446181286,
              -22.8136508304458
            ],
            [
              -43.39001895920752,
              -22.813650830445784
            ]
          ],
          [
            [
              -43.39001895920752,
              -22.813650830445784
            ],
            [
              -43.389845094175655,
              -22.813687562355472
            ]
          ],
          [
            [
              -43.389845094175655,
              -22.813687562355472
            ],
            [
              -43.38957817539239,
              -22.8137585773208
            ]
          ],
          [
            [
              -43.38957817539239,
              -22.8137585773208
            ],
            [
              -43.38933819310301,
              -22.813854079926205
            ]
          ],
          [
            [
              -43.38933819310301,
              -22.813854079926205
            ],
            [
              -43.3892230996662,
              -22.813910402667307
            ]
          ],
          [
            [
              -43.3892230996662,
              -22.813910402667307
            ],
            [
              -43.38881170209828,
              -22.81419201457417
            ]
          ],
          [
            [
              -43.38881170209828,
              -22.81419201457417
            ],
            [
              -43.3881088972077,
              -22.814637695197774
            ]
          ],
          [
            [
              -43.3881088972077,
              -22.814637695197774
            ],
            [
              -43.38787136377232,
              -22.814787071690336
            ]
          ],
          [
            [
              -43.38787136377232,
              -22.814787071690336
            ],
            [
              -43.387775861166915,
              -22.814809111375688
            ]
          ],
          [
            [
              -43.387775861166915,
              -22.814809111375688
            ],
            [
              -43.3876191381126,
              -22.814809111375684
            ]
          ],
          [
            [
              -43.3876191381126,
              -22.814809111375684
            ],
            [
              -43.38749180040617,
              -22.814772379466064
            ]
          ],
          [
            [
              -43.38749180040617,
              -22.814772379466064
            ],
            [
              -43.38712203245569,
              -22.814603412142077
            ]
          ],
          [
            [
              -43.38712203245569,
              -22.814603412142077
            ],
            [
              -43.386710633988464,
              -22.814436893672035
            ]
          ],
          [
            [
              -43.386710633988464,
              -22.814436893672035
            ],
            [
              -43.38629678756656,
              -22.8142777226631
            ]
          ],
          [
            [
              -43.38629678756656,
              -22.8142777226631
            ],
            [
              -43.385263395489176,
              -22.814089164507653
            ]
          ],
          [
            [
              -43.385263395489176,
              -22.814089164507653
            ],
            [
              -43.38486913899942,
              -22.81401814954231
            ]
          ],
          [
            [
              -43.38486913899942,
              -22.81401814954231
            ],
            [
              -43.38470751823724,
              -22.813954481138737
            ]
          ],
          [
            [
              -43.38470751823724,
              -22.813954481138737
            ],
            [
              -43.38457283486833,
              -22.81385652878013
            ]
          ],
          [
            [
              -43.38457283486833,
              -22.81385652878013
            ],
            [
              -43.3844503948697,
              -22.81371204999544
            ]
          ],
          [
            [
              -43.3844503948697,
              -22.81371204999544
            ],
            [
              -43.38436958448864,
              -22.813550429233246
            ]
          ],
          [
            [
              -43.38436958448864,
              -22.813550429233246
            ],
            [
              -43.38418347608643,
              -22.81306067013816
            ]
          ],
          [
            [
              -43.38418347608643,
              -22.81306067013816
            ],
            [
              -43.38397777685282,
              -22.81274232632167
            ]
          ],
          [
            [
              -43.38397777685282,
              -22.81274232632167
            ],
            [
              -43.38382840036024,
              -22.81255621791947
            ]
          ],
          [
            [
              -43.38382840036024,
              -22.81255621791947
            ],
            [
              -43.38359086692486,
              -22.81237010951732
            ]
          ],
          [
            [
              -43.38359086692486,
              -22.81237010951732
            ],
            [
              -43.383066824774005,
              -22.812012584937207
            ]
          ],
          [
            [
              -43.383066824774005,
              -22.812012584937207
            ],
            [
              -43.382907652865754,
              -22.81192932570221
            ]
          ],
          [
            [
              -43.382907652865754,
              -22.81192932570221
            ],
            [
              -43.382682363699985,
              -22.811885247230784
            ]
          ],
          [
            [
              -43.382682363699985,
              -22.811885247230784
            ],
            [
              -43.38227831179454,
              -22.811811783411475
            ]
          ],
          [
            [
              -43.38227831179454,
              -22.811811783411475
            ],
            [
              -43.38204077835911,
              -22.81172852417641
            ]
          ],
          [
            [
              -43.38204077835911,
              -22.81172852417641
            ],
            [
              -43.38163917620687,
              -22.81150078615678
            ]
          ],
          [
            [
              -43.38163917620687,
              -22.81150078615678
            ],
            [
              -43.38118614812214,
              -22.811251009350986
            ]
          ],
          [
            [
              -43.38118614812214,
              -22.811251009350986
            ],
            [
              -43.38105881131497,
              -22.811197135463836
            ]
          ],
          [
            [
              -43.38105881131497,
              -22.811197135463836
            ],
            [
              -43.38058374444415,
              -22.8111187739367
            ]
          ],
          [
            [
              -43.38058374444415,
              -22.8111187739367
            ],
            [
              -43.380155204898635,
              -22.811037963555567
            ]
          ],
          [
            [
              -43.380155204898635,
              -22.811037963555567
            ],
            [
              -43.379998481844325,
              -22.810964499736254
            ]
          ],
          [
            [
              -43.379998481844325,
              -22.810964499736254
            ],
            [
              -43.379839309936074,
              -22.810797982165518
            ]
          ],
          [
            [
              -43.379839309936074,
              -22.810797982165518
            ],
            [
              -43.37970952427503,
              -22.810670644459105
            ]
          ],
          [
            [
              -43.37970952427503,
              -22.810670644459105
            ],
            [
              -43.379611571916364,
              -22.81062656598767
            ]
          ],
          [
            [
              -43.379611571916364,
              -22.81062656598767
            ],
            [
              -43.379520967018884,
              -22.81063146369547
            ]
          ],
          [
            [
              -43.379520967018884,
              -22.81063146369547
            ],
            [
              -43.37917078900057,
              -22.81068533668333
            ]
          ],
          [
            [
              -43.37917078900057,
              -22.81068533668333
            ],
            [
              -43.378103112968176,
              -22.810827367513415
            ]
          ],
          [
            [
              -43.378103112968176,
              -22.810827367513415
            ],
            [
              -43.37714073585613,
              -22.810903280186675
            ]
          ],
          [
            [
              -43.37714073585613,
              -22.810903280186675
            ],
            [
              -43.37695217860005,
              -22.81087879164734
            ]
          ],
          [
            [
              -43.37695217860005,
              -22.81087879164734
            ],
            [
              -43.376778313568195,
              -22.81079798216552
            ]
          ],
          [
            [
              -43.376778313568195,
              -22.81079798216552
            ],
            [
              -43.37662893707568,
              -22.810658400189432
            ]
          ],
          [
            [
              -43.37662893707568,
              -22.810658400189432
            ],
            [
              -43.37653098561639,
              -22.81049677942724
            ]
          ],
          [
            [
              -43.37653098561639,
              -22.81049677942724
            ],
            [
              -43.376467317212814,
              -22.81031556873292
            ]
          ],
          [
            [
              -43.376467317212814,
              -22.81031556873292
            ],
            [
              -43.37640905913065,
              -22.80975891806403
            ]
          ],
          [
            [
              -43.37632283752879,
              -22.809265034678017
            ],
            [
              -43.376161216766604,
              -22.808983423670533
            ]
          ],
          [
            [
              -43.376161216766604,
              -22.808983423670533
            ],
            [
              -43.37590654225301,
              -22.808662631000065
            ]
          ],
          [
            [
              -43.37590654225301,
              -22.808662631000065
            ],
            [
              -43.37568859964904,
              -22.8084838682604
            ]
          ],
          [
            [
              -43.37568859964904,
              -22.8084838682604
            ],
            [
              -43.375127824689244,
              -22.808109202602072
            ]
          ],
          [
            [
              -43.375127824689244,
              -22.808109202602072
            ],
            [
              -43.37456460177481,
              -22.807702702742027
            ]
          ],
          [
            [
              -43.37456460177481,
              -22.807702702742027
            ],
            [
              -43.37431972177763,
              -22.807577813889477
            ]
          ],
          [
            [
              -43.37431972177763,
              -22.807577813889477
            ],
            [
              -43.37414830649902,
              -22.807516593440504
            ]
          ],
          [
            [
              -43.37414830649902,
              -22.807516593440504
            ],
            [
              -43.37395485153508,
              -22.80748475923874
            ]
          ],
          [
            [
              -43.37395485153508,
              -22.80748475923874
            ],
            [
              -43.37339162772134,
              -22.807413744273358
            ]
          ],
          [
            [
              -43.37339162772134,
              -22.807413744273358
            ],
            [
              -43.372465982518975,
              -22.807242328994768
            ]
          ],
          [
            [
              -43.372465982518975,
              -22.807242328994768
            ],
            [
              -43.37231415717247,
              -22.80718600625365
            ]
          ],
          [
            [
              -43.37231415717247,
              -22.80718600625365
            ],
            [
              -43.372164780679945,
              -22.807070912816837
            ]
          ],
          [
            [
              -43.372164780679945,
              -22.807070912816837
            ],
            [
              -43.37166522616911,
              -22.806647270979273
            ]
          ],
          [
            [
              -43.37166522616911,
              -22.806647270979273
            ],
            [
              -43.37149678854581,
              -22.806488404840533
            ]
          ],
          [
            [
              -43.37149678854581,
              -22.806488404840533
            ],
            [
              -43.37143530639417,
              -22.806437281979523
            ]
          ],
          [
            [
              -43.37143530639417,
              -22.806437281979523
            ],
            [
              -43.37123423327314,
              -22.80626661583619
            ]
          ],
          [
            [
              -43.37123423327314,
              -22.80626661583619
            ],
            [
              -43.37070746797514,
              -22.80576900116302
            ]
          ],
          [
            [
              -43.37070746797514,
              -22.80576900116302
            ],
            [
              -43.37047926950254,
              -22.80557236709559
            ]
          ],
          [
            [
              -43.37047926950254,
              -22.80557236709559
            ],
            [
              -43.3702928670221,
              -22.805385874682884
            ]
          ],
          [
            [
              -43.3702928670221,
              -22.805385874682884
            ],
            [
              -43.37005622121751,
              -22.805312211214076
            ]
          ],
          [
            [
              -43.37005622121751,
              -22.805312211214076
            ],
            [
              -43.36945334089887,
              -22.8052086407907
            ]
          ],
          [
            [
              -43.36945334089887,
              -22.8052086407907
            ],
            [
              -43.36945037583405,
              -22.80520813177442
            ]
          ],
          [
            [
              -43.36945037583405,
              -22.80520813177442
            ],
            [
              -43.36941482473424,
              -22.805202023579074
            ]
          ],
          [
            [
              -43.36941482473424,
              -22.805202023579074
            ],
            [
              -43.36807488254965,
              -22.80508792209449
            ]
          ],
          [
            [
              -43.36807488254965,
              -22.80508792209449
            ],
            [
              -43.36733025738533,
              -22.804847134911917
            ]
          ],
          [
            [
              -43.36733025738533,
              -22.804847134911917
            ],
            [
              -43.36628743861428,
              -22.804421940844446
            ]
          ],
          [
            [
              -43.36628743861428,
              -22.804421940844446
            ],
            [
              -43.36553707127871,
              -22.804077460031326
            ]
          ],
          [
            [
              -43.36553707127871,
              -22.804077460031326
            ],
            [
              -43.36523702506856,
              -22.80404847668039
            ]
          ],
          [
            [
              -43.36523702506856,
              -22.80404847668039
            ],
            [
              -43.362627667332845,
              -22.80435200686416
            ]
          ],
          [
            [
              -43.362627667332845,
              -22.80435200686416
            ],
            [
              -43.361521387002306,
              -22.804479586488284
            ]
          ],
          [
            [
              -43.37640905913065,
              -22.80975891806403
            ],
            [
              -43.37640157317396,
              -22.809687381491894
            ],
            [
              -43.37638766066192,
              -22.809622647391713
            ],
            [
              -43.37632283752879,
              -22.809265034678017
            ]
          ]
        ]
      }
    },
    {
      "type": "Feature",
      "properties": {
        "id": "bc25-216830",
        "name": "Rio São João de Meriti",
        "category": "Curso de água",
        "sourceDate": "BC25, edição 2018",
        "sourceUrl": "https://geoportal.inea.rj.gov.br/server/rest/services/BC_25/FeatureServer/84",
        "geometryMethod": "Traçado oficial BC25. Entorno de 500 m. Canais já contidos na rede foram usados somente para classificar trechos com sobreposição de 99% ou mais, sem duplicar linhas. Sobreposições da própria rede foram dissolvidas por nome e categoria.",
        "sourceFeatureIds": "216830",
        "overlayColor": "#3ab6ef"
      },
      "geometry": {
        "type": "LineString",
        "coordinates": [
          [
            -43.32760512337762,
            -22.80216058296915
          ],
          [
            -43.3270529459366,
            -22.801722280383544
          ],
          [
            -43.325940683315764,
            -22.801276670806374
          ],
          [
            -43.32588927956634,
            -22.801266800911986
          ]
        ]
      }
    },
    {
      "type": "Feature",
      "properties": {
        "id": "bc25-191391",
        "name": "Rio da Prata",
        "category": "Curso de água",
        "sourceDate": "BC25, edição 2018",
        "sourceUrl": "https://geoportal.inea.rj.gov.br/server/rest/services/BC_25/FeatureServer/84",
        "geometryMethod": "Traçado oficial BC25. Entorno de 500 m. Canais já contidos na rede foram usados somente para classificar trechos com sobreposição de 99% ou mais, sem duplicar linhas. Sobreposições da própria rede foram dissolvidas por nome e categoria.",
        "sourceFeatureIds": "191391,191566",
        "overlayColor": "#3ab6ef"
      },
      "geometry": {
        "type": "MultiLineString",
        "coordinates": [
          [
            [
              -43.394464164189685,
              -22.769499527406637
            ],
            [
              -43.394315451396835,
              -22.769606515253816
            ],
            [
              -43.393924903711195,
              -22.76965027086867
            ],
            [
              -43.393536088119845,
              -22.769620979949632
            ],
            [
              -43.39314762955934,
              -22.76954454836758
            ],
            [
              -43.39276054606222,
              -22.769492152965874
            ],
            [
              -43.39236806303558,
              -22.769451714050714
            ],
            [
              -43.391979793332666,
              -22.76941745797465
            ],
            [
              -43.39159224308741,
              -22.76935512056774
            ],
            [
              -43.39119545590546,
              -22.769316441625843
            ],
            [
              -43.390805693327984,
              -22.769268349480114
            ],
            [
              -43.390408800925286,
              -22.76921377232309
            ],
            [
              -43.390018707397296,
              -22.769185724267118
            ],
            [
              -43.38962731704692,
              -22.769151972710745
            ],
            [
              -43.389240214664085,
              -22.769109683890175
            ],
            [
              -43.38884914447232,
              -22.769065277166195
            ],
            [
              -43.388462277711824,
              -22.769003029691422
            ],
            [
              -43.38837335094927,
              -22.768987501097673
            ],
            [
              -43.38817667101643,
              -22.769026359004616
            ]
          ],
          [
            [
              -43.39546902095003,
              -22.769660123972002
            ],
            [
              -43.395468470393496,
              -22.769660197585427
            ],
            [
              -43.395076930755636,
              -22.76969726224421
            ],
            [
              -43.39489083044736,
              -22.76969665520186
            ],
            [
              -43.39453706863071,
              -22.76954290800415
            ],
            [
              -43.394464164189685,
              -22.769499527406637
            ]
          ]
        ]
      }
    },
    {
      "type": "Feature",
      "properties": {
        "id": "bc25-205584",
        "name": "Rio dos Cachorros",
        "category": "Canal",
        "sourceDate": "BC25, edição 2018",
        "sourceUrl": "https://geoportal.inea.rj.gov.br/server/rest/services/BC_25/FeatureServer/84",
        "geometryMethod": "Traçado oficial BC25. Entorno de 500 m. Canais já contidos na rede foram usados somente para classificar trechos com sobreposição de 99% ou mais, sem duplicar linhas. Sobreposições da própria rede foram dissolvidas por nome e categoria.",
        "sourceFeatureIds": "205584",
        "overlayColor": "#36d6cf"
      },
      "geometry": {
        "type": "LineString",
        "coordinates": [
          [
            -43.326361972268906,
            -22.804259081181982
          ],
          [
            -43.32751758786628,
            -22.80261500770106
          ],
          [
            -43.32751772096594,
            -22.80261481884339
          ]
        ]
      }
    },
    {
      "type": "Feature",
      "properties": {
        "id": "bc25-228484",
        "name": "Rio dos Cachorros",
        "category": "Curso de água",
        "sourceDate": "BC25, edição 2018",
        "sourceUrl": "https://geoportal.inea.rj.gov.br/server/rest/services/BC_25/FeatureServer/84",
        "geometryMethod": "Traçado oficial BC25. Entorno de 500 m. Canais já contidos na rede foram usados somente para classificar trechos com sobreposição de 99% ou mais, sem duplicar linhas. Sobreposições da própria rede foram dissolvidas por nome e categoria.",
        "sourceFeatureIds": "228484,228485",
        "overlayColor": "#3ab6ef"
      },
      "geometry": {
        "type": "MultiLineString",
        "coordinates": [
          [
            [
              -43.32751772096594,
              -22.80261481884339
            ],
            [
              -43.32759530637816,
              -22.802504436954813
            ]
          ],
          [
            [
              -43.32759530637816,
              -22.802504436954813
            ],
            [
              -43.3276377399896,
              -22.802372964165585
            ]
          ]
        ]
      }
    }
  ]
}
