{
  "type": "FeatureCollection",
  "features": [
    {
      "type": "Feature",
      "properties": {
        "id": "3305109001",
        "name": "Vila Tiradentes",
        "vegetationPct": 0.0,
        "overlayColor": "#d2d8bb"
      },
      "geometry": {
        "type": "Polygon",
        "coordinates": [
          [
            [
              -43.38646959999994,
              -22.799567599999932
            ],
            [
              -43.38663639999993,
              -22.799338399999957
            ],
            [
              -43.38745289999997,
              -22.798215599999928
            ],
            [
              -43.38778559999997,
              -22.797757699999973
            ],
            [
              -43.388179899999955,
              -22.79721479999995
            ],
            [
              -43.38854289999995,
              -22.796720699999973
            ],
            [
              -43.38891159999997,
              -22.796218999999944
            ],
            [
              -43.390030399999944,
              -22.794635899999943
            ],
            [
              -43.390197299999954,
              -22.794425599999954
            ],
            [
              -43.39065649999998,
              -22.79384719999996
            ],
            [
              -43.39028129999997,
              -22.79345949999998
            ],
            [
              -43.39000509999994,
              -22.793176899999935
            ],
            [
              -43.389768199999935,
              -22.79293449999995
            ],
            [
              -43.388723099999936,
              -22.79186499999997
            ],
            [
              -43.38810569999998,
              -22.79123319999997
            ],
            [
              -43.38841919999993,
              -22.790478299999965
            ],
            [
              -43.388454499999966,
              -22.790385899999933
            ],
            [
              -43.38849639999995,
              -22.790317299999963
            ],
            [
              -43.38853919999997,
              -22.79026589999995
            ],
            [
              -43.38671459999995,
              -22.789330899999978
            ],
            [
              -43.38619279999995,
              -22.78906119999993
            ],
            [
              -43.38556539999997,
              -22.789930699999957
            ],
            [
              -43.38542619999998,
              -22.790123599999955
            ],
            [
              -43.38507989999994,
              -22.790523699999934
            ],
            [
              -43.38489279999993,
              -22.790739799999987
            ],
            [
              -43.38380079999996,
              -22.790145899999963
            ],
            [
              -43.383290399999964,
              -22.790984199999972
            ],
            [
              -43.38426869999995,
              -22.79150089999996
            ],
            [
              -43.383695099999954,
              -22.79236129999999
            ],
            [
              -43.38342679999994,
              -22.792763799999936
            ],
            [
              -43.38313859999994,
              -22.793195999999966
            ],
            [
              -43.38309839999994,
              -22.793256399999954
            ],
            [
              -43.38272639999997,
              -22.79382059999995
            ],
            [
              -43.38256979999994,
              -22.79405869999993
            ],
            [
              -43.38235619999995,
              -22.79438339999996
            ],
            [
              -43.38198459999995,
              -22.794948499999972
            ],
            [
              -43.38197659999997,
              -22.794956099999975
            ],
            [
              -43.38177069999995,
              -22.795152899999945
            ],
            [
              -43.38158079999994,
              -22.795443599999935
            ],
            [
              -43.38130479999995,
              -22.795865899999967
            ],
            [
              -43.381124599999964,
              -22.79605689999994
            ],
            [
              -43.38082469999995,
              -22.796374599999986
            ],
            [
              -43.38058279999996,
              -22.79677009999994
            ],
            [
              -43.38057749999996,
              -22.79677859999998
            ],
            [
              -43.38051119999995,
              -22.79691899999994
            ],
            [
              -43.38036949999997,
              -22.797218699999966
            ],
            [
              -43.38016399999998,
              -22.797653299999983
            ],
            [
              -43.38014199999998,
              -22.797802499999932
            ],
            [
              -43.380078399999945,
              -22.798233199999963
            ],
            [
              -43.380033899999944,
              -22.798901799999946
            ],
            [
              -43.38002609999995,
              -22.799017499999934
            ],
            [
              -43.37979319999994,
              -22.799754399999976
            ],
            [
              -43.37975499999993,
              -22.79983939999994
            ],
            [
              -43.37968659999996,
              -22.799896299999943
            ],
            [
              -43.378997499999976,
              -22.800465799999923
            ],
            [
              -43.37873929999995,
              -22.80057579999993
            ],
            [
              -43.37859499999996,
              -22.80065229999996
            ],
            [
              -43.37837489999998,
              -22.800742999999944
            ],
            [
              -43.378183099999944,
              -22.80089869999995
            ],
            [
              -43.37802279999994,
              -22.80108769999998
            ],
            [
              -43.377810899999986,
              -22.80122779999994
            ],
            [
              -43.377537899999936,
              -22.801357099999958
            ],
            [
              -43.37721279999994,
              -22.80142179999996
            ],
            [
              -43.37671499999993,
              -22.80137719999993
            ],
            [
              -43.37815009999997,
              -22.80160609999996
            ],
            [
              -43.378932099999986,
              -22.801734199999935
            ],
            [
              -43.37985249999997,
              -22.80189259999998
            ],
            [
              -43.37997879999995,
              -22.801914399999927
            ],
            [
              -43.38153999999997,
              -22.802183199999938
            ],
            [
              -43.381906699999945,
              -22.802246299999975
            ],
            [
              -43.382559399999934,
              -22.80235869999996
            ],
            [
              -43.38342259999996,
              -22.802507399999964
            ],
            [
              -43.38387419999998,
              -22.802585099999927
            ],
            [
              -43.38409279999997,
              -22.80265169999995
            ],
            [
              -43.38431239999994,
              -22.802638699999928
            ],
            [
              -43.38438019999995,
              -22.802546699999937
            ],
            [
              -43.384730099999956,
              -22.801990299999943
            ],
            [
              -43.38492709999997,
              -22.80167719999997
            ],
            [
              -43.38546089999994,
              -22.800931099999953
            ],
            [
              -43.38618329999997,
              -22.79995879999996
            ],
            [
              -43.38646959999994,
              -22.799567599999932
            ]
          ]
        ]
      }
    },
    {
      "type": "Feature",
      "properties": {
        "id": "3305109002",
        "name": "Vilar dos Teles",
        "vegetationPct": 0.162,
        "overlayColor": "#8aaf79"
      },
      "geometry": {
        "type": "Polygon",
        "coordinates": [
          [
            [
              -43.36984219999994,
              -22.778052499999937
            ],
            [
              -43.370057299999985,
              -22.77757299999996
            ],
            [
              -43.370721199999934,
              -22.777819099999927
            ],
            [
              -43.37114019999996,
              -22.776784399999944
            ],
            [
              -43.371230199999964,
              -22.77656459999997
            ],
            [
              -43.37146309999997,
              -22.776336399999934
            ],
            [
              -43.37308969999998,
              -22.775518699999964
            ],
            [
              -43.37466969999997,
              -22.774741499999948
            ],
            [
              -43.37475469999998,
              -22.774700599999957
            ],
            [
              -43.374345699999935,
              -22.774377399999935
            ],
            [
              -43.37407479999996,
              -22.77407789999995
            ],
            [
              -43.37479539999998,
              -22.77339869999997
            ],
            [
              -43.37489179999994,
              -22.77331839999994
            ],
            [
              -43.37564349999997,
              -22.772678499999934
            ],
            [
              -43.37584749999996,
              -22.772493999999934
            ],
            [
              -43.376484199999936,
              -22.77189259999994
            ],
            [
              -43.37655569999998,
              -22.771825099999944
            ],
            [
              -43.376623999999936,
              -22.77176049999997
            ],
            [
              -43.376921599999946,
              -22.77147939999997
            ],
            [
              -43.377570299999945,
              -22.77086819999994
            ],
            [
              -43.37818329999993,
              -22.771163499999936
            ],
            [
              -43.37872839999994,
              -22.77142599999996
            ],
            [
              -43.37881689999995,
              -22.771259599999954
            ],
            [
              -43.37897859999998,
              -22.77099809999992
            ],
            [
              -43.37925429999996,
              -22.77090779999998
            ],
            [
              -43.37941609999996,
              -22.77084759999996
            ],
            [
              -43.37956799999995,
              -22.770950599999928
            ],
            [
              -43.37986399999995,
              -22.771376799999928
            ],
            [
              -43.38077539999995,
              -22.770679599999937
            ],
            [
              -43.38080529999996,
              -22.77065779999998
            ],
            [
              -43.38117949999997,
              -22.770384899999957
            ],
            [
              -43.38152649999995,
              -22.769747899999967
            ],
            [
              -43.38183199999998,
              -22.76925219999998
            ],
            [
              -43.381259099999966,
              -22.768990299999928
            ],
            [
              -43.38078399999995,
              -22.76873039999998
            ],
            [
              -43.381168799999955,
              -22.76829799999995
            ],
            [
              -43.38098459999998,
              -22.768217299999947
            ],
            [
              -43.38073179999998,
              -22.768142299999962
            ],
            [
              -43.38125609999997,
              -22.76764259999993
            ],
            [
              -43.38161599999995,
              -22.76722969999998
            ],
            [
              -43.38175899999993,
              -22.76709299999993
            ],
            [
              -43.381821499999944,
              -22.767033299999984
            ],
            [
              -43.382050799999945,
              -22.766784699999967
            ],
            [
              -43.38216659999995,
              -22.766736399999957
            ],
            [
              -43.382182599999965,
              -22.766710799999938
            ],
            [
              -43.38270989999995,
              -22.766047499999956
            ],
            [
              -43.38177889999997,
              -22.765901799999927
            ],
            [
              -43.38144049999994,
              -22.765848599999973
            ],
            [
              -43.381154599999945,
              -22.765846099999973
            ],
            [
              -43.38098439999993,
              -22.765881499999978
            ],
            [
              -43.380821399999945,
              -22.765895499999946
            ],
            [
              -43.38062089999995,
              -22.765889699999946
            ],
            [
              -43.38045009999996,
              -22.765850099999966
            ],
            [
              -43.37913219999996,
              -22.765543899999958
            ],
            [
              -43.378966299999945,
              -22.76551009999997
            ],
            [
              -43.37789159999994,
              -22.765291299999944
            ],
            [
              -43.37716539999997,
              -22.76516959999998
            ],
            [
              -43.375949799999944,
              -22.764965799999963
            ],
            [
              -43.37564329999998,
              -22.76489789999994
            ],
            [
              -43.375596099999946,
              -22.76488739999996
            ],
            [
              -43.373998599999936,
              -22.76453329999997
            ],
            [
              -43.37396469999993,
              -22.764515999999947
            ],
            [
              -43.37385679999994,
              -22.76446059999995
            ],
            [
              -43.37370039999996,
              -22.76436289999998
            ],
            [
              -43.373414699999955,
              -22.764264099999934
            ],
            [
              -43.37319499999995,
              -22.764236599999943
            ],
            [
              -43.37294639999993,
              -22.764239299999932
            ],
            [
              -43.37266899999997,
              -22.764220199999947
            ],
            [
              -43.37256919999993,
              -22.764184499999942
            ],
            [
              -43.37253059999995,
              -22.76417069999996
            ],
            [
              -43.37245339999998,
              -22.764143199999975
            ],
            [
              -43.37213479999997,
              -22.764071799999947
            ],
            [
              -43.37189859999995,
              -22.764055299999935
            ],
            [
              -43.371618499999954,
              -22.764082799999986
            ],
            [
              -43.37150639999993,
              -22.764121899999964
            ],
            [
              -43.37139399999995,
              -22.764161199999933
            ],
            [
              -43.37128089999993,
              -22.764167299999944
            ],
            [
              -43.371205499999974,
              -22.764171399999952
            ],
            [
              -43.37048579999998,
              -22.76402079999997
            ],
            [
              -43.36953919999996,
              -22.76382279999996
            ],
            [
              -43.36840719999998,
              -22.763585999999968
            ],
            [
              -43.36741839999996,
              -22.763379199999974
            ],
            [
              -43.36667579999994,
              -22.763223799999935
            ],
            [
              -43.36581189999998,
              -22.76304309999994
            ],
            [
              -43.365608899999984,
              -22.763000599999934
            ],
            [
              -43.36555999999996,
              -22.76299239999997
            ],
            [
              -43.36498849999998,
              -22.762896699999946
            ],
            [
              -43.36360779999996,
              -22.762665199999955
            ],
            [
              -43.36317619999994,
              -22.762592899999955
            ],
            [
              -43.36235419999997,
              -22.762490799999966
            ],
            [
              -43.362302099999965,
              -22.76248429999998
            ],
            [
              -43.36219619999997,
              -22.762463499999967
            ],
            [
              -43.35845089999998,
              -22.76172769999993
            ],
            [
              -43.35547959999997,
              -22.76114399999995
            ],
            [
              -43.355470699999955,
              -22.761142399999986
            ],
            [
              -43.35351229999998,
              -22.760798999999956
            ],
            [
              -43.353459499999985,
              -22.760789699999982
            ],
            [
              -43.35345719999998,
              -22.760801399999938
            ],
            [
              -43.35338129999997,
              -22.761177599999943
            ],
            [
              -43.353359499999954,
              -22.76128499999993
            ],
            [
              -43.35334919999997,
              -22.761363399999937
            ],
            [
              -43.353305999999975,
              -22.761617099999967
            ],
            [
              -43.35329049999996,
              -22.761696999999973
            ],
            [
              -43.35320079999997,
              -22.762132899999983
            ],
            [
              -43.35318199999995,
              -22.762224199999928
            ],
            [
              -43.35310139999996,
              -22.76261599999998
            ],
            [
              -43.35305359999995,
              -22.76284819999995
            ],
            [
              -43.35301149999998,
              -22.76305249999995
            ],
            [
              -43.35292419999996,
              -22.763476699999952
            ],
            [
              -43.35259199999996,
              -22.763416399999976
            ],
            [
              -43.350870999999984,
              -22.76310399999994
            ],
            [
              -43.350351399999965,
              -22.76300969999994
            ],
            [
              -43.35021489999997,
              -22.76297779999993
            ],
            [
              -43.34991409999998,
              -22.762907499999976
            ],
            [
              -43.34884589999996,
              -22.762700899999963
            ],
            [
              -43.34742829999993,
              -22.76243989999994
            ],
            [
              -43.34636229999995,
              -22.762243099999974
            ],
            [
              -43.345986299999936,
              -22.762171099999932
            ],
            [
              -43.34588239999994,
              -22.762653199999928
            ],
            [
              -43.34576619999996,
              -22.76319139999998
            ],
            [
              -43.34576109999995,
              -22.763238999999942
            ],
            [
              -43.34572449999996,
              -22.763575099999972
            ],
            [
              -43.345716299999935,
              -22.763650099999957
            ],
            [
              -43.34602239999998,
              -22.763716999999925
            ],
            [
              -43.34595489999998,
              -22.76407839999996
            ],
            [
              -43.34590609999998,
              -22.76434019999993
            ],
            [
              -43.34693449999998,
              -22.764554599999933
            ],
            [
              -43.34685259999998,
              -22.76491279999994
            ],
            [
              -43.34675129999994,
              -22.76535629999995
            ],
            [
              -43.346627299999966,
              -22.76599869999995
            ],
            [
              -43.34649439999998,
              -22.766692299999924
            ],
            [
              -43.346454999999935,
              -22.766692699999968
            ],
            [
              -43.34570389999993,
              -22.76660709999993
            ],
            [
              -43.34550599999995,
              -22.766651099999937
            ],
            [
              -43.34544719999997,
              -22.76666419999998
            ],
            [
              -43.344848199999944,
              -22.76694939999993
            ],
            [
              -43.344510699999944,
              -22.767129999999945
            ],
            [
              -43.34393559999995,
              -22.767377199999945
            ],
            [
              -43.34381599999995,
              -22.76734919999995
            ],
            [
              -43.34369949999996,
              -22.767694199999934
            ],
            [
              -43.34404869999997,
              -22.768214299999958
            ],
            [
              -43.34416319999997,
              -22.768499099999925
            ],
            [
              -43.344325199999965,
              -22.76891959999994
            ],
            [
              -43.34436899999997,
              -22.768978199999932
            ],
            [
              -43.34447019999993,
              -22.768993199999958
            ],
            [
              -43.34456359999996,
              -22.76897369999995
            ],
            [
              -43.34468919999995,
              -22.768895399999963
            ],
            [
              -43.34471209999998,
              -22.768711399999976
            ],
            [
              -43.34472159999996,
              -22.768573599999968
            ],
            [
              -43.34461699999997,
              -22.76835489999996
            ],
            [
              -43.344670399999984,
              -22.768089299999925
            ],
            [
              -43.34491329999997,
              -22.76802619999995
            ],
            [
              -43.345330699999984,
              -22.767980699999956
            ],
            [
              -43.34544869999996,
              -22.76807899999994
            ],
            [
              -43.34571479999994,
              -22.768280899999972
            ],
            [
              -43.346078499999976,
              -22.76861359999998
            ],
            [
              -43.34630499999997,
              -22.76831039999996
            ],
            [
              -43.346399599999984,
              -22.768183799999974
            ],
            [
              -43.346584999999955,
              -22.767746499999934
            ],
            [
              -43.34659919999996,
              -22.76738519999998
            ],
            [
              -43.346594299999936,
              -22.766691099999942
            ],
            [
              -43.34687329999997,
              -22.766687999999924
            ],
            [
              -43.34705379999997,
              -22.766672399999948
            ],
            [
              -43.347074299999974,
              -22.76667059999994
            ],
            [
              -43.34731289999996,
              -22.766650099999936
            ],
            [
              -43.347424699999976,
              -22.766640399999975
            ],
            [
              -43.34811479999996,
              -22.766786899999943
            ],
            [
              -43.348336899999936,
              -22.766821099999955
            ],
            [
              -43.348139999999944,
              -22.76750759999993
            ],
            [
              -43.34798009999997,
              -22.768053099999975
            ],
            [
              -43.34787789999996,
              -22.76839769999998
            ],
            [
              -43.34782469999993,
              -22.76852409999998
            ],
            [
              -43.34780189999998,
              -22.76857829999994
            ],
            [
              -43.34771449999994,
              -22.768614299999967
            ],
            [
              -43.34759749999995,
              -22.768630599999934
            ],
            [
              -43.347238999999945,
              -22.768536199999968
            ],
            [
              -43.34708049999995,
              -22.768558799999933
            ],
            [
              -43.34699999999998,
              -22.768600899999967
            ],
            [
              -43.346814999999935,
              -22.768702099999924
            ],
            [
              -43.346687799999984,
              -22.768809599999937
            ],
            [
              -43.34665939999997,
              -22.768968099999938
            ],
            [
              -43.34671619999995,
              -22.769299299999936
            ],
            [
              -43.346708099999944,
              -22.769351299999986
            ],
            [
              -43.346437299999934,
              -22.76909369999992
            ],
            [
              -43.34630309999994,
              -22.768885599999972
            ],
            [
              -43.34590099999997,
              -22.769348799999932
            ],
            [
              -43.345883399999934,
              -22.769383799999957
            ],
            [
              -43.34557279999996,
              -22.770000799999924
            ],
            [
              -43.34562239999997,
              -22.771505299999944
            ],
            [
              -43.34649609999997,
              -22.772533199999938
            ],
            [
              -43.34653009999994,
              -22.77267529999994
            ],
            [
              -43.34638839999997,
              -22.77266629999997
            ],
            [
              -43.346329699999956,
              -22.772704799999925
            ],
            [
              -43.346326199999965,
              -22.772788099999957
            ],
            [
              -43.34638649999994,
              -22.77292609999995
            ],
            [
              -43.34648409999994,
              -22.773052399999987
            ],
            [
              -43.346793299999945,
              -22.77328329999994
            ],
            [
              -43.34683009999998,
              -22.773327399999964
            ],
            [
              -43.346697699999936,
              -22.77372619999994
            ],
            [
              -43.34646399999997,
              -22.77443019999998
            ],
            [
              -43.346465999999964,
              -22.774492499999948
            ],
            [
              -43.34647199999995,
              -22.774512499999954
            ],
            [
              -43.34648199999998,
              -22.774545799999938
            ],
            [
              -43.34650229999994,
              -22.77458629999995
            ],
            [
              -43.346526799999936,
              -22.77462369999995
            ],
            [
              -43.34656929999994,
              -22.774661199999965
            ],
            [
              -43.346909299999936,
              -22.774850999999952
            ],
            [
              -43.34683009999998,
              -22.77504819999995
            ],
            [
              -43.346695799999964,
              -22.774930499999982
            ],
            [
              -43.34650399999998,
              -22.77486819999996
            ],
            [
              -43.34641849999998,
              -22.774869499999962
            ],
            [
              -43.34635289999994,
              -22.774890899999946
            ],
            [
              -43.346058199999966,
              -22.775056199999938
            ],
            [
              -43.345999499999955,
              -22.775114599999938
            ],
            [
              -43.34597549999995,
              -22.775185399999934
            ],
            [
              -43.345971599999984,
              -22.77523309999998
            ],
            [
              -43.34641579999993,
              -22.775627999999987
            ],
            [
              -43.346549599999946,
              -22.77574699999997
            ],
            [
              -43.34664299999997,
              -22.775941499999927
            ],
            [
              -43.34678249999996,
              -22.776231799999948
            ],
            [
              -43.34698359999993,
              -22.777144099999934
            ],
            [
              -43.34704869999996,
              -22.777172999999948
            ],
            [
              -43.347091499999976,
              -22.777185999999972
            ],
            [
              -43.34675469999996,
              -22.77809639999998
            ],
            [
              -43.34670699999998,
              -22.778225199999945
            ],
            [
              -43.346473499999945,
              -22.77885639999993
            ],
            [
              -43.346527599999945,
              -22.77887659999993
            ],
            [
              -43.34661999999997,
              -22.778950899999924
            ],
            [
              -43.347054699999944,
              -22.779300799999927
            ],
            [
              -43.34713609999994,
              -22.779366199999966
            ],
            [
              -43.34766419999994,
              -22.77960639999997
            ],
            [
              -43.34822689999993,
              -22.77974549999993
            ],
            [
              -43.34827569999993,
              -22.779757599999986
            ],
            [
              -43.34853839999994,
              -22.779822599999935
            ],
            [
              -43.34890439999998,
              -22.779817799999936
            ],
            [
              -43.34892569999994,
              -22.779808099999965
            ],
            [
              -43.349206599999945,
              -22.77968009999995
            ],
            [
              -43.34955089999994,
              -22.779523099999953
            ],
            [
              -43.34956949999997,
              -22.779510799999965
            ],
            [
              -43.350202699999954,
              -22.779093899999957
            ],
            [
              -43.35033189999996,
              -22.779008899999948
            ],
            [
              -43.35086299999995,
              -22.778659099999963
            ],
            [
              -43.35192839999996,
              -22.77795929999997
            ],
            [
              -43.35196509999997,
              -22.778057799999946
            ],
            [
              -43.351999399999954,
              -22.778205499999952
            ],
            [
              -43.35196769999993,
              -22.778342699999936
            ],
            [
              -43.35171359999998,
              -22.778825199999968
            ],
            [
              -43.351561199999935,
              -22.779097099999934
            ],
            [
              -43.35142199999996,
              -22.77934069999998
            ],
            [
              -43.35125569999997,
              -22.779435699999958
            ],
            [
              -43.351206899999966,
              -22.77946629999997
            ],
            [
              -43.35097519999994,
              -22.77961159999995
            ],
            [
              -43.35094329999998,
              -22.779636899999957
            ],
            [
              -43.35067569999996,
              -22.779849299999967
            ],
            [
              -43.35056119999996,
              -22.780302299999953
            ],
            [
              -43.35057829999994,
              -22.780772899999935
            ],
            [
              -43.35060459999994,
              -22.780869399999975
            ],
            [
              -43.35064189999997,
              -22.781005999999934
            ],
            [
              -43.35072489999993,
              -22.78120509999997
            ],
            [
              -43.35078649999997,
              -22.781460299999935
            ],
            [
              -43.350784499999975,
              -22.781706499999927
            ],
            [
              -43.35078869999995,
              -22.782178499999933
            ],
            [
              -43.35090769999994,
              -22.782253099999934
            ],
            [
              -43.35117719999994,
              -22.782451899999952
            ],
            [
              -43.35133989999997,
              -22.782576099999975
            ],
            [
              -43.35143869999996,
              -22.78265149999993
            ],
            [
              -43.35149819999998,
              -22.782715799999956
            ],
            [
              -43.351721699999985,
              -22.782957299999964
            ],
            [
              -43.351918799999964,
              -22.783091699999943
            ],
            [
              -43.35235229999995,
              -22.78351379999998
            ],
            [
              -43.35240699999997,
              -22.78353459999994
            ],
            [
              -43.352517699999964,
              -22.783557699999957
            ],
            [
              -43.35281239999995,
              -22.783670599999933
            ],
            [
              -43.35294269999997,
              -22.78372779999994
            ],
            [
              -43.353042699999946,
              -22.78377359999996
            ],
            [
              -43.35325359999996,
              -22.78387039999995
            ],
            [
              -43.35334489999997,
              -22.783961599999945
            ],
            [
              -43.353444699999955,
              -22.78404149999994
            ],
            [
              -43.353498299999956,
              -22.784117099999943
            ],
            [
              -43.35361869999997,
              -22.78428679999996
            ],
            [
              -43.353726999999935,
              -22.784466499999954
            ],
            [
              -43.35377579999994,
              -22.784495899999964
            ],
            [
              -43.35391449999997,
              -22.784620599999982
            ],
            [
              -43.35400499999997,
              -22.784733099999986
            ],
            [
              -43.35410129999997,
              -22.784889399999937
            ],
            [
              -43.35419269999995,
              -22.784937099999976
            ],
            [
              -43.35429669999996,
              -22.784936699999943
            ],
            [
              -43.35443589999994,
              -22.784897299999958
            ],
            [
              -43.35455559999997,
              -22.78483879999993
            ],
            [
              -43.35466349999996,
              -22.78478449999994
            ],
            [
              -43.354565899999955,
              -22.78479219999997
            ],
            [
              -43.35447149999993,
              -22.784773499999968
            ],
            [
              -43.35439059999993,
              -22.78475259999993
            ],
            [
              -43.35430739999998,
              -22.784629399999968
            ],
            [
              -43.354542599999945,
              -22.78460149999995
            ],
            [
              -43.35486119999996,
              -22.784571999999965
            ],
            [
              -43.35513059999994,
              -22.784684599999935
            ],
            [
              -43.35547289999994,
              -22.78479389999995
            ],
            [
              -43.35583569999994,
              -22.784871499999955
            ],
            [
              -43.356111399999975,
              -22.785018199999964
            ],
            [
              -43.35656379999995,
              -22.785243699999963
            ],
            [
              -43.356591899999955,
              -22.78525839999997
            ],
            [
              -43.35674369999998,
              -22.785337299999984
            ],
            [
              -43.35828379999998,
              -22.785883999999953
            ],
            [
              -43.358311999999955,
              -22.78590619999994
            ],
            [
              -43.358340099999964,
              -22.78592839999993
            ],
            [
              -43.358380299999965,
              -22.785851199999968
            ],
            [
              -43.358412499999986,
              -22.785619799999953
            ],
            [
              -43.35845629999994,
              -22.785479199999944
            ],
            [
              -43.358448299999964,
              -22.785299199999937
            ],
            [
              -43.35845629999994,
              -22.785175199999966
            ],
            [
              -43.35857619999996,
              -22.785097299999958
            ],
            [
              -43.358960199999956,
              -22.78498729999995
            ],
            [
              -43.35908019999994,
              -22.78497129999994
            ],
            [
              -43.35933939999995,
              -22.784836899999956
            ],
            [
              -43.35938109999995,
              -22.784804099999974
            ],
            [
              -43.359486499999946,
              -22.784694899999977
            ],
            [
              -43.359540899999956,
              -22.784579999999945
            ],
            [
              -43.35955749999994,
              -22.784544999999977
            ],
            [
              -43.35955539999998,
              -22.784369999999967
            ],
            [
              -43.35952689999994,
              -22.784103799999965
            ],
            [
              -43.35950459999998,
              -22.784023699999974
            ],
            [
              -43.35946979999994,
              -22.783899399999942
            ],
            [
              -43.35933199999994,
              -22.783713999999975
            ],
            [
              -43.35916559999998,
              -22.783547599999956
            ],
            [
              -43.358880399999975,
              -22.783181599999974
            ],
            [
              -43.35870929999993,
              -22.783153099999936
            ],
            [
              -43.35864749999996,
              -22.783034199999978
            ],
            [
              -43.35862849999995,
              -22.782896399999974
            ],
            [
              -43.35868549999998,
              -22.782896399999974
            ],
            [
              -43.35913709999994,
              -22.783038999999974
            ],
            [
              -43.35935099999995,
              -22.78314349999993
            ],
            [
              -43.36003079999995,
              -22.783366999999945
            ],
            [
              -43.36020599999995,
              -22.783441099999955
            ],
            [
              -43.360599899999954,
              -22.783607699999944
            ],
            [
              -43.36111029999995,
              -22.78380989999994
            ],
            [
              -43.36120489999996,
              -22.783847099999953
            ],
            [
              -43.36140439999997,
              -22.783880599999975
            ],
            [
              -43.36172269999997,
              -22.783934099999954
            ],
            [
              -43.36174209999996,
              -22.783937399999953
            ],
            [
              -43.36217689999995,
              -22.783953299999943
            ],
            [
              -43.36250259999997,
              -22.78396519999995
            ],
            [
              -43.363002499999936,
              -22.783942899999943
            ],
            [
              -43.36310169999996,
              -22.78431799999992
            ],
            [
              -43.36328699999996,
              -22.78505919999997
            ],
            [
              -43.36332829999998,
              -22.78516979999995
            ],
            [
              -43.36344209999993,
              -22.785522499999956
            ],
            [
              -43.36352079999995,
              -22.785766099999936
            ],
            [
              -43.36365529999995,
              -22.786108599999974
            ],
            [
              -43.36393349999997,
              -22.786608899999973
            ],
            [
              -43.364192199999934,
              -22.787341299999976
            ],
            [
              -43.36488529999997,
              -22.78715059999996
            ],
            [
              -43.365392199999974,
              -22.786496999999937
            ],
            [
              -43.36548529999993,
              -22.786103899999947
            ],
            [
              -43.36548709999994,
              -22.786089599999972
            ],
            [
              -43.36553139999995,
              -22.785737999999984
            ],
            [
              -43.365677199999936,
              -22.785911999999943
            ],
            [
              -43.365950699999985,
              -22.785617599999963
            ],
            [
              -43.36610029999997,
              -22.785456599999964
            ],
            [
              -43.36627879999998,
              -22.785536399999955
            ],
            [
              -43.36662099999995,
              -22.785541099999936
            ],
            [
              -43.36663209999995,
              -22.785548599999967
            ],
            [
              -43.366673299999945,
              -22.78543659999996
            ],
            [
              -43.36671809999996,
              -22.785245999999972
            ],
            [
              -43.36679639999994,
              -22.784913299999968
            ],
            [
              -43.36680929999994,
              -22.78485839999997
            ],
            [
              -43.36688179999993,
              -22.78455069999995
            ],
            [
              -43.36693829999996,
              -22.784310599999962
            ],
            [
              -43.36747889999998,
              -22.784507999999956
            ],
            [
              -43.36819989999998,
              -22.78477139999995
            ],
            [
              -43.368149899999935,
              -22.784873799999954
            ],
            [
              -43.36789319999997,
              -22.785263599999944
            ],
            [
              -43.36786729999994,
              -22.785319799999964
            ],
            [
              -43.36848889999993,
              -22.785593799999955
            ],
            [
              -43.36889149999996,
              -22.784907099999945
            ],
            [
              -43.36922419999996,
              -22.784251099999953
            ],
            [
              -43.36944289999997,
              -22.78392309999997
            ],
            [
              -43.369637799999964,
              -22.783504799999946
            ],
            [
              -43.36966459999997,
              -22.78345629999996
            ],
            [
              -43.36907709999998,
              -22.783208299999956
            ],
            [
              -43.368745399999966,
              -22.783788099999988
            ],
            [
              -43.36786959999995,
              -22.78345079999996
            ],
            [
              -43.36778869999995,
              -22.783419599999945
            ],
            [
              -43.36802249999994,
              -22.782762999999935
            ],
            [
              -43.36783329999997,
              -22.78268309999993
            ],
            [
              -43.368073799999934,
              -22.782197599999964
            ],
            [
              -43.368107899999984,
              -22.78211379999992
            ],
            [
              -43.368240199999946,
              -22.78178879999996
            ],
            [
              -43.368362899999966,
              -22.781507499999975
            ],
            [
              -43.36861299999999,
              -22.780929899999933
            ],
            [
              -43.368891599999984,
              -22.780279999999944
            ],
            [
              -43.36913409999994,
              -22.779685999999966
            ],
            [
              -43.36937139999998,
              -22.779097399999955
            ],
            [
              -43.369447599999944,
              -22.778908099999967
            ],
            [
              -43.36984219999994,
              -22.778052499999937
            ]
          ]
        ]
      }
    },
    {
      "type": "Feature",
      "properties": {
        "id": "3305109003",
        "name": "Jardim Meriti",
        "vegetationPct": 0.0,
        "overlayColor": "#d2d8bb"
      },
      "geometry": {
        "type": "MultiPolygon",
        "coordinates": [
          [
            [
              [
                -43.372537499999964,
                -22.788310699999954
              ],
              [
                -43.37284129999995,
                -22.78776899999997
              ],
              [
                -43.37364029999998,
                -22.786299899999964
              ],
              [
                -43.373770399999955,
                -22.78608299999996
              ],
              [
                -43.37386929999997,
                -22.785917999999988
              ],
              [
                -43.37428199999994,
                -22.78513529999998
              ],
              [
                -43.37451079999994,
                -22.784723899999968
              ],
              [
                -43.37472089999994,
                -22.784346299999985
              ],
              [
                -43.37528279999998,
                -22.78330309999995
              ],
              [
                -43.375653399999976,
                -22.782644499999943
              ],
              [
                -43.37597909999994,
                -22.782121499999963
              ],
              [
                -43.37603589999998,
                -22.782009799999965
              ],
              [
                -43.37624529999994,
                -22.781598599999935
              ],
              [
                -43.37670479999997,
                -22.78076599999997
              ],
              [
                -43.37689169999993,
                -22.780424499999977
              ],
              [
                -43.37710089999996,
                -22.78006799999997
              ],
              [
                -43.37718129999996,
                -22.779920399999973
              ],
              [
                -43.377873799999975,
                -22.778654499999952
              ],
              [
                -43.378007099999934,
                -22.77841679999994
              ],
              [
                -43.37836839999994,
                -22.777736699999938
              ],
              [
                -43.37923699999993,
                -22.77613809999997
              ],
              [
                -43.37920769999994,
                -22.776121299999947
              ],
              [
                -43.37892649999998,
                -22.77597039999995
              ],
              [
                -43.37864529999996,
                -22.775819499999947
              ],
              [
                -43.378393899999935,
                -22.775685199999934
              ],
              [
                -43.37802739999995,
                -22.77550929999995
              ],
              [
                -43.37734909999995,
                -22.77522729999998
              ],
              [
                -43.376841799999966,
                -22.774969399999968
              ],
              [
                -43.376435399999934,
                -22.774781599999987
              ],
              [
                -43.37584499999997,
                -22.77451699999995
              ],
              [
                -43.37561299999993,
                -22.774425499999953
              ],
              [
                -43.37547519999998,
                -22.774420699999947
              ],
              [
                -43.375246999999945,
                -22.774453999999935
              ],
              [
                -43.37512819999995,
                -22.774520499999934
              ],
              [
                -43.37475469999998,
                -22.774700599999957
              ],
              [
                -43.37466969999997,
                -22.774741499999948
              ],
              [
                -43.37308969999998,
                -22.775518699999964
              ],
              [
                -43.37146309999997,
                -22.776336399999934
              ],
              [
                -43.371230199999964,
                -22.77656459999997
              ],
              [
                -43.37114019999996,
                -22.776784399999944
              ],
              [
                -43.370721199999934,
                -22.777819099999927
              ],
              [
                -43.370057299999985,
                -22.77757299999996
              ],
              [
                -43.36984219999994,
                -22.778052499999937
              ],
              [
                -43.369447599999944,
                -22.778908099999967
              ],
              [
                -43.36937139999998,
                -22.779097399999955
              ],
              [
                -43.36913409999994,
                -22.779685999999966
              ],
              [
                -43.368891599999984,
                -22.780279999999944
              ],
              [
                -43.36861299999999,
                -22.780929899999933
              ],
              [
                -43.368362899999966,
                -22.781507499999975
              ],
              [
                -43.368240199999946,
                -22.78178879999996
              ],
              [
                -43.368107899999984,
                -22.78211379999992
              ],
              [
                -43.368073799999934,
                -22.782197599999964
              ],
              [
                -43.36783329999997,
                -22.78268309999993
              ],
              [
                -43.36802249999994,
                -22.782762999999935
              ],
              [
                -43.36778869999995,
                -22.783419599999945
              ],
              [
                -43.36786959999995,
                -22.78345079999996
              ],
              [
                -43.368745399999966,
                -22.783788099999988
              ],
              [
                -43.36907709999998,
                -22.783208299999956
              ],
              [
                -43.36966459999997,
                -22.78345629999996
              ],
              [
                -43.369637799999964,
                -22.783504799999946
              ],
              [
                -43.36944289999997,
                -22.78392309999997
              ],
              [
                -43.36922419999996,
                -22.784251099999953
              ],
              [
                -43.36889149999996,
                -22.784907099999945
              ],
              [
                -43.36848889999993,
                -22.785593799999955
              ],
              [
                -43.36786729999994,
                -22.785319799999964
              ],
              [
                -43.36789319999997,
                -22.785263599999944
              ],
              [
                -43.368149899999935,
                -22.784873799999954
              ],
              [
                -43.36819989999998,
                -22.78477139999995
              ],
              [
                -43.36747889999998,
                -22.784507999999956
              ],
              [
                -43.36693829999996,
                -22.784310599999962
              ],
              [
                -43.36688179999993,
                -22.78455069999995
              ],
              [
                -43.36680929999994,
                -22.78485839999997
              ],
              [
                -43.36679639999994,
                -22.784913299999968
              ],
              [
                -43.36671809999996,
                -22.785245999999972
              ],
              [
                -43.366673299999945,
                -22.78543659999996
              ],
              [
                -43.36663209999995,
                -22.785548599999967
              ],
              [
                -43.36662099999995,
                -22.785541099999936
              ],
              [
                -43.36627879999998,
                -22.785536399999955
              ],
              [
                -43.36610029999997,
                -22.785456599999964
              ],
              [
                -43.365950699999985,
                -22.785617599999963
              ],
              [
                -43.365677199999936,
                -22.785911999999943
              ],
              [
                -43.36553139999995,
                -22.785737999999984
              ],
              [
                -43.36548709999994,
                -22.786089599999972
              ],
              [
                -43.36548529999993,
                -22.786103899999947
              ],
              [
                -43.365392199999974,
                -22.786496999999937
              ],
              [
                -43.36488529999997,
                -22.78715059999996
              ],
              [
                -43.364192199999934,
                -22.787341299999976
              ],
              [
                -43.36421389999998,
                -22.78740279999994
              ],
              [
                -43.36419029999996,
                -22.788434199999983
              ],
              [
                -43.36416839999998,
                -22.788637199999975
              ],
              [
                -43.363290699999936,
                -22.788380299999968
              ],
              [
                -43.362568099999976,
                -22.78816559999996
              ],
              [
                -43.362351899999965,
                -22.788742599999974
              ],
              [
                -43.36202419999995,
                -22.789617199999945
              ],
              [
                -43.361404999999934,
                -22.78941209999994
              ],
              [
                -43.36120539999996,
                -22.78931799999998
              ],
              [
                -43.36102859999994,
                -22.789295199999973
              ],
              [
                -43.360784699999954,
                -22.789335099999956
              ],
              [
                -43.360654899999986,
                -22.789357899999967
              ],
              [
                -43.36036969999998,
                -22.78945199999998
              ],
              [
                -43.360285799999986,
                -22.789474299999938
              ],
              [
                -43.35993899999994,
                -22.789566099999945
              ],
              [
                -43.35906339999997,
                -22.789842599999925
              ],
              [
                -43.359285899999975,
                -22.789126899999932
              ],
              [
                -43.359342899999945,
                -22.789007099999942
              ],
              [
                -43.35945989999993,
                -22.788570699999976
              ],
              [
                -43.35942559999995,
                -22.78840239999993
              ],
              [
                -43.35929639999995,
                -22.788187699999984
              ],
              [
                -43.35917749999993,
                -22.788082999999972
              ],
              [
                -43.35890059999997,
                -22.787986299999947
              ],
              [
                -43.35813079999997,
                -22.787729299999967
              ],
              [
                -43.35796819999996,
                -22.788131499999956
              ],
              [
                -43.35792649999996,
                -22.78825269999993
              ],
              [
                -43.357785699999965,
                -22.788661999999935
              ],
              [
                -43.35738349999997,
                -22.789631699999973
              ],
              [
                -43.35724719999996,
                -22.790052299999957
              ],
              [
                -43.35704229999993,
                -22.790094799999956
              ],
              [
                -43.35752269999995,
                -22.790442099999954
              ],
              [
                -43.35769409999995,
                -22.790681899999974
              ],
              [
                -43.35799799999995,
                -22.791844399999945
              ],
              [
                -43.35822619999993,
                -22.793099299999938
              ],
              [
                -43.358482899999956,
                -22.794030999999958
              ],
              [
                -43.35881089999998,
                -22.79434479999997
              ],
              [
                -43.35934329999998,
                -22.794582499999922
              ],
              [
                -43.360113499999954,
                -22.79483809999993
              ],
              [
                -43.35987249999994,
                -22.795485499999923
              ],
              [
                -43.35939599999995,
                -22.79676479999994
              ],
              [
                -43.35930269999995,
                -22.79701579999994
              ],
              [
                -43.35926009999997,
                -22.79740369999996
              ],
              [
                -43.35901569999993,
                -22.797919899999954
              ],
              [
                -43.35935399999994,
                -22.797993999999964
              ],
              [
                -43.35956909999993,
                -22.79811669999998
              ],
              [
                -43.359666699999934,
                -22.798304499999965
              ],
              [
                -43.35976169999998,
                -22.798793299999943
              ],
              [
                -43.35979229999998,
                -22.799025099999938
              ],
              [
                -43.359806899999974,
                -22.79913589999995
              ],
              [
                -43.360122399999966,
                -22.800488299999923
              ],
              [
                -43.36020129999997,
                -22.800826299999986
              ],
              [
                -43.360245299999974,
                -22.80095499999993
              ],
              [
                -43.36026309999994,
                -22.801006899999955
              ],
              [
                -43.360162799999955,
                -22.801307599999966
              ],
              [
                -43.36088479999995,
                -22.801509699999933
              ],
              [
                -43.361174999999946,
                -22.801590899999944
              ],
              [
                -43.36149899999998,
                -22.80059769999997
              ],
              [
                -43.36184479999997,
                -22.799695699999972
              ],
              [
                -43.362149099999954,
                -22.798764299999956
              ],
              [
                -43.36247019999996,
                -22.797821199999923
              ],
              [
                -43.36280449999998,
                -22.796833999999937
              ],
              [
                -43.36311509999996,
                -22.79591649999997
              ],
              [
                -43.36224639999995,
                -22.795658499999952
              ],
              [
                -43.361873499999945,
                -22.795547799999955
              ],
              [
                -43.363460299999986,
                -22.794643899999983
              ],
              [
                -43.36494589999995,
                -22.79379789999996
              ],
              [
                -43.36541009999996,
                -22.793533499999967
              ],
              [
                -43.365477699999985,
                -22.793862799999943
              ],
              [
                -43.365644299999985,
                -22.794672599999963
              ],
              [
                -43.365880199999935,
                -22.79476289999997
              ],
              [
                -43.36595379999995,
                -22.794791199999967
              ],
              [
                -43.36620009999996,
                -22.79485829999993
              ],
              [
                -43.367156499999965,
                -22.795096999999945
              ],
              [
                -43.36794089999995,
                -22.795277199999926
              ],
              [
                -43.36860079999997,
                -22.795444899999946
              ],
              [
                -43.36894569999998,
                -22.794821699999936
              ],
              [
                -43.369101899999976,
                -22.794552299999964
              ],
              [
                -43.36954959999997,
                -22.79376419999994
              ],
              [
                -43.37009189999998,
                -22.79280389999996
              ],
              [
                -43.37098299999997,
                -22.79114379999993
              ],
              [
                -43.37142259999996,
                -22.790412499999945
              ],
              [
                -43.37131709999994,
                -22.790166799999948
              ],
              [
                -43.371430499999974,
                -22.790100199999923
              ],
              [
                -43.371689199999935,
                -22.78994819999996
              ],
              [
                -43.371906199999955,
                -22.789538399999966
              ],
              [
                -43.372537499999964,
                -22.788310699999954
              ]
            ]
          ],
          [
            [
              [
                -43.38935099999998,
                -22.78309149999995
              ],
              [
                -43.38831749999997,
                -22.784769599999944
              ],
              [
                -43.38925539999997,
                -22.78526809999994
              ],
              [
                -43.389747899999975,
                -22.78449559999995
              ],
              [
                -43.39004019999993,
                -22.784037199999943
              ],
              [
                -43.39031619999997,
                -22.783583599999933
              ],
              [
                -43.38935099999998,
                -22.78309149999995
              ]
            ]
          ]
        ]
      }
    },
    {
      "type": "Feature",
      "properties": {
        "id": "3305109004",
        "name": "Éden",
        "vegetationPct": 0.2038,
        "overlayColor": "#8aaf79"
      },
      "geometry": {
        "type": "Polygon",
        "coordinates": [
          [
            [
              -43.40563029999999,
              -22.797324399999976
            ],
            [
              -43.40693189999996,
              -22.795906899999977
            ],
            [
              -43.40697669999997,
              -22.79585669999995
            ],
            [
              -43.40836859999996,
              -22.794296799999927
            ],
            [
              -43.40837369999997,
              -22.794290999999927
            ],
            [
              -43.410221999999976,
              -22.79221959999995
            ],
            [
              -43.41023919999998,
              -22.79220029999993
            ],
            [
              -43.41034229999997,
              -22.792084799999937
            ],
            [
              -43.410560499999974,
              -22.79184019999996
            ],
            [
              -43.41070799999995,
              -22.79167489999997
            ],
            [
              -43.410345699999944,
              -22.79147329999995
            ],
            [
              -43.41029229999998,
              -22.791419699999942
            ],
            [
              -43.41006729999998,
              -22.79136819999997
            ],
            [
              -43.40963389999997,
              -22.79065509999999
            ],
            [
              -43.40960739999997,
              -22.790611399999925
            ],
            [
              -43.40942449999994,
              -22.79031649999996
            ],
            [
              -43.40916189999996,
              -22.79000249999996
            ],
            [
              -43.408748499999945,
              -22.78983649999998
            ],
            [
              -43.408725499999946,
              -22.78982719999993
            ],
            [
              -43.40865919999993,
              -22.789802899999923
            ],
            [
              -43.40827209999998,
              -22.789660899999948
            ],
            [
              -43.40825449999994,
              -22.789651499999934
            ],
            [
              -43.408156599999984,
              -22.78959959999997
            ],
            [
              -43.408145099999956,
              -22.789593499999974
            ],
            [
              -43.40813849999995,
              -22.78958989999995
            ],
            [
              -43.40810099999993,
              -22.789541499999924
            ],
            [
              -43.407804699999986,
              -22.789158199999978
            ],
            [
              -43.40743939999993,
              -22.788685799999936
            ],
            [
              -43.40740779999993,
              -22.788607699999947
            ],
            [
              -43.40736049999998,
              -22.788497299999957
            ],
            [
              -43.40734749999996,
              -22.788466899999946
            ],
            [
              -43.40729619999996,
              -22.788347099999957
            ],
            [
              -43.40692789999997,
              -22.787476799999972
            ],
            [
              -43.406834999999944,
              -22.787257299999965
            ],
            [
              -43.40682129999993,
              -22.78722479999993
            ],
            [
              -43.40671509999999,
              -22.787032699999934
            ],
            [
              -43.40654559999996,
              -22.786725999999923
            ],
            [
              -43.40652819999997,
              -22.786694499999957
            ],
            [
              -43.40650709999994,
              -22.786659099999955
            ],
            [
              -43.406420399999945,
              -22.78651319999995
            ],
            [
              -43.40632459999995,
              -22.786351899999936
            ],
            [
              -43.40616279999995,
              -22.786237499999967
            ],
            [
              -43.40601269999996,
              -22.786131199999947
            ],
            [
              -43.405771899999934,
              -22.785960799999934
            ],
            [
              -43.40570369999995,
              -22.785912499999938
            ],
            [
              -43.40559579999996,
              -22.785873699999964
            ],
            [
              -43.405546399999935,
              -22.78585599999997
            ],
            [
              -43.40542269999998,
              -22.785811599999928
            ],
            [
              -43.405033499999945,
              -22.785671799999935
            ],
            [
              -43.40499179999995,
              -22.785656799999963
            ],
            [
              -43.40446749999995,
              -22.785468499999986
            ],
            [
              -43.40398749999997,
              -22.785246499999964
            ],
            [
              -43.40392349999996,
              -22.785216899999966
            ],
            [
              -43.40387369999996,
              -22.78519389999997
            ],
            [
              -43.403770999999956,
              -22.785146399999974
            ],
            [
              -43.403560899999945,
              -22.784972199999967
            ],
            [
              -43.403414099999964,
              -22.78485039999998
            ],
            [
              -43.40312679999994,
              -22.78451959999995
            ],
            [
              -43.403115199999945,
              -22.78450049999997
            ],
            [
              -43.40278729999994,
              -22.783962399999954
            ],
            [
              -43.40275249999996,
              -22.78350969999996
            ],
            [
              -43.40262459999997,
              -22.782795499999963
            ],
            [
              -43.402611399999955,
              -22.782721599999945
            ],
            [
              -43.402530499999955,
              -22.78260759999995
            ],
            [
              -43.40236919999995,
              -22.78262209999997
            ],
            [
              -43.402356699999984,
              -22.782618899999935
            ],
            [
              -43.40227749999997,
              -22.782598699999934
            ],
            [
              -43.40225469999996,
              -22.782592899999944
            ],
            [
              -43.40208919999998,
              -22.782445799999948
            ],
            [
              -43.401545899999974,
              -22.781868799999923
            ],
            [
              -43.40138829999995,
              -22.781711799999975
            ],
            [
              -43.40097359999993,
              -22.781298499999934
            ],
            [
              -43.40066779999995,
              -22.780993799999976
            ],
            [
              -43.40059979999995,
              -22.780925999999965
            ],
            [
              -43.40006489999996,
              -22.78039299999995
            ],
            [
              -43.39976479999996,
              -22.78009399999996
            ],
            [
              -43.399256899999955,
              -22.779587899999964
            ],
            [
              -43.399031699999966,
              -22.77936349999993
            ],
            [
              -43.39879899999994,
              -22.779131599999964
            ],
            [
              -43.398788699999955,
              -22.779122299999983
            ],
            [
              -43.39843539999998,
              -22.77880199999993
            ],
            [
              -43.398399799999936,
              -22.778769799999957
            ],
            [
              -43.398312199999964,
              -22.778690299999937
            ],
            [
              -43.39741499999997,
              -22.77784879999995
            ],
            [
              -43.39730799999995,
              -22.77774909999994
            ],
            [
              -43.397280999999964,
              -22.777723899999955
            ],
            [
              -43.39718689999995,
              -22.77763619999996
            ],
            [
              -43.397142299999985,
              -22.77759449999996
            ],
            [
              -43.39713169999993,
              -22.777584299999944
            ],
            [
              -43.39563789999994,
              -22.778628699999953
            ],
            [
              -43.39337169999993,
              -22.779971699999972
            ],
            [
              -43.39303239999998,
              -22.780135199999958
            ],
            [
              -43.39291819999994,
              -22.780190199999936
            ],
            [
              -43.39229029999996,
              -22.780492799999934
            ],
            [
              -43.39215879999995,
              -22.780556199999978
            ],
            [
              -43.39128009999996,
              -22.78199999999998
            ],
            [
              -43.39088089999996,
              -22.782655899999952
            ],
            [
              -43.39031619999997,
              -22.783583599999933
            ],
            [
              -43.39004019999993,
              -22.784037199999943
            ],
            [
              -43.389747899999975,
              -22.78449559999995
            ],
            [
              -43.38925539999997,
              -22.78526809999994
            ],
            [
              -43.38853209999997,
              -22.786402599999974
            ],
            [
              -43.38841629999996,
              -22.786584299999955
            ],
            [
              -43.38824429999994,
              -22.78687099999996
            ],
            [
              -43.38730359999994,
              -22.788442899999954
            ],
            [
              -43.38681989999998,
              -22.78819229999993
            ],
            [
              -43.38619279999995,
              -22.78906119999993
            ],
            [
              -43.38671459999995,
              -22.789330899999978
            ],
            [
              -43.38853919999997,
              -22.79026589999995
            ],
            [
              -43.38849639999995,
              -22.790317299999963
            ],
            [
              -43.388454499999966,
              -22.790385899999933
            ],
            [
              -43.38841919999993,
              -22.790478299999965
            ],
            [
              -43.38810569999998,
              -22.79123319999997
            ],
            [
              -43.388723099999936,
              -22.79186499999997
            ],
            [
              -43.389768199999935,
              -22.79293449999995
            ],
            [
              -43.39000509999994,
              -22.793176899999935
            ],
            [
              -43.39028129999997,
              -22.79345949999998
            ],
            [
              -43.39065649999998,
              -22.79384719999996
            ],
            [
              -43.390197299999954,
              -22.794425599999954
            ],
            [
              -43.390030399999944,
              -22.794635899999943
            ],
            [
              -43.38891159999997,
              -22.796218999999944
            ],
            [
              -43.38854289999995,
              -22.796720699999973
            ],
            [
              -43.388179899999955,
              -22.79721479999995
            ],
            [
              -43.38778559999997,
              -22.797757699999973
            ],
            [
              -43.38868219999995,
              -22.79832629999993
            ],
            [
              -43.389582099999984,
              -22.79889699999995
            ],
            [
              -43.39052099999998,
              -22.79949239999996
            ],
            [
              -43.39140699999996,
              -22.800054199999977
            ],
            [
              -43.39182239999997,
              -22.800317699999937
            ],
            [
              -43.392300499999976,
              -22.800620899999956
            ],
            [
              -43.39327849999995,
              -22.801241099999974
            ],
            [
              -43.39368929999995,
              -22.80150159999993
            ],
            [
              -43.39381549999996,
              -22.801592999999976
            ],
            [
              -43.39386979999995,
              -22.80163179999994
            ],
            [
              -43.39394129999994,
              -22.801682799999973
            ],
            [
              -43.394163899999974,
              -22.801810799999934
            ],
            [
              -43.394799699999965,
              -22.802174899999947
            ],
            [
              -43.39508609999996,
              -22.802362299999963
            ],
            [
              -43.39597039999996,
              -22.80293209999996
            ],
            [
              -43.39686139999998,
              -22.80349059999998
            ],
            [
              -43.39711569999997,
              -22.80365119999993
            ],
            [
              -43.39774399999993,
              -22.804058199999933
            ],
            [
              -43.39831949999996,
              -22.804430999999965
            ],
            [
              -43.39846239999997,
              -22.804525799999965
            ],
            [
              -43.39890209999993,
              -22.80483239999995
            ],
            [
              -43.39892649999996,
              -22.804804899999965
            ],
            [
              -43.40014789999998,
              -22.803424599999968
            ],
            [
              -43.40037879999994,
              -22.80316369999997
            ],
            [
              -43.40063559999993,
              -22.80287349999998
            ],
            [
              -43.40104759999997,
              -22.802407899999935
            ],
            [
              -43.401487299999985,
              -22.801911099999923
            ],
            [
              -43.40155249999998,
              -22.80183739999996
            ],
            [
              -43.40163449999994,
              -22.801744699999965
            ],
            [
              -43.40186719999997,
              -22.80148169999995
            ],
            [
              -43.40291399999995,
              -22.800304299999926
            ],
            [
              -43.40377179999996,
              -22.799348299999966
            ],
            [
              -43.404236899999944,
              -22.798841899999953
            ],
            [
              -43.40556479999998,
              -22.79739569999999
            ],
            [
              -43.40563029999999,
              -22.797324399999976
            ]
          ]
        ]
      }
    },
    {
      "type": "Feature",
      "properties": {
        "id": "3305109005",
        "name": "Engenheiro Belford",
        "vegetationPct": 0.0,
        "overlayColor": "#d2d8bb"
      },
      "geometry": {
        "type": "Polygon",
        "coordinates": [
          [
            [
              -43.379654499999965,
              -22.810647499999956
            ],
            [
              -43.37971239999996,
              -22.810675799999956
            ],
            [
              -43.37981209999999,
              -22.810750499999973
            ],
            [
              -43.379814299999964,
              -22.810745899999972
            ],
            [
              -43.38094099999995,
              -22.80993449999994
            ],
            [
              -43.38216959999994,
              -22.80904399999998
            ],
            [
              -43.38215009999993,
              -22.809033199999924
            ],
            [
              -43.38212829999998,
              -22.80902109999994
            ],
            [
              -43.38212239999996,
              -22.809017899999954
            ],
            [
              -43.38189229999995,
              -22.80889049999995
            ],
            [
              -43.380985599999974,
              -22.80845339999996
            ],
            [
              -43.38053999999994,
              -22.808133899999977
            ],
            [
              -43.380217699999946,
              -22.80790289999993
            ],
            [
              -43.38054759999994,
              -22.806311199999985
            ],
            [
              -43.38057549999996,
              -22.80616509999993
            ],
            [
              -43.380686899999944,
              -22.805579899999934
            ],
            [
              -43.38069399999995,
              -22.805533999999962
            ],
            [
              -43.380723399999965,
              -22.805343999999938
            ],
            [
              -43.38119569999998,
              -22.805413499999926
            ],
            [
              -43.38126299999993,
              -22.805430799999943
            ],
            [
              -43.381320899999935,
              -22.805295999999945
            ],
            [
              -43.381343399999935,
              -22.80524369999995
            ],
            [
              -43.38192429999998,
              -22.80387969999998
            ],
            [
              -43.382559399999934,
              -22.80235869999996
            ],
            [
              -43.381906699999945,
              -22.802246299999975
            ],
            [
              -43.38153999999997,
              -22.802183199999938
            ],
            [
              -43.37997879999995,
              -22.801914399999927
            ],
            [
              -43.37985249999997,
              -22.80189259999998
            ],
            [
              -43.378932099999986,
              -22.801734199999935
            ],
            [
              -43.37815009999997,
              -22.80160609999996
            ],
            [
              -43.37671499999993,
              -22.80137719999993
            ],
            [
              -43.37600039999995,
              -22.801368899999943
            ],
            [
              -43.37566839999994,
              -22.801465199999942
            ],
            [
              -43.375243299999966,
              -22.80162459999996
            ],
            [
              -43.37476839999994,
              -22.801873699999927
            ],
            [
              -43.37416019999995,
              -22.802145399999972
            ],
            [
              -43.37381789999995,
              -22.802713599999947
            ],
            [
              -43.373684899999944,
              -22.80293449999994
            ],
            [
              -43.373621999999955,
              -22.803029599999938
            ],
            [
              -43.373508999999956,
              -22.80320069999993
            ],
            [
              -43.37348479999997,
              -22.80330869999994
            ],
            [
              -43.37331409999996,
              -22.80407179999998
            ],
            [
              -43.373275999999976,
              -22.804241699999974
            ],
            [
              -43.37330939999998,
              -22.804259299999952
            ],
            [
              -43.37463189999994,
              -22.804955299999957
            ],
            [
              -43.37460679999998,
              -22.805034099999947
            ],
            [
              -43.37459039999993,
              -22.80508549999996
            ],
            [
              -43.37420169999996,
              -22.806259799999957
            ],
            [
              -43.37401999999997,
              -22.806772999999968
            ],
            [
              -43.37397889999994,
              -22.80692759999993
            ],
            [
              -43.373882899999955,
              -22.807288999999965
            ],
            [
              -43.37383959999994,
              -22.807452399999935
            ],
            [
              -43.37383879999993,
              -22.80745469999994
            ],
            [
              -43.37396099999995,
              -22.807472699999952
            ],
            [
              -43.374129299999936,
              -22.807494799999965
            ],
            [
              -43.37421989999996,
              -22.80751889999993
            ],
            [
              -43.374284399999965,
              -22.807535999999963
            ],
            [
              -43.37450899999993,
              -22.80764119999997
            ],
            [
              -43.37457469999998,
              -22.807685899999964
            ],
            [
              -43.37484729999994,
              -22.807871499999976
            ],
            [
              -43.37485019999997,
              -22.807873599999937
            ],
            [
              -43.37510449999996,
              -22.808067299999948
            ],
            [
              -43.37514919999995,
              -22.808101199999953
            ],
            [
              -43.37535109999993,
              -22.80824759999996
            ],
            [
              -43.37535419999995,
              -22.80824959999995
            ],
            [
              -43.37553529999997,
              -22.808366099999947
            ],
            [
              -43.37560769999993,
              -22.808408099999948
            ],
            [
              -43.37576549999994,
              -22.808499699999974
            ],
            [
              -43.375845099999935,
              -22.808570799999927
            ],
            [
              -43.375924699999985,
              -22.808641899999934
            ],
            [
              -43.376129599999956,
              -22.808914099999978
            ],
            [
              -43.37618299999997,
              -22.808984899999928
            ],
            [
              -43.376266199999975,
              -22.80909549999996
            ],
            [
              -43.376322699999946,
              -22.809170599999963
            ],
            [
              -43.37635679999994,
              -22.809278699999933
            ],
            [
              -43.37644779999994,
              -22.80990689999993
            ],
            [
              -43.37651249999993,
              -22.81032289999996
            ],
            [
              -43.37651319999998,
              -22.810327599999933
            ],
            [
              -43.37654599999996,
              -22.810484899999953
            ],
            [
              -43.37663259999994,
              -22.81062329999998
            ],
            [
              -43.376734899999974,
              -22.810739799999965
            ],
            [
              -43.37676759999994,
              -22.81076369999993
            ],
            [
              -43.37677179999997,
              -22.810766799999953
            ],
            [
              -43.37684009999998,
              -22.810816599999946
            ],
            [
              -43.376886999999954,
              -22.81083789999996
            ],
            [
              -43.37693389999998,
              -22.810859199999975
            ],
            [
              -43.37699649999996,
              -22.810870599999927
            ],
            [
              -43.377169899999956,
              -22.810887699999963
            ],
            [
              -43.37786609999995,
              -22.81083429999995
            ],
            [
              -43.37795089999997,
              -22.810825799999975
            ],
            [
              -43.37854859999993,
              -22.810765399999983
            ],
            [
              -43.37866299999996,
              -22.810748999999934
            ],
            [
              -43.37943579999995,
              -22.81063799999998
            ],
            [
              -43.37951799999996,
              -22.81062609999998
            ],
            [
              -43.379606199999955,
              -22.810628999999942
            ],
            [
              -43.379654499999965,
              -22.810647499999956
            ]
          ]
        ]
      }
    },
    {
      "type": "Feature",
      "properties": {
        "id": "3305109006",
        "name": "Agostinho Porto",
        "vegetationPct": 0.0,
        "overlayColor": "#d2d8bb"
      },
      "geometry": {
        "type": "Polygon",
        "coordinates": [
          [
            [
              -43.383695099999954,
              -22.79236129999999
            ],
            [
              -43.38426869999995,
              -22.79150089999996
            ],
            [
              -43.383290399999964,
              -22.790984199999972
            ],
            [
              -43.38380079999996,
              -22.790145899999963
            ],
            [
              -43.38489279999993,
              -22.790739799999987
            ],
            [
              -43.38507989999994,
              -22.790523699999934
            ],
            [
              -43.38542619999998,
              -22.790123599999955
            ],
            [
              -43.38556539999997,
              -22.789930699999957
            ],
            [
              -43.38619279999995,
              -22.78906119999993
            ],
            [
              -43.38681989999998,
              -22.78819229999993
            ],
            [
              -43.38730359999994,
              -22.788442899999954
            ],
            [
              -43.38824429999994,
              -22.78687099999996
            ],
            [
              -43.38841629999996,
              -22.786584299999955
            ],
            [
              -43.38853209999997,
              -22.786402599999974
            ],
            [
              -43.38925539999997,
              -22.78526809999994
            ],
            [
              -43.38831749999997,
              -22.784769599999944
            ],
            [
              -43.38738699999993,
              -22.784281999999966
            ],
            [
              -43.386445099999946,
              -22.783792699999935
            ],
            [
              -43.38550329999998,
              -22.78330329999994
            ],
            [
              -43.38504439999997,
              -22.783064899999943
            ],
            [
              -43.38502959999994,
              -22.78305479999994
            ],
            [
              -43.38491669999996,
              -22.78297789999994
            ],
            [
              -43.38485769999994,
              -22.78293759999996
            ],
            [
              -43.38457089999997,
              -22.78301189999996
            ],
            [
              -43.383699899999954,
              -22.78323749999993
            ],
            [
              -43.38364739999997,
              -22.783251099999973
            ],
            [
              -43.38298189999995,
              -22.783472899999932
            ],
            [
              -43.38196869999996,
              -22.78399449999995
            ],
            [
              -43.38140019999998,
              -22.784355699999928
            ],
            [
              -43.380739699999936,
              -22.78477539999994
            ],
            [
              -43.38054329999994,
              -22.78490009999996
            ],
            [
              -43.38050229999993,
              -22.784926199999973
            ],
            [
              -43.380336599999964,
              -22.78503149999995
            ],
            [
              -43.38017069999995,
              -22.785136899999937
            ],
            [
              -43.380177299999964,
              -22.785229099999977
            ],
            [
              -43.37998159999995,
              -22.78570099999996
            ],
            [
              -43.37990999999994,
              -22.785827899999955
            ],
            [
              -43.37943909999996,
              -22.786663199999964
            ],
            [
              -43.37895759999998,
              -22.787535499999926
            ],
            [
              -43.37854129999994,
              -22.788303699999968
            ],
            [
              -43.37848159999993,
              -22.788415199999974
            ],
            [
              -43.37826049999995,
              -22.788828399999936
            ],
            [
              -43.377984399999946,
              -22.78932969999994
            ],
            [
              -43.37777969999996,
              -22.789701299999933
            ],
            [
              -43.37760469999995,
              -22.789997299999985
            ],
            [
              -43.37746699999997,
              -22.790233999999938
            ],
            [
              -43.37698679999994,
              -22.79114859999993
            ],
            [
              -43.37745739999997,
              -22.79141039999996
            ],
            [
              -43.37761899999998,
              -22.79150029999994
            ],
            [
              -43.37814599999996,
              -22.791677699999976
            ],
            [
              -43.37856849999997,
              -22.791971899999957
            ],
            [
              -43.37875679999996,
              -22.79211459999994
            ],
            [
              -43.378864599999986,
              -22.79214709999997
            ],
            [
              -43.37889469999994,
              -22.792156199999972
            ],
            [
              -43.37924149999998,
              -22.792286599999954
            ],
            [
              -43.38075059999994,
              -22.79309009999997
            ],
            [
              -43.38168479999996,
              -22.793587499999937
            ],
            [
              -43.38256979999994,
              -22.79405869999993
            ],
            [
              -43.38272639999997,
              -22.79382059999995
            ],
            [
              -43.38309839999994,
              -22.793256399999954
            ],
            [
              -43.38313859999994,
              -22.793195999999966
            ],
            [
              -43.38342679999994,
              -22.792763799999936
            ],
            [
              -43.383695099999954,
              -22.79236129999999
            ]
          ]
        ]
      }
    },
    {
      "type": "Feature",
      "properties": {
        "id": "3305109007",
        "name": "Vila Rosali",
        "vegetationPct": 0.0,
        "overlayColor": "#d2d8bb"
      },
      "geometry": {
        "type": "Polygon",
        "coordinates": [
          [
            [
              -43.37968659999996,
              -22.799896299999943
            ],
            [
              -43.37975499999993,
              -22.79983939999994
            ],
            [
              -43.37979319999994,
              -22.799754399999976
            ],
            [
              -43.38002609999995,
              -22.799017499999934
            ],
            [
              -43.380033899999944,
              -22.798901799999946
            ],
            [
              -43.380078399999945,
              -22.798233199999963
            ],
            [
              -43.38014199999998,
              -22.797802499999932
            ],
            [
              -43.38016399999998,
              -22.797653299999983
            ],
            [
              -43.38036949999997,
              -22.797218699999966
            ],
            [
              -43.38051119999995,
              -22.79691899999994
            ],
            [
              -43.38057749999996,
              -22.79677859999998
            ],
            [
              -43.38058279999996,
              -22.79677009999994
            ],
            [
              -43.38082469999995,
              -22.796374599999986
            ],
            [
              -43.381124599999964,
              -22.79605689999994
            ],
            [
              -43.38130479999995,
              -22.795865899999967
            ],
            [
              -43.38158079999994,
              -22.795443599999935
            ],
            [
              -43.38177069999995,
              -22.795152899999945
            ],
            [
              -43.38197659999997,
              -22.794956099999975
            ],
            [
              -43.38198459999995,
              -22.794948499999972
            ],
            [
              -43.38235619999995,
              -22.79438339999996
            ],
            [
              -43.38256979999994,
              -22.79405869999993
            ],
            [
              -43.38168479999996,
              -22.793587499999937
            ],
            [
              -43.38075059999994,
              -22.79309009999997
            ],
            [
              -43.37924149999998,
              -22.792286599999954
            ],
            [
              -43.37889469999994,
              -22.792156199999972
            ],
            [
              -43.378864599999986,
              -22.79214709999997
            ],
            [
              -43.37875679999996,
              -22.79211459999994
            ],
            [
              -43.37856849999997,
              -22.791971899999957
            ],
            [
              -43.37814599999996,
              -22.791677699999976
            ],
            [
              -43.37761899999998,
              -22.79150029999994
            ],
            [
              -43.37745739999997,
              -22.79141039999996
            ],
            [
              -43.37698679999994,
              -22.79114859999993
            ],
            [
              -43.37746699999997,
              -22.790233999999938
            ],
            [
              -43.37760469999995,
              -22.789997299999985
            ],
            [
              -43.37777969999996,
              -22.789701299999933
            ],
            [
              -43.377984399999946,
              -22.78932969999994
            ],
            [
              -43.37826049999995,
              -22.788828399999936
            ],
            [
              -43.37848159999993,
              -22.788415199999974
            ],
            [
              -43.37854129999994,
              -22.788303699999968
            ],
            [
              -43.37895759999998,
              -22.787535499999926
            ],
            [
              -43.37943909999996,
              -22.786663199999964
            ],
            [
              -43.37990999999994,
              -22.785827899999955
            ],
            [
              -43.37998159999995,
              -22.78570099999996
            ],
            [
              -43.380177299999964,
              -22.785229099999977
            ],
            [
              -43.38017069999995,
              -22.785136899999937
            ],
            [
              -43.380336599999964,
              -22.78503149999995
            ],
            [
              -43.380336099999965,
              -22.785029399999924
            ],
            [
              -43.38028419999995,
              -22.784903599999954
            ],
            [
              -43.38013289999998,
              -22.78481279999993
            ],
            [
              -43.37993679999994,
              -22.78471169999995
            ],
            [
              -43.379616899999974,
              -22.78455819999993
            ],
            [
              -43.37929709999998,
              -22.784404799999944
            ],
            [
              -43.378822699999944,
              -22.784177299999953
            ],
            [
              -43.37864119999995,
              -22.78408849999994
            ],
            [
              -43.378039799999954,
              -22.783794399999977
            ],
            [
              -43.37772549999994,
              -22.78364679999992
            ],
            [
              -43.37722999999994,
              -22.783422299999927
            ],
            [
              -43.376730099999975,
              -22.783195799999927
            ],
            [
              -43.37643469999995,
              -22.78304459999998
            ],
            [
              -43.375653399999976,
              -22.782644499999943
            ],
            [
              -43.37528279999998,
              -22.78330309999995
            ],
            [
              -43.37472089999994,
              -22.784346299999985
            ],
            [
              -43.37451079999994,
              -22.784723899999968
            ],
            [
              -43.37428199999994,
              -22.78513529999998
            ],
            [
              -43.37386929999997,
              -22.785917999999988
            ],
            [
              -43.373770399999955,
              -22.78608299999996
            ],
            [
              -43.37364029999998,
              -22.786299899999964
            ],
            [
              -43.37284129999995,
              -22.78776899999997
            ],
            [
              -43.372537499999964,
              -22.788310699999954
            ],
            [
              -43.371906199999955,
              -22.789538399999966
            ],
            [
              -43.371689199999935,
              -22.78994819999996
            ],
            [
              -43.371430499999974,
              -22.790100199999923
            ],
            [
              -43.37131709999994,
              -22.790166799999948
            ],
            [
              -43.37142259999996,
              -22.790412499999945
            ],
            [
              -43.37098299999997,
              -22.79114379999993
            ],
            [
              -43.37009189999998,
              -22.79280389999996
            ],
            [
              -43.36954959999997,
              -22.79376419999994
            ],
            [
              -43.369101899999976,
              -22.794552299999964
            ],
            [
              -43.37005979999998,
              -22.79500459999997
            ],
            [
              -43.37100319999996,
              -22.795450199999944
            ],
            [
              -43.37197829999997,
              -22.79591069999998
            ],
            [
              -43.37292599999995,
              -22.79635419999993
            ],
            [
              -43.37391119999995,
              -22.79681489999996
            ],
            [
              -43.374036899999965,
              -22.796878299999943
            ],
            [
              -43.37373659999997,
              -22.797622799999942
            ],
            [
              -43.37364319999995,
              -22.797854299999983
            ],
            [
              -43.37376729999994,
              -22.79790999999995
            ],
            [
              -43.37379889999994,
              -22.797924199999958
            ],
            [
              -43.375100499999974,
              -22.79866109999995
            ],
            [
              -43.37665509999994,
              -22.799476699999953
            ],
            [
              -43.377558499999964,
              -22.799964799999945
            ],
            [
              -43.37873929999995,
              -22.80057579999993
            ],
            [
              -43.378997499999976,
              -22.800465799999923
            ],
            [
              -43.37968659999996,
              -22.799896299999943
            ]
          ]
        ]
      }
    },
    {
      "type": "Feature",
      "properties": {
        "id": "3305109008",
        "name": "Venda Velha",
        "vegetationPct": 0.0,
        "overlayColor": "#d2d8bb"
      },
      "geometry": {
        "type": "Polygon",
        "coordinates": [
          [
            [
              -43.35930269999995,
              -22.79701579999994
            ],
            [
              -43.35939599999995,
              -22.79676479999994
            ],
            [
              -43.35987249999994,
              -22.795485499999923
            ],
            [
              -43.360113499999954,
              -22.79483809999993
            ],
            [
              -43.35934329999998,
              -22.794582499999922
            ],
            [
              -43.35881089999998,
              -22.79434479999997
            ],
            [
              -43.358482899999956,
              -22.794030999999958
            ],
            [
              -43.35822619999993,
              -22.793099299999938
            ],
            [
              -43.35799799999995,
              -22.791844399999945
            ],
            [
              -43.35769409999995,
              -22.790681899999974
            ],
            [
              -43.35752269999995,
              -22.790442099999954
            ],
            [
              -43.35704229999993,
              -22.790094799999956
            ],
            [
              -43.35724719999996,
              -22.790052299999957
            ],
            [
              -43.35738349999997,
              -22.789631699999973
            ],
            [
              -43.357785699999965,
              -22.788661999999935
            ],
            [
              -43.35792649999996,
              -22.78825269999993
            ],
            [
              -43.35796819999996,
              -22.788131499999956
            ],
            [
              -43.35813079999997,
              -22.787729299999967
            ],
            [
              -43.35890059999997,
              -22.787986299999947
            ],
            [
              -43.35917749999993,
              -22.788082999999972
            ],
            [
              -43.35929639999995,
              -22.788187699999984
            ],
            [
              -43.35942559999995,
              -22.78840239999993
            ],
            [
              -43.35945989999993,
              -22.788570699999976
            ],
            [
              -43.359342899999945,
              -22.789007099999942
            ],
            [
              -43.359285899999975,
              -22.789126899999932
            ],
            [
              -43.35906339999997,
              -22.789842599999925
            ],
            [
              -43.35993899999994,
              -22.789566099999945
            ],
            [
              -43.360285799999986,
              -22.789474299999938
            ],
            [
              -43.36036969999998,
              -22.78945199999998
            ],
            [
              -43.360654899999986,
              -22.789357899999967
            ],
            [
              -43.360784699999954,
              -22.789335099999956
            ],
            [
              -43.36102859999994,
              -22.789295199999973
            ],
            [
              -43.36120539999996,
              -22.78931799999998
            ],
            [
              -43.361404999999934,
              -22.78941209999994
            ],
            [
              -43.36202419999995,
              -22.789617199999945
            ],
            [
              -43.362351899999965,
              -22.788742599999974
            ],
            [
              -43.362568099999976,
              -22.78816559999996
            ],
            [
              -43.363290699999936,
              -22.788380299999968
            ],
            [
              -43.36416839999998,
              -22.788637199999975
            ],
            [
              -43.36419029999996,
              -22.788434199999983
            ],
            [
              -43.36421389999998,
              -22.78740279999994
            ],
            [
              -43.364192199999934,
              -22.787341299999976
            ],
            [
              -43.36393349999997,
              -22.786608899999973
            ],
            [
              -43.36365529999995,
              -22.786108599999974
            ],
            [
              -43.36352079999995,
              -22.785766099999936
            ],
            [
              -43.36344209999993,
              -22.785522499999956
            ],
            [
              -43.36332829999998,
              -22.78516979999995
            ],
            [
              -43.36328699999996,
              -22.78505919999997
            ],
            [
              -43.36310169999996,
              -22.78431799999992
            ],
            [
              -43.363002499999936,
              -22.783942899999943
            ],
            [
              -43.36250259999997,
              -22.78396519999995
            ],
            [
              -43.36217689999995,
              -22.783953299999943
            ],
            [
              -43.36174209999996,
              -22.783937399999953
            ],
            [
              -43.36172269999997,
              -22.783934099999954
            ],
            [
              -43.36140439999997,
              -22.783880599999975
            ],
            [
              -43.36120489999996,
              -22.783847099999953
            ],
            [
              -43.36111029999995,
              -22.78380989999994
            ],
            [
              -43.360599899999954,
              -22.783607699999944
            ],
            [
              -43.36020599999995,
              -22.783441099999955
            ],
            [
              -43.36003079999995,
              -22.783366999999945
            ],
            [
              -43.35935099999995,
              -22.78314349999993
            ],
            [
              -43.35913709999994,
              -22.783038999999974
            ],
            [
              -43.35868549999998,
              -22.782896399999974
            ],
            [
              -43.35862849999995,
              -22.782896399999974
            ],
            [
              -43.35864749999996,
              -22.783034199999978
            ],
            [
              -43.35870929999993,
              -22.783153099999936
            ],
            [
              -43.358880399999975,
              -22.783181599999974
            ],
            [
              -43.35916559999998,
              -22.783547599999956
            ],
            [
              -43.35933199999994,
              -22.783713999999975
            ],
            [
              -43.35946979999994,
              -22.783899399999942
            ],
            [
              -43.35950459999998,
              -22.784023699999974
            ],
            [
              -43.35952689999994,
              -22.784103799999965
            ],
            [
              -43.35955539999998,
              -22.784369999999967
            ],
            [
              -43.35955749999994,
              -22.784544999999977
            ],
            [
              -43.359540899999956,
              -22.784579999999945
            ],
            [
              -43.359486499999946,
              -22.784694899999977
            ],
            [
              -43.35938109999995,
              -22.784804099999974
            ],
            [
              -43.35933939999995,
              -22.784836899999956
            ],
            [
              -43.35908019999994,
              -22.78497129999994
            ],
            [
              -43.358960199999956,
              -22.78498729999995
            ],
            [
              -43.35857619999996,
              -22.785097299999958
            ],
            [
              -43.35845629999994,
              -22.785175199999966
            ],
            [
              -43.358448299999964,
              -22.785299199999937
            ],
            [
              -43.35845629999994,
              -22.785479199999944
            ],
            [
              -43.358412499999986,
              -22.785619799999953
            ],
            [
              -43.358380299999965,
              -22.785851199999968
            ],
            [
              -43.358340099999964,
              -22.78592839999993
            ],
            [
              -43.358311999999955,
              -22.78590619999994
            ],
            [
              -43.35828379999998,
              -22.785883999999953
            ],
            [
              -43.35674369999998,
              -22.785337299999984
            ],
            [
              -43.356591899999955,
              -22.78525839999997
            ],
            [
              -43.35656379999995,
              -22.785243699999963
            ],
            [
              -43.356111399999975,
              -22.785018199999964
            ],
            [
              -43.35583569999994,
              -22.784871499999955
            ],
            [
              -43.35547289999994,
              -22.78479389999995
            ],
            [
              -43.35513059999994,
              -22.784684599999935
            ],
            [
              -43.35486119999996,
              -22.784571999999965
            ],
            [
              -43.354542599999945,
              -22.78460149999995
            ],
            [
              -43.35430739999998,
              -22.784629399999968
            ],
            [
              -43.35439059999993,
              -22.78475259999993
            ],
            [
              -43.35447149999993,
              -22.784773499999968
            ],
            [
              -43.354565899999955,
              -22.78479219999997
            ],
            [
              -43.35466349999996,
              -22.78478449999994
            ],
            [
              -43.35455559999997,
              -22.78483879999993
            ],
            [
              -43.35443589999994,
              -22.784897299999958
            ],
            [
              -43.35429669999996,
              -22.784936699999943
            ],
            [
              -43.35419269999995,
              -22.784937099999976
            ],
            [
              -43.35410129999997,
              -22.784889399999937
            ],
            [
              -43.35400499999997,
              -22.784733099999986
            ],
            [
              -43.35391449999997,
              -22.784620599999982
            ],
            [
              -43.35377579999994,
              -22.784495899999964
            ],
            [
              -43.353726999999935,
              -22.784466499999954
            ],
            [
              -43.35361869999997,
              -22.78428679999996
            ],
            [
              -43.353498299999956,
              -22.784117099999943
            ],
            [
              -43.353444699999955,
              -22.78404149999994
            ],
            [
              -43.35334489999997,
              -22.783961599999945
            ],
            [
              -43.35325359999996,
              -22.78387039999995
            ],
            [
              -43.353042699999946,
              -22.78377359999996
            ],
            [
              -43.35294269999997,
              -22.78372779999994
            ],
            [
              -43.35281239999995,
              -22.783670599999933
            ],
            [
              -43.352517699999964,
              -22.783557699999957
            ],
            [
              -43.35240699999997,
              -22.78353459999994
            ],
            [
              -43.35235229999995,
              -22.78351379999998
            ],
            [
              -43.351918799999964,
              -22.783091699999943
            ],
            [
              -43.351721699999985,
              -22.782957299999964
            ],
            [
              -43.35149819999998,
              -22.782715799999956
            ],
            [
              -43.35143869999996,
              -22.78265149999993
            ],
            [
              -43.35133989999997,
              -22.782576099999975
            ],
            [
              -43.35117719999994,
              -22.782451899999952
            ],
            [
              -43.35090769999994,
              -22.782253099999934
            ],
            [
              -43.35078869999995,
              -22.782178499999933
            ],
            [
              -43.350784499999975,
              -22.781706499999927
            ],
            [
              -43.35078649999997,
              -22.781460299999935
            ],
            [
              -43.35072489999993,
              -22.78120509999997
            ],
            [
              -43.35064189999997,
              -22.781005999999934
            ],
            [
              -43.35060459999994,
              -22.780869399999975
            ],
            [
              -43.35057829999994,
              -22.780772899999935
            ],
            [
              -43.35056119999996,
              -22.780302299999953
            ],
            [
              -43.35067569999996,
              -22.779849299999967
            ],
            [
              -43.35094329999998,
              -22.779636899999957
            ],
            [
              -43.35097519999994,
              -22.77961159999995
            ],
            [
              -43.351206899999966,
              -22.77946629999997
            ],
            [
              -43.35125569999997,
              -22.779435699999958
            ],
            [
              -43.35142199999996,
              -22.77934069999998
            ],
            [
              -43.351561199999935,
              -22.779097099999934
            ],
            [
              -43.35171359999998,
              -22.778825199999968
            ],
            [
              -43.35196769999993,
              -22.778342699999936
            ],
            [
              -43.351999399999954,
              -22.778205499999952
            ],
            [
              -43.35196509999997,
              -22.778057799999946
            ],
            [
              -43.35192839999996,
              -22.77795929999997
            ],
            [
              -43.35086299999995,
              -22.778659099999963
            ],
            [
              -43.35033189999996,
              -22.779008899999948
            ],
            [
              -43.350202699999954,
              -22.779093899999957
            ],
            [
              -43.34956949999997,
              -22.779510799999965
            ],
            [
              -43.34955089999994,
              -22.779523099999953
            ],
            [
              -43.349206599999945,
              -22.77968009999995
            ],
            [
              -43.34892569999994,
              -22.779808099999965
            ],
            [
              -43.34890439999998,
              -22.779817799999936
            ],
            [
              -43.34853839999994,
              -22.779822599999935
            ],
            [
              -43.34827569999993,
              -22.779757599999986
            ],
            [
              -43.34822689999993,
              -22.77974549999993
            ],
            [
              -43.34766419999994,
              -22.77960639999997
            ],
            [
              -43.34713609999994,
              -22.779366199999966
            ],
            [
              -43.347054699999944,
              -22.779300799999927
            ],
            [
              -43.34661999999997,
              -22.778950899999924
            ],
            [
              -43.34625699999998,
              -22.779530599999926
            ],
            [
              -43.34610489999994,
              -22.77973979999996
            ],
            [
              -43.346114399999976,
              -22.779777799999973
            ],
            [
              -43.34612389999995,
              -22.779815799999938
            ],
            [
              -43.34623799999997,
              -22.779887099999936
            ],
            [
              -43.34699379999995,
              -22.78021509999996
            ],
            [
              -43.347231499999964,
              -22.780305399999975
            ],
            [
              -43.34750239999994,
              -22.780481299999956
            ],
            [
              -43.347716299999945,
              -22.780785499999983
            ],
            [
              -43.34788269999996,
              -22.781118299999946
            ],
            [
              -43.34810609999994,
              -22.781498599999956
            ],
            [
              -43.348418899999956,
              -22.78209269999996
            ],
            [
              -43.348280999999986,
              -22.782126299999955
            ],
            [
              -43.347906199999954,
              -22.78219619999993
            ],
            [
              -43.34787909999994,
              -22.78215109999996
            ],
            [
              -43.34781879999997,
              -22.782153999999927
            ],
            [
              -43.34778619999997,
              -22.782193399999983
            ],
            [
              -43.34778399999993,
              -22.782380099999962
            ],
            [
              -43.34778369999998,
              -22.782516799999936
            ],
            [
              -43.347673499999985,
              -22.78231139999997
            ],
            [
              -43.347583199999974,
              -22.78211649999997
            ],
            [
              -43.34756219999997,
              -22.782064599999956
            ],
            [
              -43.347412099999985,
              -22.78169349999996
            ],
            [
              -43.347316999999975,
              -22.781308399999944
            ],
            [
              -43.347216999999944,
              -22.78114269999997
            ],
            [
              -43.347150599999964,
              -22.781032699999972
            ],
            [
              -43.34706609999995,
              -22.780973399999933
            ],
            [
              -43.346812899999975,
              -22.78079539999993
            ],
            [
              -43.34681219999994,
              -22.78079379999997
            ],
            [
              -43.34679889999995,
              -22.780785499999983
            ],
            [
              -43.34649939999997,
              -22.78070469999995
            ],
            [
              -43.346223699999946,
              -22.78066669999998
            ],
            [
              -43.34590999999995,
              -22.78068569999993
            ],
            [
              -43.34560099999994,
              -22.780609699999957
            ],
            [
              -43.345579499999985,
              -22.78060079999994
            ],
            [
              -43.34546309999996,
              -22.78055259999996
            ],
            [
              -43.34541559999997,
              -22.780262599999958
            ],
            [
              -43.34539179999996,
              -22.77994419999994
            ],
            [
              -43.345344299999965,
              -22.779796799999925
            ],
            [
              -43.34524449999998,
              -22.779682699999963
            ],
            [
              -43.345078099999974,
              -22.779582899999976
            ],
            [
              -43.344759599999975,
              -22.779554399999935
            ],
            [
              -43.34463089999997,
              -22.779531599999924
            ],
            [
              -43.34455669999994,
              -22.779522099999948
            ],
            [
              -43.344740599999966,
              -22.77923109999994
            ],
            [
              -43.34496249999995,
              -22.77898469999997
            ],
            [
              -43.34394669999995,
              -22.778570399999975
            ],
            [
              -43.34352429999996,
              -22.778500599999965
            ],
            [
              -43.34397489999998,
              -22.77900969999996
            ],
            [
              -43.34404589999997,
              -22.779180999999934
            ],
            [
              -43.344056499999965,
              -22.779241199999944
            ],
            [
              -43.344067199999984,
              -22.77930149999998
            ],
            [
              -43.34407599999997,
              -22.77938299999993
            ],
            [
              -43.344035399999946,
              -22.77973469999994
            ],
            [
              -43.34395269999993,
              -22.779960099999986
            ],
            [
              -43.34386429999995,
              -22.780279499999946
            ],
            [
              -43.343849999999975,
              -22.78050199999995
            ],
            [
              -43.34388979999994,
              -22.780607899999957
            ],
            [
              -43.34393559999995,
              -22.780730099999968
            ],
            [
              -43.343980699999975,
              -22.78076729999998
            ],
            [
              -43.34396309999994,
              -22.780799099999967
            ],
            [
              -43.34302479999997,
              -22.781969699999934
            ],
            [
              -43.342875499999934,
              -22.78206819999997
            ],
            [
              -43.34218939999994,
              -22.78258269999997
            ],
            [
              -43.34247099999993,
              -22.782723899999944
            ],
            [
              -43.34304139999995,
              -22.783067099999982
            ],
            [
              -43.344082499999956,
              -22.783693599999932
            ],
            [
              -43.34410859999997,
              -22.783698499999954
            ],
            [
              -43.34410059999993,
              -22.783784799999978
            ],
            [
              -43.34403649999996,
              -22.784474599999953
            ],
            [
              -43.34383429999997,
              -22.785750599999965
            ],
            [
              -43.34374239999994,
              -22.786529399999946
            ],
            [
              -43.343185499999954,
              -22.78611989999996
            ],
            [
              -43.34259369999995,
              -22.785599199999975
            ],
            [
              -43.34218439999995,
              -22.785175399999954
            ],
            [
              -43.34179149999994,
              -22.786238699999956
            ],
            [
              -43.341784899999936,
              -22.786256499999975
            ],
            [
              -43.34163119999994,
              -22.78618399999993
            ],
            [
              -43.341548399999965,
              -22.786146399999947
            ],
            [
              -43.34149639999998,
              -22.786107199999947
            ],
            [
              -43.34139719999996,
              -22.786032299999928
            ],
            [
              -43.34109489999997,
              -22.78590679999996
            ],
            [
              -43.340638499999955,
              -22.785476099999983
            ],
            [
              -43.34056449999997,
              -22.78540649999996
            ],
            [
              -43.340274499999964,
              -22.78513419999996
            ],
            [
              -43.33972259999996,
              -22.784800799999967
            ],
            [
              -43.33923639999995,
              -22.78450719999995
            ],
            [
              -43.33916979999998,
              -22.784466499999944
            ],
            [
              -43.33912689999994,
              -22.785096799999955
            ],
            [
              -43.33913999999993,
              -22.785367799999964
            ],
            [
              -43.33914409999994,
              -22.785575799999947
            ],
            [
              -43.33921239999995,
              -22.785782799999932
            ],
            [
              -43.33921819999995,
              -22.78602569999998
            ],
            [
              -43.33921959999998,
              -22.786082299999975
            ],
            [
              -43.33902709999995,
              -22.786574299999927
            ],
            [
              -43.33887729999998,
              -22.78678099999996
            ],
            [
              -43.33881309999998,
              -22.787280199999945
            ],
            [
              -43.338791699999945,
              -22.78812869999995
            ],
            [
              -43.339311899999984,
              -22.78881879999994
            ],
            [
              -43.33933589999998,
              -22.78885179999998
            ],
            [
              -43.33970869999997,
              -22.78936359999994
            ],
            [
              -43.33995259999995,
              -22.78952139999996
            ],
            [
              -43.340216399999974,
              -22.789691599999966
            ],
            [
              -43.34080389999997,
              -22.789805699999935
            ],
            [
              -43.341091999999946,
              -22.789808499999932
            ],
            [
              -43.34170809999995,
              -22.789600299999957
            ],
            [
              -43.34188599999993,
              -22.789594299999973
            ],
            [
              -43.34215539999997,
              -22.789585399999968
            ],
            [
              -43.342556599999966,
              -22.789576099999973
            ],
            [
              -43.34244249999995,
              -22.788128699999955
            ],
            [
              -43.342488499999945,
              -22.788036699999964
            ],
            [
              -43.34252809999998,
              -22.788064499999958
            ],
            [
              -43.34335979999998,
              -22.789860899999955
            ],
            [
              -43.34343649999994,
              -22.78985129999995
            ],
            [
              -43.34362179999994,
              -22.78973909999996
            ],
            [
              -43.343588799999964,
              -22.79053379999993
            ],
            [
              -43.34353129999994,
              -22.791921099999957
            ],
            [
              -43.34352629999995,
              -22.792028999999957
            ],
            [
              -43.34344079999994,
              -22.79226429999994
            ],
            [
              -43.34333379999998,
              -22.792492499999973
            ],
            [
              -43.34260189999998,
              -22.79348729999997
            ],
            [
              -43.34245949999996,
              -22.793680899999963
            ],
            [
              -43.34183439999998,
              -22.794531199999934
            ],
            [
              -43.341876499999955,
              -22.79495329999997
            ],
            [
              -43.34188379999995,
              -22.795025299999956
            ],
            [
              -43.341920399999935,
              -22.795222199999948
            ],
            [
              -43.34197059999997,
              -22.79541719999997
            ],
            [
              -43.34225709999998,
              -22.796193099999986
            ],
            [
              -43.34243539999994,
              -22.796784999999947
            ],
            [
              -43.342756099999974,
              -22.79778879999998
            ],
            [
              -43.34321489999997,
              -22.799125499999942
            ],
            [
              -43.34340149999997,
              -22.799223599999955
            ],
            [
              -43.34352599999994,
              -22.79928899999993
            ],
            [
              -43.34387269999996,
              -22.799471199999967
            ],
            [
              -43.34388999999993,
              -22.799480199999948
            ],
            [
              -43.34418229999994,
              -22.799783299999945
            ],
            [
              -43.34451919999998,
              -22.80010309999994
            ],
            [
              -43.34472509999995,
              -22.80018099999995
            ],
            [
              -43.34477059999995,
              -22.800196799999977
            ],
            [
              -43.34581519999995,
              -22.80035729999997
            ],
            [
              -43.346135999999944,
              -22.800392899999963
            ],
            [
              -43.34720559999994,
              -22.80034659999996
            ],
            [
              -43.347369699999945,
              -22.800351699999965
            ],
            [
              -43.34781709999993,
              -22.800365699999926
            ],
            [
              -43.34789009999998,
              -22.800367999999935
            ],
            [
              -43.34810779999998,
              -22.800379499999963
            ],
            [
              -43.34856039999994,
              -22.800403599999978
            ],
            [
              -43.34895499999993,
              -22.800495499999954
            ],
            [
              -43.34918779999998,
              -22.80054979999994
            ],
            [
              -43.34982729999996,
              -22.800804599999935
            ],
            [
              -43.34992749999998,
              -22.80084419999997
            ],
            [
              -43.350134999999966,
              -22.800926099999963
            ],
            [
              -43.350456399999985,
              -22.800926099999963
            ],
            [
              -43.35058879999997,
              -22.800903199999933
            ],
            [
              -43.350916799999936,
              -22.80084639999995
            ],
            [
              -43.35111009999997,
              -22.80081289999998
            ],
            [
              -43.35143139999997,
              -22.80076909999996
            ],
            [
              -43.35153369999995,
              -22.800790999999947
            ],
            [
              -43.351588499999934,
              -22.80082749999997
            ],
            [
              -43.351624999999956,
              -22.800878599999972
            ],
            [
              -43.35162679999996,
              -22.800889899999955
            ],
            [
              -43.35163589999996,
              -22.800947999999945
            ],
            [
              -43.351662199999964,
              -22.801054499999964
            ],
            [
              -43.351720099999966,
              -22.801291199999977
            ],
            [
              -43.35248009999998,
              -22.800875599999923
            ],
            [
              -43.35358519999994,
              -22.800273199999932
            ],
            [
              -43.35384949999997,
              -22.800121299999933
            ],
            [
              -43.35495849999995,
              -22.79949119999998
            ],
            [
              -43.35582169999998,
              -22.79900079999993
            ],
            [
              -43.35605909999998,
              -22.79886589999995
            ],
            [
              -43.356093499999986,
              -22.798846299999987
            ],
            [
              -43.35694109999997,
              -22.79836449999993
            ],
            [
              -43.358146199999965,
              -22.797676299999974
            ],
            [
              -43.35930269999995,
              -22.79701579999994
            ]
          ]
        ]
      }
    },
    {
      "type": "Feature",
      "properties": {
        "id": "3305109009",
        "name": "Parque Araruama",
        "vegetationPct": 0.6766,
        "overlayColor": "#8aaf79"
      },
      "geometry": {
        "type": "Polygon",
        "coordinates": [
          [
            [
              -43.33444069999996,
              -22.80292379999997
            ],
            [
              -43.33479049999994,
              -22.802941199999967
            ],
            [
              -43.33732599999996,
              -22.803067699999925
            ],
            [
              -43.33810349999993,
              -22.80309949999997
            ],
            [
              -43.340035099999966,
              -22.80317849999994
            ],
            [
              -43.34153879999997,
              -22.803292299999956
            ],
            [
              -43.34250359999993,
              -22.803365399999965
            ],
            [
              -43.345240899999965,
              -22.80355519999995
            ],
            [
              -43.34541459999997,
              -22.803567299999937
            ],
            [
              -43.34544119999998,
              -22.803567599999948
            ],
            [
              -43.34629579999995,
              -22.803577999999955
            ],
            [
              -43.34674469999993,
              -22.803616299999934
            ],
            [
              -43.34681599999993,
              -22.803622299999976
            ],
            [
              -43.34690749999993,
              -22.80363009999996
            ],
            [
              -43.34696289999994,
              -22.80363479999994
            ],
            [
              -43.347009499999956,
              -22.803638799999934
            ],
            [
              -43.34707009999994,
              -22.803643899999944
            ],
            [
              -43.34721829999995,
              -22.803656599999957
            ],
            [
              -43.34740409999995,
              -22.803673399999976
            ],
            [
              -43.34745849999996,
              -22.803635999999987
            ],
            [
              -43.34755569999993,
              -22.80358619999993
            ],
            [
              -43.34809649999994,
              -22.803287499999954
            ],
            [
              -43.35100229999995,
              -22.801683799999967
            ],
            [
              -43.351720099999966,
              -22.801291199999977
            ],
            [
              -43.351662199999964,
              -22.801054499999964
            ],
            [
              -43.35163589999996,
              -22.800947999999945
            ],
            [
              -43.35162679999996,
              -22.800889899999955
            ],
            [
              -43.351624999999956,
              -22.800878599999972
            ],
            [
              -43.351588499999934,
              -22.80082749999997
            ],
            [
              -43.35153369999995,
              -22.800790999999947
            ],
            [
              -43.35143139999997,
              -22.80076909999996
            ],
            [
              -43.35111009999997,
              -22.80081289999998
            ],
            [
              -43.350916799999936,
              -22.80084639999995
            ],
            [
              -43.35058879999997,
              -22.800903199999933
            ],
            [
              -43.350456399999985,
              -22.800926099999963
            ],
            [
              -43.350134999999966,
              -22.800926099999963
            ],
            [
              -43.34992749999998,
              -22.80084419999997
            ],
            [
              -43.34982729999996,
              -22.800804599999935
            ],
            [
              -43.34918779999998,
              -22.80054979999994
            ],
            [
              -43.34895499999993,
              -22.800495499999954
            ],
            [
              -43.34856039999994,
              -22.800403599999978
            ],
            [
              -43.34810779999998,
              -22.800379499999963
            ],
            [
              -43.34789009999998,
              -22.800367999999935
            ],
            [
              -43.34781709999993,
              -22.800365699999926
            ],
            [
              -43.347369699999945,
              -22.800351699999965
            ],
            [
              -43.34720559999994,
              -22.80034659999996
            ],
            [
              -43.346135999999944,
              -22.800392899999963
            ],
            [
              -43.34581519999995,
              -22.80035729999997
            ],
            [
              -43.34477059999995,
              -22.800196799999977
            ],
            [
              -43.34472509999995,
              -22.80018099999995
            ],
            [
              -43.34451919999998,
              -22.80010309999994
            ],
            [
              -43.34418229999994,
              -22.799783299999945
            ],
            [
              -43.34388999999993,
              -22.799480199999948
            ],
            [
              -43.34387269999996,
              -22.799471199999967
            ],
            [
              -43.34352599999994,
              -22.79928899999993
            ],
            [
              -43.34340149999997,
              -22.799223599999955
            ],
            [
              -43.34321489999997,
              -22.799125499999942
            ],
            [
              -43.342756099999974,
              -22.79778879999998
            ],
            [
              -43.34243539999994,
              -22.796784999999947
            ],
            [
              -43.34225709999998,
              -22.796193099999986
            ],
            [
              -43.34197059999997,
              -22.79541719999997
            ],
            [
              -43.341920399999935,
              -22.795222199999948
            ],
            [
              -43.34188379999995,
              -22.795025299999956
            ],
            [
              -43.341876499999955,
              -22.79495329999997
            ],
            [
              -43.34183439999998,
              -22.794531199999934
            ],
            [
              -43.34245949999996,
              -22.793680899999963
            ],
            [
              -43.34260189999998,
              -22.79348729999997
            ],
            [
              -43.34333379999998,
              -22.792492499999973
            ],
            [
              -43.34344079999994,
              -22.79226429999994
            ],
            [
              -43.34352629999995,
              -22.792028999999957
            ],
            [
              -43.34353129999994,
              -22.791921099999957
            ],
            [
              -43.343588799999964,
              -22.79053379999993
            ],
            [
              -43.34362179999994,
              -22.78973909999996
            ],
            [
              -43.34343649999994,
              -22.78985129999995
            ],
            [
              -43.34335979999998,
              -22.789860899999955
            ],
            [
              -43.34252809999998,
              -22.788064499999958
            ],
            [
              -43.342488499999945,
              -22.788036699999964
            ],
            [
              -43.34244249999995,
              -22.788128699999955
            ],
            [
              -43.342556599999966,
              -22.789576099999973
            ],
            [
              -43.34215539999997,
              -22.789585399999968
            ],
            [
              -43.34188599999993,
              -22.789594299999973
            ],
            [
              -43.34170809999995,
              -22.789600299999957
            ],
            [
              -43.341091999999946,
              -22.789808499999932
            ],
            [
              -43.34080389999997,
              -22.789805699999935
            ],
            [
              -43.340216399999974,
              -22.789691599999966
            ],
            [
              -43.33995259999995,
              -22.78952139999996
            ],
            [
              -43.33970869999997,
              -22.78936359999994
            ],
            [
              -43.33933589999998,
              -22.78885179999998
            ],
            [
              -43.339311899999984,
              -22.78881879999994
            ],
            [
              -43.338791699999945,
              -22.78812869999995
            ],
            [
              -43.33833969999995,
              -22.788105799999983
            ],
            [
              -43.337946099999954,
              -22.788128599999936
            ],
            [
              -43.33788249999998,
              -22.788131799999977
            ],
            [
              -43.33754959999993,
              -22.78814859999995
            ],
            [
              -43.33712179999998,
              -22.788291199999943
            ],
            [
              -43.336964999999964,
              -22.788382499999962
            ],
            [
              -43.33667689999993,
              -22.78865629999996
            ],
            [
              -43.33646699999997,
              -22.788814499999948
            ],
            [
              -43.33633219999996,
              -22.789650299999938
            ],
            [
              -43.336324599999955,
              -22.789697399999962
            ],
            [
              -43.336645499999975,
              -22.79005389999997
            ],
            [
              -43.337474499999985,
              -22.790253099999976
            ],
            [
              -43.33647439999993,
              -22.792492499999977
            ],
            [
              -43.33616519999998,
              -22.793187699999972
            ],
            [
              -43.335779799999955,
              -22.794054299999967
            ],
            [
              -43.33551209999996,
              -22.794656299999925
            ],
            [
              -43.33525309999993,
              -22.79523889999995
            ],
            [
              -43.33501659999996,
              -22.79577049999995
            ],
            [
              -43.33483839999997,
              -22.795781199999958
            ],
            [
              -43.33462509999999,
              -22.795781199999958
            ],
            [
              -43.33462469999995,
              -22.795948699999933
            ],
            [
              -43.33467529999996,
              -22.79612299999997
            ],
            [
              -43.33488189999997,
              -22.79662979999995
            ],
            [
              -43.33513279999994,
              -22.797220999999972
            ],
            [
              -43.33534079999998,
              -22.797771499999953
            ],
            [
              -43.33545699999996,
              -22.798035199999955
            ],
            [
              -43.33550759999997,
              -22.79822079999996
            ],
            [
              -43.335527499999955,
              -22.798386599999958
            ],
            [
              -43.33558079999995,
              -22.798783199999942
            ],
            [
              -43.335698899999954,
              -22.799300599999977
            ],
            [
              -43.33573099999995,
              -22.79947709999993
            ],
            [
              -43.335698899999954,
              -22.79949739999995
            ],
            [
              -43.335535799999946,
              -22.79964359999997
            ],
            [
              -43.33511179999994,
              -22.800165399999976
            ],
            [
              -43.33497959999995,
              -22.800327699999972
            ],
            [
              -43.334798999999975,
              -22.800599699999967
            ],
            [
              -43.334658399999974,
              -22.800886599999956
            ],
            [
              -43.334621899999945,
              -22.800973699999922
            ],
            [
              -43.334487999999965,
              -22.801281099999986
            ],
            [
              -43.33435469999995,
              -22.801567099999943
            ],
            [
              -43.33423659999994,
              -22.801718899999976
            ],
            [
              -43.33405659999994,
              -22.801808899999966
            ],
            [
              -43.33384859999995,
              -22.80189329999996
            ],
            [
              -43.33359079999997,
              -22.801894499999946
            ],
            [
              -43.333482999999944,
              -22.801853899999966
            ],
            [
              -43.333280499999944,
              -22.80176389999997
            ],
            [
              -43.333083699999975,
              -22.801651399999955
            ],
            [
              -43.33291499999996,
              -22.801448999999934
            ],
            [
              -43.33274619999998,
              -22.801055299999973
            ],
            [
              -43.332673099999965,
              -22.800830299999973
            ],
            [
              -43.33256629999994,
              -22.800549099999955
            ],
            [
              -43.33254379999994,
              -22.800357899999938
            ],
            [
              -43.33254109999996,
              -22.800036999999968
            ],
            [
              -43.33256319999998,
              -22.799707999999953
            ],
            [
              -43.332609899999966,
              -22.79949689999995
            ],
            [
              -43.33286519999996,
              -22.79909179999993
            ],
            [
              -43.33299929999998,
              -22.798254499999924
            ],
            [
              -43.333046499999966,
              -22.797675099999932
            ],
            [
              -43.33324679999998,
              -22.795324399999966
            ],
            [
              -43.333254599999975,
              -22.79529349999996
            ],
            [
              -43.333137799999975,
              -22.79522859999997
            ],
            [
              -43.33292389999997,
              -22.795121699999978
            ],
            [
              -43.33279369999997,
              -22.795084199999955
            ],
            [
              -43.33336549999996,
              -22.794688599999976
            ],
            [
              -43.333478699999944,
              -22.794392199999947
            ],
            [
              -43.33249259999997,
              -22.794158099999944
            ],
            [
              -43.33118899999994,
              -22.793848699999952
            ],
            [
              -43.331348299999945,
              -22.793060099999938
            ],
            [
              -43.33149899999995,
              -22.792290999999977
            ],
            [
              -43.33162059999995,
              -22.791636299999936
            ],
            [
              -43.33176769999994,
              -22.79087579999998
            ],
            [
              -43.33199339999993,
              -22.790924999999962
            ],
            [
              -43.33307919999993,
              -22.791161599999953
            ],
            [
              -43.33388599999995,
              -22.79133729999995
            ],
            [
              -43.33418549999993,
              -22.790759799999933
            ],
            [
              -43.33431989999997,
              -22.79064579999993
            ],
            [
              -43.334684899999964,
              -22.790337699999956
            ],
            [
              -43.33424839999998,
              -22.790399399999952
            ],
            [
              -43.334427999999946,
              -22.789262399999924
            ],
            [
              -43.33537629999995,
              -22.78859219999999
            ],
            [
              -43.335276499999964,
              -22.788399599999927
            ],
            [
              -43.33533349999993,
              -22.78825699999993
            ],
            [
              -43.33551179999995,
              -22.788085899999935
            ],
            [
              -43.33579699999996,
              -22.787707999999952
            ],
            [
              -43.33603229999994,
              -22.787586799999925
            ],
            [
              -43.33625329999995,
              -22.78753689999996
            ],
            [
              -43.33679519999998,
              -22.78704489999995
            ],
            [
              -43.33732999999995,
              -22.787002099999935
            ],
            [
              -43.337562899999966,
              -22.787025899999954
            ],
            [
              -43.337749299999984,
              -22.78700769999994
            ],
            [
              -43.33793579999997,
              -22.786862299999935
            ],
            [
              -43.33799309999995,
              -22.786752499999977
            ],
            [
              -43.338266499999975,
              -22.786451099999965
            ],
            [
              -43.33872039999994,
              -22.78600379999994
            ],
            [
              -43.338549299999954,
              -22.78583269999995
            ],
            [
              -43.33823559999996,
              -22.78536919999993
            ],
            [
              -43.33815709999993,
              -22.785126799999944
            ],
            [
              -43.33810599999998,
              -22.785073799999964
            ],
            [
              -43.33773649999995,
              -22.784706099999934
            ],
            [
              -43.337712099999976,
              -22.784633199999966
            ],
            [
              -43.33748689999993,
              -22.78395739999996
            ],
            [
              -43.33662409999994,
              -22.78305899999998
            ],
            [
              -43.336460099999954,
              -22.78273099999996
            ],
            [
              -43.335761299999945,
              -22.782295999999967
            ],
            [
              -43.335404799999935,
              -22.782274599999933
            ],
            [
              -43.335197999999934,
              -22.782217599999967
            ],
            [
              -43.33458619999993,
              -22.781528299999923
            ],
            [
              -43.33412849999996,
              -22.781311999999954
            ],
            [
              -43.33375059999997,
              -22.781176599999984
            ],
            [
              -43.333461099999965,
              -22.781038699999954
            ],
            [
              -43.333302499999945,
              -22.781045799999962
            ],
            [
              -43.33294769999998,
              -22.78107789999996
            ],
            [
              -43.33240579999995,
              -22.781452299999955
            ],
            [
              -43.33215439999998,
              -22.78185419999994
            ],
            [
              -43.33195299999994,
              -22.78217599999993
            ],
            [
              -43.33148959999994,
              -22.78254679999998
            ],
            [
              -43.331425699999954,
              -22.782571999999963
            ],
            [
              -43.331187099999966,
              -22.782666199999934
            ],
            [
              -43.33106529999998,
              -22.782714299999952
            ],
            [
              -43.33052949999996,
              -22.782788099999948
            ],
            [
              -43.33052019999997,
              -22.782789299999937
            ],
            [
              -43.33002779999998,
              -22.782935399999925
            ],
            [
              -43.32991939999994,
              -22.78300139999993
            ],
            [
              -43.329535799999974,
              -22.783234899999968
            ],
            [
              -43.32928529999998,
              -22.783329299999934
            ],
            [
              -43.32928479999998,
              -22.78333929999997
            ],
            [
              -43.32928449999997,
              -22.783344999999937
            ],
            [
              -43.32928399999997,
              -22.783355899999943
            ],
            [
              -43.32928209999994,
              -22.783396999999976
            ],
            [
              -43.32928149999998,
              -22.783409499999948
            ],
            [
              -43.32928039999996,
              -22.783431899999982
            ],
            [
              -43.329273899999976,
              -22.78357079999995
            ],
            [
              -43.32927149999995,
              -22.783622399999956
            ],
            [
              -43.32926969999994,
              -22.78366079999995
            ],
            [
              -43.32926719999995,
              -22.783713399999954
            ],
            [
              -43.32926439999994,
              -22.783772899999974
            ],
            [
              -43.32924369999995,
              -22.784214299999977
            ],
            [
              -43.32924179999998,
              -22.784253799999934
            ],
            [
              -43.32924109999993,
              -22.784270399999965
            ],
            [
              -43.32924029999998,
              -22.784286999999942
            ],
            [
              -43.32924019999996,
              -22.784288599999968
            ],
            [
              -43.32923989999995,
              -22.784294899999956
            ],
            [
              -43.32923819999996,
              -22.784330899999933
            ],
            [
              -43.32923679999993,
              -22.784361599999954
            ],
            [
              -43.32920329999996,
              -22.785073999999952
            ],
            [
              -43.329201299999966,
              -22.785117799999963
            ],
            [
              -43.329200199999946,
              -22.78514119999994
            ],
            [
              -43.329200199999946,
              -22.78514799999994
            ],
            [
              -43.32920029999997,
              -22.785154799999933
            ],
            [
              -43.32920059999998,
              -22.78518039999994
            ],
            [
              -43.32920119999994,
              -22.785235699999923
            ],
            [
              -43.329213299999935,
              -22.786371199999962
            ],
            [
              -43.32925889999996,
              -22.786928599999953
            ],
            [
              -43.32926229999998,
              -22.786969199999927
            ],
            [
              -43.32926359999993,
              -22.786985499999954
            ],
            [
              -43.329264999999964,
              -22.78700219999996
            ],
            [
              -43.32926569999995,
              -22.78701069999994
            ],
            [
              -43.329268199999944,
              -22.78704199999993
            ],
            [
              -43.329270399999984,
              -22.78706879999993
            ],
            [
              -43.32927259999997,
              -22.787095599999926
            ],
            [
              -43.329435899999964,
              -22.789088399999965
            ],
            [
              -43.32943739999996,
              -22.789106299999958
            ],
            [
              -43.32944199999997,
              -22.789162399999952
            ],
            [
              -43.32944549999996,
              -22.789205499999976
            ],
            [
              -43.32945379999995,
              -22.78930649999996
            ],
            [
              -43.329481199999975,
              -22.789640599999927
            ],
            [
              -43.32948339999996,
              -22.789667799999965
            ],
            [
              -43.32948499999998,
              -22.789687699999938
            ],
            [
              -43.32948639999995,
              -22.78970409999993
            ],
            [
              -43.32948659999994,
              -22.78970639999994
            ],
            [
              -43.32948969999996,
              -22.789744299999935
            ],
            [
              -43.329566599999964,
              -22.790682699999934
            ],
            [
              -43.32975049999993,
              -22.792169099999967
            ],
            [
              -43.32975469999997,
              -22.792203399999945
            ],
            [
              -43.329755699999964,
              -22.792211199999944
            ],
            [
              -43.329758099999935,
              -22.792230299999975
            ],
            [
              -43.32975829999998,
              -22.792232499999955
            ],
            [
              -43.32976099999996,
              -22.792253699999943
            ],
            [
              -43.32976999999994,
              -22.79232629999996
            ],
            [
              -43.32977109999996,
              -22.792335899999944
            ],
            [
              -43.32986099999994,
              -22.793061799999972
            ],
            [
              -43.330094299999985,
              -22.79494679999993
            ],
            [
              -43.33009649999997,
              -22.79496479999994
            ],
            [
              -43.330097799999976,
              -22.794979899999923
            ],
            [
              -43.33010009999998,
              -22.795005599999968
            ],
            [
              -43.33014959999998,
              -22.795559899999944
            ],
            [
              -43.33023609999998,
              -22.796527899999937
            ],
            [
              -43.33028759999996,
              -22.797104999999927
            ],
            [
              -43.330514799999946,
              -22.798988299999955
            ],
            [
              -43.330686399999934,
              -22.80041069999993
            ],
            [
              -43.33080949999993,
              -22.801430799999935
            ],
            [
              -43.33086389999994,
              -22.802070499999953
            ],
            [
              -43.33087339999997,
              -22.802182699999953
            ],
            [
              -43.33087439999997,
              -22.802195099999945
            ],
            [
              -43.33091449999995,
              -22.80266579999995
            ],
            [
              -43.33166389999997,
              -22.80272069999995
            ],
            [
              -43.33221919999994,
              -22.802761299999933
            ],
            [
              -43.33383709999998,
              -22.802879599999976
            ],
            [
              -43.333920999999975,
              -22.802885799999952
            ],
            [
              -43.33444069999996,
              -22.80292379999997
            ]
          ]
        ]
      }
    },
    {
      "type": "Feature",
      "properties": {
        "id": "3305109010",
        "name": "Jardim Sumaré",
        "vegetationPct": 0.17,
        "overlayColor": "#8aaf79"
      },
      "geometry": {
        "type": "Polygon",
        "coordinates": [
          [
            [
              -43.33972259999996,
              -22.784800799999967
            ],
            [
              -43.340274499999964,
              -22.78513419999996
            ],
            [
              -43.34056449999997,
              -22.78540649999996
            ],
            [
              -43.340638499999955,
              -22.785476099999983
            ],
            [
              -43.34109489999997,
              -22.78590679999996
            ],
            [
              -43.34139719999996,
              -22.786032299999928
            ],
            [
              -43.34149639999998,
              -22.786107199999947
            ],
            [
              -43.341548399999965,
              -22.786146399999947
            ],
            [
              -43.34163119999994,
              -22.78618399999993
            ],
            [
              -43.341784899999936,
              -22.786256499999975
            ],
            [
              -43.34179149999994,
              -22.786238699999956
            ],
            [
              -43.34218439999995,
              -22.785175399999954
            ],
            [
              -43.34259369999995,
              -22.785599199999975
            ],
            [
              -43.343185499999954,
              -22.78611989999996
            ],
            [
              -43.34374239999994,
              -22.786529399999946
            ],
            [
              -43.34383429999997,
              -22.785750599999965
            ],
            [
              -43.34403649999996,
              -22.784474599999953
            ],
            [
              -43.34410059999993,
              -22.783784799999978
            ],
            [
              -43.34410859999997,
              -22.783698499999954
            ],
            [
              -43.344082499999956,
              -22.783693599999932
            ],
            [
              -43.34304139999995,
              -22.783067099999982
            ],
            [
              -43.34247099999993,
              -22.782723899999944
            ],
            [
              -43.34218939999994,
              -22.78258269999997
            ],
            [
              -43.342875499999934,
              -22.78206819999997
            ],
            [
              -43.34302479999997,
              -22.781969699999934
            ],
            [
              -43.34396309999994,
              -22.780799099999967
            ],
            [
              -43.343980699999975,
              -22.78076729999998
            ],
            [
              -43.34393559999995,
              -22.780730099999968
            ],
            [
              -43.34388979999994,
              -22.780607899999957
            ],
            [
              -43.343849999999975,
              -22.78050199999995
            ],
            [
              -43.34386429999995,
              -22.780279499999946
            ],
            [
              -43.34395269999993,
              -22.779960099999986
            ],
            [
              -43.344035399999946,
              -22.77973469999994
            ],
            [
              -43.34407599999997,
              -22.77938299999993
            ],
            [
              -43.344067199999984,
              -22.77930149999998
            ],
            [
              -43.344056499999965,
              -22.779241199999944
            ],
            [
              -43.34404589999997,
              -22.779180999999934
            ],
            [
              -43.34397489999998,
              -22.77900969999996
            ],
            [
              -43.34352429999996,
              -22.778500599999965
            ],
            [
              -43.34394669999995,
              -22.778570399999975
            ],
            [
              -43.34496249999995,
              -22.77898469999997
            ],
            [
              -43.344740599999966,
              -22.77923109999994
            ],
            [
              -43.34455669999994,
              -22.779522099999948
            ],
            [
              -43.34463089999997,
              -22.779531599999924
            ],
            [
              -43.344759599999975,
              -22.779554399999935
            ],
            [
              -43.345078099999974,
              -22.779582899999976
            ],
            [
              -43.34524449999998,
              -22.779682699999963
            ],
            [
              -43.345344299999965,
              -22.779796799999925
            ],
            [
              -43.34539179999996,
              -22.77994419999994
            ],
            [
              -43.34541559999997,
              -22.780262599999958
            ],
            [
              -43.34546309999996,
              -22.78055259999996
            ],
            [
              -43.345579499999985,
              -22.78060079999994
            ],
            [
              -43.34560099999994,
              -22.780609699999957
            ],
            [
              -43.34590999999995,
              -22.78068569999993
            ],
            [
              -43.346223699999946,
              -22.78066669999998
            ],
            [
              -43.34649939999997,
              -22.78070469999995
            ],
            [
              -43.34679889999995,
              -22.780785499999983
            ],
            [
              -43.34681219999994,
              -22.78079379999997
            ],
            [
              -43.346812899999975,
              -22.78079539999993
            ],
            [
              -43.34706609999995,
              -22.780973399999933
            ],
            [
              -43.347150599999964,
              -22.781032699999972
            ],
            [
              -43.347216999999944,
              -22.78114269999997
            ],
            [
              -43.347316999999975,
              -22.781308399999944
            ],
            [
              -43.347412099999985,
              -22.78169349999996
            ],
            [
              -43.34756219999997,
              -22.782064599999956
            ],
            [
              -43.347583199999974,
              -22.78211649999997
            ],
            [
              -43.347673499999985,
              -22.78231139999997
            ],
            [
              -43.34778369999998,
              -22.782516799999936
            ],
            [
              -43.34778399999993,
              -22.782380099999962
            ],
            [
              -43.34778619999997,
              -22.782193399999983
            ],
            [
              -43.34781879999997,
              -22.782153999999927
            ],
            [
              -43.34787909999994,
              -22.78215109999996
            ],
            [
              -43.347906199999954,
              -22.78219619999993
            ],
            [
              -43.348280999999986,
              -22.782126299999955
            ],
            [
              -43.348418899999956,
              -22.78209269999996
            ],
            [
              -43.34810609999994,
              -22.781498599999956
            ],
            [
              -43.34788269999996,
              -22.781118299999946
            ],
            [
              -43.347716299999945,
              -22.780785499999983
            ],
            [
              -43.34750239999994,
              -22.780481299999956
            ],
            [
              -43.347231499999964,
              -22.780305399999975
            ],
            [
              -43.34699379999995,
              -22.78021509999996
            ],
            [
              -43.34623799999997,
              -22.779887099999936
            ],
            [
              -43.34612389999995,
              -22.779815799999938
            ],
            [
              -43.346114399999976,
              -22.779777799999973
            ],
            [
              -43.34610489999994,
              -22.77973979999996
            ],
            [
              -43.34625699999998,
              -22.779530599999926
            ],
            [
              -43.34661999999997,
              -22.778950899999924
            ],
            [
              -43.346527599999945,
              -22.77887659999993
            ],
            [
              -43.346473499999945,
              -22.77885639999993
            ],
            [
              -43.34670699999998,
              -22.778225199999945
            ],
            [
              -43.34675469999996,
              -22.77809639999998
            ],
            [
              -43.347091499999976,
              -22.777185999999972
            ],
            [
              -43.34704869999996,
              -22.777172999999948
            ],
            [
              -43.34698359999993,
              -22.777144099999934
            ],
            [
              -43.34678249999996,
              -22.776231799999948
            ],
            [
              -43.34664299999997,
              -22.775941499999927
            ],
            [
              -43.346549599999946,
              -22.77574699999997
            ],
            [
              -43.34641579999993,
              -22.775627999999987
            ],
            [
              -43.345971599999984,
              -22.77523309999998
            ],
            [
              -43.34597549999995,
              -22.775185399999934
            ],
            [
              -43.345999499999955,
              -22.775114599999938
            ],
            [
              -43.346058199999966,
              -22.775056199999938
            ],
            [
              -43.34635289999994,
              -22.774890899999946
            ],
            [
              -43.34641849999998,
              -22.774869499999962
            ],
            [
              -43.34650399999998,
              -22.77486819999996
            ],
            [
              -43.346695799999964,
              -22.774930499999982
            ],
            [
              -43.34683009999998,
              -22.77504819999995
            ],
            [
              -43.346909299999936,
              -22.774850999999952
            ],
            [
              -43.34656929999994,
              -22.774661199999965
            ],
            [
              -43.346526799999936,
              -22.77462369999995
            ],
            [
              -43.34650229999994,
              -22.77458629999995
            ],
            [
              -43.34648199999998,
              -22.774545799999938
            ],
            [
              -43.34647199999995,
              -22.774512499999954
            ],
            [
              -43.346465999999964,
              -22.774492499999948
            ],
            [
              -43.34646399999997,
              -22.77443019999998
            ],
            [
              -43.346697699999936,
              -22.77372619999994
            ],
            [
              -43.34683009999998,
              -22.773327399999964
            ],
            [
              -43.346793299999945,
              -22.77328329999994
            ],
            [
              -43.34648409999994,
              -22.773052399999987
            ],
            [
              -43.34638649999994,
              -22.77292609999995
            ],
            [
              -43.346326199999965,
              -22.772788099999957
            ],
            [
              -43.346329699999956,
              -22.772704799999925
            ],
            [
              -43.34638839999997,
              -22.77266629999997
            ],
            [
              -43.34653009999994,
              -22.77267529999994
            ],
            [
              -43.34649609999997,
              -22.772533199999938
            ],
            [
              -43.34562239999997,
              -22.771505299999944
            ],
            [
              -43.34557279999996,
              -22.770000799999924
            ],
            [
              -43.345883399999934,
              -22.769383799999957
            ],
            [
              -43.34590099999997,
              -22.769348799999932
            ],
            [
              -43.34630309999994,
              -22.768885599999972
            ],
            [
              -43.346437299999934,
              -22.76909369999992
            ],
            [
              -43.346708099999944,
              -22.769351299999986
            ],
            [
              -43.34671619999995,
              -22.769299299999936
            ],
            [
              -43.34665939999997,
              -22.768968099999938
            ],
            [
              -43.346687799999984,
              -22.768809599999937
            ],
            [
              -43.346814999999935,
              -22.768702099999924
            ],
            [
              -43.34699999999998,
              -22.768600899999967
            ],
            [
              -43.34708049999995,
              -22.768558799999933
            ],
            [
              -43.347238999999945,
              -22.768536199999968
            ],
            [
              -43.34759749999995,
              -22.768630599999934
            ],
            [
              -43.34771449999994,
              -22.768614299999967
            ],
            [
              -43.34780189999998,
              -22.76857829999994
            ],
            [
              -43.34782469999993,
              -22.76852409999998
            ],
            [
              -43.34787789999996,
              -22.76839769999998
            ],
            [
              -43.34798009999997,
              -22.768053099999975
            ],
            [
              -43.348139999999944,
              -22.76750759999993
            ],
            [
              -43.348336899999936,
              -22.766821099999955
            ],
            [
              -43.34811479999996,
              -22.766786899999943
            ],
            [
              -43.347424699999976,
              -22.766640399999975
            ],
            [
              -43.34731289999996,
              -22.766650099999936
            ],
            [
              -43.347074299999974,
              -22.76667059999994
            ],
            [
              -43.34705379999997,
              -22.766672399999948
            ],
            [
              -43.34687329999997,
              -22.766687999999924
            ],
            [
              -43.346594299999936,
              -22.766691099999942
            ],
            [
              -43.34659919999996,
              -22.76738519999998
            ],
            [
              -43.346584999999955,
              -22.767746499999934
            ],
            [
              -43.346399599999984,
              -22.768183799999974
            ],
            [
              -43.34630499999997,
              -22.76831039999996
            ],
            [
              -43.346078499999976,
              -22.76861359999998
            ],
            [
              -43.34571479999994,
              -22.768280899999972
            ],
            [
              -43.34544869999996,
              -22.76807899999994
            ],
            [
              -43.345330699999984,
              -22.767980699999956
            ],
            [
              -43.34491329999997,
              -22.76802619999995
            ],
            [
              -43.344670399999984,
              -22.768089299999925
            ],
            [
              -43.34461699999997,
              -22.76835489999996
            ],
            [
              -43.34472159999996,
              -22.768573599999968
            ],
            [
              -43.34471209999998,
              -22.768711399999976
            ],
            [
              -43.34468919999995,
              -22.768895399999963
            ],
            [
              -43.34456359999996,
              -22.76897369999995
            ],
            [
              -43.34447019999993,
              -22.768993199999958
            ],
            [
              -43.34436899999997,
              -22.768978199999932
            ],
            [
              -43.344325199999965,
              -22.76891959999994
            ],
            [
              -43.34416319999997,
              -22.768499099999925
            ],
            [
              -43.34404869999997,
              -22.768214299999958
            ],
            [
              -43.34369949999996,
              -22.767694199999934
            ],
            [
              -43.34381599999995,
              -22.76734919999995
            ],
            [
              -43.34363129999997,
              -22.76730589999993
            ],
            [
              -43.34329379999997,
              -22.76726309999998
            ],
            [
              -43.34277099999997,
              -22.767258999999964
            ],
            [
              -43.34269489999997,
              -22.767258399999946
            ],
            [
              -43.34249049999994,
              -22.76713959999995
            ],
            [
              -43.34187249999997,
              -22.766607099999923
            ],
            [
              -43.34148369999997,
              -22.766614699999934
            ],
            [
              -43.34096469999997,
              -22.766639899999973
            ],
            [
              -43.34092179999993,
              -22.766670899999955
            ],
            [
              -43.340869699999985,
              -22.76673889999995
            ],
            [
              -43.34085529999993,
              -22.76677839999996
            ],
            [
              -43.34084819999998,
              -22.766834399999933
            ],
            [
              -43.34084819999998,
              -22.766857899999934
            ],
            [
              -43.34105479999994,
              -22.767071899999962
            ],
            [
              -43.34121649999998,
              -22.767239399999937
            ],
            [
              -43.34150379999994,
              -22.767448999999946
            ],
            [
              -43.341583399999934,
              -22.76755519999995
            ],
            [
              -43.34166329999994,
              -22.767676699999978
            ],
            [
              -43.34169659999998,
              -22.767876399999974
            ],
            [
              -43.34163599999994,
              -22.768153599999945
            ],
            [
              -43.34159609999995,
              -22.76833679999993
            ],
            [
              -43.34150649999998,
              -22.76890309999993
            ],
            [
              -43.34151049999997,
              -22.769196699999952
            ],
            [
              -43.34151979999996,
              -22.769881099999964
            ],
            [
              -43.34153749999996,
              -22.770413099999928
            ],
            [
              -43.341497499999946,
              -22.770441099999967
            ],
            [
              -43.340018999999984,
              -22.77139739999996
            ],
            [
              -43.33925279999994,
              -22.771831799999976
            ],
            [
              -43.338882799999965,
              -22.77204159999996
            ],
            [
              -43.33880069999998,
              -22.772089099999953
            ],
            [
              -43.33865769999994,
              -22.772167799999977
            ],
            [
              -43.33832399999994,
              -22.772419499999955
            ],
            [
              -43.338309299999935,
              -22.77243419999996
            ],
            [
              -43.336524699999984,
              -22.774711999999973
            ],
            [
              -43.337059899999986,
              -22.775109299999936
            ],
            [
              -43.33729949999997,
              -22.775287199999976
            ],
            [
              -43.33704759999995,
              -22.775496399999945
            ],
            [
              -43.336847999999975,
              -22.775591399999936
            ],
            [
              -43.336617099999955,
              -22.775547399999933
            ],
            [
              -43.336258499999985,
              -22.775482099999977
            ],
            [
              -43.33577839999998,
              -22.775287199999976
            ],
            [
              -43.33503799999994,
              -22.77500509999992
            ],
            [
              -43.334945999999945,
              -22.774910299999927
            ],
            [
              -43.33384259999997,
              -22.77397959999996
            ],
            [
              -43.333806899999956,
              -22.77360529999992
            ],
            [
              -43.33385809999993,
              -22.77344979999997
            ],
            [
              -43.334184799999946,
              -22.772100799999972
            ],
            [
              -43.33435709999998,
              -22.771821799999937
            ],
            [
              -43.33451279999997,
              -22.77148039999997
            ],
            [
              -43.33444389999994,
              -22.770791999999968
            ],
            [
              -43.33426709999998,
              -22.769584899999927
            ],
            [
              -43.33424189999994,
              -22.769412599999953
            ],
            [
              -43.33433329999997,
              -22.768679699999947
            ],
            [
              -43.33450209999995,
              -22.76843929999995
            ],
            [
              -43.33378829999998,
              -22.767435799999927
            ],
            [
              -43.33355739999996,
              -22.767426799999956
            ],
            [
              -43.33265019999993,
              -22.767165099999946
            ],
            [
              -43.33175209999996,
              -22.766912699999978
            ],
            [
              -43.33082369999994,
              -22.766653699999942
            ],
            [
              -43.33079639999994,
              -22.765114299999933
            ],
            [
              -43.330776499999956,
              -22.763993499999962
            ],
            [
              -43.32980269999996,
              -22.763728599999983
            ],
            [
              -43.32960179999998,
              -22.763679999999965
            ],
            [
              -43.329601699999955,
              -22.763689499999938
            ],
            [
              -43.32960189999994,
              -22.763693599999954
            ],
            [
              -43.32960299999996,
              -22.763721199999956
            ],
            [
              -43.329638399999965,
              -22.76460729999997
            ],
            [
              -43.32966929999998,
              -22.765380099999955
            ],
            [
              -43.329670299999975,
              -22.765405599999948
            ],
            [
              -43.32967159999998,
              -22.76543879999997
            ],
            [
              -43.32967219999995,
              -22.765453099999945
            ],
            [
              -43.32967229999997,
              -22.765454499999976
            ],
            [
              -43.32968429999994,
              -22.765755699999946
            ],
            [
              -43.329701099999966,
              -22.76633979999997
            ],
            [
              -43.32976339999993,
              -22.76850429999996
            ],
            [
              -43.32981289999998,
              -22.77022349999993
            ],
            [
              -43.32981289999998,
              -22.770225899999957
            ],
            [
              -43.32984579999993,
              -22.771369399999973
            ],
            [
              -43.329874099999984,
              -22.77235059999998
            ],
            [
              -43.32982489999995,
              -22.77353629999993
            ],
            [
              -43.32977699999998,
              -22.77469029999998
            ],
            [
              -43.329767199999935,
              -22.77492729999994
            ],
            [
              -43.329623399999946,
              -22.77839179999995
            ],
            [
              -43.329615399999966,
              -22.778585699999947
            ],
            [
              -43.32960459999998,
              -22.778845699999977
            ],
            [
              -43.329566599999964,
              -22.779763299999956
            ],
            [
              -43.329542999999944,
              -22.78004229999993
            ],
            [
              -43.329310599999985,
              -22.782789599999937
            ],
            [
              -43.32930389999996,
              -22.782931199999943
            ],
            [
              -43.329301199999975,
              -22.78298959999994
            ],
            [
              -43.32929919999998,
              -22.783032399999968
            ],
            [
              -43.32929189999993,
              -22.78318739999997
            ],
            [
              -43.32928759999993,
              -22.783278999999947
            ],
            [
              -43.32928529999998,
              -22.783329299999934
            ],
            [
              -43.329535799999974,
              -22.783234899999968
            ],
            [
              -43.32991939999994,
              -22.78300139999993
            ],
            [
              -43.33002779999998,
              -22.782935399999925
            ],
            [
              -43.33052019999997,
              -22.782789299999937
            ],
            [
              -43.33052949999996,
              -22.782788099999948
            ],
            [
              -43.33106529999998,
              -22.782714299999952
            ],
            [
              -43.331187099999966,
              -22.782666199999934
            ],
            [
              -43.331425699999954,
              -22.782571999999963
            ],
            [
              -43.33148959999994,
              -22.78254679999998
            ],
            [
              -43.33195299999994,
              -22.78217599999993
            ],
            [
              -43.33215439999998,
              -22.78185419999994
            ],
            [
              -43.33240579999995,
              -22.781452299999955
            ],
            [
              -43.33294769999998,
              -22.78107789999996
            ],
            [
              -43.333302499999945,
              -22.781045799999962
            ],
            [
              -43.333461099999965,
              -22.781038699999954
            ],
            [
              -43.33375059999997,
              -22.781176599999984
            ],
            [
              -43.33412849999996,
              -22.781311999999954
            ],
            [
              -43.33458619999993,
              -22.781528299999923
            ],
            [
              -43.335197999999934,
              -22.782217599999967
            ],
            [
              -43.335404799999935,
              -22.782274599999933
            ],
            [
              -43.335761299999945,
              -22.782295999999967
            ],
            [
              -43.336460099999954,
              -22.78273099999996
            ],
            [
              -43.33662409999994,
              -22.78305899999998
            ],
            [
              -43.33748689999993,
              -22.78395739999996
            ],
            [
              -43.337712099999976,
              -22.784633199999966
            ],
            [
              -43.33773649999995,
              -22.784706099999934
            ],
            [
              -43.33810599999998,
              -22.785073799999964
            ],
            [
              -43.33815709999993,
              -22.785126799999944
            ],
            [
              -43.33823559999996,
              -22.78536919999993
            ],
            [
              -43.338549299999954,
              -22.78583269999995
            ],
            [
              -43.33872039999994,
              -22.78600379999994
            ],
            [
              -43.338266499999975,
              -22.786451099999965
            ],
            [
              -43.33799309999995,
              -22.786752499999977
            ],
            [
              -43.33793579999997,
              -22.786862299999935
            ],
            [
              -43.337749299999984,
              -22.78700769999994
            ],
            [
              -43.337562899999966,
              -22.787025899999954
            ],
            [
              -43.33732999999995,
              -22.787002099999935
            ],
            [
              -43.33679519999998,
              -22.78704489999995
            ],
            [
              -43.33625329999995,
              -22.78753689999996
            ],
            [
              -43.33603229999994,
              -22.787586799999925
            ],
            [
              -43.33579699999996,
              -22.787707999999952
            ],
            [
              -43.33551179999995,
              -22.788085899999935
            ],
            [
              -43.33533349999993,
              -22.78825699999993
            ],
            [
              -43.335276499999964,
              -22.788399599999927
            ],
            [
              -43.33537629999995,
              -22.78859219999999
            ],
            [
              -43.334427999999946,
              -22.789262399999924
            ],
            [
              -43.33424839999998,
              -22.790399399999952
            ],
            [
              -43.334684899999964,
              -22.790337699999956
            ],
            [
              -43.33431989999997,
              -22.79064579999993
            ],
            [
              -43.33418549999993,
              -22.790759799999933
            ],
            [
              -43.33388599999995,
              -22.79133729999995
            ],
            [
              -43.33307919999993,
              -22.791161599999953
            ],
            [
              -43.33199339999993,
              -22.790924999999962
            ],
            [
              -43.33176769999994,
              -22.79087579999998
            ],
            [
              -43.33162059999995,
              -22.791636299999936
            ],
            [
              -43.33149899999995,
              -22.792290999999977
            ],
            [
              -43.331348299999945,
              -22.793060099999938
            ],
            [
              -43.33118899999994,
              -22.793848699999952
            ],
            [
              -43.33249259999997,
              -22.794158099999944
            ],
            [
              -43.333478699999944,
              -22.794392199999947
            ],
            [
              -43.33336549999996,
              -22.794688599999976
            ],
            [
              -43.33279369999997,
              -22.795084199999955
            ],
            [
              -43.33292389999997,
              -22.795121699999978
            ],
            [
              -43.333137799999975,
              -22.79522859999997
            ],
            [
              -43.333254599999975,
              -22.79529349999996
            ],
            [
              -43.33324679999998,
              -22.795324399999966
            ],
            [
              -43.333046499999966,
              -22.797675099999932
            ],
            [
              -43.33299929999998,
              -22.798254499999924
            ],
            [
              -43.33286519999996,
              -22.79909179999993
            ],
            [
              -43.332609899999966,
              -22.79949689999995
            ],
            [
              -43.33256319999998,
              -22.799707999999953
            ],
            [
              -43.33254109999996,
              -22.800036999999968
            ],
            [
              -43.33254379999994,
              -22.800357899999938
            ],
            [
              -43.33256629999994,
              -22.800549099999955
            ],
            [
              -43.332673099999965,
              -22.800830299999973
            ],
            [
              -43.33274619999998,
              -22.801055299999973
            ],
            [
              -43.33291499999996,
              -22.801448999999934
            ],
            [
              -43.333083699999975,
              -22.801651399999955
            ],
            [
              -43.333280499999944,
              -22.80176389999997
            ],
            [
              -43.333482999999944,
              -22.801853899999966
            ],
            [
              -43.33359079999997,
              -22.801894499999946
            ],
            [
              -43.33384859999995,
              -22.80189329999996
            ],
            [
              -43.33405659999994,
              -22.801808899999966
            ],
            [
              -43.33423659999994,
              -22.801718899999976
            ],
            [
              -43.33435469999995,
              -22.801567099999943
            ],
            [
              -43.334487999999965,
              -22.801281099999986
            ],
            [
              -43.334621899999945,
              -22.800973699999922
            ],
            [
              -43.334658399999974,
              -22.800886599999956
            ],
            [
              -43.334798999999975,
              -22.800599699999967
            ],
            [
              -43.33497959999995,
              -22.800327699999972
            ],
            [
              -43.33511179999994,
              -22.800165399999976
            ],
            [
              -43.335535799999946,
              -22.79964359999997
            ],
            [
              -43.335698899999954,
              -22.79949739999995
            ],
            [
              -43.33573099999995,
              -22.79947709999993
            ],
            [
              -43.335698899999954,
              -22.799300599999977
            ],
            [
              -43.33558079999995,
              -22.798783199999942
            ],
            [
              -43.335527499999955,
              -22.798386599999958
            ],
            [
              -43.33550759999997,
              -22.79822079999996
            ],
            [
              -43.33545699999996,
              -22.798035199999955
            ],
            [
              -43.33534079999998,
              -22.797771499999953
            ],
            [
              -43.33513279999994,
              -22.797220999999972
            ],
            [
              -43.33488189999997,
              -22.79662979999995
            ],
            [
              -43.33467529999996,
              -22.79612299999997
            ],
            [
              -43.33462469999995,
              -22.795948699999933
            ],
            [
              -43.33462509999999,
              -22.795781199999958
            ],
            [
              -43.33483839999997,
              -22.795781199999958
            ],
            [
              -43.33501659999996,
              -22.79577049999995
            ],
            [
              -43.33525309999993,
              -22.79523889999995
            ],
            [
              -43.33551209999996,
              -22.794656299999925
            ],
            [
              -43.335779799999955,
              -22.794054299999967
            ],
            [
              -43.33616519999998,
              -22.793187699999972
            ],
            [
              -43.33647439999993,
              -22.792492499999977
            ],
            [
              -43.337474499999985,
              -22.790253099999976
            ],
            [
              -43.336645499999975,
              -22.79005389999997
            ],
            [
              -43.336324599999955,
              -22.789697399999962
            ],
            [
              -43.33633219999996,
              -22.789650299999938
            ],
            [
              -43.33646699999997,
              -22.788814499999948
            ],
            [
              -43.33667689999993,
              -22.78865629999996
            ],
            [
              -43.336964999999964,
              -22.788382499999962
            ],
            [
              -43.33712179999998,
              -22.788291199999943
            ],
            [
              -43.33754959999993,
              -22.78814859999995
            ],
            [
              -43.33788249999998,
              -22.788131799999977
            ],
            [
              -43.337946099999954,
              -22.788128599999936
            ],
            [
              -43.33833969999995,
              -22.788105799999983
            ],
            [
              -43.338791699999945,
              -22.78812869999995
            ],
            [
              -43.33881309999998,
              -22.787280199999945
            ],
            [
              -43.33887729999998,
              -22.78678099999996
            ],
            [
              -43.33902709999995,
              -22.786574299999927
            ],
            [
              -43.33921959999998,
              -22.786082299999975
            ],
            [
              -43.33921819999995,
              -22.78602569999998
            ],
            [
              -43.33921239999995,
              -22.785782799999932
            ],
            [
              -43.33914409999994,
              -22.785575799999947
            ],
            [
              -43.33913999999993,
              -22.785367799999964
            ],
            [
              -43.33912689999994,
              -22.785096799999955
            ],
            [
              -43.33916979999998,
              -22.784466499999944
            ],
            [
              -43.33923639999995,
              -22.78450719999995
            ],
            [
              -43.33972259999996,
              -22.784800799999967
            ]
          ]
        ]
      }
    },
    {
      "type": "Feature",
      "properties": {
        "id": "3305109011",
        "name": "Jardim Metrópole",
        "vegetationPct": 0.0,
        "overlayColor": "#d2d8bb"
      },
      "geometry": {
        "type": "Polygon",
        "coordinates": [
          [
            [
              -43.338309299999935,
              -22.77243419999996
            ],
            [
              -43.33832399999994,
              -22.772419499999955
            ],
            [
              -43.33865769999994,
              -22.772167799999977
            ],
            [
              -43.33880069999998,
              -22.772089099999953
            ],
            [
              -43.338882799999965,
              -22.77204159999996
            ],
            [
              -43.33925279999994,
              -22.771831799999976
            ],
            [
              -43.340018999999984,
              -22.77139739999996
            ],
            [
              -43.341497499999946,
              -22.770441099999967
            ],
            [
              -43.34153749999996,
              -22.770413099999928
            ],
            [
              -43.34151979999996,
              -22.769881099999964
            ],
            [
              -43.34151049999997,
              -22.769196699999952
            ],
            [
              -43.34150649999998,
              -22.76890309999993
            ],
            [
              -43.34159609999995,
              -22.76833679999993
            ],
            [
              -43.34163599999994,
              -22.768153599999945
            ],
            [
              -43.34169659999998,
              -22.767876399999974
            ],
            [
              -43.34166329999994,
              -22.767676699999978
            ],
            [
              -43.341583399999934,
              -22.76755519999995
            ],
            [
              -43.34150379999994,
              -22.767448999999946
            ],
            [
              -43.34121649999998,
              -22.767239399999937
            ],
            [
              -43.34105479999994,
              -22.767071899999962
            ],
            [
              -43.34084819999998,
              -22.766857899999934
            ],
            [
              -43.34084819999998,
              -22.766834399999933
            ],
            [
              -43.34085529999993,
              -22.76677839999996
            ],
            [
              -43.340869699999985,
              -22.76673889999995
            ],
            [
              -43.34020289999995,
              -22.766071999999955
            ],
            [
              -43.34039539999998,
              -22.76528539999998
            ],
            [
              -43.34068329999997,
              -22.764109299999962
            ],
            [
              -43.34119399999998,
              -22.764214599999946
            ],
            [
              -43.341596899999956,
              -22.764371399999952
            ],
            [
              -43.34204549999998,
              -22.763667199999926
            ],
            [
              -43.34221009999993,
              -22.76340879999997
            ],
            [
              -43.34223629999997,
              -22.763250699999958
            ],
            [
              -43.342434699999956,
              -22.762054099999943
            ],
            [
              -43.34277129999999,
              -22.761853299999924
            ],
            [
              -43.34286359999993,
              -22.761493999999967
            ],
            [
              -43.34295469999995,
              -22.76113519999996
            ],
            [
              -43.34301819999996,
              -22.760885199999965
            ],
            [
              -43.343157599999984,
              -22.76033649999994
            ],
            [
              -43.34328649999998,
              -22.759829299999975
            ],
            [
              -43.343313999999964,
              -22.759753899999968
            ],
            [
              -43.34341519999998,
              -22.75946959999993
            ],
            [
              -43.34342669999995,
              -22.759437099999957
            ],
            [
              -43.34346869999996,
              -22.759310199999963
            ],
            [
              -43.343547299999955,
              -22.758923499999984
            ],
            [
              -43.341988399999934,
              -22.75861709999998
            ],
            [
              -43.33833629999998,
              -22.757948899999974
            ],
            [
              -43.33701899999994,
              -22.75770779999993
            ],
            [
              -43.33616889999996,
              -22.757552299999926
            ],
            [
              -43.335330699999986,
              -22.757312299999956
            ],
            [
              -43.334336399999984,
              -22.75702409999997
            ],
            [
              -43.33383649999996,
              -22.75688519999994
            ],
            [
              -43.333743099999936,
              -22.756859299999967
            ],
            [
              -43.332132899999976,
              -22.756510899999963
            ],
            [
              -43.33125609999996,
              -22.75632119999994
            ],
            [
              -43.33007119999996,
              -22.75606889999995
            ],
            [
              -43.32929029999997,
              -22.755902599999953
            ],
            [
              -43.329290499999956,
              -22.75590709999994
            ],
            [
              -43.32929119999994,
              -22.755923899999978
            ],
            [
              -43.32930419999997,
              -22.756250499999968
            ],
            [
              -43.32930639999995,
              -22.756305199999925
            ],
            [
              -43.32930679999998,
              -22.75631499999997
            ],
            [
              -43.32930759999994,
              -22.756334099999954
            ],
            [
              -43.32930829999998,
              -22.75635319999998
            ],
            [
              -43.32930879999998,
              -22.756363899999936
            ],
            [
              -43.329309999999964,
              -22.756395299999948
            ],
            [
              -43.32931999999994,
              -22.756645999999932
            ],
            [
              -43.32932009999996,
              -22.756647399999963
            ],
            [
              -43.32932679999993,
              -22.75681419999995
            ],
            [
              -43.32932969999996,
              -22.756887899999985
            ],
            [
              -43.32946069999997,
              -22.760164099999947
            ],
            [
              -43.32959939999996,
              -22.763632399999953
            ],
            [
              -43.32960179999998,
              -22.763679999999965
            ],
            [
              -43.32980269999996,
              -22.763728599999983
            ],
            [
              -43.330776499999956,
              -22.763993499999962
            ],
            [
              -43.33079639999994,
              -22.765114299999933
            ],
            [
              -43.33082369999994,
              -22.766653699999942
            ],
            [
              -43.33175209999996,
              -22.766912699999978
            ],
            [
              -43.33265019999993,
              -22.767165099999946
            ],
            [
              -43.33355739999996,
              -22.767426799999956
            ],
            [
              -43.33378829999998,
              -22.767435799999927
            ],
            [
              -43.33450209999995,
              -22.76843929999995
            ],
            [
              -43.33433329999997,
              -22.768679699999947
            ],
            [
              -43.33424189999994,
              -22.769412599999953
            ],
            [
              -43.33426709999998,
              -22.769584899999927
            ],
            [
              -43.33444389999994,
              -22.770791999999968
            ],
            [
              -43.33451279999997,
              -22.77148039999997
            ],
            [
              -43.33435709999998,
              -22.771821799999937
            ],
            [
              -43.334184799999946,
              -22.772100799999972
            ],
            [
              -43.33385809999993,
              -22.77344979999997
            ],
            [
              -43.333806899999956,
              -22.77360529999992
            ],
            [
              -43.33384259999997,
              -22.77397959999996
            ],
            [
              -43.334945999999945,
              -22.774910299999927
            ],
            [
              -43.33503799999994,
              -22.77500509999992
            ],
            [
              -43.33577839999998,
              -22.775287199999976
            ],
            [
              -43.336258499999985,
              -22.775482099999977
            ],
            [
              -43.336617099999955,
              -22.775547399999933
            ],
            [
              -43.336847999999975,
              -22.775591399999936
            ],
            [
              -43.33704759999995,
              -22.775496399999945
            ],
            [
              -43.33729949999997,
              -22.775287199999976
            ],
            [
              -43.337059899999986,
              -22.775109299999936
            ],
            [
              -43.336524699999984,
              -22.774711999999973
            ],
            [
              -43.338309299999935,
              -22.77243419999996
            ]
          ]
        ]
      }
    },
    {
      "type": "Feature",
      "properties": {
        "id": "3305109012",
        "name": "Jardim Paraíso",
        "vegetationPct": 0.0,
        "overlayColor": "#d2d8bb"
      },
      "geometry": {
        "type": "Polygon",
        "coordinates": [
          [
            [
              -43.35301149999998,
              -22.76305249999995
            ],
            [
              -43.35305359999995,
              -22.76284819999995
            ],
            [
              -43.35310139999996,
              -22.76261599999998
            ],
            [
              -43.35318199999995,
              -22.762224199999928
            ],
            [
              -43.35320079999997,
              -22.762132899999983
            ],
            [
              -43.35329049999996,
              -22.761696999999973
            ],
            [
              -43.353305999999975,
              -22.761617099999967
            ],
            [
              -43.35334919999997,
              -22.761363399999937
            ],
            [
              -43.353359499999954,
              -22.76128499999993
            ],
            [
              -43.35338129999997,
              -22.761177599999943
            ],
            [
              -43.35345719999998,
              -22.760801399999938
            ],
            [
              -43.353459499999985,
              -22.760789699999982
            ],
            [
              -43.35331519999994,
              -22.760764399999964
            ],
            [
              -43.35125899999997,
              -22.76040379999995
            ],
            [
              -43.349621799999966,
              -22.760116699999966
            ],
            [
              -43.34959089999995,
              -22.760111199999976
            ],
            [
              -43.347371599999974,
              -22.759675099999978
            ],
            [
              -43.343547299999955,
              -22.758923499999984
            ],
            [
              -43.34346869999996,
              -22.759310199999963
            ],
            [
              -43.34342669999995,
              -22.759437099999957
            ],
            [
              -43.34341519999998,
              -22.75946959999993
            ],
            [
              -43.343313999999964,
              -22.759753899999968
            ],
            [
              -43.34328649999998,
              -22.759829299999975
            ],
            [
              -43.343157599999984,
              -22.76033649999994
            ],
            [
              -43.34301819999996,
              -22.760885199999965
            ],
            [
              -43.34295469999995,
              -22.76113519999996
            ],
            [
              -43.34286359999993,
              -22.761493999999967
            ],
            [
              -43.34277129999999,
              -22.761853299999924
            ],
            [
              -43.342434699999956,
              -22.762054099999943
            ],
            [
              -43.34223629999997,
              -22.763250699999958
            ],
            [
              -43.34221009999993,
              -22.76340879999997
            ],
            [
              -43.34204549999998,
              -22.763667199999926
            ],
            [
              -43.341596899999956,
              -22.764371399999952
            ],
            [
              -43.34119399999998,
              -22.764214599999946
            ],
            [
              -43.34068329999997,
              -22.764109299999962
            ],
            [
              -43.34039539999998,
              -22.76528539999998
            ],
            [
              -43.34020289999995,
              -22.766071999999955
            ],
            [
              -43.340869699999985,
              -22.76673889999995
            ],
            [
              -43.34092179999993,
              -22.766670899999955
            ],
            [
              -43.34096469999997,
              -22.766639899999973
            ],
            [
              -43.34148369999997,
              -22.766614699999934
            ],
            [
              -43.34187249999997,
              -22.766607099999923
            ],
            [
              -43.34249049999994,
              -22.76713959999995
            ],
            [
              -43.34269489999997,
              -22.767258399999946
            ],
            [
              -43.34277099999997,
              -22.767258999999964
            ],
            [
              -43.34329379999997,
              -22.76726309999998
            ],
            [
              -43.34363129999997,
              -22.76730589999993
            ],
            [
              -43.34381599999995,
              -22.76734919999995
            ],
            [
              -43.34393559999995,
              -22.767377199999945
            ],
            [
              -43.344510699999944,
              -22.767129999999945
            ],
            [
              -43.344848199999944,
              -22.76694939999993
            ],
            [
              -43.34544719999997,
              -22.76666419999998
            ],
            [
              -43.34550599999995,
              -22.766651099999937
            ],
            [
              -43.34570389999993,
              -22.76660709999993
            ],
            [
              -43.346454999999935,
              -22.766692699999968
            ],
            [
              -43.34649439999998,
              -22.766692299999924
            ],
            [
              -43.346627299999966,
              -22.76599869999995
            ],
            [
              -43.34675129999994,
              -22.76535629999995
            ],
            [
              -43.34685259999998,
              -22.76491279999994
            ],
            [
              -43.34693449999998,
              -22.764554599999933
            ],
            [
              -43.34590609999998,
              -22.76434019999993
            ],
            [
              -43.34595489999998,
              -22.76407839999996
            ],
            [
              -43.34602239999998,
              -22.763716999999925
            ],
            [
              -43.345716299999935,
              -22.763650099999957
            ],
            [
              -43.34572449999996,
              -22.763575099999972
            ],
            [
              -43.34576109999995,
              -22.763238999999942
            ],
            [
              -43.34576619999996,
              -22.76319139999998
            ],
            [
              -43.34588239999994,
              -22.762653199999928
            ],
            [
              -43.345986299999936,
              -22.762171099999932
            ],
            [
              -43.34636229999995,
              -22.762243099999974
            ],
            [
              -43.34742829999993,
              -22.76243989999994
            ],
            [
              -43.34884589999996,
              -22.762700899999963
            ],
            [
              -43.34991409999998,
              -22.762907499999976
            ],
            [
              -43.35021489999997,
              -22.76297779999993
            ],
            [
              -43.350351399999965,
              -22.76300969999994
            ],
            [
              -43.350870999999984,
              -22.76310399999994
            ],
            [
              -43.35259199999996,
              -22.763416399999976
            ],
            [
              -43.35292419999996,
              -22.763476699999952
            ],
            [
              -43.35301149999998,
              -22.76305249999995
            ]
          ]
        ]
      }
    },
    {
      "type": "Feature",
      "properties": {
        "id": "3305109013",
        "name": "Coelho da Rocha",
        "vegetationPct": 1.229,
        "overlayColor": "#3f8059"
      },
      "geometry": {
        "type": "Polygon",
        "coordinates": [
          [
            [
              -43.38738699999993,
              -22.784281999999966
            ],
            [
              -43.38831749999997,
              -22.784769599999944
            ],
            [
              -43.38935099999998,
              -22.78309149999995
            ],
            [
              -43.39031619999997,
              -22.783583599999933
            ],
            [
              -43.39088089999996,
              -22.782655899999952
            ],
            [
              -43.39128009999996,
              -22.78199999999998
            ],
            [
              -43.39215879999995,
              -22.780556199999978
            ],
            [
              -43.39229029999996,
              -22.780492799999934
            ],
            [
              -43.39291819999994,
              -22.780190199999936
            ],
            [
              -43.39303239999998,
              -22.780135199999958
            ],
            [
              -43.39337169999993,
              -22.779971699999972
            ],
            [
              -43.39563789999994,
              -22.778628699999953
            ],
            [
              -43.39713169999993,
              -22.777584299999944
            ],
            [
              -43.395541299999934,
              -22.776041099999933
            ],
            [
              -43.39537439999998,
              -22.775907999999955
            ],
            [
              -43.395207599999935,
              -22.775774999999953
            ],
            [
              -43.394689699999965,
              -22.77549209999995
            ],
            [
              -43.394178899999986,
              -22.775047099999938
            ],
            [
              -43.39322859999993,
              -22.773964999999983
            ],
            [
              -43.392867799999976,
              -22.773594499999945
            ],
            [
              -43.392727399999956,
              -22.77345039999994
            ],
            [
              -43.392379699999935,
              -22.773157499999968
            ],
            [
              -43.39223809999993,
              -22.77303819999997
            ],
            [
              -43.39223629999998,
              -22.773036699999977
            ],
            [
              -43.39223459999994,
              -22.773035299999947
            ],
            [
              -43.392195699999945,
              -22.77300419999994
            ],
            [
              -43.39192129999998,
              -22.772784899999973
            ],
            [
              -43.39178019999997,
              -22.77267219999993
            ],
            [
              -43.39176079999993,
              -22.772656999999985
            ],
            [
              -43.391706899999974,
              -22.77261369999996
            ],
            [
              -43.39111349999996,
              -22.771995999999945
            ],
            [
              -43.39085659999995,
              -22.771728599999953
            ],
            [
              -43.39057599999995,
              -22.771365599999967
            ],
            [
              -43.39052589999994,
              -22.77130079999995
            ],
            [
              -43.39026489999998,
              -22.770956699999946
            ],
            [
              -43.390002699999975,
              -22.770718799999944
            ],
            [
              -43.38913069999995,
              -22.76985059999992
            ],
            [
              -43.38838909999999,
              -22.769191399999944
            ],
            [
              -43.38705969999995,
              -22.767999399999947
            ],
            [
              -43.385630499999934,
              -22.76675829999994
            ],
            [
              -43.38559029999993,
              -22.76672689999998
            ],
            [
              -43.38538429999994,
              -22.766565699999944
            ],
            [
              -43.385188399999954,
              -22.766472399999937
            ],
            [
              -43.38515359999997,
              -22.76645579999996
            ],
            [
              -43.38483979999995,
              -22.766380799999983
            ],
            [
              -43.38400999999993,
              -22.76625089999993
            ],
            [
              -43.38387339999997,
              -22.76622959999998
            ],
            [
              -43.38270989999995,
              -22.766047499999956
            ],
            [
              -43.382182599999965,
              -22.766710799999938
            ],
            [
              -43.38216659999995,
              -22.766736399999957
            ],
            [
              -43.382050799999945,
              -22.766784699999967
            ],
            [
              -43.381821499999944,
              -22.767033299999984
            ],
            [
              -43.38175899999993,
              -22.76709299999993
            ],
            [
              -43.38161599999995,
              -22.76722969999998
            ],
            [
              -43.38125609999997,
              -22.76764259999993
            ],
            [
              -43.38073179999998,
              -22.768142299999962
            ],
            [
              -43.38098459999998,
              -22.768217299999947
            ],
            [
              -43.381168799999955,
              -22.76829799999995
            ],
            [
              -43.38078399999995,
              -22.76873039999998
            ],
            [
              -43.381259099999966,
              -22.768990299999928
            ],
            [
              -43.38183199999998,
              -22.76925219999998
            ],
            [
              -43.38152649999995,
              -22.769747899999967
            ],
            [
              -43.38117949999997,
              -22.770384899999957
            ],
            [
              -43.38080529999996,
              -22.77065779999998
            ],
            [
              -43.38077539999995,
              -22.770679599999937
            ],
            [
              -43.37986399999995,
              -22.771376799999928
            ],
            [
              -43.37956799999995,
              -22.770950599999928
            ],
            [
              -43.37941609999996,
              -22.77084759999996
            ],
            [
              -43.37925429999996,
              -22.77090779999998
            ],
            [
              -43.37897859999998,
              -22.77099809999992
            ],
            [
              -43.37881689999995,
              -22.771259599999954
            ],
            [
              -43.37872839999994,
              -22.77142599999996
            ],
            [
              -43.37818329999993,
              -22.771163499999936
            ],
            [
              -43.377570299999945,
              -22.77086819999994
            ],
            [
              -43.376921599999946,
              -22.77147939999997
            ],
            [
              -43.376623999999936,
              -22.77176049999997
            ],
            [
              -43.37655569999998,
              -22.771825099999944
            ],
            [
              -43.376484199999936,
              -22.77189259999994
            ],
            [
              -43.37584749999996,
              -22.772493999999934
            ],
            [
              -43.37564349999997,
              -22.772678499999934
            ],
            [
              -43.37489179999994,
              -22.77331839999994
            ],
            [
              -43.37479539999998,
              -22.77339869999997
            ],
            [
              -43.37407479999996,
              -22.77407789999995
            ],
            [
              -43.374345699999935,
              -22.774377399999935
            ],
            [
              -43.37475469999998,
              -22.774700599999957
            ],
            [
              -43.37512819999995,
              -22.774520499999934
            ],
            [
              -43.375246999999945,
              -22.774453999999935
            ],
            [
              -43.37547519999998,
              -22.774420699999947
            ],
            [
              -43.37561299999993,
              -22.774425499999953
            ],
            [
              -43.37584499999997,
              -22.77451699999995
            ],
            [
              -43.376435399999934,
              -22.774781599999987
            ],
            [
              -43.376841799999966,
              -22.774969399999968
            ],
            [
              -43.37734909999995,
              -22.77522729999998
            ],
            [
              -43.37802739999995,
              -22.77550929999995
            ],
            [
              -43.378393899999935,
              -22.775685199999934
            ],
            [
              -43.37864529999996,
              -22.775819499999947
            ],
            [
              -43.37892649999998,
              -22.77597039999995
            ],
            [
              -43.37920769999994,
              -22.776121299999947
            ],
            [
              -43.37923699999993,
              -22.77613809999997
            ],
            [
              -43.37836839999994,
              -22.777736699999938
            ],
            [
              -43.378007099999934,
              -22.77841679999994
            ],
            [
              -43.377873799999975,
              -22.778654499999952
            ],
            [
              -43.37718129999996,
              -22.779920399999973
            ],
            [
              -43.37710089999996,
              -22.78006799999997
            ],
            [
              -43.37689169999993,
              -22.780424499999977
            ],
            [
              -43.37670479999997,
              -22.78076599999997
            ],
            [
              -43.37624529999994,
              -22.781598599999935
            ],
            [
              -43.37603589999998,
              -22.782009799999965
            ],
            [
              -43.37597909999994,
              -22.782121499999963
            ],
            [
              -43.375653399999976,
              -22.782644499999943
            ],
            [
              -43.37643469999995,
              -22.78304459999998
            ],
            [
              -43.376730099999975,
              -22.783195799999927
            ],
            [
              -43.37722999999994,
              -22.783422299999927
            ],
            [
              -43.37772549999994,
              -22.78364679999992
            ],
            [
              -43.378039799999954,
              -22.783794399999977
            ],
            [
              -43.37864119999995,
              -22.78408849999994
            ],
            [
              -43.378822699999944,
              -22.784177299999953
            ],
            [
              -43.37929709999998,
              -22.784404799999944
            ],
            [
              -43.379616899999974,
              -22.78455819999993
            ],
            [
              -43.37993679999994,
              -22.78471169999995
            ],
            [
              -43.38013289999998,
              -22.78481279999993
            ],
            [
              -43.38028419999995,
              -22.784903599999954
            ],
            [
              -43.380336099999965,
              -22.785029399999924
            ],
            [
              -43.380336599999964,
              -22.78503149999995
            ],
            [
              -43.38050229999993,
              -22.784926199999973
            ],
            [
              -43.38054329999994,
              -22.78490009999996
            ],
            [
              -43.380739699999936,
              -22.78477539999994
            ],
            [
              -43.38140019999998,
              -22.784355699999928
            ],
            [
              -43.38196869999996,
              -22.78399449999995
            ],
            [
              -43.38298189999995,
              -22.783472899999932
            ],
            [
              -43.38364739999997,
              -22.783251099999973
            ],
            [
              -43.383699899999954,
              -22.78323749999993
            ],
            [
              -43.38457089999997,
              -22.78301189999996
            ],
            [
              -43.38485769999994,
              -22.78293759999996
            ],
            [
              -43.38491669999996,
              -22.78297789999994
            ],
            [
              -43.38502959999994,
              -22.78305479999994
            ],
            [
              -43.38504439999997,
              -22.783064899999943
            ],
            [
              -43.38550329999998,
              -22.78330329999994
            ],
            [
              -43.386445099999946,
              -22.783792699999935
            ],
            [
              -43.38738699999993,
              -22.784281999999966
            ]
          ]
        ]
      }
    },
    {
      "type": "Feature",
      "properties": {
        "id": "3305109014",
        "name": "Tomazinho",
        "vegetationPct": 0.0,
        "overlayColor": "#d2d8bb"
      },
      "geometry": {
        "type": "Polygon",
        "coordinates": [
          [
            [
              -43.39438529999995,
              -22.808851199999932
            ],
            [
              -43.39481489999997,
              -22.80909589999993
            ],
            [
              -43.39540389999996,
              -22.808442399999926
            ],
            [
              -43.396285199999966,
              -22.807532999999975
            ],
            [
              -43.396779299999935,
              -22.807023099999974
            ],
            [
              -43.39685209999993,
              -22.80694799999998
            ],
            [
              -43.39724339999998,
              -22.806544099999943
            ],
            [
              -43.39728279999997,
              -22.806503499999955
            ],
            [
              -43.39890209999993,
              -22.80483239999995
            ],
            [
              -43.39846239999997,
              -22.804525799999965
            ],
            [
              -43.39831949999996,
              -22.804430999999965
            ],
            [
              -43.39774399999993,
              -22.804058199999933
            ],
            [
              -43.39711569999997,
              -22.80365119999993
            ],
            [
              -43.39686139999998,
              -22.80349059999998
            ],
            [
              -43.39597039999996,
              -22.80293209999996
            ],
            [
              -43.39508609999996,
              -22.802362299999963
            ],
            [
              -43.394799699999965,
              -22.802174899999947
            ],
            [
              -43.394163899999974,
              -22.801810799999934
            ],
            [
              -43.39394129999994,
              -22.801682799999973
            ],
            [
              -43.39386979999995,
              -22.80163179999994
            ],
            [
              -43.39381549999996,
              -22.801592999999976
            ],
            [
              -43.39368929999995,
              -22.80150159999993
            ],
            [
              -43.39327849999995,
              -22.801241099999974
            ],
            [
              -43.392300499999976,
              -22.800620899999956
            ],
            [
              -43.39182239999997,
              -22.800317699999937
            ],
            [
              -43.39140699999996,
              -22.800054199999977
            ],
            [
              -43.39052099999998,
              -22.79949239999996
            ],
            [
              -43.389582099999984,
              -22.79889699999995
            ],
            [
              -43.38868219999995,
              -22.79832629999993
            ],
            [
              -43.38778559999997,
              -22.797757699999973
            ],
            [
              -43.38745289999997,
              -22.798215599999928
            ],
            [
              -43.38663639999993,
              -22.799338399999957
            ],
            [
              -43.38646959999994,
              -22.799567599999932
            ],
            [
              -43.38618329999997,
              -22.79995879999996
            ],
            [
              -43.38546089999994,
              -22.800931099999953
            ],
            [
              -43.38492709999997,
              -22.80167719999997
            ],
            [
              -43.384730099999956,
              -22.801990299999943
            ],
            [
              -43.38438019999995,
              -22.802546699999937
            ],
            [
              -43.38431239999994,
              -22.802638699999928
            ],
            [
              -43.38441609999995,
              -22.802632599999978
            ],
            [
              -43.38462519999996,
              -22.80274199999997
            ],
            [
              -43.384797299999946,
              -22.80284959999994
            ],
            [
              -43.38522309999996,
              -22.803115999999928
            ],
            [
              -43.386134399999946,
              -22.803686099999926
            ],
            [
              -43.38704539999998,
              -22.80425609999998
            ],
            [
              -43.387936699999955,
              -22.804810799999927
            ],
            [
              -43.388911399999984,
              -22.805412399999966
            ],
            [
              -43.38915859999997,
              -22.80556489999998
            ],
            [
              -43.389265799999976,
              -22.80564439999994
            ],
            [
              -43.38941459999995,
              -22.805773499999923
            ],
            [
              -43.38948179999994,
              -22.805831899999927
            ],
            [
              -43.389764499999956,
              -22.80599629999994
            ],
            [
              -43.390364199999965,
              -22.806359699999966
            ],
            [
              -43.39069959999995,
              -22.806570599999926
            ],
            [
              -43.391418699999974,
              -22.807022599999975
            ],
            [
              -43.391596499999935,
              -22.80713429999998
            ],
            [
              -43.39195909999995,
              -22.807359399999932
            ],
            [
              -43.39253039999994,
              -22.807712799999933
            ],
            [
              -43.393448699999965,
              -22.808278399999946
            ],
            [
              -43.39393649999994,
              -22.80857679999997
            ],
            [
              -43.394204599999966,
              -22.808740699999927
            ],
            [
              -43.39438529999995,
              -22.808851199999932
            ]
          ]
        ]
      }
    },
    {
      "type": "Feature",
      "properties": {
        "id": "3305109015",
        "name": "São Matheus",
        "vegetationPct": 0.0,
        "overlayColor": "#d2d8bb"
      },
      "geometry": {
        "type": "Polygon",
        "coordinates": [
          [
            [
              -43.38865709999993,
              -22.81428589999996
            ],
            [
              -43.38884939999997,
              -22.81415979999997
            ],
            [
              -43.38885259999995,
              -22.81415739999994
            ],
            [
              -43.38886209999998,
              -22.81415049999998
            ],
            [
              -43.38911959999996,
              -22.813960699999935
            ],
            [
              -43.38918959999995,
              -22.813924599999947
            ],
            [
              -43.38925969999997,
              -22.81388839999994
            ],
            [
              -43.389382499999954,
              -22.813824299999958
            ],
            [
              -43.38965539999998,
              -22.81373619999994
            ],
            [
              -43.38986909999994,
              -22.813671899999978
            ],
            [
              -43.39000509999994,
              -22.813630999999923
            ],
            [
              -43.39012169999995,
              -22.813636699999954
            ],
            [
              -43.39023769999995,
              -22.81366099999996
            ],
            [
              -43.39045319999997,
              -22.81376889999996
            ],
            [
              -43.39055589999999,
              -22.813820399999933
            ],
            [
              -43.39103229999995,
              -22.813291899999964
            ],
            [
              -43.39120719999994,
              -22.813097199999962
            ],
            [
              -43.391233899999975,
              -22.81306829999994
            ],
            [
              -43.39202729999994,
              -22.812188199999973
            ],
            [
              -43.392095099999956,
              -22.81211289999993
            ],
            [
              -43.39349859999993,
              -22.810555999999956
            ],
            [
              -43.39473499999997,
              -22.809184499999954
            ],
            [
              -43.39481489999997,
              -22.80909589999993
            ],
            [
              -43.39438529999995,
              -22.808851199999932
            ],
            [
              -43.394204599999966,
              -22.808740699999927
            ],
            [
              -43.39393649999994,
              -22.80857679999997
            ],
            [
              -43.393448699999965,
              -22.808278399999946
            ],
            [
              -43.39253039999994,
              -22.807712799999933
            ],
            [
              -43.39195909999995,
              -22.807359399999932
            ],
            [
              -43.391596499999935,
              -22.80713429999998
            ],
            [
              -43.391418699999974,
              -22.807022599999975
            ],
            [
              -43.39069959999995,
              -22.806570599999926
            ],
            [
              -43.390364199999965,
              -22.806359699999966
            ],
            [
              -43.389764499999956,
              -22.80599629999994
            ],
            [
              -43.38948179999994,
              -22.805831899999927
            ],
            [
              -43.38941459999995,
              -22.805773499999923
            ],
            [
              -43.389265799999976,
              -22.80564439999994
            ],
            [
              -43.38915859999997,
              -22.80556489999998
            ],
            [
              -43.388911399999984,
              -22.805412399999966
            ],
            [
              -43.387936699999955,
              -22.804810799999927
            ],
            [
              -43.38704539999998,
              -22.80425609999998
            ],
            [
              -43.386134399999946,
              -22.803686099999926
            ],
            [
              -43.38522309999996,
              -22.803115999999928
            ],
            [
              -43.384797299999946,
              -22.80284959999994
            ],
            [
              -43.38462519999996,
              -22.80274199999997
            ],
            [
              -43.38441609999995,
              -22.802632599999978
            ],
            [
              -43.38431239999994,
              -22.802638699999928
            ],
            [
              -43.38409279999997,
              -22.80265169999995
            ],
            [
              -43.38387419999998,
              -22.802585099999927
            ],
            [
              -43.38342259999996,
              -22.802507399999964
            ],
            [
              -43.382559399999934,
              -22.80235869999996
            ],
            [
              -43.38192429999998,
              -22.80387969999998
            ],
            [
              -43.381343399999935,
              -22.80524369999995
            ],
            [
              -43.381320899999935,
              -22.805295999999945
            ],
            [
              -43.38126299999993,
              -22.805430799999943
            ],
            [
              -43.38119569999998,
              -22.805413499999926
            ],
            [
              -43.380723399999965,
              -22.805343999999938
            ],
            [
              -43.38069399999995,
              -22.805533999999962
            ],
            [
              -43.380686899999944,
              -22.805579899999934
            ],
            [
              -43.38057549999996,
              -22.80616509999993
            ],
            [
              -43.38054759999994,
              -22.806311199999985
            ],
            [
              -43.380217699999946,
              -22.80790289999993
            ],
            [
              -43.38053999999994,
              -22.808133899999977
            ],
            [
              -43.380985599999974,
              -22.80845339999996
            ],
            [
              -43.38189229999995,
              -22.80889049999995
            ],
            [
              -43.38212239999996,
              -22.809017899999954
            ],
            [
              -43.38212829999998,
              -22.80902109999994
            ],
            [
              -43.38215009999993,
              -22.809033199999924
            ],
            [
              -43.38216959999994,
              -22.80904399999998
            ],
            [
              -43.38094099999995,
              -22.80993449999994
            ],
            [
              -43.379814299999964,
              -22.810745899999972
            ],
            [
              -43.37981209999999,
              -22.810750499999973
            ],
            [
              -43.379852599999936,
              -22.81078369999994
            ],
            [
              -43.37993249999994,
              -22.810862699999973
            ],
            [
              -43.38001839999998,
              -22.810947399999975
            ],
            [
              -43.380089399999974,
              -22.810994299999948
            ],
            [
              -43.380124999999964,
              -22.811007799999977
            ],
            [
              -43.38016049999993,
              -22.81102129999993
            ],
            [
              -43.380302599999936,
              -22.81105539999993
            ],
            [
              -43.38057409999993,
              -22.811095199999954
            ],
            [
              -43.38076319999993,
              -22.811144099999975
            ],
            [
              -43.38095219999997,
              -22.81116059999994
            ],
            [
              -43.38109429999997,
              -22.81118099999998
            ],
            [
              -43.38126599999998,
              -22.811289799999937
            ],
            [
              -43.38143409999998,
              -22.811395999999945
            ],
            [
              -43.38163659999998,
              -22.811505999999948
            ],
            [
              -43.38203869999995,
              -22.811709399999927
            ],
            [
              -43.38206659999997,
              -22.81172349999997
            ],
            [
              -43.382147799999984,
              -22.81174199999998
            ],
            [
              -43.382187199999976,
              -22.811750999999955
            ],
            [
              -43.38222859999996,
              -22.811760399999955
            ],
            [
              -43.382352399999945,
              -22.811783599999952
            ],
            [
              -43.38259249999993,
              -22.811828599999952
            ],
            [
              -43.38284519999996,
              -22.811875099999945
            ],
            [
              -43.38287109999993,
              -22.811879799999932
            ],
            [
              -43.383001899999954,
              -22.81193379999996
            ],
            [
              -43.383158699999974,
              -22.812030799999942
            ],
            [
              -43.38325669999995,
              -22.81210359999994
            ],
            [
              -43.38342259999996,
              -22.81222659999998
            ],
            [
              -43.38357039999994,
              -22.81231759999998
            ],
            [
              -43.38370969999994,
              -22.812417099999955
            ],
            [
              -43.383721899999955,
              -22.812426899999927
            ],
            [
              -43.38377429999997,
              -22.812469099999934
            ],
            [
              -43.38382629999995,
              -22.81251089999995
            ],
            [
              -43.38397409999993,
              -22.812695699999953
            ],
            [
              -43.38407879999994,
              -22.81288669999997
            ],
            [
              -43.384087799999975,
              -22.81290319999994
            ],
            [
              -43.384292499999965,
              -22.81328129999997
            ],
            [
              -43.38430959999994,
              -22.813324299999973
            ],
            [
              -43.384391999999934,
              -22.813531499999947
            ],
            [
              -43.38448299999993,
              -22.81371339999998
            ],
            [
              -43.38448399999993,
              -22.81371469999993
            ],
            [
              -43.38451219999996,
              -22.813747999999972
            ],
            [
              -43.384559699999954,
              -22.813804099999967
            ],
            [
              -43.38460809999998,
              -22.813861199999955
            ],
            [
              -43.38471889999994,
              -22.81393799999995
            ],
            [
              -43.38478569999995,
              -22.813967799999936
            ],
            [
              -43.384852499999965,
              -22.813997699999952
            ],
            [
              -43.38485449999996,
              -22.81399799999997
            ],
            [
              -43.38494629999997,
              -22.814013799999938
            ],
            [
              -43.38503549999996,
              -22.814029099999964
            ],
            [
              -43.38516089999996,
              -22.81405069999994
            ],
            [
              -43.385180899999966,
              -22.81405409999996
            ],
            [
              -43.38524599999994,
              -22.81406529999998
            ],
            [
              -43.38527389999996,
              -22.81407009999998
            ],
            [
              -43.38543889999994,
              -22.814098499999933
            ],
            [
              -43.38564169999995,
              -22.814133399999942
            ],
            [
              -43.38568049999998,
              -22.81413999999995
            ],
            [
              -43.385842699999955,
              -22.81416789999997
            ],
            [
              -43.386013899999966,
              -22.814197299999933
            ],
            [
              -43.38608769999996,
              -22.81420999999994
            ],
            [
              -43.386208599999975,
              -22.81423079999996
            ],
            [
              -43.38624909999993,
              -22.814242499999974
            ],
            [
              -43.386272599999984,
              -22.81424929999997
            ],
            [
              -43.38632179999996,
              -22.814263499999985
            ],
            [
              -43.38633119999997,
              -22.814266299999925
            ],
            [
              -43.386347099999966,
              -22.81427089999994
            ],
            [
              -43.386359899999945,
              -22.814274599999973
            ],
            [
              -43.38636139999995,
              -22.814274999999952
            ],
            [
              -43.386364399999934,
              -22.814275899999924
            ],
            [
              -43.38636719999994,
              -22.814276799999952
            ],
            [
              -43.38659339999999,
              -22.81434809999996
            ],
            [
              -43.38700589999996,
              -22.814535799999938
            ],
            [
              -43.38719779999997,
              -22.81462309999994
            ],
            [
              -43.38738149999995,
              -22.81470279999996
            ],
            [
              -43.387584499999946,
              -22.81479079999997
            ],
            [
              -43.387700999999936,
              -22.814804999999968
            ],
            [
              -43.38780429999997,
              -22.81479949999993
            ],
            [
              -43.38780619999994,
              -22.814799399999963
            ],
            [
              -43.38783289999998,
              -22.814792499999946
            ],
            [
              -43.387905699999976,
              -22.81477379999996
            ],
            [
              -43.38798579999997,
              -22.814717399999953
            ],
            [
              -43.38826229999995,
              -22.81454059999993
            ],
            [
              -43.38835179999995,
              -22.81448339999997
            ],
            [
              -43.388369799999964,
              -22.814471899999944
            ],
            [
              -43.38851119999998,
              -22.814381499999968
            ],
            [
              -43.38854569999995,
              -22.81435889999994
            ],
            [
              -43.38865709999993,
              -22.81428589999996
            ]
          ]
        ]
      }
    },
    {
      "type": "Feature",
      "properties": {
        "id": "3305109016",
        "name": "Centro",
        "vegetationPct": 0.0,
        "overlayColor": "#d2d8bb"
      },
      "geometry": {
        "type": "Polygon",
        "coordinates": [
          [
            [
              -43.37187129999995,
              -22.806794799999974
            ],
            [
              -43.37198619999998,
              -22.80688809999998
            ],
            [
              -43.372064799999976,
              -22.806951899999945
            ],
            [
              -43.37218679999996,
              -22.807050899999975
            ],
            [
              -43.37226609999994,
              -22.807115299999968
            ],
            [
              -43.37233999999995,
              -22.80718349999995
            ],
            [
              -43.37257679999993,
              -22.807248299999966
            ],
            [
              -43.37260999999995,
              -22.807257399999973
            ],
            [
              -43.37261209999997,
              -22.80725769999998
            ],
            [
              -43.37281959999996,
              -22.807289699999952
            ],
            [
              -43.37302919999996,
              -22.807322099999965
            ],
            [
              -43.37321939999998,
              -22.807351399999952
            ],
            [
              -43.373292299999946,
              -22.80736259999997
            ],
            [
              -43.37337359999998,
              -22.807376899999944
            ],
            [
              -43.37368969999994,
              -22.807432599999974
            ],
            [
              -43.37370059999995,
              -22.80743419999993
            ],
            [
              -43.37383879999993,
              -22.80745469999994
            ],
            [
              -43.37383959999994,
              -22.807452399999935
            ],
            [
              -43.373882899999955,
              -22.807288999999965
            ],
            [
              -43.37397889999994,
              -22.80692759999993
            ],
            [
              -43.37401999999997,
              -22.806772999999968
            ],
            [
              -43.37420169999996,
              -22.806259799999957
            ],
            [
              -43.37459039999993,
              -22.80508549999996
            ],
            [
              -43.37460679999998,
              -22.805034099999947
            ],
            [
              -43.37463189999994,
              -22.804955299999957
            ],
            [
              -43.37330939999998,
              -22.804259299999952
            ],
            [
              -43.373275999999976,
              -22.804241699999974
            ],
            [
              -43.37331409999996,
              -22.80407179999998
            ],
            [
              -43.37348479999997,
              -22.80330869999994
            ],
            [
              -43.373508999999956,
              -22.80320069999993
            ],
            [
              -43.373621999999955,
              -22.803029599999938
            ],
            [
              -43.373684899999944,
              -22.80293449999994
            ],
            [
              -43.37381789999995,
              -22.802713599999947
            ],
            [
              -43.37416019999995,
              -22.802145399999972
            ],
            [
              -43.37476839999994,
              -22.801873699999927
            ],
            [
              -43.375243299999966,
              -22.80162459999996
            ],
            [
              -43.37566839999994,
              -22.801465199999942
            ],
            [
              -43.37600039999995,
              -22.801368899999943
            ],
            [
              -43.37671499999993,
              -22.80137719999993
            ],
            [
              -43.37721279999994,
              -22.80142179999996
            ],
            [
              -43.377537899999936,
              -22.801357099999958
            ],
            [
              -43.377810899999986,
              -22.80122779999994
            ],
            [
              -43.37802279999994,
              -22.80108769999998
            ],
            [
              -43.378183099999944,
              -22.80089869999995
            ],
            [
              -43.37837489999998,
              -22.800742999999944
            ],
            [
              -43.37859499999996,
              -22.80065229999996
            ],
            [
              -43.37873929999995,
              -22.80057579999993
            ],
            [
              -43.377558499999964,
              -22.799964799999945
            ],
            [
              -43.37665509999994,
              -22.799476699999953
            ],
            [
              -43.375100499999974,
              -22.79866109999995
            ],
            [
              -43.37379889999994,
              -22.797924199999958
            ],
            [
              -43.37376729999994,
              -22.79790999999995
            ],
            [
              -43.37364319999995,
              -22.797854299999983
            ],
            [
              -43.37373659999997,
              -22.797622799999942
            ],
            [
              -43.374036899999965,
              -22.796878299999943
            ],
            [
              -43.37391119999995,
              -22.79681489999996
            ],
            [
              -43.37292599999995,
              -22.79635419999993
            ],
            [
              -43.37197829999997,
              -22.79591069999998
            ],
            [
              -43.37100319999996,
              -22.795450199999944
            ],
            [
              -43.37005979999998,
              -22.79500459999997
            ],
            [
              -43.369101899999976,
              -22.794552299999964
            ],
            [
              -43.36894569999998,
              -22.794821699999936
            ],
            [
              -43.36860079999997,
              -22.795444899999946
            ],
            [
              -43.36794089999995,
              -22.795277199999926
            ],
            [
              -43.367156499999965,
              -22.795096999999945
            ],
            [
              -43.36620009999996,
              -22.79485829999993
            ],
            [
              -43.36595379999995,
              -22.794791199999967
            ],
            [
              -43.365880199999935,
              -22.79476289999997
            ],
            [
              -43.365644299999985,
              -22.794672599999963
            ],
            [
              -43.365477699999985,
              -22.793862799999943
            ],
            [
              -43.36541009999996,
              -22.793533499999967
            ],
            [
              -43.36494589999995,
              -22.79379789999996
            ],
            [
              -43.363460299999986,
              -22.794643899999983
            ],
            [
              -43.361873499999945,
              -22.795547799999955
            ],
            [
              -43.36224639999995,
              -22.795658499999952
            ],
            [
              -43.36311509999996,
              -22.79591649999997
            ],
            [
              -43.36280449999998,
              -22.796833999999937
            ],
            [
              -43.36247019999996,
              -22.797821199999923
            ],
            [
              -43.362149099999954,
              -22.798764299999956
            ],
            [
              -43.36184479999997,
              -22.799695699999972
            ],
            [
              -43.36149899999998,
              -22.80059769999997
            ],
            [
              -43.361174999999946,
              -22.801590899999944
            ],
            [
              -43.36088479999995,
              -22.801509699999933
            ],
            [
              -43.360162799999955,
              -22.801307599999966
            ],
            [
              -43.36026309999994,
              -22.801006899999955
            ],
            [
              -43.360245299999974,
              -22.80095499999993
            ],
            [
              -43.36020129999997,
              -22.800826299999986
            ],
            [
              -43.360122399999966,
              -22.800488299999923
            ],
            [
              -43.359806899999974,
              -22.79913589999995
            ],
            [
              -43.35979229999998,
              -22.799025099999938
            ],
            [
              -43.35976169999998,
              -22.798793299999943
            ],
            [
              -43.359666699999934,
              -22.798304499999965
            ],
            [
              -43.35956909999993,
              -22.79811669999998
            ],
            [
              -43.35935399999994,
              -22.797993999999964
            ],
            [
              -43.35901569999993,
              -22.797919899999954
            ],
            [
              -43.35926009999997,
              -22.79740369999996
            ],
            [
              -43.35930269999995,
              -22.79701579999994
            ],
            [
              -43.358146199999965,
              -22.797676299999974
            ],
            [
              -43.35694109999997,
              -22.79836449999993
            ],
            [
              -43.356093499999986,
              -22.798846299999987
            ],
            [
              -43.35605909999998,
              -22.79886589999995
            ],
            [
              -43.35582169999998,
              -22.79900079999993
            ],
            [
              -43.35495849999995,
              -22.79949119999998
            ],
            [
              -43.35384949999997,
              -22.800121299999933
            ],
            [
              -43.35358519999994,
              -22.800273199999932
            ],
            [
              -43.35248009999998,
              -22.800875599999923
            ],
            [
              -43.351720099999966,
              -22.801291199999977
            ],
            [
              -43.35100229999995,
              -22.801683799999967
            ],
            [
              -43.34809649999994,
              -22.803287499999954
            ],
            [
              -43.34755569999993,
              -22.80358619999993
            ],
            [
              -43.34745849999996,
              -22.803635999999987
            ],
            [
              -43.34740409999995,
              -22.803673399999976
            ],
            [
              -43.34763229999993,
              -22.80369399999995
            ],
            [
              -43.34824969999994,
              -22.803749799999938
            ],
            [
              -43.348357299999975,
              -22.803759599999974
            ],
            [
              -43.34841099999994,
              -22.80376439999997
            ],
            [
              -43.348458799999946,
              -22.80376869999998
            ],
            [
              -43.34846479999993,
              -22.80376929999994
            ],
            [
              -43.34856449999995,
              -22.803657299999934
            ],
            [
              -43.34866419999997,
              -22.80354529999994
            ],
            [
              -43.34871179999993,
              -22.80351559999997
            ],
            [
              -43.34892589999998,
              -22.803381799999958
            ],
            [
              -43.34903079999999,
              -22.803340699999975
            ],
            [
              -43.34922679999994,
              -22.803263999999956
            ],
            [
              -43.349586699999975,
              -22.80319199999997
            ],
            [
              -43.34986879999997,
              -22.803140099999954
            ],
            [
              -43.35004809999999,
              -22.803107199999946
            ],
            [
              -43.35015589999995,
              -22.80308739999999
            ],
            [
              -43.35021939999996,
              -22.80307959999993
            ],
            [
              -43.35087079999994,
              -22.80299989999997
            ],
            [
              -43.35114489999995,
              -22.80296639999994
            ],
            [
              -43.35165409999996,
              -22.80290419999995
            ],
            [
              -43.35209409999993,
              -22.802805299999935
            ],
            [
              -43.35224549999998,
              -22.802771299999957
            ],
            [
              -43.352396899999974,
              -22.80273719999997
            ],
            [
              -43.35281869999994,
              -22.802642499999934
            ],
            [
              -43.35356449999995,
              -22.80245929999995
            ],
            [
              -43.35375749999997,
              -22.80242659999993
            ],
            [
              -43.35395049999994,
              -22.802393799999944
            ],
            [
              -43.35401009999998,
              -22.802398299999933
            ],
            [
              -43.35438889999995,
              -22.80242659999994
            ],
            [
              -43.35469379999995,
              -22.802491899999954
            ],
            [
              -43.354755299999965,
              -22.802505099999962
            ],
            [
              -43.35475789999998,
              -22.802505399999973
            ],
            [
              -43.35480689999997,
              -22.802510999999974
            ],
            [
              -43.35510819999996,
              -22.80254569999994
            ],
            [
              -43.355404299999975,
              -22.80257969999997
            ],
            [
              -43.355409399999985,
              -22.802580299999935
            ],
            [
              -43.35541989999996,
              -22.802581699999966
            ],
            [
              -43.355884999999944,
              -22.802645399999957
            ],
            [
              -43.35595909999995,
              -22.802655499999954
            ],
            [
              -43.35599799999994,
              -22.802660499999945
            ],
            [
              -43.35618629999993,
              -22.802684699999926
            ],
            [
              -43.35631569999998,
              -22.80270129999996
            ],
            [
              -43.35652169999997,
              -22.802711199999976
            ],
            [
              -43.35668039999996,
              -22.802693199999965
            ],
            [
              -43.356839099999945,
              -22.80267519999995
            ],
            [
              -43.35708699999998,
              -22.802646499999977
            ],
            [
              -43.35740499999997,
              -22.802609799999967
            ],
            [
              -43.357614299999966,
              -22.802619599999954
            ],
            [
              -43.35795129999997,
              -22.802675199999957
            ],
            [
              -43.35828499999997,
              -22.802738999999967
            ],
            [
              -43.35852929999993,
              -22.802785699999955
            ],
            [
              -43.35861649999998,
              -22.802802399999962
            ],
            [
              -43.35861859999994,
              -22.802802799999938
            ],
            [
              -43.35863059999997,
              -22.80280519999997
            ],
            [
              -43.35906579999994,
              -22.80289249999992
            ],
            [
              -43.359300099999984,
              -22.80293939999996
            ],
            [
              -43.35930149999996,
              -22.802939899999956
            ],
            [
              -43.359511699999985,
              -22.80300559999995
            ],
            [
              -43.35969199999994,
              -22.803083999999956
            ],
            [
              -43.35973739999998,
              -22.803103699999944
            ],
            [
              -43.35993689999998,
              -22.80322149999995
            ],
            [
              -43.36049329999997,
              -22.803617199999966
            ],
            [
              -43.36056039999994,
              -22.80366489999994
            ],
            [
              -43.36097579999995,
              -22.803960399999937
            ],
            [
              -43.361477699999966,
              -22.804317399999942
            ],
            [
              -43.36150129999993,
              -22.804334499999985
            ],
            [
              -43.36161509999994,
              -22.80441759999996
            ],
            [
              -43.36163469999997,
              -22.804431799999975
            ],
            [
              -43.361739399999976,
              -22.804451499999967
            ],
            [
              -43.36190949999997,
              -22.804428599999937
            ],
            [
              -43.36199499999998,
              -22.804418099999957
            ],
            [
              -43.36251459999994,
              -22.804354299999936
            ],
            [
              -43.36311969999997,
              -22.80428009999997
            ],
            [
              -43.36366889999994,
              -22.804212699999937
            ],
            [
              -43.36379699999998,
              -22.804196999999927
            ],
            [
              -43.363877799999955,
              -22.804187099999968
            ],
            [
              -43.36396619999994,
              -22.80417619999997
            ],
            [
              -43.36421829999995,
              -22.804145299999952
            ],
            [
              -43.36436189999995,
              -22.80412769999998
            ],
            [
              -43.36446879999994,
              -22.804114599999938
            ],
            [
              -43.36457559999997,
              -22.804101399999972
            ],
            [
              -43.364859699999954,
              -22.804078199999932
            ],
            [
              -43.36492119999997,
              -22.80407319999995
            ],
            [
              -43.365055899999966,
              -22.80406209999995
            ],
            [
              -43.36513499999995,
              -22.804055599999973
            ],
            [
              -43.36515229999998,
              -22.804055599999963
            ],
            [
              -43.36531409999998,
              -22.804055599999963
            ],
            [
              -43.365318599999966,
              -22.804055599999966
            ],
            [
              -43.36532419999998,
              -22.804055599999963
            ],
            [
              -43.36532959999994,
              -22.804055599999966
            ],
            [
              -43.365331399999945,
              -22.80405569999993
            ],
            [
              -43.36533469999995,
              -22.804055899999987
            ],
            [
              -43.365364399999976,
              -22.80405789999998
            ],
            [
              -43.36539529999993,
              -22.80405999999994
            ],
            [
              -43.365435899999966,
              -22.804062799999937
            ],
            [
              -43.365439099999946,
              -22.804062999999932
            ],
            [
              -43.365475199999935,
              -22.80406549999998
            ],
            [
              -43.36550109999996,
              -22.804072099999928
            ],
            [
              -43.365512799999976,
              -22.80407509999998
            ],
            [
              -43.36555579999998,
              -22.804086099999946
            ],
            [
              -43.36555979999997,
              -22.80408709999994
            ],
            [
              -43.36557329999994,
              -22.80409059999993
            ],
            [
              -43.36558379999997,
              -22.80409319999995
            ],
            [
              -43.36559109999996,
              -22.804095099999927
            ],
            [
              -43.365601599999934,
              -22.804097799999965
            ],
            [
              -43.36560639999993,
              -22.80409899999995
            ],
            [
              -43.36560989999998,
              -22.80409989999999
            ],
            [
              -43.36561249999994,
              -22.80410059999997
            ],
            [
              -43.36561419999998,
              -22.804100999999953
            ],
            [
              -43.36561629999994,
              -22.804101599999967
            ],
            [
              -43.36562059999994,
              -22.80410309999997
            ],
            [
              -43.36566699999997,
              -22.80411889999994
            ],
            [
              -43.36571059999994,
              -22.804133699999955
            ],
            [
              -43.36574929999995,
              -22.80414689999997
            ],
            [
              -43.365769599999965,
              -22.80415379999994
            ],
            [
              -43.36578119999996,
              -22.80415899999997
            ],
            [
              -43.36581399999994,
              -22.80417349999994
            ],
            [
              -43.365881499999944,
              -22.804203499999968
            ],
            [
              -43.36601209999998,
              -22.80426159999996
            ],
            [
              -43.36629949999997,
              -22.80438929999996
            ],
            [
              -43.36632119999996,
              -22.804400199999975
            ],
            [
              -43.366877399999964,
              -22.804678199999955
            ],
            [
              -43.366924099999956,
              -22.804701599999934
            ],
            [
              -43.36724809999999,
              -22.804863599999972
            ],
            [
              -43.367327899999964,
              -22.804903499999966
            ],
            [
              -43.367352899999965,
              -22.80491599999993
            ],
            [
              -43.36744799999997,
              -22.80495439999992
            ],
            [
              -43.36747109999993,
              -22.804963799999936
            ],
            [
              -43.36754319999994,
              -22.804992899999938
            ],
            [
              -43.36763709999997,
              -22.805011499999978
            ],
            [
              -43.367776799999945,
              -22.80503919999995
            ],
            [
              -43.36778999999996,
              -22.805041799999962
            ],
            [
              -43.36781129999997,
              -22.805044299999963
            ],
            [
              -43.367817499999944,
              -22.805044999999943
            ],
            [
              -43.36806439999998,
              -22.80507419999998
            ],
            [
              -43.36864949999995,
              -22.80511259999997
            ],
            [
              -43.36892859999995,
              -22.805130999999957
            ],
            [
              -43.36963929999996,
              -22.80522199999995
            ],
            [
              -43.36992289999995,
              -22.80527159999997
            ],
            [
              -43.369986799999936,
              -22.805282799999933
            ],
            [
              -43.37020519999993,
              -22.805354799999975
            ],
            [
              -43.37024199999996,
              -22.80536699999993
            ],
            [
              -43.37027279999995,
              -22.805388499999932
            ],
            [
              -43.37030779999998,
              -22.805412999999938
            ],
            [
              -43.37041259999995,
              -22.80548639999995
            ],
            [
              -43.37043339999997,
              -22.805505499999985
            ],
            [
              -43.370685299999934,
              -22.805735999999968
            ],
            [
              -43.37085029999998,
              -22.80588719999997
            ],
            [
              -43.37091909999998,
              -22.805949099999964
            ],
            [
              -43.37094109999998,
              -22.805968899999982
            ],
            [
              -43.37100339999995,
              -22.806024999999977
            ],
            [
              -43.37118909999998,
              -22.806192299999967
            ],
            [
              -43.371342899999945,
              -22.80633079999996
            ],
            [
              -43.37162269999993,
              -22.80658279999994
            ],
            [
              -43.37173729999995,
              -22.80668599999996
            ],
            [
              -43.37187129999995,
              -22.806794799999974
            ]
          ]
        ]
      }
    }
  ]
}
