{
  "type": "FeatureCollection",
  "features": [
    {
      "type": "Feature",
      "properties": {
        "osmId": "way/30105979",
        "name": "Canal Cabloco",
        "kind": "waterway",
        "category": "canal",
        "overlayColor": "#3b84a5"
      },
      "geometry": {
        "type": "LineString",
        "coordinates": [
          [
            -43.3302303,
            -22.7822869
          ],
          [
            -43.3299138,
            -22.782413
          ],
          [
            -43.3297314,
            -22.7825169
          ],
          [
            -43.329512,
            -22.782596
          ],
          [
            -43.3293754,
            -22.782652
          ],
          [
            -43.32932071845194,
            -22.782669985442865
          ]
        ]
      }
    },
    {
      "type": "Feature",
      "properties": {
        "osmId": "way/38936661",
        "name": "Sem nome cadastrado",
        "kind": "waterway",
        "category": "stream",
        "overlayColor": "#3b84a5"
      },
      "geometry": {
        "type": "LineString",
        "coordinates": [
          [
            -43.410195325741924,
            -22.79224949398801
          ],
          [
            -43.4101195,
            -22.791913
          ],
          [
            -43.4100495,
            -22.791455
          ],
          [
            -43.4100673,
            -22.7913682
          ]
        ]
      }
    },
    {
      "type": "Feature",
      "properties": {
        "osmId": "way/42838970",
        "name": "Rio da Prata",
        "kind": "waterway",
        "category": "river",
        "overlayColor": "#3b84a5"
      },
      "geometry": {
        "type": "LineString",
        "coordinates": [
          [
            -43.38816492750339,
            -22.768990396828634
          ],
          [
            -43.3881649,
            -22.7689904
          ]
        ]
      }
    },
    {
      "type": "Feature",
      "properties": {
        "osmId": "way/45392117",
        "name": "Sem nome cadastrado",
        "kind": "waterway",
        "category": "stream",
        "overlayColor": "#3b84a5"
      },
      "geometry": {
        "type": "LineString",
        "coordinates": [
          [
            -43.3683439,
            -22.7776985
          ],
          [
            -43.3679898,
            -22.7774512
          ],
          [
            -43.3674748,
            -22.7770259
          ],
          [
            -43.3673139,
            -22.7768874
          ],
          [
            -43.3671208,
            -22.7766598
          ],
          [
            -43.3664234,
            -22.7758883
          ],
          [
            -43.3662947,
            -22.7758289
          ],
          [
            -43.3660372,
            -22.7759179
          ],
          [
            -43.3655866,
            -22.7760169
          ],
          [
            -43.3653934,
            -22.7759872
          ],
          [
            -43.3652218,
            -22.7759179
          ],
          [
            -43.3650179,
            -22.7757992
          ],
          [
            -43.3648248,
            -22.7756409
          ],
          [
            -43.3646639,
            -22.7754332
          ],
          [
            -43.364621,
            -22.7752749
          ],
          [
            -43.3644493,
            -22.7745627
          ],
          [
            -43.3644279,
            -22.7744242
          ],
          [
            -43.3643528,
            -22.7742956
          ],
          [
            -43.3641704,
            -22.7741373
          ],
          [
            -43.3638104,
            -22.7737747
          ]
        ]
      }
    },
    {
      "type": "Feature",
      "properties": {
        "osmId": "way/45392177",
        "name": "valão do sobec",
        "kind": "waterway",
        "category": "canal",
        "overlayColor": "#3b84a5"
      },
      "geometry": {
        "type": "LineString",
        "coordinates": [
          [
            -43.3615073,
            -22.7680988
          ],
          [
            -43.3615382,
            -22.7676918
          ],
          [
            -43.3614641,
            -22.767139
          ],
          [
            -43.3614173,
            -22.7668623
          ],
          [
            -43.3613217,
            -22.7665048
          ],
          [
            -43.3613079,
            -22.7660999
          ],
          [
            -43.3613259,
            -22.7659066
          ],
          [
            -43.3613153,
            -22.7657259
          ],
          [
            -43.3613191,
            -22.7654741
          ],
          [
            -43.361295,
            -22.7652635
          ],
          [
            -43.3612943,
            -22.7650871
          ],
          [
            -43.3612683,
            -22.7649385
          ],
          [
            -43.3612651,
            -22.7647507
          ],
          [
            -43.3612307,
            -22.7646601
          ],
          [
            -43.3612092,
            -22.7644424
          ],
          [
            -43.361177,
            -22.7642643
          ],
          [
            -43.3611556,
            -22.7639972
          ],
          [
            -43.3611663,
            -22.7637103
          ],
          [
            -43.3611448,
            -22.7635619
          ],
          [
            -43.3611126,
            -22.7632453
          ],
          [
            -43.3610912,
            -22.7630673
          ],
          [
            -43.3610912,
            -22.7629486
          ],
          [
            -43.3609946,
            -22.7629288
          ],
          [
            -43.3608659,
            -22.7629189
          ],
          [
            -43.3608012,
            -22.7629813
          ],
          [
            -43.3606251,
            -22.7629484
          ],
          [
            -43.3592566,
            -22.7626913
          ],
          [
            -43.3587308,
            -22.7626221
          ],
          [
            -43.3580442,
            -22.7625034
          ],
          [
            -43.3576611,
            -22.7624261
          ],
          [
            -43.3573575,
            -22.7623666
          ],
          [
            -43.3571001,
            -22.7623055
          ],
          [
            -43.3566709,
            -22.7622263
          ],
          [
            -43.3563383,
            -22.7621472
          ],
          [
            -43.3550616,
            -22.7619197
          ],
          [
            -43.354779,
            -22.7618949
          ],
          [
            -43.3544432,
            -22.7618229
          ],
          [
            -43.3542198,
            -22.7617552
          ],
          [
            -43.3539415,
            -22.7617183
          ],
          [
            -43.3536686,
            -22.7616751
          ],
          [
            -43.3532504,
            -22.7615974
          ],
          [
            -43.3529842,
            -22.761541
          ],
          [
            -43.3527579,
            -22.7615019
          ],
          [
            -43.3525832,
            -22.7614646
          ],
          [
            -43.3523579,
            -22.7614239
          ],
          [
            -43.3520456,
            -22.7613711
          ],
          [
            -43.3517678,
            -22.7613166
          ],
          [
            -43.3516498,
            -22.7612865
          ],
          [
            -43.3513709,
            -22.7612172
          ],
          [
            -43.3510705,
            -22.761148
          ],
          [
            -43.3497401,
            -22.7609105
          ],
          [
            -43.3494719,
            -22.7608512
          ],
          [
            -43.3492251,
            -22.7607819
          ],
          [
            -43.3488818,
            -22.7607424
          ],
          [
            -43.3484097,
            -22.7606335
          ]
        ]
      }
    },
    {
      "type": "Feature",
      "properties": {
        "osmId": "way/45392180",
        "name": "Valao Do Dick",
        "kind": "waterway",
        "category": "canal",
        "overlayColor": "#3b84a5"
      },
      "geometry": {
        "type": "LineString",
        "coordinates": [
          [
            -43.3489461,
            -22.7613063
          ],
          [
            -43.3484097,
            -22.7606335
          ],
          [
            -43.3482488,
            -22.760594
          ],
          [
            -43.3480751,
            -22.7605682
          ],
          [
            -43.3480587,
            -22.7605658
          ],
          [
            -43.347648,
            -22.7605049
          ],
          [
            -43.3455022,
            -22.7600993
          ],
          [
            -43.3453949,
            -22.7600795
          ],
          [
            -43.3443971,
            -22.7598915
          ],
          [
            -43.3437212,
            -22.7598223
          ],
          [
            -43.3432813,
            -22.7597431
          ],
          [
            -43.3423586,
            -22.7595156
          ],
          [
            -43.3418115,
            -22.7594265
          ],
          [
            -43.3414896,
            -22.7593573
          ],
          [
            -43.3412214,
            -22.7593276
          ],
          [
            -43.3397944,
            -22.7590803
          ],
          [
            -43.3393546,
            -22.7589615
          ],
          [
            -43.3385499,
            -22.7588527
          ],
          [
            -43.3373805,
            -22.7586054
          ],
          [
            -43.336329,
            -22.7584174
          ],
          [
            -43.3357604,
            -22.7582789
          ],
          [
            -43.3355244,
            -22.7581898
          ],
          [
            -43.333797,
            -22.7577842
          ],
          [
            -43.3331318,
            -22.7576061
          ],
          [
            -43.3316513,
            -22.7572895
          ],
          [
            -43.3299776,
            -22.7568938
          ],
          [
            -43.3296021,
            -22.7567553
          ],
          [
            -43.3293214496523,
            -22.756681000300123
          ]
        ]
      }
    },
    {
      "type": "Feature",
      "properties": {
        "osmId": "way/45393317",
        "name": "Sem nome cadastrado",
        "kind": "waterway",
        "category": "stream",
        "overlayColor": "#3b84a5"
      },
      "geometry": {
        "type": "LineString",
        "coordinates": [
          [
            -43.3526922,
            -22.7747944
          ],
          [
            -43.3527995,
            -22.7743394
          ],
          [
            -43.3528209,
            -22.7741514
          ],
          [
            -43.3529175,
            -22.7736568
          ],
          [
            -43.3529711,
            -22.7734787
          ],
          [
            -43.3532823,
            -22.7721235
          ],
          [
            -43.3534003,
            -22.7717179
          ],
          [
            -43.353438,
            -22.771518
          ]
        ]
      }
    },
    {
      "type": "Feature",
      "properties": {
        "osmId": "way/48901074",
        "name": "Sem nome cadastrado",
        "kind": "waterway",
        "category": "stream",
        "overlayColor": "#3b84a5"
      },
      "geometry": {
        "type": "LineString",
        "coordinates": [
          [
            -43.3704858,
            -22.764020799999972
          ],
          [
            -43.3704858,
            -22.7640208
          ]
        ]
      }
    },
    {
      "type": "Feature",
      "properties": {
        "osmId": "way/48904447",
        "name": "Sem nome cadastrado",
        "kind": "waterway",
        "category": "stream",
        "overlayColor": "#3b84a5"
      },
      "geometry": {
        "type": "LineString",
        "coordinates": [
          [
            -43.36623540550545,
            -22.763131683684207
          ],
          [
            -43.3662354,
            -22.7631317
          ]
        ]
      }
    },
    {
      "type": "Feature",
      "properties": {
        "osmId": "way/48904448",
        "name": "Sem nome cadastrado",
        "kind": "waterway",
        "category": "stream",
        "overlayColor": "#3b84a5"
      },
      "geometry": {
        "type": "LineString",
        "coordinates": [
          [
            -43.3631762,
            -22.762592899999966
          ],
          [
            -43.3631762,
            -22.7625929
          ]
        ]
      }
    },
    {
      "type": "Feature",
      "properties": {
        "osmId": "way/48998875",
        "name": "Sem nome cadastrado",
        "kind": "waterway",
        "category": "stream",
        "overlayColor": "#3b84a5"
      },
      "geometry": {
        "type": "LineString",
        "coordinates": [
          [
            -43.33374310000001,
            -22.756859299999984
          ],
          [
            -43.3337431,
            -22.7568593
          ]
        ]
      }
    },
    {
      "type": "Feature",
      "properties": {
        "osmId": "way/60342273",
        "name": "Sem nome cadastrado",
        "kind": "waterway",
        "category": "stream",
        "overlayColor": "#3b84a5"
      },
      "geometry": {
        "type": "LineString",
        "coordinates": [
          [
            -43.3775386,
            -22.7834235
          ],
          [
            -43.3774849,
            -22.783196
          ],
          [
            -43.377442,
            -22.7830278
          ],
          [
            -43.3770665,
            -22.782009
          ],
          [
            -43.3770343,
            -22.7818804
          ],
          [
            -43.3767339,
            -22.7808813
          ],
          [
            -43.3766481,
            -22.7806142
          ],
          [
            -43.3764335,
            -22.7799712
          ],
          [
            -43.3763584,
            -22.779714
          ],
          [
            -43.3761117,
            -22.778982
          ],
          [
            -43.3760687,
            -22.7788139
          ],
          [
            -43.3758434,
            -22.7781412
          ],
          [
            -43.3757361,
            -22.7778345
          ],
          [
            -43.3754787,
            -22.7769937
          ]
        ]
      }
    },
    {
      "type": "Feature",
      "properties": {
        "osmId": "way/60342325",
        "name": "Sem nome cadastrado",
        "kind": "waterway",
        "category": "stream",
        "overlayColor": "#3b84a5"
      },
      "geometry": {
        "type": "LineString",
        "coordinates": [
          [
            -43.3828386,
            -22.7818408
          ],
          [
            -43.3826884,
            -22.7816133
          ],
          [
            -43.3825597,
            -22.781455
          ],
          [
            -43.3823344,
            -22.7810692
          ],
          [
            -43.382144,
            -22.7807883
          ]
        ]
      }
    },
    {
      "type": "Feature",
      "properties": {
        "osmId": "way/60342465",
        "name": "Sem nome cadastrado",
        "kind": "waterway",
        "category": "stream",
        "overlayColor": "#3b84a5"
      },
      "geometry": {
        "type": "LineString",
        "coordinates": [
          [
            -43.3761653,
            -22.7729576
          ],
          [
            -43.3760151,
            -22.7728884
          ],
          [
            -43.3758971,
            -22.772829
          ],
          [
            -43.3756825,
            -22.7727202
          ],
          [
            -43.3755323,
            -22.7726015
          ],
          [
            -43.3752748,
            -22.7721761
          ],
          [
            -43.3750388,
            -22.7718398
          ],
          [
            -43.3749637,
            -22.7717409
          ],
          [
            -43.3749637,
            -22.7715826
          ],
          [
            -43.3750495,
            -22.7704944
          ],
          [
            -43.375071,
            -22.7703559
          ],
          [
            -43.375028,
            -22.7701778
          ],
          [
            -43.3746096,
            -22.7697228
          ],
          [
            -43.3744916,
            -22.7695843
          ],
          [
            -43.3743736,
            -22.7694853
          ],
          [
            -43.3740839,
            -22.7693468
          ],
          [
            -43.3737299,
            -22.7691984
          ],
          [
            -43.3735153,
            -22.7690501
          ],
          [
            -43.3732578,
            -22.7688225
          ],
          [
            -43.3731612,
            -22.7687038
          ],
          [
            -43.3720454,
            -22.7676255
          ],
          [
            -43.3719381,
            -22.7675958
          ]
        ]
      }
    },
    {
      "type": "Feature",
      "properties": {
        "osmId": "way/60358057",
        "name": "Sem nome cadastrado",
        "kind": "waterway",
        "category": "stream",
        "overlayColor": "#3b84a5"
      },
      "geometry": {
        "type": "LineString",
        "coordinates": [
          [
            -43.3638104,
            -22.7737747
          ],
          [
            -43.363187,
            -22.7732519
          ],
          [
            -43.3629687,
            -22.7730689
          ]
        ]
      }
    },
    {
      "type": "Feature",
      "properties": {
        "osmId": "way/60434994",
        "name": "Mini Canal Da Vila",
        "kind": "waterway",
        "category": "stream",
        "overlayColor": "#3b84a5"
      },
      "geometry": {
        "type": "LineString",
        "coordinates": [
          [
            -43.3523671,
            -22.7761539
          ],
          [
            -43.3524151,
            -22.7759833
          ],
          [
            -43.3524044,
            -22.7759437
          ],
          [
            -43.3524168,
            -22.7758925
          ],
          [
            -43.3524208,
            -22.7758758
          ],
          [
            -43.3525142,
            -22.7755317
          ],
          [
            -43.3526323,
            -22.7751289
          ],
          [
            -43.3526761,
            -22.7749047
          ],
          [
            -43.3526922,
            -22.7747944
          ]
        ]
      }
    },
    {
      "type": "Feature",
      "properties": {
        "osmId": "way/60434999",
        "name": "Sem nome cadastrado",
        "kind": "waterway",
        "category": "ditch",
        "overlayColor": "#3b84a5"
      },
      "geometry": {
        "type": "LineString",
        "coordinates": [
          [
            -43.3473871,
            -22.7783534
          ],
          [
            -43.3477677,
            -22.7783754
          ],
          [
            -43.347993,
            -22.7783853
          ],
          [
            -43.3486903,
            -22.7783259
          ],
          [
            -43.3490444,
            -22.7782864
          ],
          [
            -43.3491839,
            -22.7782171
          ],
          [
            -43.349731,
            -22.7779401
          ],
          [
            -43.3499671,
            -22.7778313
          ],
          [
            -43.3501924,
            -22.7777819
          ],
          [
            -43.3502889,
            -22.7777522
          ],
          [
            -43.3505679,
            -22.7777324
          ],
          [
            -43.3508254,
            -22.7776038
          ]
        ]
      }
    },
    {
      "type": "Feature",
      "properties": {
        "osmId": "way/66833151",
        "name": "Sem nome cadastrado",
        "kind": "waterway",
        "category": "river",
        "overlayColor": "#3b84a5"
      },
      "geometry": {
        "type": "LineString",
        "coordinates": [
          [
            -43.3565004,
            -22.800042
          ],
          [
            -43.3564201,
            -22.8001335
          ],
          [
            -43.3562778,
            -22.8003053
          ],
          [
            -43.3561598,
            -22.8004438
          ],
          [
            -43.3559023,
            -22.8007702
          ],
          [
            -43.3558487,
            -22.800968
          ],
          [
            -43.3557414,
            -22.8013043
          ],
          [
            -43.3556019,
            -22.8021647
          ],
          [
            -43.3555268,
            -22.8024219
          ],
          [
            -43.3554088,
            -22.8025208
          ],
          [
            -43.35510820000028,
            -22.802545699999975
          ]
        ]
      }
    },
    {
      "type": "Feature",
      "properties": {
        "osmId": "way/68912823",
        "name": "Sem nome cadastrado",
        "kind": "waterway",
        "category": "stream",
        "overlayColor": "#3b84a5"
      },
      "geometry": {
        "type": "LineString",
        "coordinates": [
          [
            -43.3431764,
            -22.7901265
          ],
          [
            -43.3431871,
            -22.790987
          ],
          [
            -43.3431764,
            -22.7914223
          ],
          [
            -43.3431335,
            -22.7917783
          ],
          [
            -43.3431228,
            -22.7920454
          ],
          [
            -43.3429511,
            -22.7923718
          ],
          [
            -43.3428867,
            -22.7925399
          ],
          [
            -43.3425219,
            -22.7929653
          ],
          [
            -43.3423503,
            -22.7931928
          ],
          [
            -43.3422001,
            -22.7933807
          ],
          [
            -43.3420928,
            -22.7935291
          ],
          [
            -43.3409877,
            -22.7950226
          ],
          [
            -43.3409126,
            -22.7952303
          ],
          [
            -43.3408912,
            -22.7954083
          ],
          [
            -43.3408804,
            -22.7956061
          ],
          [
            -43.341095,
            -22.7962688
          ],
          [
            -43.3412989,
            -22.7969513
          ],
          [
            -43.3413632,
            -22.7971293
          ],
          [
            -43.3418782,
            -22.7988008
          ]
        ]
      }
    },
    {
      "type": "Feature",
      "properties": {
        "osmId": "way/69042544",
        "name": "Sem nome cadastrado",
        "kind": "waterway",
        "category": "stream",
        "overlayColor": "#3b84a5"
      },
      "geometry": {
        "type": "LineString",
        "coordinates": [
          [
            -43.3353017,
            -22.7965394
          ],
          [
            -43.3352802,
            -22.7967076
          ],
          [
            -43.3353231,
            -22.7968164
          ],
          [
            -43.3354626,
            -22.7968658
          ],
          [
            -43.3355485,
            -22.796945
          ],
          [
            -43.3356128,
            -22.7971032
          ],
          [
            -43.3357738,
            -22.7972417
          ],
          [
            -43.3358918,
            -22.7973208
          ],
          [
            -43.3359669,
            -22.7974296
          ],
          [
            -43.3359561,
            -22.7975285
          ],
          [
            -43.3359991,
            -22.7977164
          ],
          [
            -43.3360312,
            -22.7978351
          ],
          [
            -43.3359883,
            -22.7980033
          ],
          [
            -43.3359776,
            -22.7981121
          ],
          [
            -43.3361064,
            -22.7982011
          ]
        ]
      }
    },
    {
      "type": "Feature",
      "properties": {
        "osmId": "way/69043072",
        "name": "Sem nome cadastrado",
        "kind": "waterway",
        "category": "stream",
        "overlayColor": "#3b84a5"
      },
      "geometry": {
        "type": "LineString",
        "coordinates": [
          [
            -43.3367072,
            -22.7991308
          ],
          [
            -43.3367394,
            -22.7992297
          ],
          [
            -43.3367286,
            -22.7993583
          ],
          [
            -43.3366857,
            -22.7995066
          ],
          [
            -43.3365891,
            -22.7996847
          ],
          [
            -43.3364711,
            -22.7999418
          ],
          [
            -43.3362351,
            -22.8002089
          ],
          [
            -43.3359883,
            -22.800466
          ],
          [
            -43.3358489,
            -22.8006045
          ],
          [
            -43.3356128,
            -22.8008517
          ],
          [
            -43.3353553,
            -22.8012078
          ],
          [
            -43.3352266,
            -22.8013858
          ],
          [
            -43.3350978,
            -22.8013858
          ],
          [
            -43.3349798,
            -22.8015638
          ],
          [
            -43.334894,
            -22.8017419
          ],
          [
            -43.3347223,
            -22.8018705
          ],
          [
            -43.3345721,
            -22.8019199
          ],
          [
            -43.3344863,
            -22.8020683
          ],
          [
            -43.3344219,
            -22.8021968
          ],
          [
            -43.3341215,
            -22.8025924
          ],
          [
            -43.3340786,
            -22.8026815
          ],
          [
            -43.3340198,
            -22.8027892
          ],
          [
            -43.33392100000004,
            -22.802885799999956
          ]
        ]
      }
    },
    {
      "type": "Feature",
      "properties": {
        "osmId": "way/69043292",
        "name": "Sem nome cadastrado",
        "kind": "waterway",
        "category": "stream",
        "overlayColor": "#3b84a5"
      },
      "geometry": {
        "type": "LineString",
        "coordinates": [
          [
            -43.3361064,
            -22.7982011
          ],
          [
            -43.3361707,
            -22.7982703
          ],
          [
            -43.3363209,
            -22.7990714
          ],
          [
            -43.3364497,
            -22.7991209
          ],
          [
            -43.3367072,
            -22.7991308
          ]
        ]
      }
    },
    {
      "type": "Feature",
      "properties": {
        "osmId": "way/111679816",
        "name": "Sem nome cadastrado",
        "kind": "waterway",
        "category": "stream",
        "overlayColor": "#3b84a5"
      },
      "geometry": {
        "type": "LineString",
        "coordinates": [
          [
            -43.3826443,
            -22.7669794
          ],
          [
            -43.3816257,
            -22.7667571
          ]
        ]
      }
    },
    {
      "type": "Feature",
      "properties": {
        "osmId": "way/111679817",
        "name": "Sem nome cadastrado",
        "kind": "waterway",
        "category": "stream",
        "overlayColor": "#3b84a5"
      },
      "geometry": {
        "type": "LineString",
        "coordinates": [
          [
            -43.3846501,
            -22.767408
          ],
          [
            -43.3837167,
            -22.7672137
          ]
        ]
      }
    },
    {
      "type": "Feature",
      "properties": {
        "osmId": "way/111679819",
        "name": "Sem nome cadastrado",
        "kind": "waterway",
        "category": "stream",
        "overlayColor": "#3b84a5"
      },
      "geometry": {
        "type": "LineString",
        "coordinates": [
          [
            -43.3834485,
            -22.7671445
          ],
          [
            -43.3826443,
            -22.7669794
          ]
        ]
      }
    },
    {
      "type": "Feature",
      "properties": {
        "osmId": "way/111679820",
        "name": "Sem nome cadastrado",
        "kind": "waterway",
        "category": "stream",
        "overlayColor": "#3b84a5"
      },
      "geometry": {
        "type": "LineString",
        "coordinates": [
          [
            -43.385954,
            -22.7679304
          ],
          [
            -43.3856836,
            -22.7677244
          ],
          [
            -43.3855691,
            -22.7676515
          ],
          [
            -43.385485,
            -22.7676104
          ],
          [
            -43.3853416,
            -22.7675661
          ],
          [
            -43.3852186,
            -22.7675292
          ],
          [
            -43.3850328,
            -22.7674855
          ],
          [
            -43.3849023,
            -22.7674606
          ]
        ]
      }
    },
    {
      "type": "Feature",
      "properties": {
        "osmId": "way/111679822",
        "name": "Sem nome cadastrado",
        "kind": "waterway",
        "category": "stream",
        "overlayColor": "#3b84a5"
      },
      "geometry": {
        "type": "LineString",
        "coordinates": [
          [
            -43.3849023,
            -22.7674606
          ],
          [
            -43.3846501,
            -22.767408
          ]
        ]
      }
    },
    {
      "type": "Feature",
      "properties": {
        "osmId": "way/111679824",
        "name": "Sem nome cadastrado",
        "kind": "waterway",
        "category": "stream",
        "overlayColor": "#3b84a5"
      },
      "geometry": {
        "type": "LineString",
        "coordinates": [
          [
            -43.3816257,
            -22.7667571
          ],
          [
            -43.3812169,
            -22.7666696
          ],
          [
            -43.3802352,
            -22.7664619
          ],
          [
            -43.3798758,
            -22.7663926
          ],
          [
            -43.3782879,
            -22.7661206
          ],
          [
            -43.3768825,
            -22.7658584
          ],
          [
            -43.376684,
            -22.7658337
          ],
          [
            -43.3756433,
            -22.7656754
          ],
          [
            -43.3750317,
            -22.7655418
          ],
          [
            -43.374565,
            -22.7654429
          ],
          [
            -43.3738945,
            -22.7653341
          ],
          [
            -43.3733366,
            -22.7652055
          ],
          [
            -43.3731917,
            -22.7651857
          ],
          [
            -43.3726875,
            -22.7651164
          ],
          [
            -43.3724179,
            -22.7650507
          ]
        ]
      }
    },
    {
      "type": "Feature",
      "properties": {
        "osmId": "way/111679829",
        "name": "Sem nome cadastrado",
        "kind": "waterway",
        "category": "stream",
        "overlayColor": "#3b84a5"
      },
      "geometry": {
        "type": "LineString",
        "coordinates": [
          [
            -43.3837167,
            -22.7672137
          ],
          [
            -43.3834485,
            -22.7671445
          ]
        ]
      }
    },
    {
      "type": "Feature",
      "properties": {
        "osmId": "way/111679969",
        "name": "Sem nome cadastrado",
        "kind": "waterway",
        "category": "stream",
        "overlayColor": "#3b84a5"
      },
      "geometry": {
        "type": "LineString",
        "coordinates": [
          [
            -43.3672909,
            -22.7666053
          ],
          [
            -43.3670978,
            -22.7652154
          ],
          [
            -43.3670924,
            -22.7650967
          ],
          [
            -43.3669958,
            -22.7642953
          ],
          [
            -43.3670227,
            -22.764048
          ],
          [
            -43.3666632,
            -22.7639787
          ],
          [
            -43.365467,
            -22.763766
          ],
          [
            -43.3635143,
            -22.7634002
          ],
          [
            -43.3633802,
            -22.7633359
          ],
          [
            -43.3634178,
            -22.7632024
          ],
          [
            -43.3634767,
            -22.7629884
          ],
          [
            -43.3635472,
            -22.7627748
          ],
          [
            -43.3636078,
            -22.7626652
          ]
        ]
      }
    },
    {
      "type": "Feature",
      "properties": {
        "osmId": "way/112582124",
        "name": "Sem nome cadastrado",
        "kind": "waterway",
        "category": "river",
        "overlayColor": "#3b84a5"
      },
      "geometry": {
        "type": "LineString",
        "coordinates": [
          [
            -43.37640657421387,
            -22.80962230616685
          ],
          [
            -43.3764066,
            -22.8096223
          ]
        ]
      }
    },
    {
      "type": "Feature",
      "properties": {
        "osmId": "way/283665736",
        "name": "Rio Pavuna",
        "kind": "waterway",
        "category": "river",
        "overlayColor": "#3b84a5"
      },
      "geometry": {
        "type": "MultiLineString",
        "coordinates": [
          [
            [
              -43.3904532,
              -22.8137689
            ],
            [
              -43.3902377,
              -22.813661
            ]
          ],
          [
            [
              -43.3902377,
              -22.813661
            ],
            [
              -43.3901217,
              -22.8136367
            ]
          ],
          [
            [
              -43.3901217,
              -22.8136367
            ],
            [
              -43.3900051,
              -22.813631
            ]
          ],
          [
            [
              -43.3900051,
              -22.813631
            ],
            [
              -43.3898691,
              -22.8136719
            ]
          ],
          [
            [
              -43.3898691,
              -22.8136719
            ],
            [
              -43.3896554,
              -22.8137362
            ]
          ],
          [
            [
              -43.3896554,
              -22.8137362
            ],
            [
              -43.3893825,
              -22.8138243
            ]
          ],
          [
            [
              -43.3893825,
              -22.8138243
            ],
            [
              -43.3892597,
              -22.8138884
            ]
          ],
          [
            [
              -43.3892597,
              -22.8138884
            ],
            [
              -43.3891896,
              -22.8139246
            ]
          ],
          [
            [
              -43.3891896,
              -22.8139246
            ],
            [
              -43.3891196,
              -22.8139607
            ]
          ],
          [
            [
              -43.3891196,
              -22.8139607
            ],
            [
              -43.3888621,
              -22.8141505
            ]
          ],
          [
            [
              -43.3888621,
              -22.8141505
            ],
            [
              -43.3888526,
              -22.8141574
            ]
          ],
          [
            [
              -43.3888526,
              -22.8141574
            ],
            [
              -43.3888494,
              -22.8141598
            ]
          ],
          [
            [
              -43.3888494,
              -22.8141598
            ],
            [
              -43.3886571,
              -22.8142859
            ]
          ],
          [
            [
              -43.3886571,
              -22.8142859
            ],
            [
              -43.3885457,
              -22.8143589
            ]
          ],
          [
            [
              -43.3885457,
              -22.8143589
            ],
            [
              -43.3885112,
              -22.8143815
            ]
          ],
          [
            [
              -43.3885112,
              -22.8143815
            ],
            [
              -43.3883698,
              -22.8144719
            ]
          ],
          [
            [
              -43.3883698,
              -22.8144719
            ],
            [
              -43.3883518,
              -22.8144834
            ]
          ],
          [
            [
              -43.3883518,
              -22.8144834
            ],
            [
              -43.3882623,
              -22.8145406
            ]
          ],
          [
            [
              -43.3882623,
              -22.8145406
            ],
            [
              -43.3879858,
              -22.8147174
            ]
          ],
          [
            [
              -43.3879858,
              -22.8147174
            ],
            [
              -43.3879057,
              -22.8147738
            ]
          ],
          [
            [
              -43.3879057,
              -22.8147738
            ],
            [
              -43.3878329,
              -22.8147925
            ]
          ],
          [
            [
              -43.3878329,
              -22.8147925
            ],
            [
              -43.3878062,
              -22.8147994
            ]
          ],
          [
            [
              -43.3878062,
              -22.8147994
            ],
            [
              -43.3878043,
              -22.8147995
            ]
          ],
          [
            [
              -43.3878043,
              -22.8147995
            ],
            [
              -43.387701,
              -22.814805
            ]
          ],
          [
            [
              -43.387701,
              -22.814805
            ],
            [
              -43.3875845,
              -22.8147908
            ]
          ],
          [
            [
              -43.3875845,
              -22.8147908
            ],
            [
              -43.3873815,
              -22.8147028
            ]
          ],
          [
            [
              -43.3873815,
              -22.8147028
            ],
            [
              -43.3871978,
              -22.8146231
            ]
          ],
          [
            [
              -43.3871978,
              -22.8146231
            ],
            [
              -43.3870059,
              -22.8145358
            ]
          ],
          [
            [
              -43.3870059,
              -22.8145358
            ],
            [
              -43.3865934,
              -22.8143481
            ]
          ],
          [
            [
              -43.3865934,
              -22.8143481
            ],
            [
              -43.3863672,
              -22.8142768
            ]
          ],
          [
            [
              -43.3863672,
              -22.8142768
            ],
            [
              -43.3863644,
              -22.8142759
            ]
          ],
          [
            [
              -43.3863644,
              -22.8142759
            ],
            [
              -43.3863614,
              -22.814275
            ]
          ],
          [
            [
              -43.3863614,
              -22.814275
            ],
            [
              -43.3863599,
              -22.8142746
            ]
          ],
          [
            [
              -43.3863599,
              -22.8142746
            ],
            [
              -43.3863471,
              -22.8142709
            ]
          ],
          [
            [
              -43.3863471,
              -22.8142709
            ],
            [
              -43.3863312,
              -22.8142663
            ]
          ],
          [
            [
              -43.3862726,
              -22.8142493
            ],
            [
              -43.3862491,
              -22.8142425
            ]
          ],
          [
            [
              -43.3862491,
              -22.8142425
            ],
            [
              -43.3862086,
              -22.8142308
            ]
          ],
          [
            [
              -43.3862086,
              -22.8142308
            ],
            [
              -43.3860877,
              -22.81421
            ]
          ],
          [
            [
              -43.3860877,
              -22.81421
            ],
            [
              -43.3860139,
              -22.8141973
            ]
          ],
          [
            [
              -43.3860139,
              -22.8141973
            ],
            [
              -43.3858427,
              -22.8141679
            ]
          ],
          [
            [
              -43.3858427,
              -22.8141679
            ],
            [
              -43.38568049999998,
              -22.81413999999995
            ]
          ],
          [
            [
              -43.38568049999998,
              -22.81413999999995
            ],
            [
              -43.3856417,
              -22.8141334
            ]
          ],
          [
            [
              -43.3856417,
              -22.8141334
            ],
            [
              -43.3854389,
              -22.8140985
            ]
          ],
          [
            [
              -43.3854389,
              -22.8140985
            ],
            [
              -43.3852739,
              -22.8140701
            ]
          ],
          [
            [
              -43.3852739,
              -22.8140701
            ],
            [
              -43.385246,
              -22.8140653
            ]
          ],
          [
            [
              -43.385246,
              -22.8140653
            ],
            [
              -43.3851809,
              -22.8140541
            ]
          ],
          [
            [
              -43.3851809,
              -22.8140541
            ],
            [
              -43.3851609,
              -22.8140507
            ]
          ],
          [
            [
              -43.3849463,
              -22.8140138
            ],
            [
              -43.3848545,
              -22.813998
            ]
          ],
          [
            [
              -43.3848545,
              -22.813998
            ],
            [
              -43.3848525,
              -22.8139977
            ]
          ],
          [
            [
              -43.3848525,
              -22.8139977
            ],
            [
              -43.3847857,
              -22.8139678
            ]
          ],
          [
            [
              -43.3847857,
              -22.8139678
            ],
            [
              -43.3847189,
              -22.813938
            ]
          ],
          [
            [
              -43.3847189,
              -22.813938
            ],
            [
              -43.3846081,
              -22.8138612
            ]
          ],
          [
            [
              -43.3846081,
              -22.8138612
            ],
            [
              -43.3845597,
              -22.8138041
            ]
          ],
          [
            [
              -43.3845597,
              -22.8138041
            ],
            [
              -43.3845122,
              -22.813748
            ]
          ],
          [
            [
              -43.3845122,
              -22.813748
            ],
            [
              -43.384484,
              -22.8137147
            ]
          ],
          [
            [
              -43.384484,
              -22.8137147
            ],
            [
              -43.384483,
              -22.8137134
            ]
          ],
          [
            [
              -43.384483,
              -22.8137134
            ],
            [
              -43.384392,
              -22.8135315
            ]
          ],
          [
            [
              -43.384392,
              -22.8135315
            ],
            [
              -43.3843096,
              -22.8133243
            ]
          ],
          [
            [
              -43.3843096,
              -22.8133243
            ],
            [
              -43.3842925,
              -22.8132813
            ]
          ],
          [
            [
              -43.3842925,
              -22.8132813
            ],
            [
              -43.3840878,
              -22.8129032
            ]
          ],
          [
            [
              -43.3840878,
              -22.8129032
            ],
            [
              -43.3840788,
              -22.8128867
            ]
          ],
          [
            [
              -43.3840788,
              -22.8128867
            ],
            [
              -43.3839741,
              -22.8126957
            ]
          ],
          [
            [
              -43.3839741,
              -22.8126957
            ],
            [
              -43.3838263,
              -22.8125109
            ]
          ],
          [
            [
              -43.3838263,
              -22.8125109
            ],
            [
              -43.3837743,
              -22.8124691
            ]
          ],
          [
            [
              -43.3837743,
              -22.8124691
            ],
            [
              -43.3837219,
              -22.8124269
            ]
          ],
          [
            [
              -43.3837219,
              -22.8124269
            ],
            [
              -43.3837097,
              -22.8124171
            ]
          ],
          [
            [
              -43.3837097,
              -22.8124171
            ],
            [
              -43.3835704,
              -22.8123176
            ]
          ],
          [
            [
              -43.3835704,
              -22.8123176
            ],
            [
              -43.3834226,
              -22.8122266
            ]
          ],
          [
            [
              -43.3834226,
              -22.8122266
            ],
            [
              -43.3832567,
              -22.8121036
            ]
          ],
          [
            [
              -43.3832567,
              -22.8121036
            ],
            [
              -43.3831587,
              -22.8120308
            ]
          ],
          [
            [
              -43.3831587,
              -22.8120308
            ],
            [
              -43.3830019,
              -22.8119338
            ]
          ],
          [
            [
              -43.3830019,
              -22.8119338
            ],
            [
              -43.3828711,
              -22.8118798
            ]
          ],
          [
            [
              -43.3828711,
              -22.8118798
            ],
            [
              -43.3828452,
              -22.8118751
            ]
          ],
          [
            [
              -43.3828452,
              -22.8118751
            ],
            [
              -43.3825925,
              -22.8118286
            ]
          ],
          [
            [
              -43.3825925,
              -22.8118286
            ],
            [
              -43.3823524,
              -22.8117836
            ]
          ],
          [
            [
              -43.3823524,
              -22.8117836
            ],
            [
              -43.3822286,
              -22.8117604
            ]
          ],
          [
            [
              -43.3822286,
              -22.8117604
            ],
            [
              -43.3821872,
              -22.811751
            ]
          ],
          [
            [
              -43.3821872,
              -22.811751
            ],
            [
              -43.3821478,
              -22.811742
            ]
          ],
          [
            [
              -43.3821478,
              -22.811742
            ],
            [
              -43.3820666,
              -22.8117235
            ]
          ],
          [
            [
              -43.3820666,
              -22.8117235
            ],
            [
              -43.3820387,
              -22.8117094
            ]
          ],
          [
            [
              -43.3820387,
              -22.8117094
            ],
            [
              -43.3816366,
              -22.811506
            ]
          ],
          [
            [
              -43.3816366,
              -22.811506
            ],
            [
              -43.3814341,
              -22.811396
            ]
          ],
          [
            [
              -43.3814341,
              -22.811396
            ],
            [
              -43.381266,
              -22.8112898
            ]
          ],
          [
            [
              -43.381266,
              -22.8112898
            ],
            [
              -43.3810943,
              -22.811181
            ]
          ],
          [
            [
              -43.3810943,
              -22.811181
            ],
            [
              -43.3809522,
              -22.8111606
            ]
          ],
          [
            [
              -43.3809522,
              -22.8111606
            ],
            [
              -43.3807632,
              -22.8111441
            ]
          ],
          [
            [
              -43.3807632,
              -22.8111441
            ],
            [
              -43.3805741,
              -22.8110952
            ]
          ],
          [
            [
              -43.3805741,
              -22.8110952
            ],
            [
              -43.3803026,
              -22.8110554
            ]
          ],
          [
            [
              -43.3803026,
              -22.8110554
            ],
            [
              -43.3801605,
              -22.8110213
            ]
          ],
          [
            [
              -43.3801605,
              -22.8110213
            ],
            [
              -43.380125,
              -22.8110078
            ]
          ],
          [
            [
              -43.380125,
              -22.8110078
            ],
            [
              -43.3800894,
              -22.8109943
            ]
          ],
          [
            [
              -43.3800894,
              -22.8109943
            ],
            [
              -43.3800184,
              -22.8109474
            ]
          ],
          [
            [
              -43.3800184,
              -22.8109474
            ],
            [
              -43.3799325,
              -22.8108627
            ]
          ],
          [
            [
              -43.3799325,
              -22.8108627
            ],
            [
              -43.3798526,
              -22.8107837
            ]
          ],
          [
            [
              -43.3798526,
              -22.8107837
            ],
            [
              -43.3798121,
              -22.8107505
            ]
          ],
          [
            [
              -43.3798121,
              -22.8107505
            ],
            [
              -43.3797124,
              -22.8106758
            ]
          ],
          [
            [
              -43.3797124,
              -22.8106758
            ],
            [
              -43.3796545,
              -22.8106475
            ]
          ],
          [
            [
              -43.3796545,
              -22.8106475
            ],
            [
              -43.3796062,
              -22.810629
            ]
          ],
          [
            [
              -43.3796062,
              -22.810629
            ],
            [
              -43.379518,
              -22.8106261
            ]
          ],
          [
            [
              -43.379518,
              -22.8106261
            ],
            [
              -43.3794358,
              -22.810638
            ]
          ],
          [
            [
              -43.3794358,
              -22.810638
            ],
            [
              -43.378663,
              -22.810749
            ]
          ],
          [
            [
              -43.378663,
              -22.810749
            ],
            [
              -43.3785486,
              -22.8107654
            ]
          ],
          [
            [
              -43.3785486,
              -22.8107654
            ],
            [
              -43.3779509,
              -22.8108258
            ]
          ],
          [
            [
              -43.3779509,
              -22.8108258
            ],
            [
              -43.3778661,
              -22.8108343
            ]
          ],
          [
            [
              -43.3778661,
              -22.8108343
            ],
            [
              -43.3771699,
              -22.8108877
            ]
          ],
          [
            [
              -43.3771699,
              -22.8108877
            ],
            [
              -43.3769965,
              -22.8108706
            ]
          ],
          [
            [
              -43.3769965,
              -22.8108706
            ],
            [
              -43.3769339,
              -22.8108592
            ]
          ],
          [
            [
              -43.3769339,
              -22.8108592
            ],
            [
              -43.376887,
              -22.8108379
            ]
          ],
          [
            [
              -43.376887,
              -22.8108379
            ],
            [
              -43.3768401,
              -22.8108166
            ]
          ],
          [
            [
              -43.3768401,
              -22.8108166
            ],
            [
              -43.3767718,
              -22.8107668
            ]
          ]
        ]
      }
    },
    {
      "type": "Feature",
      "properties": {
        "osmId": "way/306033725",
        "name": "Rio Sarapuí",
        "kind": "waterway",
        "category": "river",
        "overlayColor": "#3b84a5"
      },
      "geometry": {
        "type": "LineString",
        "coordinates": [
          [
            -43.3292903,
            -22.7559026
          ],
          [
            -43.32929029999997,
            -22.75590259999999
          ]
        ]
      }
    },
    {
      "type": "Feature",
      "properties": {
        "osmId": "way/306033730",
        "name": "Rio Sarapuí",
        "kind": "waterway",
        "category": "river",
        "overlayColor": "#3b84a5"
      },
      "geometry": {
        "type": "MultiLineString",
        "coordinates": [
          [
            [
              -43.41070799999995,
              -22.791674899999972
            ],
            [
              -43.4103457,
              -22.7914733
            ],
            [
              -43.41034569999996,
              -22.79147329999996
            ]
          ],
          [
            [
              -43.410336561854336,
              -22.79146412762907
            ],
            [
              -43.4102923,
              -22.7914197
            ]
          ]
        ]
      }
    },
    {
      "type": "Feature",
      "properties": {
        "osmId": "way/371748962",
        "name": "Rio Meriti",
        "kind": "waterway",
        "category": "river",
        "overlayColor": "#3b84a5"
      },
      "geometry": {
        "type": "LineString",
        "coordinates": [
          [
            -43.36163469999997,
            -22.804431799999975
          ],
          [
            -43.3616151,
            -22.8044176
          ],
          [
            -43.3615013,
            -22.8043345
          ],
          [
            -43.36148843483042,
            -22.804325178203396
          ]
        ]
      }
    },
    {
      "type": "Feature",
      "properties": {
        "osmId": "way/372252677",
        "name": "Rio Sarapuí",
        "kind": "waterway",
        "category": "river",
        "overlayColor": "#3b84a5"
      },
      "geometry": {
        "type": "MultiLineString",
        "coordinates": [
          [
            [
              -43.4023567,
              -22.7826189
            ],
            [
              -43.4022775,
              -22.7825987
            ],
            [
              -43.4022547,
              -22.7825929
            ],
            [
              -43.4020892,
              -22.7824458
            ],
            [
              -43.4015459,
              -22.7818688
            ],
            [
              -43.4014404901028,
              -22.781763791409517
            ]
          ],
          [
            [
              -43.40033520507066,
              -22.780662344929265
            ],
            [
              -43.4000649,
              -22.780393
            ],
            [
              -43.39982226425279,
              -22.78015125362074
            ]
          ],
          [
            [
              -43.399216801373356,
              -22.779547943819633
            ],
            [
              -43.3990317,
              -22.7793635
            ],
            [
              -43.398891353667786,
              -22.779223636164847
            ]
          ],
          [
            [
              -43.39869096681002,
              -22.779033695582367
            ],
            [
              -43.3984354,
              -22.778802
            ],
            [
              -43.39840755062852,
              -22.778776810399954
            ]
          ],
          [
            [
              -43.3983711580578,
              -22.778743806456564
            ],
            [
              -43.3983122,
              -22.7786903
            ],
            [
              -43.397415,
              -22.7778488
            ],
            [
              -43.397308,
              -22.7777491
            ],
            [
              -43.397281,
              -22.7777239
            ],
            [
              -43.39722054205933,
              -22.777667553970282
            ]
          ],
          [
            [
              -43.39717693184648,
              -22.777626879999964
            ],
            [
              -43.3971423,
              -22.7775945
            ]
          ]
        ]
      }
    },
    {
      "type": "Feature",
      "properties": {
        "osmId": "way/372252681",
        "name": "Rio Sarapuí",
        "kind": "waterway",
        "category": "river",
        "overlayColor": "#3b84a5"
      },
      "geometry": {
        "type": "MultiLineString",
        "coordinates": [
          [
            [
              -43.3917802,
              -22.7726722
            ],
            [
              -43.39177007790447,
              -22.772664269285976
            ]
          ],
          [
            [
              -43.39172171363582,
              -22.77262560037905
            ],
            [
              -43.3917069,
              -22.7726137
            ],
            [
              -43.3911135,
              -22.771996
            ],
            [
              -43.39093608058976,
              -22.771811329115227
            ]
          ],
          [
            [
              -43.3903953576985,
              -22.771128694230097
            ],
            [
              -43.3902649,
              -22.7709567
            ],
            [
              -43.3900027,
              -22.7707188
            ],
            [
              -43.3891307,
              -22.7698506
            ],
            [
              -43.3883891,
              -22.7691914
            ],
            [
              -43.3881649,
              -22.7689904
            ],
            [
              -43.3870597,
              -22.7679994
            ],
            [
              -43.3856305,
              -22.7667583
            ],
            [
              -43.385620649999936,
              -22.766750606218856
            ]
          ],
          [
            [
              -43.38544134713331,
              -22.76661034076645
            ],
            [
              -43.3853843,
              -22.7665657
            ],
            [
              -43.3851884,
              -22.7664724
            ],
            [
              -43.3851536,
              -22.7664558
            ],
            [
              -43.3848398,
              -22.7663808
            ],
            [
              -43.38401,
              -22.7662509
            ],
            [
              -43.3838734,
              -22.7662296
            ],
            [
              -43.3827099,
              -22.7660475
            ],
            [
              -43.3817789,
              -22.7659018
            ],
            [
              -43.3814405,
              -22.7658486
            ],
            [
              -43.3811546,
              -22.7658461
            ],
            [
              -43.3809844,
              -22.7658815
            ],
            [
              -43.3808214,
              -22.7658955
            ],
            [
              -43.3806209,
              -22.7658897
            ],
            [
              -43.3804501,
              -22.7658501
            ],
            [
              -43.3791322,
              -22.7655439
            ],
            [
              -43.3789663,
              -22.7655101
            ],
            [
              -43.3778916,
              -22.7652913
            ],
            [
              -43.3771654,
              -22.7651696
            ],
            [
              -43.3759498,
              -22.7649658
            ],
            [
              -43.3756433,
              -22.7648979
            ],
            [
              -43.3755961,
              -22.7648874
            ],
            [
              -43.3739986,
              -22.7645333
            ],
            [
              -43.37399859999995,
              -22.764533299999975
            ]
          ],
          [
            [
              -43.37399187686229,
              -22.76452986901822
            ],
            [
              -43.3739647,
              -22.764516
            ],
            [
              -43.3738568,
              -22.7644606
            ],
            [
              -43.37373752929141,
              -22.764386093937155
            ]
          ],
          [
            [
              -43.37370039999998,
              -22.76436289999999
            ],
            [
              -43.3734147,
              -22.7642641
            ],
            [
              -43.373195,
              -22.7642366
            ],
            [
              -43.3729464,
              -22.7642393
            ],
            [
              -43.372669,
              -22.7642202
            ],
            [
              -43.3725692,
              -22.7641845
            ],
            [
              -43.3725306,
              -22.7641707
            ],
            [
              -43.3724534,
              -22.7641432
            ],
            [
              -43.3721348,
              -22.7640718
            ],
            [
              -43.3718986,
              -22.7640553
            ],
            [
              -43.3716185,
              -22.7640828
            ],
            [
              -43.3715064,
              -22.7641219
            ],
            [
              -43.371394,
              -22.7641612
            ],
            [
              -43.3712809,
              -22.7641673
            ],
            [
              -43.3712055,
              -22.7641714
            ],
            [
              -43.3704858,
              -22.7640208
            ],
            [
              -43.3695392,
              -22.7638228
            ],
            [
              -43.3684072,
              -22.763586
            ],
            [
              -43.3674184,
              -22.7633792
            ],
            [
              -43.3666758,
              -22.7632238
            ],
            [
              -43.3662354,
              -22.7631317
            ]
          ]
        ]
      }
    },
    {
      "type": "Feature",
      "properties": {
        "osmId": "way/372252686",
        "name": "Rio Sarapuí",
        "kind": "waterway",
        "category": "river",
        "overlayColor": "#3b84a5"
      },
      "geometry": {
        "type": "MultiLineString",
        "coordinates": [
          [
            [
              -43.4102923,
              -22.7914197
            ],
            [
              -43.4100673,
              -22.7913682
            ],
            [
              -43.41006729999998,
              -22.79136819999997
            ]
          ],
          [
            [
              -43.40961667881196,
              -22.790626701286126
            ],
            [
              -43.4096074,
              -22.7906114
            ],
            [
              -43.409542693698924,
              -22.790507070376236
            ]
          ],
          [
            [
              -43.40916189999999,
              -22.790002499999993
            ],
            [
              -43.40877508112042,
              -22.78984717359939
            ]
          ],
          [
            [
              -43.40874772857138,
              -22.78983618807451
            ],
            [
              -43.4087255,
              -22.7898272
            ],
            [
              -43.4086592,
              -22.7898029
            ],
            [
              -43.4082721,
              -22.7896609
            ],
            [
              -43.4082545,
              -22.7896515
            ],
            [
              -43.4081566,
              -22.7895996
            ],
            [
              -43.4081451,
              -22.7895935
            ],
            [
              -43.4081385,
              -22.7895899
            ],
            [
              -43.40813849999997,
              -22.78958989999996
            ]
          ],
          [
            [
              -43.40784762778533,
              -22.789213732298737
            ],
            [
              -43.4078047,
              -22.7891582
            ],
            [
              -43.40776992815294,
              -22.789113233614692
            ]
          ],
          [
            [
              -43.40677356475698,
              -22.78713845404724
            ],
            [
              -43.4067151,
              -22.7870327
            ],
            [
              -43.4065456,
              -22.786726
            ],
            [
              -43.406543859999935,
              -22.786722849999883
            ]
          ]
        ]
      }
    },
    {
      "type": "Feature",
      "properties": {
        "osmId": "way/372252693",
        "name": "Rio Sarapuí",
        "kind": "waterway",
        "category": "river",
        "overlayColor": "#3b84a5"
      },
      "geometry": {
        "type": "MultiLineString",
        "coordinates": [
          [
            [
              -43.40632459999998,
              -22.786351899999985
            ],
            [
              -43.406178955555504,
              -22.786248922716624
            ]
          ],
          [
            [
              -43.40614725562674,
              -22.786226491559777
            ],
            [
              -43.4060127,
              -22.7861312
            ],
            [
              -43.4057719,
              -22.7859608
            ],
            [
              -43.4057037,
              -22.7859125
            ],
            [
              -43.4055958,
              -22.7858737
            ],
            [
              -43.4055464,
              -22.785856
            ],
            [
              -43.4054227,
              -22.7858116
            ],
            [
              -43.4050335,
              -22.7856718
            ],
            [
              -43.4049918,
              -22.7856568
            ],
            [
              -43.40454449999996,
              -22.785496154205592
            ]
          ],
          [
            [
              -43.40433211538458,
              -22.785405884615365
            ],
            [
              -43.4039875,
              -22.7852465
            ],
            [
              -43.4039235,
              -22.7852169
            ],
            [
              -43.4038737,
              -22.7851939
            ],
            [
              -43.403771,
              -22.7851464
            ],
            [
              -43.403770999999985,
              -22.785146399999988
            ]
          ],
          [
            [
              -43.40253049999999,
              -22.7826076
            ],
            [
              -43.4023692,
              -22.7826221
            ],
            [
              -43.4023567,
              -22.7826189
            ]
          ]
        ]
      }
    },
    {
      "type": "Feature",
      "properties": {
        "osmId": "way/372252711",
        "name": "Rio Sarapuí",
        "kind": "waterway",
        "category": "river",
        "overlayColor": "#3b84a5"
      },
      "geometry": {
        "type": "LineString",
        "coordinates": [
          [
            -43.3662354,
            -22.7631317
          ],
          [
            -43.3658119,
            -22.7630431
          ],
          [
            -43.3656089,
            -22.7630006
          ],
          [
            -43.36556,
            -22.7629924
          ],
          [
            -43.3649885,
            -22.7628967
          ],
          [
            -43.3636078,
            -22.7626652
          ],
          [
            -43.3631762,
            -22.7625929
          ],
          [
            -43.3623542,
            -22.7624908
          ]
        ]
      }
    },
    {
      "type": "Feature",
      "properties": {
        "osmId": "way/372252713",
        "name": "Rio Sarapuí",
        "kind": "waterway",
        "category": "river",
        "overlayColor": "#3b84a5"
      },
      "geometry": {
        "type": "MultiLineString",
        "coordinates": [
          [
            [
              -43.3621962,
              -22.7624635
            ],
            [
              -43.3584509,
              -22.7617277
            ],
            [
              -43.3554796,
              -22.761144
            ],
            [
              -43.3554707,
              -22.7611424
            ],
            [
              -43.3535123,
              -22.760799
            ],
            [
              -43.3534595,
              -22.7607897
            ],
            [
              -43.3533152,
              -22.7607644
            ],
            [
              -43.351259,
              -22.7604038
            ],
            [
              -43.35125899902832,
              -22.76040379982956
            ]
          ],
          [
            [
              -43.34962180063687,
              -22.760116700111652
            ],
            [
              -43.3496218,
              -22.7601167
            ],
            [
              -43.3495909,
              -22.7601112
            ],
            [
              -43.34959089762652,
              -22.76011119953359
            ]
          ],
          [
            [
              -43.34737160119688,
              -22.759675100235174
            ],
            [
              -43.3473716,
              -22.7596751
            ],
            [
              -43.3435473,
              -22.7589235
            ],
            [
              -43.3419883,
              -22.7586171
            ],
            [
              -43.3383363,
              -22.7579489
            ],
            [
              -43.337019,
              -22.7577078
            ],
            [
              -43.3361689,
              -22.7575523
            ],
            [
              -43.3353307,
              -22.7573123
            ],
            [
              -43.3343364,
              -22.7570241
            ],
            [
              -43.3338365,
              -22.7568852
            ],
            [
              -43.3337431,
              -22.7568593
            ],
            [
              -43.3326638,
              -22.7566258
            ],
            [
              -43.3321329,
              -22.7565109
            ],
            [
              -43.332132873814636,
              -22.756510894334635
            ]
          ],
          [
            [
              -43.33125612134909,
              -22.75632120461893
            ],
            [
              -43.3312561,
              -22.7563212
            ],
            [
              -43.33125609587109,
              -22.756321199120784
            ]
          ],
          [
            [
              -43.32929030221609,
              -22.755902600471895
            ],
            [
              -43.3292903,
              -22.7559026
            ]
          ]
        ]
      }
    },
    {
      "type": "Feature",
      "properties": {
        "osmId": "way/372252715",
        "name": "Rio Sarapuí",
        "kind": "waterway",
        "category": "river",
        "overlayColor": "#3b84a5"
      },
      "geometry": {
        "type": "MultiLineString",
        "coordinates": [
          [
            [
              -43.3971423,
              -22.7775945
            ],
            [
              -43.397135008892874,
              -22.77758748402899
            ]
          ],
          [
            [
              -43.39603516275702,
              -22.776520305864338
            ],
            [
              -43.3955413,
              -22.7760411
            ],
            [
              -43.3953744,
              -22.775908
            ],
            [
              -43.3952311777443,
              -22.775793799999953
            ]
          ],
          [
            [
              -43.39520759999998,
              -22.77577499999999
            ],
            [
              -43.3946897,
              -22.7754921
            ],
            [
              -43.3941789,
              -22.7750471
            ],
            [
              -43.393787534789915,
              -22.77460145515749
            ]
          ],
          [
            [
              -43.393007685956405,
              -22.77373814674847
            ],
            [
              -43.3928678,
              -22.7735945
            ],
            [
              -43.3927274,
              -22.7734504
            ],
            [
              -43.392543852088515,
              -22.773295780548537
            ]
          ],
          [
            [
              -43.39223648620687,
              -22.77303685517239
            ],
            [
              -43.3922363,
              -22.7730367
            ],
            [
              -43.39223629999994,
              -22.773036699999942
            ]
          ],
          [
            [
              -43.392195700005814,
              -22.773004200004635
            ],
            [
              -43.3921957,
              -22.7730042
            ],
            [
              -43.3919213,
              -22.7727849
            ],
            [
              -43.3917802,
              -22.7726722
            ]
          ]
        ]
      }
    },
    {
      "type": "Feature",
      "properties": {
        "osmId": "way/550909385",
        "name": "Valao Do Formoso",
        "kind": "waterway",
        "category": "stream",
        "overlayColor": "#3b84a5"
      },
      "geometry": {
        "type": "LineString",
        "coordinates": [
          [
            -43.3508254,
            -22.7776038
          ],
          [
            -43.3512116,
            -22.7773268
          ],
          [
            -43.3512761,
            -22.777271
          ],
          [
            -43.3513833,
            -22.7771784
          ],
          [
            -43.351512,
            -22.7770795
          ],
          [
            -43.3515549,
            -22.776941
          ],
          [
            -43.3516944,
            -22.7768025
          ],
          [
            -43.3521236,
            -22.7765453
          ],
          [
            -43.3523423,
            -22.7762835
          ],
          [
            -43.3523671,
            -22.7761539
          ]
        ]
      }
    },
    {
      "type": "Feature",
      "properties": {
        "osmId": "way/550909386",
        "name": "Canal Sarapuí",
        "kind": "waterway",
        "category": "canal",
        "overlayColor": "#3b84a5"
      },
      "geometry": {
        "type": "LineString",
        "coordinates": [
          [
            -43.353438,
            -22.771518
          ],
          [
            -43.3534432,
            -22.7714903
          ],
          [
            -43.3536363,
            -22.7708572
          ],
          [
            -43.3537007,
            -22.7703922
          ],
          [
            -43.3537543,
            -22.7703032
          ],
          [
            -43.353808,
            -22.7698778
          ],
          [
            -43.3538938,
            -22.7696602
          ],
          [
            -43.3539475,
            -22.769403
          ],
          [
            -43.3540547,
            -22.7690369
          ],
          [
            -43.3540547,
            -22.7688094
          ],
          [
            -43.3540011,
            -22.7685819
          ],
          [
            -43.3539367,
            -22.768384
          ],
          [
            -43.3538385,
            -22.7681721
          ],
          [
            -43.3537848,
            -22.7680336
          ],
          [
            -43.3537205,
            -22.7678159
          ],
          [
            -43.3536561,
            -22.7675785
          ],
          [
            -43.3535274,
            -22.7673707
          ],
          [
            -43.3530124,
            -22.7666782
          ],
          [
            -43.3528514,
            -22.7664903
          ],
          [
            -43.3524545,
            -22.7659462
          ],
          [
            -43.3514138,
            -22.7645611
          ],
          [
            -43.3513172,
            -22.7644127
          ],
          [
            -43.3505233,
            -22.7634036
          ],
          [
            -43.3504053,
            -22.7632552
          ],
          [
            -43.3498152,
            -22.7624935
          ],
          [
            -43.3496542,
            -22.7622857
          ],
          [
            -43.3490212,
            -22.7614349
          ],
          [
            -43.3489461,
            -22.7613063
          ]
        ]
      }
    },
    {
      "type": "Feature",
      "properties": {
        "osmId": "way/570119904",
        "name": "Sem nome cadastrado",
        "kind": "waterway",
        "category": "stream",
        "overlayColor": "#3b84a5"
      },
      "geometry": {
        "type": "LineString",
        "coordinates": [
          [
            -43.3626647,
            -22.7776822
          ],
          [
            -43.3622884,
            -22.776975
          ],
          [
            -43.3622205,
            -22.7768536
          ]
        ]
      }
    },
    {
      "type": "Feature",
      "properties": {
        "osmId": "way/570373095",
        "name": "Sem nome cadastrado",
        "kind": "waterway",
        "category": "river",
        "overlayColor": "#3b84a5"
      },
      "geometry": {
        "type": "LineString",
        "coordinates": [
          [
            -43.382144,
            -22.7807883
          ],
          [
            -43.3818301,
            -22.7803174
          ],
          [
            -43.3817443,
            -22.780179
          ],
          [
            -43.381401,
            -22.7796052
          ],
          [
            -43.3812937,
            -22.7794371
          ],
          [
            -43.3806178,
            -22.7784281
          ],
          [
            -43.3805319,
            -22.7783588
          ],
          [
            -43.380371,
            -22.7782896
          ],
          [
            -43.3798453,
            -22.778161
          ],
          [
            -43.3796629,
            -22.7781214
          ],
          [
            -43.3791372,
            -22.7779631
          ],
          [
            -43.3789655,
            -22.7779335
          ],
          [
            -43.3784076,
            -22.777795
          ],
          [
            -43.3782252,
            -22.7777356
          ],
          [
            -43.3777424,
            -22.7775971
          ],
          [
            -43.37756,
            -22.7775675
          ],
          [
            -43.3770343,
            -22.7774389
          ],
          [
            -43.3768734,
            -22.7773993
          ],
          [
            -43.3763477,
            -22.7772509
          ],
          [
            -43.3761546,
            -22.7772015
          ],
          [
            -43.3757898,
            -22.7770926
          ],
          [
            -43.3754787,
            -22.7769937
          ],
          [
            -43.3747384,
            -22.7749361
          ],
          [
            -43.3746954,
            -22.7748075
          ],
          [
            -43.3746311,
            -22.7747284
          ],
          [
            -43.3745131,
            -22.7745899
          ],
          [
            -43.3740839,
            -22.7741744
          ],
          [
            -43.3739337,
            -22.774026
          ],
          [
            -43.3725926,
            -22.7728093
          ],
          [
            -43.3724424,
            -22.772651
          ],
          [
            -43.3716592,
            -22.7719585
          ],
          [
            -43.371509,
            -22.7717903
          ],
          [
            -43.3713266,
            -22.7715727
          ],
          [
            -43.3712408,
            -22.7713254
          ],
          [
            -43.37123,
            -22.7709593
          ],
          [
            -43.3714124,
            -22.7702669
          ],
          [
            -43.3714446,
            -22.7700591
          ],
          [
            -43.3715519,
            -22.7695348
          ],
          [
            -43.3715734,
            -22.7693765
          ],
          [
            -43.3719381,
            -22.7675958
          ],
          [
            -43.3719489,
            -22.7673683
          ],
          [
            -43.3720562,
            -22.7668143
          ],
          [
            -43.3721849,
            -22.7665768
          ],
          [
            -43.3723136,
            -22.7656073
          ],
          [
            -43.3723244,
            -22.7653006
          ],
          [
            -43.3724179,
            -22.7650507
          ],
          [
            -43.3724317,
            -22.7650138
          ],
          [
            -43.3725039,
            -22.7644436
          ],
          [
            -43.3725306,
            -22.7641707
          ]
        ]
      }
    },
    {
      "type": "Feature",
      "properties": {
        "osmId": "way/757989995",
        "name": "Sem nome cadastrado",
        "kind": "waterway",
        "category": "stream",
        "overlayColor": "#3b84a5"
      },
      "geometry": {
        "type": "LineString",
        "coordinates": [
          [
            -43.3418782,
            -22.7988008
          ],
          [
            -43.3419879,
            -22.7990119
          ]
        ]
      }
    },
    {
      "type": "Feature",
      "properties": {
        "osmId": "way/757989996",
        "name": "Sem nome cadastrado",
        "kind": "waterway",
        "category": "stream",
        "overlayColor": "#3b84a5"
      },
      "geometry": {
        "type": "LineString",
        "coordinates": [
          [
            -43.3419879,
            -22.7990119
          ],
          [
            -43.3418782,
            -22.7990679
          ],
          [
            -43.3417709,
            -22.7991668
          ],
          [
            -43.3418031,
            -22.7993053
          ],
          [
            -43.3418567,
            -22.7994536
          ],
          [
            -43.3418138,
            -22.7996119
          ],
          [
            -43.3418031,
            -22.7997404
          ],
          [
            -43.3417709,
            -22.7999185
          ],
          [
            -43.3417173,
            -22.8010163
          ],
          [
            -43.3416958,
            -22.8013625
          ],
          [
            -43.3416851,
            -22.8020548
          ],
          [
            -43.3416529,
            -22.8023021
          ],
          [
            -43.3416314,
            -22.8025394
          ],
          [
            -43.3414169,
            -22.8027867
          ],
          [
            -43.3413954,
            -22.8029449
          ],
          [
            -43.3415027,
            -22.8031032
          ],
          [
            -43.3415182,
            -22.8031956
          ],
          [
            -43.341538799999995,
            -22.80329229999996
          ]
        ]
      }
    },
    {
      "type": "Feature",
      "properties": {
        "osmId": "way/924941118",
        "name": "Sem nome cadastrado",
        "kind": "waterway",
        "category": "ditch",
        "overlayColor": "#3b84a5"
      },
      "geometry": {
        "type": "LineString",
        "coordinates": [
          [
            -43.3466237,
            -22.7782416
          ],
          [
            -43.346993,
            -22.7783186
          ],
          [
            -43.3471243,
            -22.7783225
          ],
          [
            -43.3473871,
            -22.7783534
          ]
        ]
      }
    },
    {
      "type": "Feature",
      "properties": {
        "osmId": "way/924941119",
        "name": "Sem nome cadastrado",
        "kind": "waterway",
        "category": "ditch",
        "overlayColor": "#3b84a5"
      },
      "geometry": {
        "type": "LineString",
        "coordinates": [
          [
            -43.3461365,
            -22.778085
          ],
          [
            -43.3466237,
            -22.7782416
          ]
        ]
      }
    },
    {
      "type": "Feature",
      "properties": {
        "osmId": "way/924941120",
        "name": "Sem nome cadastrado",
        "kind": "waterway",
        "category": "ditch",
        "overlayColor": "#3b84a5"
      },
      "geometry": {
        "type": "LineString",
        "coordinates": [
          [
            -43.3458482,
            -22.7780135
          ],
          [
            -43.3460439,
            -22.7780679
          ]
        ]
      }
    },
    {
      "type": "Feature",
      "properties": {
        "osmId": "way/924941121",
        "name": "Sem nome cadastrado",
        "kind": "waterway",
        "category": "ditch",
        "overlayColor": "#3b84a5"
      },
      "geometry": {
        "type": "LineString",
        "coordinates": [
          [
            -43.3460439,
            -22.7780679
          ],
          [
            -43.3461365,
            -22.778085
          ]
        ]
      }
    },
    {
      "type": "Feature",
      "properties": {
        "osmId": "way/924941122",
        "name": "Sem nome cadastrado",
        "kind": "waterway",
        "category": "ditch",
        "overlayColor": "#3b84a5"
      },
      "geometry": {
        "type": "LineString",
        "coordinates": [
          [
            -43.3457139,
            -22.7779718
          ],
          [
            -43.3458482,
            -22.7780135
          ]
        ]
      }
    },
    {
      "type": "Feature",
      "properties": {
        "osmId": "way/957213689",
        "name": "Canal Cabloco",
        "kind": "waterway",
        "category": "canal",
        "overlayColor": "#3b84a5"
      },
      "geometry": {
        "type": "LineString",
        "coordinates": [
          [
            -43.3311176,
            -22.7785558
          ],
          [
            -43.3308827,
            -22.778856
          ],
          [
            -43.3307908,
            -22.7790844
          ],
          [
            -43.3307506,
            -22.7795542
          ],
          [
            -43.3308659,
            -22.7800365
          ],
          [
            -43.3311216,
            -22.7802576
          ]
        ]
      }
    },
    {
      "type": "Feature",
      "properties": {
        "osmId": "way/957213690",
        "name": "Canal Cabloco",
        "kind": "waterway",
        "category": "canal",
        "overlayColor": "#3b84a5"
      },
      "geometry": {
        "type": "LineString",
        "coordinates": [
          [
            -43.3311216,
            -22.7802576
          ],
          [
            -43.3316342,
            -22.7804438
          ],
          [
            -43.3322105,
            -22.7804504
          ],
          [
            -43.3322797,
            -22.7806705
          ],
          [
            -43.3318055,
            -22.7809599
          ],
          [
            -43.3314704,
            -22.7812307
          ],
          [
            -43.3312877,
            -22.7815941
          ],
          [
            -43.3311189,
            -22.7819021
          ],
          [
            -43.3308606,
            -22.7821509
          ],
          [
            -43.3304636,
            -22.7821682
          ],
          [
            -43.3302303,
            -22.7822869
          ]
        ]
      }
    },
    {
      "type": "Feature",
      "properties": {
        "osmId": "way/1090890227",
        "name": "Rio Pavuna",
        "kind": "waterway",
        "category": "river",
        "overlayColor": "#3b84a5"
      },
      "geometry": {
        "type": "MultiLineString",
        "coordinates": [
          [
            [
              -43.37672898632954,
              -22.81073306546814
            ],
            [
              -43.3766326,
              -22.8106233
            ],
            [
              -43.376546,
              -22.8104849
            ],
            [
              -43.3765132,
              -22.8103276
            ],
            [
              -43.3765125,
              -22.8103229
            ],
            [
              -43.3764478,
              -22.8099069
            ],
            [
              -43.3764066,
              -22.8096223
            ],
            [
              -43.3763568,
              -22.8092787
            ],
            [
              -43.3763227,
              -22.8091706
            ],
            [
              -43.376272835934856,
              -22.809104320508098
            ]
          ],
          [
            [
              -43.37615701490101,
              -22.808950447846286
            ],
            [
              -43.3761296,
              -22.8089141
            ],
            [
              -43.37604338735047,
              -22.80879957055539
            ]
          ],
          [
            [
              -43.37581725872725,
              -22.80854593172748
            ],
            [
              -43.3757655,
              -22.8084997
            ],
            [
              -43.37570192209815,
              -22.808462794196394
            ]
          ],
          [
            [
              -43.37535157692302,
              -22.80824790769227
            ],
            [
              -43.3753511,
              -22.8082476
            ],
            [
              -43.37535109997524,
              -22.808247599982053
            ]
          ],
          [
            [
              -43.37484809199174,
              -22.80787207351126
            ],
            [
              -43.3748473,
              -22.8078715
            ],
            [
              -43.37475227942853,
              -22.807806805142828
            ]
          ],
          [
            [
              -43.37453758951094,
              -22.807660651311096
            ],
            [
              -43.374509,
              -22.8076412
            ],
            [
              -43.374463038688994,
              -22.80761967226216
            ]
          ],
          [
            [
              -43.372328343111235,
              -22.80717274222173
            ],
            [
              -43.3722661,
              -22.8071153
            ],
            [
              -43.3721868,
              -22.8070509
            ],
            [
              -43.37216271725765,
              -22.807031357446782
            ]
          ],
          [
            [
              -43.37198293048778,
              -22.80688544512193
            ],
            [
              -43.3718713,
              -22.8067948
            ],
            [
              -43.3717373,
              -22.806686
            ],
            [
              -43.3716227,
              -22.8065828
            ],
            [
              -43.3713429,
              -22.8063308
            ],
            [
              -43.37128122013854,
              -22.806275256041534
            ]
          ],
          [
            [
              -43.37111660336293,
              -22.806126986659226
            ],
            [
              -43.3710034,
              -22.806025
            ],
            [
              -43.3709411,
              -22.8059689
            ],
            [
              -43.370939339999985,
              -22.805967315999983
            ]
          ],
          [
            [
              -43.37079775535711,
              -22.805839049999967
            ],
            [
              -43.3706853,
              -22.805736
            ],
            [
              -43.3704334,
              -22.8055055
            ],
            [
              -43.370416361702084,
              -22.805489854255278
            ]
          ]
        ]
      }
    },
    {
      "type": "Feature",
      "properties": {
        "osmId": "way/1091123908",
        "name": "Rio Sarapuí",
        "kind": "waterway",
        "category": "river",
        "overlayColor": "#3b84a5"
      },
      "geometry": {
        "type": "LineString",
        "coordinates": [
          [
            -43.3623542,
            -22.7624908
          ],
          [
            -43.3623021,
            -22.7624843
          ],
          [
            -43.3621962,
            -22.7624635
          ]
        ]
      }
    },
    {
      "type": "Feature",
      "properties": {
        "osmId": "way/1117579343",
        "name": "valão do sobec",
        "kind": "waterway",
        "category": "stream",
        "overlayColor": "#3b84a5"
      },
      "geometry": {
        "type": "LineString",
        "coordinates": [
          [
            -43.3629687,
            -22.7730689
          ],
          [
            -43.3628936,
            -22.7729304
          ],
          [
            -43.3627971,
            -22.7728414
          ],
          [
            -43.3626898,
            -22.7727524
          ],
          [
            -43.362604,
            -22.7725941
          ],
          [
            -43.3625825,
            -22.7724655
          ],
          [
            -43.3624752,
            -22.7722676
          ],
          [
            -43.3624537,
            -22.7721192
          ],
          [
            -43.3624108,
            -22.7719511
          ],
          [
            -43.3623786,
            -22.7717928
          ],
          [
            -43.3623143,
            -22.7716048
          ],
          [
            -43.362188,
            -22.7713647
          ]
        ]
      }
    },
    {
      "type": "Feature",
      "properties": {
        "osmId": "way/1117579344",
        "name": "Sem nome cadastrado",
        "kind": "waterway",
        "category": "stream",
        "overlayColor": "#3b84a5"
      },
      "geometry": {
        "type": "LineString",
        "coordinates": [
          [
            -43.3622205,
            -22.7768536
          ],
          [
            -43.3621783,
            -22.7764859
          ],
          [
            -43.3620119,
            -22.7758098
          ],
          [
            -43.3617731,
            -22.7748183
          ],
          [
            -43.3617546,
            -22.7746621
          ],
          [
            -43.3618856,
            -22.7745172
          ],
          [
            -43.3629115,
            -22.7734533
          ],
          [
            -43.3630779,
            -22.7733553
          ],
          [
            -43.363187,
            -22.7732519
          ]
        ]
      }
    },
    {
      "type": "Feature",
      "properties": {
        "osmId": "way/1117579345",
        "name": "Sem nome cadastrado",
        "kind": "waterway",
        "category": "lock_gate",
        "overlayColor": "#3b84a5"
      },
      "geometry": {
        "type": "LineString",
        "coordinates": [
          [
            -43.3480733,
            -22.7604347
          ],
          [
            -43.3480839,
            -22.7602503
          ]
        ]
      }
    },
    {
      "type": "Feature",
      "properties": {
        "osmId": "way/1117579346",
        "name": "Sem nome cadastrado",
        "kind": "waterway",
        "category": "stream",
        "overlayColor": "#3b84a5"
      },
      "geometry": {
        "type": "LineString",
        "coordinates": [
          [
            -43.3480839,
            -22.7602503
          ],
          [
            -43.34809529975085,
            -22.759817309463035
          ]
        ]
      }
    },
    {
      "type": "Feature",
      "properties": {
        "osmId": "way/1117579347",
        "name": "Sem nome cadastrado",
        "kind": "waterway",
        "category": "stream",
        "overlayColor": "#3b84a5"
      },
      "geometry": {
        "type": "LineString",
        "coordinates": [
          [
            -43.3480587,
            -22.7605658
          ],
          [
            -43.3480733,
            -22.7604347
          ]
        ]
      }
    },
    {
      "type": "Feature",
      "properties": {
        "osmId": "way/1179844855",
        "name": "Sem nome cadastrado",
        "kind": "waterway",
        "category": "stream",
        "overlayColor": "#3b84a5"
      },
      "geometry": {
        "type": "LineString",
        "coordinates": [
          [
            -43.3756452,
            -22.7880479
          ],
          [
            -43.3757766,
            -22.7878106
          ]
        ]
      }
    },
    {
      "type": "Feature",
      "properties": {
        "osmId": "way/1179844856",
        "name": "Sem nome cadastrado",
        "kind": "waterway",
        "category": "stream",
        "overlayColor": "#3b84a5"
      },
      "geometry": {
        "type": "LineString",
        "coordinates": [
          [
            -43.3757766,
            -22.7878106
          ],
          [
            -43.3758664,
            -22.787651
          ],
          [
            -43.3759617,
            -22.7874817
          ]
        ]
      }
    },
    {
      "type": "Feature",
      "properties": {
        "osmId": "way/1456027352",
        "name": "valão do sobec",
        "kind": "waterway",
        "category": "canal",
        "overlayColor": "#3b84a5"
      },
      "geometry": {
        "type": "LineString",
        "coordinates": [
          [
            -43.362188,
            -22.7713647
          ],
          [
            -43.3621641,
            -22.7713278
          ],
          [
            -43.3618475,
            -22.7706776
          ],
          [
            -43.3617664,
            -22.7704271
          ],
          [
            -43.3617481,
            -22.7701394
          ],
          [
            -43.3615831,
            -22.7685929
          ]
        ]
      }
    },
    {
      "type": "Feature",
      "properties": {
        "osmId": "way/1456027353",
        "name": "valão do sobec",
        "kind": "waterway",
        "category": "canal",
        "overlayColor": "#3b84a5"
      },
      "geometry": {
        "type": "LineString",
        "coordinates": [
          [
            -43.3615831,
            -22.7685929
          ],
          [
            -43.3615073,
            -22.7680988
          ]
        ]
      }
    }
  ]
}
