{
  "type": "FeatureCollection",
  "features": [
    {
      "type": "Feature",
      "properties": {
        "id": "inea-water-3503",
        "name": "Rio Pavuna",
        "category": "Rio",
        "sourceDate": "BC25, edição 2018",
        "sourceUrl": "https://geoportal.inea.rj.gov.br/server/rest/services/BC_25/FeatureServer/118",
        "overlayColor": "#217ab2"
      },
      "geometry": {
        "type": "Polygon",
        "coordinates": [
          [
            [
              -43.39539691943219,
              -22.815366894291028
            ],
            [
              -43.394394242799926,
              -22.8150621976866
            ],
            [
              -43.39385521434656,
              -22.8149132600632
            ],
            [
              -43.39368015501503,
              -22.814871397521273
            ],
            [
              -43.39336907412337,
              -22.814806758749263
            ],
            [
              -43.39324083979278,
              -22.81479273202327
            ],
            [
              -43.39297639594378,
              -22.814772003549447
            ],
            [
              -43.39292480723395,
              -22.814760012888627
            ],
            [
              -43.392260711862264,
              -22.814476780403403
            ],
            [
              -43.391884716106624,
              -22.81431566326157
            ],
            [
              -43.39177132688513,
              -22.814290225038157
            ],
            [
              -43.391642901898315,
              -22.814275924018983
            ],
            [
              -43.39146483163653,
              -22.81424170571447
            ],
            [
              -43.3913151781528,
              -22.814176976110865
            ],
            [
              -43.3908776984469,
              -22.813967371121628
            ],
            [
              -43.39056299328741,
              -22.813805244041127
            ],
            [
              -43.39040983244769,
              -22.813730621895036
            ],
            [
              -43.39039158430404,
              -22.813751698406506
            ],
            [
              -43.390917668815234,
              -22.814025497003453
            ],
            [
              -43.3914294657971,
              -22.81426547929276
            ],
            [
              -43.391733117389315,
              -22.814319351381286
            ],
            [
              -43.391887391589705,
              -22.814341391966003
            ],
            [
              -43.39235266304484,
              -22.814547091199614
            ],
            [
              -43.39286690977997,
              -22.814765032904262
            ],
            [
              -43.39298934977854,
              -22.814801765713213
            ],
            [
              -43.39334932321259,
              -22.81482380539862
            ],
            [
              -43.393792555881646,
              -22.81492175775721
            ],
            [
              -43.39439044226498,
              -22.815095274751425
            ],
            [
              -43.39528877056017,
              -22.81535274525725
            ],
            [
              -43.39546482819467,
              -22.81541628508099
            ],
            [
              -43.395480318542674,
              -22.815399101491334
            ],
            [
              -43.39539691943219,
              -22.815366894291028
            ]
          ]
        ]
      }
    },
    {
      "type": "Feature",
      "properties": {
        "id": "inea-water-3504",
        "name": "Rio Pavuna",
        "category": "Rio",
        "sourceDate": "BC25, edição 2018",
        "sourceUrl": "https://geoportal.inea.rj.gov.br/server/rest/services/BC_25/FeatureServer/118",
        "overlayColor": "#217ab2"
      },
      "geometry": {
        "type": "Polygon",
        "coordinates": [
          [
            [
              -43.39528877056017,
              -22.81535274525725
            ],
            [
              -43.39439044226498,
              -22.815095274751425
            ],
            [
              -43.393792555881646,
              -22.81492175775721
            ],
            [
              -43.39334932321259,
              -22.81482380539862
            ],
            [
              -43.39298934977854,
              -22.814801765713213
            ],
            [
              -43.39286690977997,
              -22.814765032904262
            ],
            [
              -43.39235266304484,
              -22.814547091199614
            ],
            [
              -43.391887391589705,
              -22.814341391966003
            ],
            [
              -43.391733117389315,
              -22.814319351381286
            ],
            [
              -43.3914294657971,
              -22.81426547929276
            ],
            [
              -43.390917668815234,
              -22.814025497003453
            ],
            [
              -43.39039158430404,
              -22.813751698406506
            ],
            [
              -43.390258940597505,
              -22.813682664647605
            ],
            [
              -43.39011446271218,
              -22.813650831345115
            ],
            [
              -43.39001896010683,
              -22.813650830445788
            ],
            [
              -43.389845095074975,
              -22.813687563254803
            ],
            [
              -43.389578175392394,
              -22.81375857822012
            ],
            [
              -43.38933819490166,
              -22.813854081724855
            ],
            [
              -43.3892230996662,
              -22.813910403566634
            ],
            [
              -43.38881170209828,
              -22.814192015473488
            ],
            [
              -43.38810889810702,
              -22.81463769609709
            ],
            [
              -43.38787136377232,
              -22.814787072589663
            ],
            [
              -43.387775861166915,
              -22.814809112275
            ],
            [
              -43.3876191381126,
              -22.814809111375684
            ],
            [
              -43.38749180130549,
              -22.814772379466064
            ],
            [
              -43.38712203155637,
              -22.814603413041393
            ],
            [
              -43.38671063488778,
              -22.814436895470664
            ],
            [
              -43.38629678756656,
              -22.8142777226631
            ],
            [
              -43.38526339458985,
              -22.814089166306285
            ],
            [
              -43.38486913899942,
              -22.814018150441637
            ],
            [
              -43.38470751913655,
              -22.813954482038056
            ],
            [
              -43.384572835767635,
              -22.813856529679462
            ],
            [
              -43.3844503948697,
              -22.81371205089476
            ],
            [
              -43.38436958358932,
              -22.81355043013258
            ],
            [
              -43.384183476086434,
              -22.813060671037483
            ],
            [
              -43.383977777752136,
              -22.81274232722099
            ],
            [
              -43.38382840036024,
              -22.812556219718115
            ],
            [
              -43.38359086692486,
              -22.812370110416662
            ],
            [
              -43.38306682567333,
              -22.812012586735857
            ],
            [
              -43.38290765286576,
              -22.811929326601533
            ],
            [
              -43.382682363699985,
              -22.81188524813011
            ],
            [
              -43.38227831179454,
              -22.811811783411475
            ],
            [
              -43.38204077925843,
              -22.81172852507573
            ],
            [
              -43.38163917620687,
              -22.811500787056083
            ],
            [
              -43.38118614902145,
              -22.811251009350986
            ],
            [
              -43.38105881131497,
              -22.811197136363134
            ],
            [
              -43.38058374444415,
              -22.81111877573534
            ],
            [
              -43.380155205797955,
              -22.81103796535421
            ],
            [
              -43.379998482743645,
              -22.810964500635585
            ],
            [
              -43.37983931083539,
              -22.810797982165525
            ],
            [
              -43.37970952427503,
              -22.810670645358435
            ],
            [
              -43.37961157281569,
              -22.81062656688699
            ],
            [
              -43.37952096791821,
              -22.810631464594852
            ],
            [
              -43.37917078900057,
              -22.8106853375827
            ],
            [
              -43.378103112968176,
              -22.81082736841273
            ],
            [
              -43.37714073675545,
              -22.810903281085995
            ],
            [
              -43.37695217860004,
              -22.810878792546646
            ],
            [
              -43.376778313568195,
              -22.81079798216552
            ],
            [
              -43.37662893707568,
              -22.81065840108876
            ],
            [
              -43.37653098741504,
              -22.81049678032657
            ],
            [
              -43.376467317212814,
              -22.810315569632237
            ],
            [
              -43.37638571093169,
              -22.809674057136455
            ],
            [
              -43.376379160269884,
              -22.809622560157468
            ],
            [
              -43.3763228384281,
              -22.809265036476663
            ],
            [
              -43.376161216766604,
              -22.808983423670533
            ],
            [
              -43.37590654225301,
              -22.80866263189937
            ],
            [
              -43.37568859964904,
              -22.808483869159716
            ],
            [
              -43.375127824689244,
              -22.808109202602072
            ],
            [
              -43.37456460267413,
              -22.80770270274202
            ],
            [
              -43.37431972177763,
              -22.807577813889477
            ],
            [
              -43.374148305599704,
              -22.807516595239147
            ],
            [
              -43.3739548524344,
              -22.80748476013806
            ],
            [
              -43.37339162862065,
              -22.807413745172674
            ],
            [
              -43.372465983418294,
              -22.807242328994768
            ],
            [
              -43.37231415717247,
              -22.80718600715298
            ],
            [
              -43.37216478157927,
              -22.807070914615533
            ],
            [
              -43.371665226169114,
              -22.80664727187858
            ],
            [
              -43.37149678944513,
              -22.806488405739845
            ],
            [
              -43.371435306394176,
              -22.806437282878832
            ],
            [
              -43.37123423327313,
              -22.8062666167355
            ],
            [
              -43.37070746797514,
              -22.80576900206235
            ],
            [
              -43.370479270401916,
              -22.805572367994902
            ],
            [
              -43.3702928670221,
              -22.805385874682884
            ],
            [
              -43.37005622121751,
              -22.805312213012783
            ],
            [
              -43.36945334089887,
              -22.805208639891376
            ],
            [
              -43.36945037583405,
              -22.80520813177442
            ],
            [
              -43.36941482473424,
              -22.805202024478394
            ],
            [
              -43.36807488344897,
              -22.8050879229938
            ],
            [
              -43.367330257385326,
              -22.804847136710542
            ],
            [
              -43.36628743861428,
              -22.80442194264309
            ],
            [
              -43.36553707217803,
              -22.804077462729293
            ],
            [
              -43.36523702506855,
              -22.804048477579713
            ],
            [
              -43.36262766643352,
              -22.804352008662853
            ],
            [
              -43.361521387901625,
              -22.804479586488267
            ],
            [
              -43.361503742303746,
              -22.804394534005095
            ],
            [
              -43.36147791467391,
              -22.804396567372216
            ],
            [
              -43.36140604085597,
              -22.804402224107918
            ],
            [
              -43.361010765434344,
              -22.80444972809701
            ],
            [
              -43.36062649591593,
              -22.804513508915846
            ],
            [
              -43.36023492210387,
              -22.8045446119688
            ],
            [
              -43.35983829410185,
              -22.8045585046958
            ],
            [
              -43.35944557275485,
              -22.804547147157642
            ],
            [
              -43.35905560962858,
              -22.80449255920881
            ],
            [
              -43.3586604870917,
              -22.80446212165416
            ],
            [
              -43.358267504941296,
              -22.804431884648327
            ],
            [
              -43.35787838537908,
              -22.804380192516465
            ],
            [
              -43.357485053392395,
              -22.804314185875555
            ],
            [
              -43.357091599997204,
              -22.804266511914577
            ],
            [
              -43.356878710683816,
              -22.804254144437767
            ],
            [
              -43.3567003796187,
              -22.804243785147133
            ],
            [
              -43.35630567886386,
              -22.80420268792827
            ],
            [
              -43.355910023029026,
              -22.80414378952882
            ],
            [
              -43.35551931256612,
              -22.804094875402754
            ],
            [
              -43.35512059633834,
              -22.804088142178596
            ],
            [
              -43.35472205997496,
              -22.804050162909256
            ],
            [
              -43.35465610099816,
              -22.80405119802895
            ],
            [
              -43.35426526103287,
              -22.804021244309578
            ],
            [
              -43.35387388687025,
              -22.80399525839902
            ],
            [
              -43.35347950807272,
              -22.80398432174364
            ],
            [
              -43.35308430999277,
              -22.80395233195911
            ],
            [
              -43.352694529428845,
              -22.803947853335316
            ],
            [
              -43.35230658168325,
              -22.80390419844457
            ],
            [
              -43.35191436665457,
              -22.80389969104248
            ],
            [
              -43.35151956877297,
              -22.803866890968827
            ],
            [
              -43.351125630643196,
              -22.80386787392779
            ],
            [
              -43.35073622239861,
              -22.803832507189036
            ],
            [
              -43.35034571967913,
              -22.803807063569696
            ],
            [
              -43.34995423759784,
              -22.80378215055036
            ],
            [
              -43.34955541255215,
              -22.803752192334397
            ],
            [
              -43.34915892304576,
              -22.803746822482427
            ],
            [
              -43.34876602543159,
              -22.803710060895177
            ],
            [
              -43.34852090801337,
              -22.803708021232733
            ],
            [
              -43.34846669957841,
              -22.803773466696722
            ],
            [
              -43.34804830078832,
              -22.803761172065023
            ],
            [
              -43.34691775584964,
              -22.80366525577154
            ],
            [
              -43.34637386925852,
              -22.803581894013806
            ],
            [
              -43.34505371755488,
              -22.803568194641056
            ],
            [
              -43.3436229834138,
              -22.803456184080236
            ],
            [
              -43.34154265456971,
              -22.803337404322356
            ],
            [
              -43.341529644977015,
              -22.80333642406128
            ],
            [
              -43.33944883409628,
              -22.803179597584922
            ],
            [
              -43.33656486477657,
              -22.803084763175853
            ],
            [
              -43.33536946432918,
              -22.803017381471534
            ],
            [
              -43.33515470892258,
              -22.803005273898872
            ],
            [
              -43.33427532484626,
              -22.802937798665024
            ],
            [
              -43.33396878193361,
              -22.802907383593446
            ],
            [
              -43.33172162884995,
              -22.802684412879977
            ],
            [
              -43.33090500935856,
              -22.802659243553833
            ],
            [
              -43.33090477103821,
              -22.802659235459966
            ],
            [
              -43.3294940234303,
              -22.802615748742394
            ],
            [
              -43.328343108847264,
              -22.80249357854044
            ],
            [
              -43.327731211026446,
              -22.8022604787627
            ],
            [
              -43.32761229277298,
              -22.802166085920742
            ],
            [
              -43.32760536079866,
              -22.802160584767805
            ],
            [
              -43.32760517284032,
              -22.80216043548032
            ],
            [
              -43.32760512337762,
              -22.80216058296915
            ],
            [
              -43.32751346987061,
              -22.80247537176561
            ],
            [
              -43.32773548370551,
              -22.80255422252397
            ],
            [
              -43.327772840643945,
              -22.80255290231921
            ],
            [
              -43.32815327005727,
              -22.802652620946294
            ],
            [
              -43.328544306974095,
              -22.802697180555032
            ],
            [
              -43.32893594463803,
              -22.802732532904685
            ],
            [
              -43.32932964624604,
              -22.80277440893641
            ],
            [
              -43.32950868327902,
              -22.80280635915075
            ],
            [
              -43.32989841977616,
              -22.80283780664407
            ],
            [
              -43.33028853218991,
              -22.80284649859166
            ],
            [
              -43.33068319157593,
              -22.802841781647512
            ],
            [
              -43.331077784412116,
              -22.802826587601505
            ],
            [
              -43.33146689498108,
              -22.802853507907635
            ],
            [
              -43.331856587411444,
              -22.80284873610487
            ],
            [
              -43.332251591237814,
              -22.802903804291706
            ],
            [
              -43.332640533633594,
              -22.802952576324916
            ],
            [
              -43.33303487555896,
              -22.802974039544907
            ],
            [
              -43.33342693230697,
              -22.802999180992025
            ],
            [
              -43.33382231834519,
              -22.803014874161725
            ],
            [
              -43.33421678167901,
              -22.803050334429948
            ],
            [
              -43.3346026681785,
              -22.803102320640182
            ],
            [
              -43.334992146570194,
              -22.803115149469143
            ],
            [
              -43.33538383819348,
              -22.803150997345263
            ],
            [
              -43.33538533916197,
              -22.803151134042192
            ],
            [
              -43.33577874938965,
              -22.80319326188414
            ],
            [
              -43.33617006059967,
              -22.803223718324546
            ],
            [
              -43.33657874131575,
              -22.803227621382195
            ],
            [
              -43.3369695390129,
              -22.803220230753602
            ],
            [
              -43.337366590595536,
              -22.803251193512324
            ],
            [
              -43.33776662702809,
              -22.803285258032826
            ],
            [
              -43.3381718057841,
              -22.80328875999288
            ],
            [
              -43.338564780739944,
              -22.803294572311245
            ],
            [
              -43.338959004854075,
              -22.803301841531326
            ],
            [
              -43.339348726962044,
              -22.803302831684913
            ],
            [
              -43.339745384641674,
              -22.80331021421962
            ],
            [
              -43.34013003637199,
              -22.8033840296738
            ],
            [
              -43.340523909750516,
              -22.80339607699192
            ],
            [
              -43.34091924272877,
              -22.803416448434916
            ],
            [
              -43.34130750343843,
              -22.803465823913196
            ],
            [
              -43.34170788610993,
              -22.8034793820924
            ],
            [
              -43.34210851969232,
              -22.803504411124262
            ],
            [
              -43.34250857501059,
              -22.803504867979832
            ],
            [
              -43.3429068343828,
              -22.80354910653062
            ],
            [
              -43.34329649623618,
              -22.803555143679493
            ],
            [
              -43.343684861267214,
              -22.803603973269325
            ],
            [
              -43.34407470298505,
              -22.803595199483414
            ],
            [
              -43.34446755383443,
              -22.803611470917257
            ],
            [
              -43.344855620290495,
              -22.803644851952914
            ],
            [
              -43.34524358062663,
              -22.803703065968314
            ],
            [
              -43.345643410215075,
              -22.803722297070905
            ],
            [
              -43.346037075850234,
              -22.803695316510243
            ],
            [
              -43.346427616341316,
              -22.803693226485784
            ],
            [
              -43.346817135202514,
              -22.803743504883414
            ],
            [
              -43.34720527540305,
              -22.803786996097582
            ],
            [
              -43.34759578711578,
              -22.803803507650333
            ],
            [
              -43.34799393137473,
              -22.8038252442642
            ],
            [
              -43.34838286657589,
              -22.803851220282176
            ],
            [
              -43.34877951796028,
              -22.803859483253113
            ],
            [
              -43.34917142542082,
              -22.803881424013067
            ],
            [
              -43.349563448893946,
              -22.803877626176057
            ],
            [
              -43.349955502944,
              -22.803919796286145
            ],
            [
              -43.35034941769135,
              -22.803953043322842
            ],
            [
              -43.35074023157632,
              -22.80398499353719
            ],
            [
              -43.35112823507984,
              -22.804023867631933
            ],
            [
              -43.35152514456962,
              -22.804043053768506
            ],
            [
              -43.35191540717017,
              -22.804056120018508
            ],
            [
              -43.35231032466162,
              -22.804062821766358
            ],
            [
              -43.35270524934766,
              -22.80408514653685
            ],
            [
              -43.35309557130346,
              -22.804109499278503
            ],
            [
              -43.35349541078443,
              -22.804120041131554
            ],
            [
              -43.35389210623561,
              -22.804165320197963
            ],
            [
              -43.35428600119786,
              -22.804200363180765
            ],
            [
              -43.35467620534246,
              -22.804218389191863
            ],
            [
              -43.35491388626673,
              -22.804242788698303
            ],
            [
              -43.35530386737946,
              -22.804271286415286
            ],
            [
              -43.35569479817627,
              -22.804309908699885
            ],
            [
              -43.35608496544871,
              -22.80435547554933
            ],
            [
              -43.35648570425172,
              -22.804396725652953
            ],
            [
              -43.35685849842082,
              -22.804430537463904
            ],
            [
              -43.35688114964523,
              -22.804432591515457
            ],
            [
              -43.35727022334203,
              -22.804488168718567
            ],
            [
              -43.35765753796489,
              -22.80454417849562
            ],
            [
              -43.35804970622883,
              -22.804601682046535
            ],
            [
              -43.35844580363079,
              -22.804623914186863
            ],
            [
              -43.35883643405407,
              -22.80467977557576
            ],
            [
              -43.35922845392986,
              -22.80471713521214
            ],
            [
              -43.35962335883084,
              -22.80474955757061
            ],
            [
              -43.36001209887916,
              -22.804719239625776
            ],
            [
              -43.36040435977327,
              -22.804695910312564
            ],
            [
              -43.360795495615484,
              -22.804660646995824
            ],
            [
              -43.36118494972555,
              -22.80461136864429
            ],
            [
              -43.36149240275205,
              -22.80455955420458
            ],
            [
              -43.361569816393796,
              -22.804546508639
            ],
            [
              -43.361958237182755,
              -22.804510220994445
            ],
            [
              -43.36235320593557,
              -22.804463976955525
            ],
            [
              -43.36273993599912,
              -22.804414305600275
            ],
            [
              -43.36313147833494,
              -22.80437768610589
            ],
            [
              -43.36352227333412,
              -22.80432200368208
            ],
            [
              -43.36391872776693,
              -22.804289858314853
            ],
            [
              -43.36430620606643,
              -22.804226462405875
            ],
            [
              -43.36461326608924,
              -22.80420830059716
            ],
            [
              -43.365009835635306,
              -22.804166490215934
            ],
            [
              -43.36540429986843,
              -22.804146151148515
            ],
            [
              -43.365775990569375,
              -22.804254633668936
            ],
            [
              -43.3660952615869,
              -22.80440520266255
            ],
            [
              -43.36644120469771,
              -22.804573655574266
            ],
            [
              -43.36679366069876,
              -22.804735130646325
            ],
            [
              -43.36684674318252,
              -22.80475201991433
            ],
            [
              -43.366882039774225,
              -22.804763942226682
            ],
            [
              -43.36721348131698,
              -22.80487589163365
            ],
            [
              -43.36746713330143,
              -22.8049575860483
            ],
            [
              -43.36758737175967,
              -22.804996312654257
            ],
            [
              -43.36779299994686,
              -22.80509598091932
            ],
            [
              -43.367856965126755,
              -22.805126985046872
            ],
            [
              -43.36793836366444,
              -22.80516643920432
            ],
            [
              -43.368095996832665,
              -22.805172839679333
            ],
            [
              -43.36848835215562,
              -22.80518254516286
            ],
            [
              -43.36888322917759,
              -22.805217744627754
            ],
            [
              -43.369268841383814,
              -22.80527018589489
            ],
            [
              -43.36966240899284,
              -22.80530085457533
            ],
            [
              -43.37004564429094,
              -22.80538117662452
            ],
            [
              -43.37015263393682,
              -22.805370349686445
            ],
            [
              -43.37017357195265,
              -22.805381276449296
            ],
            [
              -43.37031537255626,
              -22.805455278962498
            ],
            [
              -43.370346292147524,
              -22.8055338050656
            ],
            [
              -43.37042808278965,
              -22.80559406593791
            ],
            [
              -43.37073229016295,
              -22.805824307670218
            ],
            [
              -43.37101153595352,
              -22.80608111627503
            ],
            [
              -43.37128491456701,
              -22.806339941159866
            ],
            [
              -43.37176613010268,
              -22.806800598193533
            ],
            [
              -43.37201228174127,
              -22.806981838565473
            ],
            [
              -43.372280086356795,
              -22.807218299109724
            ],
            [
              -43.37244168373662,
              -22.80727657427896
            ],
            [
              -43.37280203668452,
              -22.807356746141426
            ],
            [
              -43.37341064838261,
              -22.807457514277324
            ],
            [
              -43.373806169319145,
              -22.80751302762864
            ],
            [
              -43.37403996157485,
              -22.80752941147764
            ],
            [
              -43.374176760149226,
              -22.8075597959723
            ],
            [
              -43.374425704182784,
              -22.80766203899636
            ],
            [
              -43.374690476284336,
              -22.807842561709336
            ],
            [
              -43.37479150162637,
              -22.807915750336083
            ],
            [
              -43.37501252800564,
              -22.80808047465866
            ],
            [
              -43.375192165785684,
              -22.80821136019058
            ],
            [
              -43.37539896039356,
              -22.80835236669282
            ],
            [
              -43.37541635777859,
              -22.808363832149617
            ],
            [
              -43.37541645400603,
              -22.808363923880453
            ],
            [
              -43.375655489309274,
              -22.8085216955443
            ],
            [
              -43.37574719677559,
              -22.808583951112887
            ],
            [
              -43.37584647743285,
              -22.808673016371074
            ],
            [
              -43.3759179762335,
              -22.808755476108768
            ],
            [
              -43.376054267590234,
              -22.808943719501528
            ],
            [
              -43.37619391161962,
              -22.809120346351378
            ],
            [
              -43.37629156360464,
              -22.8092894099028
            ],
            [
              -43.37630168007837,
              -22.809323560758155
            ],
            [
              -43.376328030214324,
              -22.809533170244073
            ],
            [
              -43.37633926004867,
              -22.809677309085004
            ],
            [
              -43.37634003616364,
              -22.809687273573246
            ],
            [
              -43.37634170260736,
              -22.80971104265493
            ],
            [
              -43.37634729459188,
              -22.809732322413176
            ],
            [
              -43.37635676894962,
              -22.80982065202587
            ],
            [
              -43.376375001804774,
              -22.80994257761229
            ],
            [
              -43.37639710624132,
              -22.810074838207658
            ],
            [
              -43.37641421674261,
              -22.810184559094534
            ],
            [
              -43.37644349327246,
              -22.810369273547575
            ],
            [
              -43.376467611291105,
              -22.810446735752638
            ],
            [
              -43.376500670369516,
              -22.8105341327684
            ],
            [
              -43.37656223885614,
              -22.8106325662643
            ],
            [
              -43.376617407767014,
              -22.8107039319653
            ],
            [
              -43.376670680007756,
              -22.810754417207022
            ],
            [
              -43.37675785758893,
              -22.81082096164249
            ],
            [
              -43.376877280362066,
              -22.810879344730377
            ],
            [
              -43.37698769012968,
              -22.810925533910677
            ],
            [
              -43.377135080919125,
              -22.810950154650303
            ],
            [
              -43.37721324189749,
              -22.81094733797369
            ],
            [
              -43.377270377625734,
              -22.810943043710893
            ],
            [
              -43.37744650625115,
              -22.810926593312058
            ],
            [
              -43.3776350733998,
              -22.810912708678973
            ],
            [
              -43.37793332186522,
              -22.81089136057223
            ],
            [
              -43.37809099820089,
              -22.8108783338924
            ],
            [
              -43.37828491721501,
              -22.810856646741293
            ],
            [
              -43.37874252105042,
              -22.81079555489533
            ],
            [
              -43.37913546632859,
              -22.810740579338702
            ],
            [
              -43.37947623923691,
              -22.810698347175396
            ],
            [
              -43.37949866023485,
              -22.810688821556262
            ],
            [
              -43.37953193155328,
              -22.81065140975915
            ],
            [
              -43.37955826010551,
              -22.810649237896435
            ],
            [
              -43.37960152109321,
              -22.810648504049674
            ],
            [
              -43.379630435196304,
              -22.810666590315297
            ],
            [
              -43.37965764238618,
              -22.810680684490425
            ],
            [
              -43.379700404250116,
              -22.810705682945294
            ],
            [
              -43.37972078738431,
              -22.8107201602316
            ],
            [
              -43.37977619731356,
              -22.810773332647607
            ],
            [
              -43.37980449178378,
              -22.81080048497881
            ],
            [
              -43.379842665306626,
              -22.81085108623307
            ],
            [
              -43.37985350573456,
              -22.81088163170637
            ],
            [
              -43.37986843088328,
              -22.810896412963473
            ],
            [
              -43.379938634660164,
              -22.810956822224
            ],
            [
              -43.379999846115886,
              -22.81099519539635
            ],
            [
              -43.38006867033277,
              -22.811032290632113
            ],
            [
              -43.38012383384773,
              -22.81105479616632
            ],
            [
              -43.38018528632177,
              -22.811080979028358
            ],
            [
              -43.38024735842874,
              -22.81110418873175
            ],
            [
              -43.380314101614374,
              -22.811119496092253
            ],
            [
              -43.380640444900514,
              -22.81116905233432
            ],
            [
              -43.380862501003485,
              -22.811206528882604
            ],
            [
              -43.38105374723256,
              -22.811246222259726
            ],
            [
              -43.38112304898942,
              -22.811267608137992
            ],
            [
              -43.38126676514895,
              -22.811339510734218
            ],
            [
              -43.38133499761193,
              -22.811377230998797
            ],
            [
              -43.38141898979444,
              -22.811425136085575
            ],
            [
              -43.38149259840458,
              -22.811477812975106
            ],
            [
              -43.381564831052,
              -22.811531559158528
            ],
            [
              -43.38163993523471,
              -22.811564924006433
            ],
            [
              -43.38176070699092,
              -22.81161645426037
            ],
            [
              -43.38190183939827,
              -22.811692755440703
            ],
            [
              -43.38203259902508,
              -22.81176470660033
            ],
            [
              -43.38211182659939,
              -22.811803532131695
            ],
            [
              -43.38216252677904,
              -22.81182463742144
            ],
            [
              -43.38223750415739,
              -22.811844003422422
            ],
            [
              -43.3823676387554,
              -22.81186988860888
            ],
            [
              -43.38249271556623,
              -22.8118951811421
            ],
            [
              -43.38263222109998,
              -22.81191962651392
            ],
            [
              -43.38275655237288,
              -22.81194202053221
            ],
            [
              -43.38275743011121,
              -22.811941939593204
            ],
            [
              -43.38287483660429,
              -22.811973294456354
            ],
            [
              -43.38299872271279,
              -22.812025215915376
            ],
            [
              -43.383125536114505,
              -22.812093243332907
            ],
            [
              -43.38327173530223,
              -22.81220255862556
            ],
            [
              -43.38342640970092,
              -22.812311869421617
            ],
            [
              -43.383569302081526,
              -22.81241248017622
            ],
            [
              -43.38364160397674,
              -22.812460446416846
            ],
            [
              -43.38372032163539,
              -22.81251786992813
            ],
            [
              -43.38379770919681,
              -22.81258891726908
            ],
            [
              -43.383886726790884,
              -22.812689885054535
            ],
            [
              -43.38396085790714,
              -22.8127892565433
            ],
            [
              -43.38404219529099,
              -22.812905409381482
            ],
            [
              -43.38411753059945,
              -22.813026557953684
            ],
            [
              -43.38417032979674,
              -22.813117495600295
            ],
            [
              -43.38420720919521,
              -22.813203665041453
            ],
            [
              -43.38425664133081,
              -22.813324009619688
            ],
            [
              -43.3843058171596,
              -22.81344958915155
            ],
            [
              -43.384343745167605,
              -22.81355419289605
            ],
            [
              -43.38437105128287,
              -22.813634305403216
            ],
            [
              -43.384414375223116,
              -22.813710967211694
            ],
            [
              -43.384485075425744,
              -22.813803982292303
            ],
            [
              -43.38456769434351,
              -22.813894138428104
            ],
            [
              -43.38464222565807,
              -22.813951338008156
            ],
            [
              -43.38472682398361,
              -22.813997622516624
            ],
            [
              -43.38483256537046,
              -22.81404357967181
            ],
            [
              -43.38491664568652,
              -22.81406764103313
            ],
            [
              -43.38510402393143,
              -22.814105303741126
            ],
            [
              -43.385272674694086,
              -22.814136725154054
            ],
            [
              -43.38556113943491,
              -22.814185706729333
            ],
            [
              -43.38566270616883,
              -22.814205610524866
            ],
            [
              -43.38594510857979,
              -22.814256426717044
            ],
            [
              -43.38615398691683,
              -22.81428843538728
            ],
            [
              -43.38632036958927,
              -22.814313872711374
            ],
            [
              -43.38632774582869,
              -22.81431629548499
            ],
            [
              -43.38643473457524,
              -22.814388724184564
            ],
            [
              -43.38649421843331,
              -22.814431513028214
            ],
            [
              -43.38656381336914,
              -22.81445424519159
            ],
            [
              -43.38660603743859,
              -22.814468036295153
            ],
            [
              -43.386622313368946,
              -22.814475697619663
            ],
            [
              -43.38669159174344,
              -22.814466193584302
            ],
            [
              -43.38684269943092,
              -22.814531483465526
            ],
            [
              -43.38708113218837,
              -22.814634864131996
            ],
            [
              -43.38724996371474,
              -22.814708913409927
            ],
            [
              -43.38740048504423,
              -22.81477437596097
            ],
            [
              -43.38750949816467,
              -22.814815578400527
            ],
            [
              -43.3875939436055,
              -22.814841810725305
            ],
            [
              -43.38766208703555,
              -22.814846112182657
            ],
            [
              -43.38773346712572,
              -22.814848550244697
            ],
            [
              -43.387797509647214,
              -22.81484522455182
            ],
            [
              -43.38786590758542,
              -22.814827854146497
            ],
            [
              -43.38793414274636,
              -22.81479946434811
            ],
            [
              -43.38803646401146,
              -22.814747215535903
            ],
            [
              -43.38832141869841,
              -22.814564688234068
            ],
            [
              -43.38854584541434,
              -22.814418033989433
            ],
            [
              -43.38879801441669,
              -22.81424826896675
            ],
            [
              -43.38899935463638,
              -22.814109419038775
            ],
            [
              -43.38912354201773,
              -22.81401187317373
            ],
            [
              -43.389211923791144,
              -22.813951987318706
            ],
            [
              -43.38928120486361,
              -22.813909157106234
            ],
            [
              -43.389349329407935,
              -22.813873540355917
            ],
            [
              -43.38940555142494,
              -22.81386435557987
            ],
            [
              -43.389482598143275,
              -22.81384038864734
            ],
            [
              -43.389652733686596,
              -22.81378701748121
            ],
            [
              -43.38971026961315,
              -22.813765382490764
            ],
            [
              -43.38983275187986,
              -22.81372995369872
            ],
            [
              -43.3898811569897,
              -22.813714367548364
            ],
            [
              -43.38997866328458,
              -22.81369033676395
            ],
            [
              -43.39006694703187,
              -22.813680119566246
            ],
            [
              -43.390183325599885,
              -22.8136915004867
            ],
            [
              -43.39031806112951,
              -22.813749035513915
            ],
            [
              -43.39047535885061,
              -22.81382648602782
            ],
            [
              -43.39086709633932,
              -22.81403228868349
            ],
            [
              -43.39132209214074,
              -22.81425182398684
            ],
            [
              -43.39149517835966,
              -22.814312273716755
            ],
            [
              -43.391624536842755,
              -22.814338234446303
            ],
            [
              -43.391862206075814,
              -22.814374228911884
            ],
            [
              -43.39212797642484,
              -22.814481220356328
            ],
            [
              -43.39258470432054,
              -22.814678010905794
            ],
            [
              -43.39290186193125,
              -22.81481414937784
            ],
            [
              -43.392963342284304,
              -22.814830032304457
            ],
            [
              -43.393353053600435,
              -22.814860332262846
            ],
            [
              -43.39366407064023,
              -22.814922080613847
            ],
            [
              -43.39383133734622,
              -22.81496386491472
            ],
            [
              -43.395368435205,
              -22.815411672435015
            ],
            [
              -43.39544374061133,
              -22.815439677726953
            ],
            [
              -43.39546482819467,
              -22.81541628508099
            ],
            [
              -43.39528877056017,
              -22.81535274525725
            ]
          ]
        ]
      }
    },
    {
      "type": "Feature",
      "properties": {
        "id": "inea-water-3505",
        "name": "Rio Pavuna",
        "category": "Rio",
        "sourceDate": "BC25, edição 2018",
        "sourceUrl": "https://geoportal.inea.rj.gov.br/server/rest/services/BC_25/FeatureServer/118",
        "overlayColor": "#217ab2"
      },
      "geometry": {
        "type": "MultiPolygon",
        "coordinates": [
          [
            [
              [
                -43.33090477103821,
                -22.802659235459966
              ],
              [
                -43.33090500935856,
                -22.802659243553833
              ],
              [
                -43.33172162884995,
                -22.802684412879977
              ],
              [
                -43.33396878193361,
                -22.802907383593446
              ],
              [
                -43.33427532484626,
                -22.802937798665024
              ],
              [
                -43.33515470892258,
                -22.803005273898872
              ],
              [
                -43.33536946432918,
                -22.803017381471534
              ],
              [
                -43.33656486477657,
                -22.803084763175853
              ],
              [
                -43.33944883409628,
                -22.803179597584922
              ],
              [
                -43.341529644977015,
                -22.80333642406128
              ],
              [
                -43.34154265456971,
                -22.803337404322356
              ],
              [
                -43.3436229834138,
                -22.803456184080236
              ],
              [
                -43.34505371755488,
                -22.803568194641056
              ],
              [
                -43.34637386925852,
                -22.803581894013806
              ],
              [
                -43.34691775584964,
                -22.80366525577154
              ],
              [
                -43.34804830078832,
                -22.803761172065023
              ],
              [
                -43.34846669957841,
                -22.803773466696722
              ],
              [
                -43.34852090801337,
                -22.803708021232733
              ],
              [
                -43.34836765904009,
                -22.803706745994127
              ],
              [
                -43.34797312555918,
                -22.803684506659234
              ],
              [
                -43.347579520178606,
                -22.803641864405098
              ],
              [
                -43.34718202792811,
                -22.80362266118146
              ],
              [
                -43.34679754886764,
                -22.8035261063693
              ],
              [
                -43.34640744095054,
                -22.803484310377208
              ],
              [
                -43.34601574123337,
                -22.803509868210416
              ],
              [
                -43.34562593908572,
                -22.803499231029253
              ],
              [
                -43.34523622866891,
                -22.803489135240007
              ],
              [
                -43.344858908211904,
                -22.80337260108923
              ],
              [
                -43.34446889832089,
                -22.80336313212741
              ],
              [
                -43.344077987309156,
                -22.803339565393234
              ],
              [
                -43.343683578833975,
                -22.80332327597296
              ],
              [
                -43.343292532923954,
                -22.803310903999616
              ],
              [
                -43.34290228471252,
                -22.803288876005414
              ],
              [
                -43.34250297223428,
                -22.803283550220268
              ],
              [
                -43.34211378072626,
                -22.80325475842495
              ],
              [
                -43.34171483517139,
                -22.803219090413283
              ],
              [
                -43.34155296529702,
                -22.80320910434126
              ],
              [
                -43.341304561755976,
                -22.803193779893608
              ],
              [
                -43.340915366650734,
                -22.803125158024226
              ],
              [
                -43.34052127473694,
                -22.803131080059885
              ],
              [
                -43.34013407073064,
                -22.803066993471536
              ],
              [
                -43.33974548806373,
                -22.803036394938264
              ],
              [
                -43.33962966527673,
                -22.802851859450364
              ],
              [
                -43.339532587958445,
                -22.80300130519067
              ],
              [
                -43.33930977822359,
                -22.803036372455214
              ],
              [
                -43.3389158346979,
                -22.80302206244279
              ],
              [
                -43.33852205394954,
                -22.80300242574595
              ],
              [
                -43.33813097026797,
                -22.802993382163443
              ],
              [
                -43.337742054851844,
                -22.802966117417007
              ],
              [
                -43.337348975574635,
                -22.802968972764475
              ],
              [
                -43.33694729787937,
                -22.80291782112513
              ],
              [
                -43.33655338493066,
                -22.80290910489585
              ],
              [
                -43.33615214880251,
                -22.802925959989643
              ],
              [
                -43.3357614680172,
                -22.802955928098196
              ],
              [
                -43.33536632119865,
                -22.802912518722348
              ],
              [
                -43.334985299132136,
                -22.80282102799266
              ],
              [
                -43.334588048799276,
                -22.80282247859909
              ],
              [
                -43.33419679424657,
                -22.80278750396475
              ],
              [
                -43.334015974757335,
                -22.80278486625316
              ],
              [
                -43.33380382019005,
                -22.802781771686014
              ],
              [
                -43.33342246537439,
                -22.802685669232822
              ],
              [
                -43.333031194633804,
                -22.802644009038392
              ],
              [
                -43.33263991220207,
                -22.802611469768088
              ],
              [
                -43.33224952369642,
                -22.80262544793068
              ],
              [
                -43.33184918239374,
                -22.802544856984145
              ],
              [
                -43.331447886011006,
                -22.8025107645847
              ],
              [
                -43.33106155164916,
                -22.80255973267012
              ],
              [
                -43.330895390209946,
                -22.802525545841867
              ],
              [
                -43.33090477103821,
                -22.802659235459966
              ]
            ]
          ],
          [
            [
              [
                -43.361521387901625,
                -22.804479586488267
              ],
              [
                -43.36262766643352,
                -22.804352008662853
              ],
              [
                -43.36523702506855,
                -22.804048477579713
              ],
              [
                -43.36553707217803,
                -22.804077462729293
              ],
              [
                -43.36628743861428,
                -22.80442194264309
              ],
              [
                -43.367330257385326,
                -22.804847136710542
              ],
              [
                -43.36807488344897,
                -22.8050879229938
              ],
              [
                -43.36941482473424,
                -22.805202024478394
              ],
              [
                -43.36945037583405,
                -22.80520813177442
              ],
              [
                -43.36945334089887,
                -22.805208639891376
              ],
              [
                -43.37005622121751,
                -22.805312213012783
              ],
              [
                -43.3702928670221,
                -22.805385874682884
              ],
              [
                -43.370479270401916,
                -22.805572367994902
              ],
              [
                -43.37070746797514,
                -22.80576900206235
              ],
              [
                -43.37123423327313,
                -22.8062666167355
              ],
              [
                -43.371435306394176,
                -22.806437282878832
              ],
              [
                -43.37149678944513,
                -22.806488405739845
              ],
              [
                -43.371665226169114,
                -22.80664727187858
              ],
              [
                -43.37216478157927,
                -22.807070914615533
              ],
              [
                -43.37231415717247,
                -22.80718600715298
              ],
              [
                -43.372465983418294,
                -22.807242328994768
              ],
              [
                -43.37339162862065,
                -22.807413745172674
              ],
              [
                -43.3739548524344,
                -22.80748476013806
              ],
              [
                -43.374148305599704,
                -22.807516595239147
              ],
              [
                -43.37431972177763,
                -22.807577813889477
              ],
              [
                -43.37456460267413,
                -22.80770270274202
              ],
              [
                -43.375127824689244,
                -22.808109202602072
              ],
              [
                -43.37568859964904,
                -22.808483869159716
              ],
              [
                -43.37590654225301,
                -22.80866263189937
              ],
              [
                -43.376161216766604,
                -22.808983423670533
              ],
              [
                -43.3763228384281,
                -22.809265036476663
              ],
              [
                -43.376379160269884,
                -22.809622560157468
              ],
              [
                -43.37638571093169,
                -22.809674057136455
              ],
              [
                -43.376467317212814,
                -22.810315569632237
              ],
              [
                -43.37653098741504,
                -22.81049678032657
              ],
              [
                -43.37662893707568,
                -22.81065840108876
              ],
              [
                -43.376778313568195,
                -22.81079798216552
              ],
              [
                -43.37695217860004,
                -22.810878792546646
              ],
              [
                -43.37714073675545,
                -22.810903281085995
              ],
              [
                -43.378103112968176,
                -22.81082736841273
              ],
              [
                -43.37917078900057,
                -22.8106853375827
              ],
              [
                -43.37952096791821,
                -22.810631464594852
              ],
              [
                -43.37961157281569,
                -22.81062656688699
              ],
              [
                -43.37970952427503,
                -22.810670645358435
              ],
              [
                -43.37983931083539,
                -22.810797982165525
              ],
              [
                -43.379998482743645,
                -22.810964500635585
              ],
              [
                -43.380155205797955,
                -22.81103796535421
              ],
              [
                -43.38058374444415,
                -22.81111877573534
              ],
              [
                -43.38105881131497,
                -22.811197136363134
              ],
              [
                -43.38118614902145,
                -22.811251009350986
              ],
              [
                -43.38163917620687,
                -22.811500787056083
              ],
              [
                -43.38204077925843,
                -22.81172852507573
              ],
              [
                -43.38227831179454,
                -22.811811783411475
              ],
              [
                -43.382682363699985,
                -22.81188524813011
              ],
              [
                -43.38290765286576,
                -22.811929326601533
              ],
              [
                -43.38306682567333,
                -22.812012586735857
              ],
              [
                -43.38359086692486,
                -22.812370110416662
              ],
              [
                -43.38382840036024,
                -22.812556219718115
              ],
              [
                -43.383977777752136,
                -22.81274232722099
              ],
              [
                -43.384183476086434,
                -22.813060671037483
              ],
              [
                -43.38436958358932,
                -22.81355043013258
              ],
              [
                -43.3844503948697,
                -22.81371205089476
              ],
              [
                -43.384572835767635,
                -22.813856529679462
              ],
              [
                -43.38470751913655,
                -22.813954482038056
              ],
              [
                -43.38486913899942,
                -22.814018150441637
              ],
              [
                -43.38526339458985,
                -22.814089166306285
              ],
              [
                -43.38629678756656,
                -22.8142777226631
              ],
              [
                -43.38671063488778,
                -22.814436895470664
              ],
              [
                -43.38712203155637,
                -22.814603413041393
              ],
              [
                -43.38749180130549,
                -22.814772379466064
              ],
              [
                -43.3876191381126,
                -22.814809111375684
              ],
              [
                -43.387775861166915,
                -22.814809112275
              ],
              [
                -43.38787136377232,
                -22.814787072589663
              ],
              [
                -43.38810889810702,
                -22.81463769609709
              ],
              [
                -43.38881170209828,
                -22.814192015473488
              ],
              [
                -43.3892230996662,
                -22.813910403566634
              ],
              [
                -43.38933819490166,
                -22.813854081724855
              ],
              [
                -43.389578175392394,
                -22.81375857822012
              ],
              [
                -43.389845095074975,
                -22.813687563254803
              ],
              [
                -43.39001896010683,
                -22.813650830445788
              ],
              [
                -43.39011446271218,
                -22.813650831345115
              ],
              [
                -43.390258940597505,
                -22.813682664647605
              ],
              [
                -43.39039158430404,
                -22.813751698406506
              ],
              [
                -43.39040983244769,
                -22.813730621895036
              ],
              [
                -43.390236852348714,
                -22.813646343728117
              ],
              [
                -43.390158278581566,
                -22.81362604243224
              ],
              [
                -43.39007448874656,
                -22.813618693172483
              ],
              [
                -43.3899430330444,
                -22.81363849804261
              ],
              [
                -43.38972848088457,
                -22.81369133051481
              ],
              [
                -43.38952750489034,
                -22.81374953733562
              ],
              [
                -43.38939085470406,
                -22.81379683448068
              ],
              [
                -43.38929698436823,
                -22.813843118089764
              ],
              [
                -43.389119111957314,
                -22.813957822120106
              ],
              [
                -43.388914630405736,
                -22.8140904091694
              ],
              [
                -43.38871741357764,
                -22.814218103007406
              ],
              [
                -43.38851251204267,
                -22.814353124521382
              ],
              [
                -43.388325989952364,
                -22.814474332448793
              ],
              [
                -43.388172946923824,
                -22.814573482704393
              ],
              [
                -43.38800982879048,
                -22.814676051283044
              ],
              [
                -43.38787626058087,
                -22.814751103305106
              ],
              [
                -43.387812976187774,
                -22.814772770671162
              ],
              [
                -43.38776022015794,
                -22.814777204328866
              ],
              [
                -43.38770728426363,
                -22.814780371741076
              ],
              [
                -43.387647493736715,
                -22.814778231354616
              ],
              [
                -43.38759199657329,
                -22.814767283008017
              ],
              [
                -43.3875456212333,
                -22.814751100607133
              ],
              [
                -43.3874225885815,
                -22.814700725082695
              ],
              [
                -43.387204419348336,
                -22.81459736869792
              ],
              [
                -43.38702839234634,
                -22.814522164690498
              ],
              [
                -43.38684784265371,
                -22.814442125927695
              ],
              [
                -43.386722925022866,
                -22.814386584697473
              ],
              [
                -43.386654292361584,
                -22.814299823502367
              ],
              [
                -43.38663355669314,
                -22.814273784531892
              ],
              [
                -43.386591424354606,
                -22.814258928630963
              ],
              [
                -43.38653669791017,
                -22.814239631877854
              ],
              [
                -43.38646543473192,
                -22.814238757736792
              ],
              [
                -43.38634727011032,
                -22.814238463658487
              ],
              [
                -43.38620190819137,
                -22.81421477551582
              ],
              [
                -43.38607403269032,
                -22.81419523774439
              ],
              [
                -43.385918124421785,
                -22.814165480077165
              ],
              [
                -43.3857323838423,
                -22.814137499470334
              ],
              [
                -43.385579094399596,
                -22.814108762533678
              ],
              [
                -43.38557656910324,
                -22.814108104229987
              ],
              [
                -43.385408623409155,
                -22.81407470430846
              ],
              [
                -43.3852979717239,
                -22.81405678531671
              ],
              [
                -43.38520550882703,
                -22.814041397916522
              ],
              [
                -43.38509404235606,
                -22.81401832311148
              ],
              [
                -43.38500290416056,
                -22.813997892313235
              ],
              [
                -43.384916029650924,
                -22.81397940135263
              ],
              [
                -43.384822383246274,
                -22.813948738967493
              ],
              [
                -43.38475156972902,
                -22.81391487769377
              ],
              [
                -43.384675959228,
                -22.81386651665074
              ],
              [
                -43.38461139420036,
                -22.813814926142282
              ],
              [
                -43.384556728010466,
                -22.813750070633592
              ],
              [
                -43.38450390543078,
                -22.81368595616629
              ],
              [
                -43.38446612581094,
                -22.813626509180374
              ],
              [
                -43.3844469225873,
                -22.81357790711906
              ],
              [
                -43.38441991234895,
                -22.81350583634963
              ],
              [
                -43.38438265433592,
                -22.813410451555466
              ],
              [
                -43.38434789823679,
                -22.81332601870514
              ],
              [
                -43.3843477273656,
                -22.8133240303041
              ],
              [
                -43.384303371902945,
                -22.81321918014538
              ],
              [
                -43.38426275222412,
                -22.813119787072885
              ],
              [
                -43.38423548118237,
                -22.813053221953005
              ],
              [
                -43.3841852000868,
                -22.812971793737642
              ],
              [
                -43.38412776398502,
                -22.812877558277044
              ],
              [
                -43.38407733000463,
                -22.812800823623448
              ],
              [
                -43.38402525026498,
                -22.81272326069429
              ],
              [
                -43.38395355990872,
                -22.81263989803723
              ],
              [
                -43.38387437100528,
                -22.812548151000758
              ],
              [
                -43.38381976866726,
                -22.81247796700894
              ],
              [
                -43.38374812417646,
                -22.8124320853968
              ],
              [
                -43.3836490566585,
                -22.812365513981682
              ],
              [
                -43.383542263064896,
                -22.81229326604577
              ],
              [
                -43.383423700942906,
                -22.812211234385323
              ],
              [
                -43.38330712902069,
                -22.812125609933315
              ],
              [
                -43.383201373244674,
                -22.8120480443062
              ],
              [
                -43.38308473657122,
                -22.81197614710588
              ],
              [
                -43.38298063824572,
                -22.811923252580446
              ],
              [
                -43.382870413738495,
                -22.811885828192803
              ],
              [
                -43.3827520701518,
                -22.811859611156503
              ],
              [
                -43.38261422926313,
                -22.81183455154771
              ],
              [
                -43.38245753318847,
                -22.81180577773884
              ],
              [
                -43.38233313806375,
                -22.811780491500866
              ],
              [
                -43.38221044625499,
                -22.811751249145207
              ],
              [
                -43.38209978467723,
                -22.811709666292455
              ],
              [
                -43.3819446660134,
                -22.811621573201418
              ],
              [
                -43.38183150162241,
                -22.811560999365028
              ],
              [
                -43.381810878369215,
                -22.8115503145198
              ],
              [
                -43.38159299601983,
                -22.811431600412437
              ],
              [
                -43.381379993391874,
                -22.81132052154925
              ],
              [
                -43.381245596906645,
                -22.81123480536637
              ],
              [
                -43.381142406896466,
                -22.811187518113844
              ],
              [
                -43.38100251735216,
                -22.811154578645294
              ],
              [
                -43.3807888537225,
                -22.81111583135492
              ],
              [
                -43.38053258561024,
                -22.811071774467226
              ],
              [
                -43.38035838243326,
                -22.811040834191544
              ],
              [
                -43.38023590466315,
                -22.81101827559734
              ],
              [
                -43.380178274307816,
                -22.811006672544295
              ],
              [
                -43.38016448770083,
                -22.811002648078155
              ],
              [
                -43.38006743286559,
                -22.810955693574787
              ],
              [
                -43.38000622860443,
                -22.8109002521693
              ],
              [
                -43.37994774928911,
                -22.810853418175103
              ],
              [
                -43.37991791428021,
                -22.810822680246936
              ],
              [
                -43.37987889629392,
                -22.810785798150437
              ],
              [
                -43.37985970925808,
                -22.810760767319948
              ],
              [
                -43.37983390590989,
                -22.81073177317723
              ],
              [
                -43.37979020065711,
                -22.81068266389821
              ],
              [
                -43.37976185312692,
                -22.810649772993035
              ],
              [
                -43.379713535251305,
                -22.810616770571933
              ],
              [
                -43.37965071670709,
                -22.810599062021502
              ],
              [
                -43.37958615437743,
                -22.810597051137393
              ],
              [
                -43.379538222311,
                -22.81059728675979
              ],
              [
                -43.3794845561672,
                -22.81061290618511
              ],
              [
                -43.37930235262138,
                -22.81064058551904
              ],
              [
                -43.3790846995991,
                -22.81066754359665
              ],
              [
                -43.37863113282043,
                -22.81072506333539
              ],
              [
                -43.37814138631581,
                -22.810785736097273
              ],
              [
                -43.37793553869403,
                -22.810811096079654
              ],
              [
                -43.37770830159673,
                -22.810824588608277
              ],
              [
                -43.37753552924118,
                -22.810837459705397
              ],
              [
                -43.37737120241894,
                -22.81085276526733
              ],
              [
                -43.377229319077685,
                -22.810864776612554
              ],
              [
                -43.37714002808968,
                -22.810861429335887
              ],
              [
                -43.37703245478382,
                -22.81085545693821
              ],
              [
                -43.37692978997767,
                -22.810821538107916
              ],
              [
                -43.37684752809082,
                -22.810784124512175
              ],
              [
                -43.37675194094919,
                -22.810711985394228
              ],
              [
                -43.376686967629325,
                -22.810654156288717
              ],
              [
                -43.376637718056145,
                -22.81060127435377
              ],
              [
                -43.37660930757335,
                -22.810557184191136
              ],
              [
                -43.37657464590308,
                -22.810489910405472
              ],
              [
                -43.376540241438875,
                -22.810425620570367
              ],
              [
                -43.376518994955525,
                -22.810335995034574
              ],
              [
                -43.37649056288904,
                -22.81016221813629
              ],
              [
                -43.376464363839204,
                -22.80996373866005
              ],
              [
                -43.37643272928693,
                -22.809724071133388
              ],
              [
                -43.37641659095277,
                -22.80951582951636
              ],
              [
                -43.376392609631125,
                -22.809319971563905
              ],
              [
                -43.376358655727245,
                -22.809217662889278
              ],
              [
                -43.37629406641793,
                -22.809094724666295
              ],
              [
                -43.37616011869443,
                -22.80889765532697
              ],
              [
                -43.37601287629309,
                -22.808704605057915
              ],
              [
                -43.37590864576725,
                -22.808597517385987
              ],
              [
                -43.375786688704586,
                -22.80849846875379
              ],
              [
                -43.37556859231653,
                -22.80834948976162
              ],
              [
                -43.37541471022058,
                -22.808264564082837
              ],
              [
                -43.37530518898319,
                -22.80819300412833
              ],
              [
                -43.3748793536991,
                -22.80786778859204
              ],
              [
                -43.374462344361575,
                -22.807595311099202
              ],
              [
                -43.37430258159873,
                -22.807521794219927
              ],
              [
                -43.37417169067089,
                -22.807478013424056
              ],
              [
                -43.37405743810018,
                -22.807460500925867
              ],
              [
                -43.37385983906023,
                -22.80744782857894
              ],
              [
                -43.37365584134386,
                -22.80741621561034
              ],
              [
                -43.373052058105884,
                -22.807327238485797
              ],
              [
                -43.372623436722115,
                -22.807245466729373
              ],
              [
                -43.372425261216726,
                -22.807191243005978
              ],
              [
                -43.37232690955909,
                -22.807147160037893
              ],
              [
                -43.37223855656402,
                -22.807089723036793
              ],
              [
                -43.372131145136116,
                -22.80697203415655
              ],
              [
                -43.37185537522526,
                -22.806758341748584
              ],
              [
                -43.37147201492144,
                -22.806417565242942
              ],
              [
                -43.3714328647348,
                -22.80638402142994
              ],
              [
                -43.37123077537985,
                -22.80622255175387
              ],
              [
                -43.3711487302296,
                -22.80615169596853
              ],
              [
                -43.37087975469683,
                -22.805883072070642
              ],
              [
                -43.37059811581025,
                -22.80563084551164
              ],
              [
                -43.370335232285015,
                -22.805358037068313
              ],
              [
                -43.37025091095068,
                -22.805322134333572
              ],
              [
                -43.37023554243621,
                -22.805318384160632
              ],
              [
                -43.36987307698081,
                -22.8052299475286
              ],
              [
                -43.36948691798676,
                -22.80513333875713
              ],
              [
                -43.36909130172205,
                -22.805094792015577
              ],
              [
                -43.368702942087,
                -22.805044126909436
              ],
              [
                -43.36830929893488,
                -22.80500352251911
              ],
              [
                -43.36824794628557,
                -22.805034863892416
              ],
              [
                -43.368140325315665,
                -22.805033311662523
              ],
              [
                -43.36803276460029,
                -22.805003023395344
              ],
              [
                -43.36793896890816,
                -22.80497661210549
              ],
              [
                -43.367920522913664,
                -22.80497000118916
              ],
              [
                -43.36759337203637,
                -22.804852761070627
              ],
              [
                -43.367575521393064,
                -22.804846364192905
              ],
              [
                -43.36719945099372,
                -22.80472899277338
              ],
              [
                -43.366934037675605,
                -22.804624246036692
              ],
              [
                -43.366835773252205,
                -22.804585465471387
              ],
              [
                -43.36674694361643,
                -22.804543825062037
              ],
              [
                -43.36640365890162,
                -22.804372961067873
              ],
              [
                -43.366053851404,
                -22.804201940591646
              ],
              [
                -43.365699790113126,
                -22.804044511569543
              ],
              [
                -43.36530882694069,
                -22.803983697614093
              ],
              [
                -43.36491550664522,
                -22.80401443194506
              ],
              [
                -43.36452790963523,
                -22.804055250374056
              ],
              [
                -43.364138074212626,
                -22.804095954589215
              ],
              [
                -43.363750559040966,
                -22.804154382643215
              ],
              [
                -43.363359094046814,
                -22.80418468170227
              ],
              [
                -43.36296645903474,
                -22.804223186175683
              ],
              [
                -43.36257543560776,
                -22.804273536519062
              ],
              [
                -43.36218682775978,
                -22.80430919104086
              ],
              [
                -43.36179878108874,
                -22.804371311711215
              ],
              [
                -43.361503742303746,
                -22.804394534005095
              ],
              [
                -43.361521387901625,
                -22.804479586488267
              ]
            ]
          ]
        ]
      }
    },
    {
      "type": "Feature",
      "properties": {
        "id": "inea-water-3502",
        "name": "Rio Pavuna",
        "category": "Rio",
        "sourceDate": "BC25, edição 2018",
        "sourceUrl": "https://geoportal.inea.rj.gov.br/server/rest/services/BC_25/FeatureServer/118",
        "overlayColor": "#217ab2"
      },
      "geometry": {
        "type": "Polygon",
        "coordinates": [
          [
            [
              -43.32760536079866,
              -22.802160584767805
            ],
            [
              -43.32761229277298,
              -22.802166085920742
            ],
            [
              -43.327731211026446,
              -22.8022604787627
            ],
            [
              -43.328343108847264,
              -22.80249357854044
            ],
            [
              -43.3294940234303,
              -22.802615748742394
            ],
            [
              -43.33090477103821,
              -22.802659235459966
            ],
            [
              -43.330895390209946,
              -22.802525545841867
            ],
            [
              -43.33068047202602,
              -22.802481327076208
            ],
            [
              -43.33029026428416,
              -22.802488529746455
            ],
            [
              -43.32990087042873,
              -22.80246096912302
            ],
            [
              -43.32951081916883,
              -22.802447310219772
            ],
            [
              -43.32945631036035,
              -22.802452067633425
            ],
            [
              -43.32905338890265,
              -22.802447482889615
            ],
            [
              -43.32866152640821,
              -22.802374739427272
            ],
            [
              -43.328328732285065,
              -22.802179071231745
            ],
            [
              -43.32795849758645,
              -22.802010283772223
            ],
            [
              -43.327688585859455,
              -22.801909025505758
            ],
            [
              -43.32760517284032,
              -22.80216043548032
            ],
            [
              -43.32760536079866,
              -22.802160584767805
            ]
          ]
        ]
      }
    },
    {
      "type": "Feature",
      "properties": {
        "id": "inea-water-4760",
        "name": "Canal de Sarapuí",
        "category": "Desconhecido",
        "sourceDate": "BC25, edição 2018",
        "sourceUrl": "https://geoportal.inea.rj.gov.br/server/rest/services/BC_25/FeatureServer/118",
        "overlayColor": "#217ab2"
      },
      "geometry": {
        "type": "Polygon",
        "coordinates": [
          [
            [
              -43.32949544615781,
              -22.75614670213425
            ],
            [
              -43.32954547904052,
              -22.75611615845959
            ],
            [
              -43.32973109731216,
              -22.756194502899636
            ],
            [
              -43.329734676613896,
              -22.75618843157652
            ],
            [
              -43.32977862288504,
              -22.75611390116127
            ],
            [
              -43.32999102476589,
              -22.756151705062802
            ],
            [
              -43.330058901996615,
              -22.756215270943656
            ],
            [
              -43.33043803908412,
              -22.75631487445754
            ],
            [
              -43.330822602680826,
              -22.756376694754305
            ],
            [
              -43.33108869318851,
              -22.756459851466616
            ],
            [
              -43.33122367513239,
              -22.756434169526987
            ],
            [
              -43.33145022604697,
              -22.75653380091984
            ],
            [
              -43.33158522238,
              -22.75650703529709
            ],
            [
              -43.33197448403507,
              -22.756590936648085
            ],
            [
              -43.33211753919295,
              -22.756630180364205
            ],
            [
              -43.33213034104227,
              -22.756690550953806
            ],
            [
              -43.332269349250964,
              -22.756710336038847
            ],
            [
              -43.33264731542113,
              -22.75681841116641
            ],
            [
              -43.332920000657396,
              -22.756879780003477
            ],
            [
              -43.333174169752,
              -22.75681415917176
            ],
            [
              -43.333404298169675,
              -22.756867948522647
            ],
            [
              -43.333439551593926,
              -22.756795435286786
            ],
            [
              -43.33375160105544,
              -22.756959263884582
            ],
            [
              -43.333970359344505,
              -22.757059353032368
            ],
            [
              -43.33408216306129,
              -22.7570660286999
            ],
            [
              -43.33412506881677,
              -22.757117230701276
            ],
            [
              -43.33446526166239,
              -22.75726500550126
            ],
            [
              -43.334584437121975,
              -22.75727419657253
            ],
            [
              -43.334841321269835,
              -22.75724156467214
            ],
            [
              -43.33505947521451,
              -22.757407662259457
            ],
            [
              -43.335168440670884,
              -22.757399496415275
            ],
            [
              -43.33519736826383,
              -22.75755964768523
            ],
            [
              -43.33558483936873,
              -22.75763918642495
            ],
            [
              -43.33597501113775,
              -22.75769671695557
            ],
            [
              -43.33636475482945,
              -22.75774945589828
            ],
            [
              -43.336757364660514,
              -22.757806739115352
            ],
            [
              -43.33714125916168,
              -22.75788424988386
            ],
            [
              -43.33723495682768,
              -22.757922704894526
            ],
            [
              -43.33732164877494,
              -22.757976800914232
            ],
            [
              -43.33737187141464,
              -22.75797885946244
            ],
            [
              -43.33757472699194,
              -22.758025404774262
            ],
            [
              -43.337688318560936,
              -22.75798910813646
            ],
            [
              -43.33775167759774,
              -22.758023995536597
            ],
            [
              -43.337817229181674,
              -22.757990449924957
            ],
            [
              -43.33792654627297,
              -22.758009650450646
            ],
            [
              -43.33827179061052,
              -22.758070410446724
            ],
            [
              -43.338628431157076,
              -22.758219522538546
            ],
            [
              -43.338645142359326,
              -22.758230714601396
            ],
            [
              -43.33895912806123,
              -22.758235245385904
            ],
            [
              -43.339350002200725,
              -22.758259270774335
            ],
            [
              -43.339408929378465,
              -22.758274242687797
            ],
            [
              -43.33978449525813,
              -22.75837234253517
            ],
            [
              -43.33980133686209,
              -22.75838073500855
            ],
            [
              -43.33984069838942,
              -22.75842738374236
            ],
            [
              -43.34022188143456,
              -22.758503866585812
            ],
            [
              -43.34025437573871,
              -22.758506281265465
            ],
            [
              -43.34030276376143,
              -22.75847481398707
            ],
            [
              -43.34051006918423,
              -22.75853214936479
            ],
            [
              -43.34057178066303,
              -22.758542273033093
            ],
            [
              -43.34068434700487,
              -22.758534412059085
            ],
            [
              -43.34074061668599,
              -22.758575817745406
            ],
            [
              -43.340822534132535,
              -22.758573959746066
            ],
            [
              -43.34089203823686,
              -22.758527539439978
            ],
            [
              -43.34126530365074,
              -22.75863084906002
            ],
            [
              -43.34135153334648,
              -22.75865089135119
            ],
            [
              -43.34145531511057,
              -22.758709135943505
            ],
            [
              -43.341616663378204,
              -22.7587661727463
            ],
            [
              -43.34168284808487,
              -22.75876071925741
            ],
            [
              -43.34192209742673,
              -22.758793638041546
            ],
            [
              -43.34207868018683,
              -22.75880971432247
            ],
            [
              -43.342333612805874,
              -22.758858239042134
            ],
            [
              -43.34246442099612,
              -22.758863842717755
            ],
            [
              -43.34271254574725,
              -22.758919791340873
            ],
            [
              -43.34278523794825,
              -22.75895612844818
            ],
            [
              -43.34285488414548,
              -22.758954412541698
            ],
            [
              -43.34300487127768,
              -22.75896039393263
            ],
            [
              -43.343347059718894,
              -22.75901659706393
            ],
            [
              -43.34352832617122,
              -22.759061194444136
            ],
            [
              -43.3436847416574,
              -22.75905893444786
            ],
            [
              -43.343795759366685,
              -22.75909070120048
            ],
            [
              -43.34383614971841,
              -22.75911667811778
            ],
            [
              -43.34391557784153,
              -22.7591436020212
            ],
            [
              -43.344096139225314,
              -22.75913364472751
            ],
            [
              -43.34444949364911,
              -22.759297610022255
            ],
            [
              -43.34449669906332,
              -22.75931571067713
            ],
            [
              -43.34487463285791,
              -22.759403798372198
            ],
            [
              -43.34496773876998,
              -22.759426979297245
            ],
            [
              -43.34505512229595,
              -22.75937559563284
            ],
            [
              -43.345424592570794,
              -22.75949529449787
            ],
            [
              -43.34580960762718,
              -22.759577673296576
            ],
            [
              -43.346198922342296,
              -22.759642666401508
            ],
            [
              -43.346581222345435,
              -22.759724203434796
            ],
            [
              -43.34684686409139,
              -22.759740862476384
            ],
            [
              -43.346968429948966,
              -22.759713492509242
            ],
            [
              -43.347250476228396,
              -22.759815483723166
            ],
            [
              -43.34740806263187,
              -22.759845472516112
            ],
            [
              -43.34779202008553,
              -22.75991076689399
            ],
            [
              -43.348161710694285,
              -22.760028655423678
            ],
            [
              -43.348169762324574,
              -22.76003126705494
            ],
            [
              -43.348417442810614,
              -22.76004358327036
            ],
            [
              -43.348632379880314,
              -22.760090329130982
            ],
            [
              -43.348733585086784,
              -22.760128404627743
            ],
            [
              -43.34905471680162,
              -22.760195123531712
            ],
            [
              -43.349090870447185,
              -22.76020109592944
            ],
            [
              -43.349276557966675,
              -22.760177910507732
            ],
            [
              -43.34941492855597,
              -22.7601539633603
            ],
            [
              -43.349491315171925,
              -22.76012630561011
            ],
            [
              -43.34966069438542,
              -22.760179895311502
            ],
            [
              -43.34974908695068,
              -22.760190201542162
            ],
            [
              -43.34985473660669,
              -22.76022317248701
            ],
            [
              -43.349897986802546,
              -22.760294965365954
            ],
            [
              -43.34997494179004,
              -22.76030090808601
            ],
            [
              -43.35011258212984,
              -22.76029727302629
            ],
            [
              -43.350284591860316,
              -22.76028595595769
            ],
            [
              -43.350296572628615,
              -22.7603424333822
            ],
            [
              -43.350296956639106,
              -22.76034288933843
            ],
            [
              -43.35036700393397,
              -22.760388859084156
            ],
            [
              -43.35053767367459,
              -22.76044047477367
            ],
            [
              -43.35083828016241,
              -22.760497495388655
            ],
            [
              -43.351012617338306,
              -22.76051130717664
            ],
            [
              -43.35109156522344,
              -22.760481054882383
            ],
            [
              -43.351137379386444,
              -22.760452900706394
            ],
            [
              -43.35120639336026,
              -22.760471494189662
            ],
            [
              -43.35124572071334,
              -22.760561760042744
            ],
            [
              -43.351412117774885,
              -22.7606042997742
            ],
            [
              -43.3516677212882,
              -22.760646314301507
            ],
            [
              -43.35187117401534,
              -22.76069266625913
            ],
            [
              -43.35199590188926,
              -22.760685826015646
            ],
            [
              -43.35205761876398,
              -22.760679509177606
            ],
            [
              -43.3521473558157,
              -22.76073209343692
            ],
            [
              -43.35253290057278,
              -22.760787189502782
            ],
            [
              -43.35292105875976,
              -22.76083553615664
            ],
            [
              -43.35330955958841,
              -22.760920371903204
            ],
            [
              -43.35370062258556,
              -22.7609376811546
            ],
            [
              -43.35410121479912,
              -22.760964299288517
            ],
            [
              -43.354436686204,
              -22.761029439882314
            ],
            [
              -43.35478629585078,
              -22.761190546232292
            ],
            [
              -43.35517606472348,
              -22.761242879580784
            ],
            [
              -43.3552359074111,
              -22.761230490520298
            ],
            [
              -43.35534245908712,
              -22.76122887893519
            ],
            [
              -43.35551648869489,
              -22.761276640130408
            ],
            [
              -43.35555989807073,
              -22.761319172667257
            ],
            [
              -43.355753088634,
              -22.761376973893785
            ],
            [
              -43.35580443902353,
              -22.761350048191744
            ],
            [
              -43.35592217376916,
              -22.761398584602542
            ],
            [
              -43.35602285287222,
              -22.76141587766614
            ],
            [
              -43.35605588227305,
              -22.76144692316251
            ],
            [
              -43.356166723715205,
              -22.76142873707211
            ],
            [
              -43.35626141423273,
              -22.7614419040462
            ],
            [
              -43.35632235858987,
              -22.76147567628697
            ],
            [
              -43.35636230467651,
              -22.761514650206497
            ],
            [
              -43.35639754461091,
              -22.761515645755985
            ],
            [
              -43.356493877290454,
              -22.761473016991662
            ],
            [
              -43.356555114826556,
              -22.761466061634973
            ],
            [
              -43.35670974066187,
              -22.76153231558942
            ],
            [
              -43.357088464061235,
              -22.761628963031733
            ],
            [
              -43.35717094898001,
              -22.761669278739767
            ],
            [
              -43.35731083043038,
              -22.761657532694514
            ],
            [
              -43.35744243541995,
              -22.761678212604973
            ],
            [
              -43.35758131322689,
              -22.761677113633432
            ],
            [
              -43.35773073468555,
              -22.761746925305882
            ],
            [
              -43.35791925237145,
              -22.76181298500676
            ],
            [
              -43.35813192494828,
              -22.76184605937367
            ],
            [
              -43.358223605434944,
              -22.761809703380656
            ],
            [
              -43.35834214957043,
              -22.76184767905266
            ],
            [
              -43.35872667359701,
              -22.761923521578804
            ],
            [
              -43.359108255041804,
              -22.76200131833172
            ],
            [
              -43.35939213863616,
              -22.762064834749847
            ],
            [
              -43.35939223576293,
              -22.76206483564918
            ],
            [
              -43.35956355661273,
              -22.762078788630713
            ],
            [
              -43.359761530669964,
              -22.762127694662908
            ],
            [
              -43.36001282283337,
              -22.76218870736845
            ],
            [
              -43.36021356590322,
              -22.762234208567392
            ],
            [
              -43.360372119977235,
              -22.76224893226792
            ],
            [
              -43.36037620110068,
              -22.762249697591002
            ],
            [
              -43.36075987526789,
              -22.76232362815846
            ],
            [
              -43.36113924707848,
              -22.762415305947155
            ],
            [
              -43.36152094273717,
              -22.762491834655954
            ],
            [
              -43.361895586811784,
              -22.762596285515684
            ],
            [
              -43.362135234553314,
              -22.762686617019284
            ],
            [
              -43.36252847660779,
              -22.76269336103529
            ],
            [
              -43.36291973925444,
              -22.762694574220724
            ],
            [
              -43.363307246332226,
              -22.762757611300252
            ],
            [
              -43.363433593885134,
              -22.762778414417788
            ],
            [
              -43.36362752009388,
              -22.762766855431536
            ],
            [
              -43.363733015965806,
              -22.762804964203234
            ],
            [
              -43.36412287836805,
              -22.762858450482643
            ],
            [
              -43.36423989005875,
              -22.76287816362188
            ],
            [
              -43.364314557170985,
              -22.762912885546736
            ],
            [
              -43.364563326736004,
              -22.762948849435393
            ],
            [
              -43.364886179753285,
              -22.763019618885817
            ],
            [
              -43.36501894037167,
              -22.76300896821486
            ],
            [
              -43.365395605222886,
              -22.763107652621592
            ],
            [
              -43.36578464924207,
              -22.76315633921919
            ],
            [
              -43.3661543974074,
              -22.763271659285145
            ],
            [
              -43.366232989161,
              -22.76329576291461
            ],
            [
              -43.36662330662017,
              -22.763343829879343
            ],
            [
              -43.36700331694943,
              -22.76342348912825
            ],
            [
              -43.36738060682944,
              -22.763518924284448
            ],
            [
              -43.367672167936064,
              -22.763600837234332
            ],
            [
              -43.368065961274965,
              -22.763618862346117
            ],
            [
              -43.36845305556392,
              -22.76368432129988
            ],
            [
              -43.36882662764663,
              -22.763789558167055
            ],
            [
              -43.36920640415212,
              -22.76388094997133
            ],
            [
              -43.36957587082964,
              -22.763995808685134
            ],
            [
              -43.36996735201155,
              -22.76406925541728
            ],
            [
              -43.370355860934126,
              -22.76412235139088
            ],
            [
              -43.37055392402425,
              -22.76413168905168
            ],
            [
              -43.370709025600945,
              -22.764166868731472
            ],
            [
              -43.37079801981264,
              -22.764143391929508
            ],
            [
              -43.37028600159754,
              -22.764013159305375
            ],
            [
              -43.37022733342457,
              -22.76400347360692
            ],
            [
              -43.36951919195701,
              -22.76388657433143
            ],
            [
              -43.36847380742018,
              -22.763565599098644
            ],
            [
              -43.36625089466293,
              -22.763118698994298
            ],
            [
              -43.36534197685062,
              -22.76293595855319
            ],
            [
              -43.363725964381615,
              -22.762666570231584
            ],
            [
              -43.362182655804816,
              -22.762535819597915
            ],
            [
              -43.36004074408493,
              -22.7620311533406
            ],
            [
              -43.35638162840928,
              -22.761288658670207
            ],
            [
              -43.35455126073197,
              -22.760986327282705
            ],
            [
              -43.35402389558618,
              -22.76087362963986
            ],
            [
              -43.350716070390206,
              -22.760306094476256
            ],
            [
              -43.35040497331073,
              -22.76025219091147
            ],
            [
              -43.34936676086722,
              -22.760005762281697
            ],
            [
              -43.34684396917373,
              -22.759581258893594
            ],
            [
              -43.344305784684074,
              -22.759064621760505
            ],
            [
              -43.342450979728824,
              -22.758738915194392
            ],
            [
              -43.34060518777909,
              -22.758351989078637
            ],
            [
              -43.338743726042026,
              -22.75806190735679
            ],
            [
              -43.33870873342119,
              -22.758056452968532
            ],
            [
              -43.33862486084854,
              -22.758041220251727
            ],
            [
              -43.33588968705931,
              -22.75754442216298
            ],
            [
              -43.334811914338275,
              -22.757180757012012
            ],
            [
              -43.333939342626415,
              -22.7569264871933
            ],
            [
              -43.33370000335236,
              -22.756832601568984
            ],
            [
              -43.333697062569286,
              -22.7568314495374
            ],
            [
              -43.33334686476587,
              -22.756736428069367
            ],
            [
              -43.332332487054494,
              -22.75659559063967
            ],
            [
              -43.32993577581527,
              -22.75600359121844
            ],
            [
              -43.32944987301312,
              -22.75590241299166
            ],
            [
              -43.329449634692764,
              -22.755902363528904
            ],
            [
              -43.32945084428092,
              -22.75612934431946
            ],
            [
              -43.32949544615781,
              -22.75614670213425
            ]
          ]
        ]
      }
    },
    {
      "type": "Feature",
      "properties": {
        "id": "inea-water-4758",
        "name": "Canal de Sarapuí",
        "category": "Desconhecido",
        "sourceDate": "BC25, edição 2018",
        "sourceUrl": "https://geoportal.inea.rj.gov.br/server/rest/services/BC_25/FeatureServer/118",
        "overlayColor": "#217ab2"
      },
      "geometry": {
        "type": "Polygon",
        "coordinates": [
          [
            [
              -43.32944987301312,
              -22.755902363528907
            ],
            [
              -43.32944987301312,
              -22.75590241299166
            ],
            [
              -43.32993577581527,
              -22.75600359121844
            ],
            [
              -43.332332487054494,
              -22.75659559063967
            ],
            [
              -43.33334686476587,
              -22.756736428069367
            ],
            [
              -43.333697062569286,
              -22.7568314495374
            ],
            [
              -43.33370000335236,
              -22.756832601568984
            ],
            [
              -43.333939342626415,
              -22.7569264871933
            ],
            [
              -43.334811914338275,
              -22.757180757012012
            ],
            [
              -43.33588968705931,
              -22.75754442216298
            ],
            [
              -43.33862486084854,
              -22.758041220251727
            ],
            [
              -43.33870873342119,
              -22.758056452968532
            ],
            [
              -43.338743726042026,
              -22.75806190735679
            ],
            [
              -43.34060518777909,
              -22.758351989078637
            ],
            [
              -43.342450979728824,
              -22.758738915194392
            ],
            [
              -43.344305784684074,
              -22.759064621760505
            ],
            [
              -43.34684396917373,
              -22.759581258893594
            ],
            [
              -43.34936676086722,
              -22.760005762281697
            ],
            [
              -43.35040497331073,
              -22.76025219091147
            ],
            [
              -43.350716070390206,
              -22.760306094476256
            ],
            [
              -43.35402389558618,
              -22.76087362963986
            ],
            [
              -43.35455126073197,
              -22.760986327282705
            ],
            [
              -43.35638162840928,
              -22.761288658670207
            ],
            [
              -43.36004074408493,
              -22.7620311533406
            ],
            [
              -43.362182655804816,
              -22.762535819597915
            ],
            [
              -43.363725964381615,
              -22.762666570231584
            ],
            [
              -43.36534197685062,
              -22.76293595855319
            ],
            [
              -43.36625089466293,
              -22.763118698994298
            ],
            [
              -43.36847380742018,
              -22.763565599098644
            ],
            [
              -43.36951919195701,
              -22.76388657433143
            ],
            [
              -43.37022733342457,
              -22.76400347360692
            ],
            [
              -43.37028600159754,
              -22.764013159305375
            ],
            [
              -43.37079801981264,
              -22.764143391929508
            ],
            [
              -43.370543180723075,
              -22.76399475737764
            ],
            [
              -43.37026391334882,
              -22.763923597621442
            ],
            [
              -43.37016472981832,
              -22.763898323973944
            ],
            [
              -43.369776176828964,
              -22.763857148514106
            ],
            [
              -43.369708555905,
              -22.76386855911221
            ],
            [
              -43.369351956727314,
              -22.763719786964096
            ],
            [
              -43.36898505221824,
              -22.76358608025892
            ],
            [
              -43.36861040274778,
              -22.763481284059498
            ],
            [
              -43.36822866572021,
              -22.763407571127992
            ],
            [
              -43.36787832402529,
              -22.76324874455943
            ],
            [
              -43.36747935958465,
              -22.76322344213362
            ],
            [
              -43.367090081741765,
              -22.76320257246626
            ],
            [
              -43.36671023778713,
              -22.76309266002377
            ],
            [
              -43.366323245121514,
              -22.763018980367146
            ],
            [
              -43.366281973434184,
              -22.763009810879595
            ],
            [
              -43.36594397313576,
              -22.762934721085998
            ],
            [
              -43.36556340522686,
              -22.762853067140856
            ],
            [
              -43.36517680016908,
              -22.762787787152185
            ],
            [
              -43.36479023288279,
              -22.762719345147193
            ],
            [
              -43.3645805973166,
              -22.762676286506952
            ],
            [
              -43.36418595142038,
              -22.762615708173914
            ],
            [
              -43.36380203623486,
              -22.762529139433784
            ],
            [
              -43.36341235729435,
              -22.762452263586606
            ],
            [
              -43.3630239014318,
              -22.762419922167208
            ],
            [
              -43.362630611713264,
              -22.762392679004428
            ],
            [
              -43.36224280426189,
              -22.762346887324536
            ],
            [
              -43.361854911374955,
              -22.762300009263566
            ],
            [
              -43.36148380793128,
              -22.762184485051467
            ],
            [
              -43.36110937699601,
              -22.762078680712076
            ],
            [
              -43.360718826612406,
              -22.761977134662555
            ],
            [
              -43.36032728337734,
              -22.761909985882703
            ],
            [
              -43.35993940128224,
              -22.76182165177334
            ],
            [
              -43.359545564775885,
              -22.761750774404273
            ],
            [
              -43.35915480305158,
              -22.761699796334085
            ],
            [
              -43.35877079433658,
              -22.76162974094536
            ],
            [
              -43.35844290781381,
              -22.761565139045505
            ],
            [
              -43.35821650258941,
              -22.76155666923045
            ],
            [
              -43.357994351158254,
              -22.761453146471066
            ],
            [
              -43.357603811566555,
              -22.761391781231282
            ],
            [
              -43.35721997282338,
              -22.76132398134224
            ],
            [
              -43.356835982094765,
              -22.761260695150515
            ],
            [
              -43.3564746192082,
              -22.761170096548266
            ],
            [
              -43.356294396868805,
              -22.761151443709725
            ],
            [
              -43.35603485342562,
              -22.761113097516965
            ],
            [
              -43.35579368582984,
              -22.761085146587803
            ],
            [
              -43.35551488160638,
              -22.76102059235201
            ],
            [
              -43.355239687261644,
              -22.7609474055239
            ],
            [
              -43.355152661665905,
              -22.760969086379767
            ],
            [
              -43.35490827269848,
              -22.760950040537487
            ],
            [
              -43.35452467137634,
              -22.760878896069784
            ],
            [
              -43.35414139470947,
              -22.760756276206752
            ],
            [
              -43.35374381882206,
              -22.760713614167535
            ],
            [
              -43.35336525909929,
              -22.760620031614767
            ],
            [
              -43.3529857748735,
              -22.760530502306406
            ],
            [
              -43.352593642582406,
              -22.760488796246502
            ],
            [
              -43.352200542620835,
              -22.760422244616482
            ],
            [
              -43.35181585221966,
              -22.760328504682295
            ],
            [
              -43.3514276023019,
              -22.76029604725037
            ],
            [
              -43.351047590174005,
              -22.760210120626116
            ],
            [
              -43.3506620849871,
              -22.760151861644697
            ],
            [
              -43.35044067909393,
              -22.76013438152208
            ],
            [
              -43.35026856144486,
              -22.760120792765953
            ],
            [
              -43.34988335213489,
              -22.760054226746743
            ],
            [
              -43.34951544757973,
              -22.759917034269307
            ],
            [
              -43.34912553481547,
              -22.759869201128293
            ],
            [
              -43.348748057876435,
              -22.759775167115883
            ],
            [
              -43.348353626018934,
              -22.759754922477253
            ],
            [
              -43.34797209583543,
              -22.759674120190073
            ],
            [
              -43.34758655737363,
              -22.759586592772603
            ],
            [
              -43.34720106297857,
              -22.75948723477364
            ],
            [
              -43.34703812830685,
              -22.759467714089336
            ],
            [
              -43.3468140559238,
              -22.759440871124912
            ],
            [
              -43.34643110211357,
              -22.759365289402183
            ],
            [
              -43.346047854224985,
              -22.75928979311504
            ],
            [
              -43.34566099106178,
              -22.759215432671674
            ],
            [
              -43.34528534514243,
              -22.759115267980857
            ],
            [
              -43.34490449214849,
              -22.75903509791705
            ],
            [
              -43.3445272175569,
              -22.758940875946276
            ],
            [
              -43.344143052359875,
              -22.758869069577486
            ],
            [
              -43.343753993951566,
              -22.75878312136956
            ],
            [
              -43.343361279799126,
              -22.75874192972191
            ],
            [
              -43.3429581119272,
              -22.758679405255986
            ],
            [
              -43.34256276635847,
              -22.758654619940387
            ],
            [
              -43.34217884487765,
              -22.75854659607416
            ],
            [
              -43.34179841996097,
              -22.758463623722857
            ],
            [
              -43.34142286217526,
              -22.75836462545273
            ],
            [
              -43.341033016860145,
              -22.758303770128474
            ],
            [
              -43.34064080273072,
              -22.758229522100375
            ],
            [
              -43.34023863760291,
              -22.75819707546028
            ],
            [
              -43.33985378532384,
              -22.7581019505702
            ],
            [
              -43.33946290039245,
              -22.758014529272753
            ],
            [
              -43.33908316975237,
              -22.75792261676097
            ],
            [
              -43.3387907686789,
              -22.757875288139687
            ],
            [
              -43.33869558982951,
              -22.757859882753028
            ],
            [
              -43.338305668072,
              -22.757797664056593
            ],
            [
              -43.33790937371851,
              -22.757730864213652
            ],
            [
              -43.33784559379899,
              -22.75771930792533
            ],
            [
              -43.33752596575063,
              -22.757661396981504
            ],
            [
              -43.33742033857766,
              -22.757699401431843
            ],
            [
              -43.33736376222771,
              -22.757651309286107
            ],
            [
              -43.336975344136704,
              -22.757577454261742
            ],
            [
              -43.33658863295892,
              -22.757531612219786
            ],
            [
              -43.33621364804128,
              -22.75742619548815
            ],
            [
              -43.335826670664176,
              -22.757354068061414
            ],
            [
              -43.33543435311277,
              -22.757280891125877
            ],
            [
              -43.335057359109726,
              -22.757180599630587
            ],
            [
              -43.33468542289381,
              -22.757048750924746
            ],
            [
              -43.33430895229616,
              -22.756937625296803
            ],
            [
              -43.333931204661276,
              -22.756843374547767
            ],
            [
              -43.33372635168968,
              -22.756776858890596
            ],
            [
              -43.33356020374032,
              -22.756722911259025
            ],
            [
              -43.3331779496026,
              -22.756639087249706
            ],
            [
              -43.33279304336412,
              -22.75654927375564
            ],
            [
              -43.33240456591784,
              -22.756512976218517
            ],
            [
              -43.33205063682732,
              -22.756358009540186
            ],
            [
              -43.33167332896085,
              -22.756268000893165
            ],
            [
              -43.33128924020616,
              -22.75619119789118
            ],
            [
              -43.33089861517885,
              -22.756107371183884
            ],
            [
              -43.330521169716064,
              -22.75598873172028
            ],
            [
              -43.330217768135356,
              -22.755921813166832
            ],
            [
              -43.33013688670786,
              -22.755903975114016
            ],
            [
              -43.32974859632054,
              -22.755844553309156
            ],
            [
              -43.32945428238912,
              -22.755768323175243
            ],
            [
              -43.32943497394478,
              -22.75576853361664
            ],
            [
              -43.32944987301312,
              -22.755902363528907
            ]
          ]
        ]
      }
    },
    {
      "type": "Feature",
      "properties": {
        "id": "inea-water-5314",
        "name": "Rio São João de Meriti",
        "category": "Rio",
        "sourceDate": "BC25, edição 2018",
        "sourceUrl": "https://geoportal.inea.rj.gov.br/server/rest/services/BC_25/FeatureServer/118",
        "overlayColor": "#217ab2"
      },
      "geometry": {
        "type": "Polygon",
        "coordinates": [
          [
            [
              -43.325940921636125,
              -22.801276671705686
            ],
            [
              -43.32705318425696,
              -22.801722281282853
            ],
            [
              -43.32760517284032,
              -22.80216043548032
            ],
            [
              -43.327688585859455,
              -22.801909025505758
            ],
            [
              -43.32758751465195,
              -22.801871108289657
            ],
            [
              -43.32727329422704,
              -22.801654319515855
            ],
            [
              -43.327209449556335,
              -22.801629817486727
            ],
            [
              -43.32690991326177,
              -22.80151486164617
            ],
            [
              -43.326612756573354,
              -22.801280730346026
            ],
            [
              -43.32625049436472,
              -22.80112972248333
            ],
            [
              -43.32589750866299,
              -22.800976734313448
            ],
            [
              -43.325852713187786,
              -22.800963693785967
            ],
            [
              -43.32588927402725,
              -22.801266754997272
            ],
            [
              -43.325940921636125,
              -22.801276671705686
            ]
          ]
        ]
      }
    },
    {
      "type": "Feature",
      "properties": {
        "id": "inea-water-5315",
        "name": "Rio São João de Meriti",
        "category": "Rio",
        "sourceDate": "BC25, edição 2018",
        "sourceUrl": "https://geoportal.inea.rj.gov.br/server/rest/services/BC_25/FeatureServer/118",
        "overlayColor": "#217ab2"
      },
      "geometry": {
        "type": "Polygon",
        "coordinates": [
          [
            [
              -43.32592346759384,
              -22.801483011256597
            ],
            [
              -43.32628382144111,
              -22.801631018980963
            ],
            [
              -43.32665355971392,
              -22.80176025065968
            ],
            [
              -43.32700619917665,
              -22.801925877002237
            ],
            [
              -43.32732450971821,
              -22.80215074618459
            ],
            [
              -43.327495210035806,
              -22.80243899958477
            ],
            [
              -43.32751329180484,
              -22.80246953336686
            ],
            [
              -43.32751346987061,
              -22.80247537176561
            ],
            [
              -43.32760512337762,
              -22.80216058296915
            ],
            [
              -43.32760517284032,
              -22.80216043548032
            ],
            [
              -43.32705318425696,
              -22.801722281282853
            ],
            [
              -43.325940921636125,
              -22.801276671705686
            ],
            [
              -43.32588927402725,
              -22.801266754997272
            ],
            [
              -43.325915259939116,
              -22.801482157610828
            ],
            [
              -43.32592346759384,
              -22.801483011256597
            ]
          ]
        ]
      }
    },
    {
      "type": "Feature",
      "properties": {
        "id": "inea-water-4759",
        "name": "Canal de Sarapuí",
        "category": "Desconhecido",
        "sourceDate": "BC25, edição 2018",
        "sourceUrl": "https://geoportal.inea.rj.gov.br/server/rest/services/BC_25/FeatureServer/118",
        "overlayColor": "#217ab2"
      },
      "geometry": {
        "type": "Polygon",
        "coordinates": [
          [
            [
              -43.32473105019767,
              -22.75498308013078
            ],
            [
              -43.325111895097734,
              -22.755077747265933
            ],
            [
              -43.3255000865596,
              -22.75513690736806
            ],
            [
              -43.32579658314569,
              -22.755185623643342
            ],
            [
              -43.32582229206502,
              -22.75518544108096
            ],
            [
              -43.325922113214865,
              -22.75527228231565
            ],
            [
              -43.3259944160094,
              -22.755308081628332
            ],
            [
              -43.32638037355525,
              -22.755374802330973
            ],
            [
              -43.32675820842445,
              -22.755477019274714
            ],
            [
              -43.32713713327195,
              -22.755569674626457
            ],
            [
              -43.32747408406163,
              -22.755654844021503
            ],
            [
              -43.32751186727876,
              -22.7556627364718
            ],
            [
              -43.32764135256627,
              -22.75564855955903
            ],
            [
              -43.3279805345739,
              -22.755742420901658
            ],
            [
              -43.32836774487538,
              -22.755826580358097
            ],
            [
              -43.32874883708906,
              -22.755925395166546
            ],
            [
              -43.32912145499103,
              -22.756048414328536
            ],
            [
              -43.32927020555542,
              -22.756107589719143
            ],
            [
              -43.32934735839377,
              -22.756089069980266
            ],
            [
              -43.32945084428092,
              -22.75612934431946
            ],
            [
              -43.329449634692764,
              -22.755902363528904
            ],
            [
              -43.32944987301312,
              -22.75590241299166
            ],
            [
              -43.32944987301312,
              -22.755902363528907
            ],
            [
              -43.32943497394478,
              -22.75576853361664
            ],
            [
              -43.329281028896276,
              -22.75577021355021
            ],
            [
              -43.32898508719188,
              -22.755731805304233
            ],
            [
              -43.32861267883191,
              -22.75560761432562
            ],
            [
              -43.32821650318897,
              -22.755548106185845
            ],
            [
              -43.327834207682436,
              -22.755444310032573
            ],
            [
              -43.32745083838534,
              -22.755332826474483
            ],
            [
              -43.32726946491374,
              -22.75528188707513
            ],
            [
              -43.327089121165905,
              -22.755346376559757
            ],
            [
              -43.32695023526502,
              -22.755332819279854
            ],
            [
              -43.32687164980666,
              -22.755277177325553
            ],
            [
              -43.326803388565395,
              -22.755237358043342
            ],
            [
              -43.326447159009035,
              -22.75508831609862
            ],
            [
              -43.32639094778392,
              -22.755042481251206
            ],
            [
              -43.32617304744804,
              -22.755120483049534
            ],
            [
              -43.326187842195054,
              -22.755025090161485
            ],
            [
              -43.32611641983681,
              -22.755012961904338
            ],
            [
              -43.326052094028796,
              -22.75500181210963
            ],
            [
              -43.325986055012315,
              -22.755067316928802
            ],
            [
              -43.32561134438794,
              -22.754956640961932
            ],
            [
              -43.325227589281724,
              -22.75489301212853
            ],
            [
              -43.32499760925214,
              -22.754843638448836
            ],
            [
              -43.32494085483648,
              -22.754826426324225
            ],
            [
              -43.32493106571599,
              -22.75475877122601
            ],
            [
              -43.32479880961727,
              -22.754704733662255
            ],
            [
              -43.32467060496436,
              -22.754717656920015
            ],
            [
              -43.3246685644026,
              -22.75471736553969
            ],
            [
              -43.3246075022343,
              -22.75478987517828
            ],
            [
              -43.324577982202065,
              -22.754769427709636
            ],
            [
              -43.324576234922844,
              -22.754774652508548
            ],
            [
              -43.324540446695714,
              -22.754934893468455
            ],
            [
              -43.32473105019767,
              -22.75498308013078
            ]
          ]
        ]
      }
    }
  ]
}
