{"type":"FeatureCollection","features":[{"type":"Feature","id":28953,"geometry":{"type":"LineString","coordinates":[[-43.393309819592389,-22.741838125055445],[-43.393418282327737,-22.742034435366907],[-43.393517698782659,-22.742225642925057],[-43.393622793556972,-22.74240378603189],[-43.39371815856606,-22.742584966149238],[-43.393780400644857,-22.742663445487587],[-43.393806918054679,-22.742679037933264],[-43.393845911759286,-22.742687957409295],[-43.393886787744918,-22.742694501775798]]},"properties":{"objectid":28953,"nome":" ","geometriaa":"Não","tipotrecho":"Curso dágua","navegavel":"Desconhecido","larguramed":0,"regime":"Permanente","encoberto":"Não","codmun":"330045","municn":"Belford Roxo","reggov":"Região Metropolitana","rh":"RH-V","nome_rh":"Baia de Guanabara","id_rh":5,"Shape__Length":0.0010636925496394153}},{"type":"Feature","id":29144,"geometry":{"type":"LineString","coordinates":[[-43.398208203745469,-22.741473616340347],[-43.39817688575453,-22.741464793991053],[-43.398004922788857,-22.7413797145282],[-43.39775825493939,-22.741238570429712],[-43.397539126129629,-22.741141689163634],[-43.397367254894789,-22.741068630938592],[-43.397216307286612,-22.740999348966813],[-43.396995536314819,-22.740870588532879],[-43.396877874414251,-22.740764795884655],[-43.396797736726057,-22.740650233047834],[-43.396653630260687,-22.740416716884035],[-43.396606598415644,-22.740320002891831],[-43.396555659016315,-22.740223017304441],[-43.396479580867833,-22.740122889485793],[-43.396345479360264,-22.739989938211114],[-43.396172049600295,-22.739836410448046],[-43.395982381681442,-22.73961992204784],[-43.395818616036195,-22.739431397167326],[-43.39566854077043,-22.739225088193344]]},"properties":{"objectid":29144,"nome":"Rio da Bota","geometriaa":"Não","tipotrecho":"Curso dágua","navegavel":"Desconhecido","larguramed":0,"regime":"Permanente","encoberto":"Não","codmun":"330045","municn":"Belford Roxo","reggov":"Região Metropolitana","rh":"RH-V","nome_rh":"Baia de Guanabara","id_rh":5,"Shape__Length":0.0034850042975496215}},{"type":"Feature","id":29204,"geometry":{"type":"LineString","coordinates":[[-43.393886787744918,-22.742694501775798],[-43.393901223662397,-22.742626725269115],[-43.393932383372658,-22.742537066458443],[-43.393976263993295,-22.742478067334943],[-43.394116695828764,-22.74229791963926],[-43.39424262339822,-22.742148380369482],[-43.39428797530968,-22.742090557559205],[-43.394385734314085,-22.741902269200349],[-43.394435170046968,-22.741752973646854],[-43.394499361855928,-22.741623195180303],[-43.394600155172903,-22.741463863192749],[-43.394666911848383,-22.741330735650941],[-43.394702185057668,-22.741228667095314],[-43.394718283821646,-22.741200679293932],[-43.394732960757437,-22.74119202421857],[-43.394779284836034,-22.741095471205043],[-43.394824948812243,-22.741006664052321],[-43.394947236825374,-22.740831516587239],[-43.395095371354159,-22.740634726037836],[-43.395272275195225,-22.740344966273231],[-43.395362665154778,-22.740212200258881],[-43.395404045660086,-22.740130857479116],[-43.395423731819669,-22.740088314150448],[-43.395426751743052,-22.740047410285779],[-43.395431546028931,-22.739817295357955],[-43.395473680166106,-22.739724665187214],[-43.395531048818725,-22.739621324090884],[-43.395581338008242,-22.739465250347102],[-43.39566854077043,-22.739225088193344]]},"properties":{"objectid":29204,"nome":" ","geometriaa":"Não","tipotrecho":"Curso dágua","navegavel":"Desconhecido","larguramed":0,"regime":"Permanente","encoberto":"Não","codmun":"330045","municn":"Belford Roxo","reggov":"Região Metropolitana","rh":"RH-V","nome_rh":"Baia de Guanabara","id_rh":5,"Shape__Length":0.0039598817183714797}},{"type":"Feature","id":31044,"geometry":{"type":"LineString","coordinates":[[-43.416818721106949,-22.74543365416574],[-43.41680176798706,-22.745432128915564],[-43.416375403002341,-22.745391204366495],[-43.415564885411008,-22.745307551228429],[-43.415071460679265,-22.745255272738561],[-43.414839138815069,-22.745247952257149],[-43.414722889749441,-22.745256631614179],[-43.414552523080367,-22.745303370280258],[-43.414364714060184,-22.745404850679265],[-43.414046553705361,-22.745591495077388],[-43.413720470323312,-22.745768145309601],[-43.413543462160931,-22.745857961501628],[-43.413452309576307,-22.745900890639479],[-43.413398932114887,-22.745911506236922],[-43.413358638889974,-22.74591320145899],[-43.413332662872001,-22.74590645024837],[-43.413332500993988,-22.745906388195145],[-43.413290026913103,-22.745883977089782],[-43.41323689676522,-22.745848207454703],[-43.413029400686185,-22.745697503562866],[-43.412888193635133,-22.7456166302292],[-43.412776730761379,-22.74558478703424],[-43.412569983817598,-22.745562791415615],[-43.412383557954747,-22.745590972571254],[-43.41215626599876,-22.74563611044406],[-43.411925943327503,-22.745656596100932],[-43.411775734062758,-22.745667289040082],[-43.411668926979303,-22.745663930971574],[-43.411579150357397,-22.745648879018486],[-43.411399757192896,-22.745597232751972],[-43.411252863728585,-22.745530878073481],[-43.411090017190425,-22.745402484562909],[-43.410871769716259,-22.745275863616122],[-43.410757104356776,-22.745237901433921],[-43.410687971672409,-22.745236077608851],[-43.410647584917967,-22.745237803407839],[-43.410392398690128,-22.745343761531295],[-43.410178222446916,-22.745429675564964],[-43.409905344755714,-22.745565702521077],[-43.409681336224594,-22.74569054730685],[-43.409475752104186,-22.745813396496978],[-43.409201829400786,-22.745937750252857],[-43.409057282267668,-22.745991740152615],[-43.408942099797969,-22.746012513592536],[-43.408688004447754,-22.746051065730022],[-43.408469334292249,-22.746081118374804],[-43.408215524926391,-22.746076614569986],[-43.408063918115197,-22.746071764526242],[-43.407836384241648,-22.746061798239303],[-43.407640690865101,-22.746077102901861],[-43.40753727332639,-22.746083322613138],[-43.407342740075251,-22.746074282627958],[-43.407196384405495,-22.746029979325975],[-43.407096491309915,-22.745974631449961],[-43.407003899810029,-22.745918838409537],[-43.406936466844343,-22.745842583993955],[-43.406873344329256,-22.745729603064628],[-43.406853052925953,-22.745648605624552],[-43.406860969657885,-22.745608976099302],[-43.406885965414858,-22.745443208563167],[-43.406884164072778,-22.745267288580443],[-43.406851944961154,-22.745108864908094],[-43.406776027791352,-22.744945912249978],[-43.406716840709521,-22.744876306522251],[-43.406542697787131,-22.744691368138085],[-43.406408607071455,-22.744625290450756],[-43.406240199125762,-22.744579620179252],[-43.40612651762455,-22.744529739281969],[-43.406098144014031,-22.7445169014598],[-43.4060468224028,-22.744489348030928],[-43.405892524820047,-22.744397792550043],[-43.405748085605524,-22.744331276892879],[-43.405589523437641,-22.744264115522473],[-43.405330986335862,-22.744178578304691],[-43.404886206832877,-22.744065141419082],[-43.404660287242336,-22.744008275487495],[-43.404386994064396,-22.74394365470188],[-43.404262938883392,-22.743943043162869],[-43.404042056395667,-22.74396354410823],[-43.403778790658521,-22.744023542378514],[-43.403524020816803,-22.744102024414818],[-43.403398186776769,-22.74414439777167],[-43.403243079804156,-22.744173734556174],[-43.402822477675102,-22.744231473729489],[-43.402467857005895,-22.744251444974172],[-43.401824788682923,-22.744292401898761],[-43.401578938317236,-22.74429429856896],[-43.401391625722852,-22.744303680296525],[-43.401293712934375,-22.744299835694786],[-43.401245708922197,-22.744295916449353],[-43.401054953723019,-22.744286559902775],[-43.400915679315005,-22.744262640634307],[-43.400777544348102,-22.744221189981896],[-43.40066942695239,-22.744155690558621],[-43.400574000789398,-22.744040605215687],[-43.400468906914398,-22.743872403214777],[-43.400387535356344,-22.743723551027031],[-43.400285829227528,-22.743496140360566],[-43.400211484072599,-22.743271737926332],[-43.400108244599664,-22.743056052620691],[-43.399983959192234,-22.742756065765818],[-43.399922792702625,-22.742601138657605],[-43.399882786361381,-22.742546988678601],[-43.399847030216165,-22.742523460615178],[-43.399658529617341,-22.742389831251717],[-43.399500215662322,-22.742321648251444],[-43.399343355011695,-22.7422601795896],[-43.399197107260591,-22.74216791454365],[-43.399005398779991,-22.742058154086529],[-43.398790205403543,-22.741938319423912],[-43.398711610951977,-22.741898128721683],[-43.398497873577874,-22.74178812634694],[-43.398357590130558,-22.741691560742936],[-43.398249925993177,-22.741606015431277],[-43.398239647641503,-22.741586873361545],[-43.398220379666668,-22.7415302313611],[-43.398208203745469,-22.741473616340347]]},"properties":{"objectid":31044,"nome":"Canal Maxambomba","geometriaa":"Não","tipotrecho":"Curso dágua","navegavel":"Desconhecido","larguramed":0,"regime":"Permanente","encoberto":"Não","codmun":"330045","municn":"Belford Roxo","reggov":"Região Metropolitana","rh":"RH-V","nome_rh":"Baia de Guanabara","id_rh":5,"Shape__Length":0.021700208849241624}},{"type":"Feature","id":188163,"geometry":{"type":"LineString","coordinates":[[-43.36987194653301,-22.744769534512319],[-43.370095036856355,-22.744710489523413],[-43.370205703830038,-22.744615436579064],[-43.370309485594184,-22.744493401275406],[-43.370580436937473,-22.74419163466218],[-43.37066184446843,-22.744026743065671],[-43.370733988982295,-22.743854712650844],[-43.370793023179374,-22.743753714288413],[-43.370856242821226,-22.743603539197935],[-43.370996649475671,-22.743250136210779],[-43.371021900640081,-22.743099483580277],[-43.371124203019463,-22.743011750218077],[-43.371189355304409,-22.742879114605422],[-43.371387908525037,-22.742581575705159],[-43.371516276854557,-22.742241416134451],[-43.371516670757615,-22.742241058204279]]},"properties":{"objectid":188163,"nome":" ","geometriaa":"Não","tipotrecho":"Curso dágua","navegavel":"Desconhecido","larguramed":0,"regime":"Temporário","encoberto":"Não","codmun":"330045","municn":"Belford Roxo","reggov":"Região Metropolitana","rh":"RH-V","nome_rh":"Baia de Guanabara","id_rh":5,"Shape__Length":0.0031301589209060581}},{"type":"Feature","id":188708,"geometry":{"type":"LineString","coordinates":[[-43.360309557739754,-22.746118445635677],[-43.360601996584762,-22.745878510111044],[-43.360678393093231,-22.745816437104825],[-43.360752871347813,-22.745743779078087],[-43.360864451133409,-22.745605393200243],[-43.361084197777366,-22.74550866661761],[-43.361317871322569,-22.745354555194496],[-43.361388109273719,-22.745286277765423],[-43.361504679397349,-22.745178467937858],[-43.361627156268128,-22.745073337190703],[-43.361729340836291,-22.744979739349436],[-43.36179521257889,-22.744926498584952],[-43.361880514174295,-22.74486054320543],[-43.361962996395057,-22.744794288351663],[-43.362201796075915,-22.744552986756901],[-43.362236941581436,-22.744406319921666],[-43.362285975317384,-22.744270723740851],[-43.362327318051143,-22.744184087551574],[-43.362415737596109,-22.743946391338866],[-43.362471295913444,-22.743802552871454],[-43.362608649369584,-22.743617287134061],[-43.36266440733641,-22.743571078168671],[-43.362715228025252,-22.743571508044639],[-43.362798934223292,-22.743606685026425],[-43.363179580373242,-22.743709928096639],[-43.363559585306518,-22.743793386081855],[-43.363836690710571,-22.743810042425491],[-43.36392404725683,-22.743792152212006],[-43.36413507767157,-22.74374834533582],[-43.364525447291442,-22.743680996007139],[-43.364681055186459,-22.743663443039409],[-43.364800730669067,-22.743646154472412],[-43.364975448258228,-22.743634667431902],[-43.36521192139292,-22.743571883061943],[-43.365278884912463,-22.743582231560715],[-43.36533891016245,-22.743619241360829],[-43.365725533206671,-22.743670339940206],[-43.366121833855402,-22.743685502509909],[-43.366320199117752,-22.743658631666467],[-43.3664467840917,-22.743682684933919],[-43.366622148293395,-22.743747785957524],[-43.36664993374734,-22.743777512148437],[-43.366688457106477,-22.743870565000542],[-43.366841834682816,-22.743942305718811],[-43.366858042264717,-22.744069629935456],[-43.366732262184023,-22.744330156337583],[-43.36658307185116,-22.744438539932617],[-43.366423752454068,-22.744530744724049],[-43.366343388136734,-22.744672976102883],[-43.366176216758902,-22.74483590358005],[-43.36604302356659,-22.745064564304112],[-43.365910885278993,-22.745261898044063],[-43.365658839483729,-22.745544884115056],[-43.365638185653609,-22.745562193366457],[-43.365554489348085,-22.745665194519034],[-43.365433464882358,-22.745812067298992],[-43.365248062448018,-22.746001268469644],[-43.36513752587598,-22.746174979717424],[-43.364961023132587,-22.746287236692545],[-43.36459051324146,-22.746411505012826],[-43.36445052207381,-22.746752893057483],[-43.364372034641583,-22.74711342586977],[-43.364373337759218,-22.747159317374493],[-43.364382741969848,-22.747571775243085],[-43.364366734037446,-22.747983972308344],[-43.364290555164864,-22.748363132778223],[-43.364215309788612,-22.748729296245873],[-43.364148582790733,-22.749099611883434],[-43.364321463064925,-22.749381980120123],[-43.364330502150835,-22.749391555201953],[-43.364368967054077,-22.749440356013459],[-43.36450314770201,-22.749546491303356],[-43.364552616709773,-22.749644353729753],[-43.364679907651521,-22.749838472393428],[-43.364999811791726,-22.75009925600169],[-43.365280849931139,-22.750381986665129]]},"properties":{"objectid":188708,"nome":" ","geometriaa":"Não","tipotrecho":"Curso dágua","navegavel":"Desconhecido","larguramed":0,"regime":"Temporário","encoberto":"Não","codmun":"330045","municn":"Belford Roxo","reggov":"Região Metropolitana","rh":"RH-V","nome_rh":"Baia de Guanabara","id_rh":5,"Shape__Length":0.015888528091015944}},{"type":"Feature","id":189589,"geometry":{"type":"LineString","coordinates":[[-43.329162538720084,-22.756627859214007],[-43.329334943252896,-22.756669362926413],[-43.329453927156919,-22.75670773879677]]},"properties":{"objectid":189589,"nome":" ","geometriaa":"Não","tipotrecho":"Curso dágua","navegavel":"Desconhecido","larguramed":0,"regime":"Permanente","encoberto":"Não","codmun":"330170","municn":"Duque de Caxias","reggov":"Região Metropolitana","rh":"RH-V","nome_rh":"Baia de Guanabara","id_rh":5,"Shape__Length":0.00030234937100235393}},{"type":"Feature","id":189590,"geometry":{"type":"LineString","coordinates":[[-43.329453927156919,-22.75670773879677],[-43.329608435181008,-22.756757572929306]]},"properties":{"objectid":189590,"nome":" ","geometriaa":"Não","tipotrecho":"Curso dágua","navegavel":"Desconhecido","larguramed":0,"regime":"Permanente","encoberto":"Não","codmun":"330510","municn":"São João de Meriti","reggov":"Região Metropolitana","rh":"RH-V","nome_rh":"Baia de Guanabara","id_rh":5,"Shape__Length":0.0001623458354416817}},{"type":"Feature","id":189591,"geometry":{"type":"LineString","coordinates":[[-43.329162538720084,-22.756627859214007],[-43.328946675348675,-22.756575892788877],[-43.328566517530653,-22.756472211748815],[-43.328192502981494,-22.756359833365252],[-43.327803593860665,-22.756311147666974],[-43.327430031670531,-22.756177729644165],[-43.327050979119299,-22.75607143787223],[-43.326666999182521,-22.755962021855531],[-43.326288220924539,-22.755873250675645],[-43.325912626266586,-22.755754980833359],[-43.325516438932361,-22.755672617323139],[-43.32513394557504,-22.755593197293905],[-43.324756572058043,-22.755485201306694],[-43.32437944765325,-22.755372871486532],[-43.323990930636789,-22.755276497438075],[-43.32360952366048,-22.7551960009204],[-43.323609359084514,-22.755195965846813]]},"properties":{"objectid":189591,"nome":" ","geometriaa":"Não","tipotrecho":"Curso dágua","navegavel":"Desconhecido","larguramed":0,"regime":"Permanente","encoberto":"Não","codmun":"330170","municn":"Duque de Caxias","reggov":"Região Metropolitana","rh":"RH-V","nome_rh":"Baia de Guanabara","id_rh":5,"Shape__Length":0.0057425775462886701}},{"type":"Feature","id":189755,"geometry":{"type":"LineString","coordinates":[[-43.343316282220542,-22.753975948257121],[-43.343201786832878,-22.754059386457246],[-43.342905836135287,-22.754304037127323],[-43.342599228471499,-22.754527895471707],[-43.3423050503377,-22.754770757390236],[-43.342000604644056,-22.755008996793478],[-43.341715085182891,-22.755260346513502],[-43.341422399024395,-22.755500332400093],[-43.34114131322093,-22.755755338763571],[-43.34082325898612,-22.755975101595325],[-43.340536826713056,-22.756229148382161],[-43.340250183099329,-22.756484456917811],[-43.339952536280407,-22.756723574958702],[-43.339641179296848,-22.756960924932397],[-43.339349658659721,-22.757200557385474],[-43.339113738608035,-22.757351630898704],[-43.339019772944027,-22.757439970403983],[-43.33887040184743,-22.757769675355899],[-43.338813702290402,-22.757852350930918],[-43.338790768678898,-22.757875288139676]]},"properties":{"objectid":189755,"nome":" ","geometriaa":"Não","tipotrecho":"Curso dágua","navegavel":"Desconhecido","larguramed":0,"regime":"Permanente","encoberto":"Não","codmun":"330045","municn":"Belford Roxo","reggov":"Região Metropolitana","rh":"RH-V","nome_rh":"Baia de Guanabara","id_rh":5,"Shape__Length":0.0060195053708672194}},{"type":"Feature","id":189793,"geometry":{"type":"LineString","coordinates":[[-43.338743726042026,-22.758061905558147],[-43.338708733421186,-22.758056452069219],[-43.33862486084854,-22.758041219352414],[-43.335889686159987,-22.757544421263656],[-43.334811914338268,-22.757180756112668],[-43.333939342626415,-22.756926486293978],[-43.333700003352362,-22.756832600669668]]},"properties":{"objectid":189793,"nome":"Canal de Sarapuí","geometriaa":"Não","tipotrecho":"Curso dágua","navegavel":"Desconhecido","larguramed":0,"regime":"Permanente","encoberto":"Não","codmun":"330045","municn":"Belford Roxo","reggov":"Região Metropolitana","rh":"RH-V","nome_rh":"Baia de Guanabara","id_rh":5,"Shape__Length":0.005204017874557724}},{"type":"Feature","id":189794,"geometry":{"type":"LineString","coordinates":[[-43.338743726042026,-22.758061905558147],[-43.338708733421186,-22.758056452069219],[-43.33862486084854,-22.758041219352414],[-43.335889686159987,-22.757544421263656],[-43.334811914338268,-22.757180756112668],[-43.333939342626415,-22.756926486293978],[-43.333700003352362,-22.756832600669668]]},"properties":{"objectid":189794,"nome":"Canal de Sarapuí","geometriaa":"Não","tipotrecho":"Curso dágua","navegavel":"Desconhecido","larguramed":0,"regime":"Permanente","encoberto":"Não","codmun":"330510","municn":"São João de Meriti","reggov":"Região Metropolitana","rh":"RH-V","nome_rh":"Baia de Guanabara","id_rh":5,"Shape__Length":0.005204017874557724}},{"type":"Feature","id":189795,"geometry":{"type":"LineString","coordinates":[[-43.338743726042026,-22.758061905558147],[-43.338790768678898,-22.757875288139676]]},"properties":{"objectid":189795,"nome":" ","geometriaa":"Não","tipotrecho":"Curso dágua","navegavel":"Desconhecido","larguramed":0,"regime":"Permanente","encoberto":"Não","codmun":"330045","municn":"Belford Roxo","reggov":"Região Metropolitana","rh":"RH-V","nome_rh":"Baia de Guanabara","id_rh":5,"Shape__Length":0.00019245537290398117}},{"type":"Feature","id":190007,"geometry":{"type":"LineString","coordinates":[[-43.347781850551826,-22.756037415619939],[-43.347697064268004,-22.756399316301053],[-43.347580272011847,-22.756750499761438],[-43.347494701519167,-22.757104625803485],[-43.347421715239875,-22.757464932886013],[-43.347352693172127,-22.757827538635617],[-43.347286080388194,-22.75818411802824],[-43.347205466958599,-22.758538836723535],[-43.347101231036845,-22.758890240517815],[-43.347069936428284,-22.75906313248317],[-43.3474537724735,-22.75913827084015],[-43.347841343403161,-22.759210556547551],[-43.348223994141904,-22.759279088484735],[-43.348606307634888,-22.759359446506835],[-43.348990521395308,-22.759427631305748],[-43.349371606414365,-22.75950499458542],[-43.349755303964002,-22.759567572111326],[-43.350134689264401,-22.759656837019001],[-43.350518160184834,-22.759722120604962],[-43.350561047953875,-22.759731264012196]]},"properties":{"objectid":190007,"nome":" ","geometriaa":"Não","tipotrecho":"Curso dágua","navegavel":"Desconhecido","larguramed":0,"regime":"Temporário","encoberto":"Não","codmun":"330045","municn":"Belford Roxo","reggov":"Região Metropolitana","rh":"RH-V","nome_rh":"Baia de Guanabara","id_rh":5,"Shape__Length":0.0066668147419520728}},{"type":"Feature","id":190008,"geometry":{"type":"LineString","coordinates":[[-43.354802991764522,-22.754326634392388],[-43.354422583035664,-22.754404987825637],[-43.354037680394526,-22.754476429968967],[-43.353646300835976,-22.754503281926645],[-43.353263674378923,-22.754587931513523],[-43.352875277871647,-22.754617701771217],[-43.352811506945386,-22.754624990776389],[-43.3526478141452,-22.754625470115052],[-43.352265093259355,-22.754709754577206],[-43.351877787629689,-22.754754074066962],[-43.351756728090436,-22.754780278512776],[-43.351602693109662,-22.754819780334273],[-43.351524122939793,-22.755175786858761],[-43.351449057427935,-22.755531830255418],[-43.351366612079346,-22.755894209375942],[-43.351293398271594,-22.75625009089465],[-43.351229929517501,-22.756613388222945],[-43.351147593886253,-22.756974594627476],[-43.351071075969287,-22.757329809748548],[-43.350987447112864,-22.757685131888973],[-43.350911310508479,-22.758040891999169],[-43.350821545577737,-22.75839624111924],[-43.350755936437224,-22.75875915533635],[-43.350701811639169,-22.759122547992778],[-43.350632665465014,-22.759479916090864],[-43.350561047953875,-22.759731264012196]]},"properties":{"objectid":190008,"nome":" ","geometriaa":"Não","tipotrecho":"Curso dágua","navegavel":"Desconhecido","larguramed":0,"regime":"Temporário","encoberto":"Não","codmun":"330045","municn":"Belford Roxo","reggov":"Região Metropolitana","rh":"RH-V","nome_rh":"Baia de Guanabara","id_rh":5,"Shape__Length":0.0082690290186253606}},{"type":"Feature","id":190086,"geometry":{"type":"LineString","coordinates":[[-43.350440679093929,-22.760134381522075],[-43.350532627578559,-22.759831004223081],[-43.350561047953875,-22.759731264012196]]},"properties":{"objectid":190086,"nome":" ","geometriaa":"Não","tipotrecho":"Curso dágua","navegavel":"Desconhecido","larguramed":0,"regime":"Permanente","encoberto":"Não","codmun":"330045","municn":"Belford Roxo","reggov":"Região Metropolitana","rh":"RH-V","nome_rh":"Baia de Guanabara","id_rh":5,"Shape__Length":0.00042071552494796877}},{"type":"Feature","id":190243,"geometry":{"type":"LineString","coordinates":[[-43.358449604165799,-22.761200532304272],[-43.3580647824636,-22.761141574549598],[-43.357682117335742,-22.76104886254053],[-43.357289046152459,-22.760987651984152],[-43.356897359925092,-22.76092464817954],[-43.356495900765083,-22.760864613037047],[-43.356100978777022,-22.760803560761261],[-43.355722281457979,-22.76070501485011],[-43.355332715832049,-22.7606277594891],[-43.354946135055968,-22.760561461467855],[-43.354555049575765,-22.760505412120636],[-43.354168777267148,-22.760429723378614],[-43.353784246046025,-22.760355045474544],[-43.353300533093034,-22.760235813357699],[-43.352895437973984,-22.76021131492584],[-43.352516556293892,-22.760112307662485],[-43.352135061184015,-22.760036302359058],[-43.351746354410629,-22.759960853735983],[-43.351359228645379,-22.75989977987653],[-43.350970442731636,-22.759814756171625],[-43.350561047953875,-22.759731264012196]]},"properties":{"objectid":190243,"nome":" ","geometriaa":"Não","tipotrecho":"Curso dágua","navegavel":"Desconhecido","larguramed":0,"regime":"Temporário","encoberto":"Não","codmun":"330045","municn":"Belford Roxo","reggov":"Região Metropolitana","rh":"RH-V","nome_rh":"Baia de Guanabara","id_rh":5,"Shape__Length":0.0080325094893744422}},{"type":"Feature","id":190288,"geometry":{"type":"LineString","coordinates":[[-43.329712637827868,-22.761514840862787],[-43.329703033967739,-22.761151603789028],[-43.329697130817806,-22.760788314554667],[-43.329694918485586,-22.760425876978182],[-43.32969309286181,-22.760063623762832],[-43.329691671933006,-22.75970011059723],[-43.32966470036552,-22.759339672213681],[-43.329664670687862,-22.758973915239626],[-43.329656797123391,-22.758612501990989],[-43.329635921160722,-22.758247340368111],[-43.329620769382871,-22.757883864074682],[-43.329600409631105,-22.757516269785683],[-43.329615456188208,-22.757151844707543],[-43.329603977241618,-22.756790665282612],[-43.329608435181008,-22.756757572929306]]},"properties":{"objectid":190288,"nome":" ","geometriaa":"Não","tipotrecho":"Curso dágua","navegavel":"Desconhecido","larguramed":0,"regime":"Temporário","encoberto":"Não","codmun":"330510","municn":"São João de Meriti","reggov":"Região Metropolitana","rh":"RH-V","nome_rh":"Baia de Guanabara","id_rh":5,"Shape__Length":0.0047608175313067968}},{"type":"Feature","id":190449,"geometry":{"type":"LineString","coordinates":[[-43.348456877183033,-22.760648187589336],[-43.348321026494034,-22.760643603744914],[-43.34794969821985,-22.760532111193552],[-43.347836140825109,-22.760525155836863],[-43.34744100569776,-22.760466066781106],[-43.347061567337335,-22.760365054928943],[-43.34667366815512,-22.760295562515783],[-43.346285761778354,-22.760250904880913],[-43.345899561415536,-22.760169778837827],[-43.345509511054956,-22.760125277684988],[-43.345124887203667,-22.760042720820515],[-43.3447409387432,-22.759968749783567],[-43.344358422902758,-22.759897140366306],[-43.343969478708338,-22.759849938549443],[-43.343579359999346,-22.759843542571033],[-43.343211337633022,-22.759724939080272],[-43.342823638999612,-22.759655259608156],[-43.34242799125866,-22.759582696909536],[-43.342052831872593,-22.759482711183743],[-43.341663567519504,-22.759438028367928],[-43.341279589381422,-22.759366847927307],[-43.340895378318919,-22.759282750524111],[-43.340504416945173,-22.759217366214095],[-43.340116109470785,-22.759158059522409],[-43.339733108895757,-22.759086705512637],[-43.339357998972332,-22.758982920151261],[-43.338966052840931,-22.758942809488659],[-43.338574665188496,-22.758864591853015],[-43.33819471421458,-22.758774752278629],[-43.337810581393114,-22.7587005824915],[-43.337574408631951,-22.758735421328272],[-43.33748308967273,-22.758677394371844],[-43.337413385918929,-22.758611555004869],[-43.33735548846488,-22.758616099279173],[-43.336957275857458,-22.758578988754969],[-43.336569820940383,-22.758521940260955],[-43.336176218257719,-22.758433849867867],[-43.335808028617521,-22.758297797730812],[-43.335418386549179,-22.758212456565243],[-43.335042138084077,-22.758106753849258],[-43.334658821847029,-22.758013799922566],[-43.334270133959414,-22.757938219998461],[-43.333890773840039,-22.757856323236382],[-43.333537590287442,-22.757703806311255],[-43.333151321576111,-22.757645677731475],[-43.332772393131336,-22.757560442685904],[-43.332388557985439,-22.757478405629548],[-43.332008752701647,-22.75736922703382],[-43.331620685346259,-22.757274952003108],[-43.33122502321612,-22.757196763145757],[-43.33083907826073,-22.757120209255895],[-43.330460925930879,-22.757019442918594],[-43.33007813669655,-22.756915737596888],[-43.329705367708414,-22.75678883606161],[-43.329608435181008,-22.756757572929306]]},"properties":{"objectid":190449,"nome":" ","geometriaa":"Não","tipotrecho":"Curso dágua","navegavel":"Desconhecido","larguramed":0,"regime":"Permanente","encoberto":"Não","codmun":"330510","municn":"São João de Meriti","reggov":"Região Metropolitana","rh":"RH-V","nome_rh":"Baia de Guanabara","id_rh":5,"Shape__Length":0.019333962931559479}},{"type":"Feature","id":190497,"geometry":{"type":"LineString","coordinates":[[-43.367779794301953,-22.758241779859894],[-43.367668033752636,-22.758591587357461],[-43.367555018649064,-22.75894029768223],[-43.367444645753665,-22.75928795220284],[-43.367314388847831,-22.759628899579635],[-43.367206448618617,-22.759976578381988],[-43.367107027667089,-22.760328407555537],[-43.366996628691368,-22.76067804777923],[-43.366901746618169,-22.761032994003028],[-43.366797105102187,-22.761381518168104],[-43.366664520750923,-22.761721267647943],[-43.366542480950613,-22.762066904089917],[-43.366341772954343,-22.762771265706849],[-43.366290007977348,-22.762915052912859],[-43.366281973434184,-22.763009811778911]]},"properties":{"objectid":190497,"nome":" ","geometriaa":"Não","tipotrecho":"Curso dágua","navegavel":"Desconhecido","larguramed":0,"regime":"Temporário","encoberto":"Não","codmun":"330045","municn":"Belford Roxo","reggov":"Região Metropolitana","rh":"RH-V","nome_rh":"Baia de Guanabara","id_rh":5,"Shape__Length":0.0050027168944129898}},{"type":"Feature","id":190523,"geometry":{"type":"LineString","coordinates":[[-43.328246358882211,-22.76322974278391],[-43.328089452366207,-22.762896119485816],[-43.327948116712093,-22.762555344778871],[-43.327799794225022,-22.762220636898398],[-43.327649351136529,-22.761884191527766],[-43.327515106636724,-22.761545025707907],[-43.327369929978147,-22.761208002972534],[-43.327224639105673,-22.760872423649023],[-43.327210422622777,-22.760848432434752],[-43.327130893775639,-22.760726132730404],[-43.327109437750217,-22.760656820181651],[-43.327195475890392,-22.760300816355176],[-43.32718393399125,-22.760233053338343],[-43.327029656193531,-22.759891961170684],[-43.326801625894184,-22.759593897066274],[-43.326719559160203,-22.759512119014676],[-43.326561120199415,-22.759177033418954],[-43.3264029501359,-22.758843847191375],[-43.326203265568154,-22.758529371358996],[-43.32604120953409,-22.758195602370758],[-43.325810641347914,-22.757898413306776],[-43.32547688045355,-22.757703094048196],[-43.325151501240668,-22.757499193458653],[-43.324817593756848,-22.757308025470646],[-43.324490383524278,-22.757110697126617],[-43.324165758842582,-22.756909059231351],[-43.323841318521886,-22.756708326953397],[-43.323677239013243,-22.756612772187342],[-43.323587998387325,-22.756496780327783],[-43.323594076005691,-22.756134519917804],[-43.323631190127223,-22.755774392699749],[-43.323631823249912,-22.755411353476887],[-43.323609359084514,-22.755195965846813]]},"properties":{"objectid":190523,"nome":" ","geometriaa":"Não","tipotrecho":"Curso dágua","navegavel":"Desconhecido","larguramed":0,"regime":"Temporário","encoberto":"Não","codmun":"330170","municn":"Duque de Caxias","reggov":"Região Metropolitana","rh":"RH-V","nome_rh":"Baia de Guanabara","id_rh":5,"Shape__Length":0.009917049786579063}},{"type":"Feature","id":190565,"geometry":{"type":"LineString","coordinates":[[-43.350404973310731,-22.760252190911476],[-43.350716069490886,-22.76030609447626],[-43.354023895586181,-22.760873628740537],[-43.354551260731967,-22.760986326383392],[-43.356381628409281,-22.761288658670203],[-43.360040744084927,-22.762031152441285],[-43.362182655804816,-22.762535819597911],[-43.363725963482295,-22.762666569332197],[-43.36534197595131,-22.76293595675449],[-43.366250895562246,-22.763118698094992]]},"properties":{"objectid":190565,"nome":"Canal de Sarapuí","geometriaa":"Não","tipotrecho":"Curso dágua","navegavel":"Desconhecido","larguramed":0,"regime":"Permanente","encoberto":"Não","codmun":"330510","municn":"São João de Meriti","reggov":"Região Metropolitana","rh":"RH-V","nome_rh":"Baia de Guanabara","id_rh":5,"Shape__Length":0.016114838874442896}},{"type":"Feature","id":190566,"geometry":{"type":"LineString","coordinates":[[-43.350404973310731,-22.760252190911476],[-43.350716069490886,-22.76030609447626],[-43.354023895586181,-22.760873628740537],[-43.354551260731967,-22.760986326383392],[-43.356381628409281,-22.761288658670203],[-43.360040744084927,-22.762031152441285],[-43.362182655804816,-22.762535819597911],[-43.363725963482295,-22.762666569332197],[-43.36534197595131,-22.76293595675449],[-43.366250895562246,-22.763118698094992]]},"properties":{"objectid":190566,"nome":"Canal de Sarapuí","geometriaa":"Não","tipotrecho":"Curso dágua","navegavel":"Desconhecido","larguramed":0,"regime":"Permanente","encoberto":"Não","codmun":"330045","municn":"Belford Roxo","reggov":"Região Metropolitana","rh":"RH-V","nome_rh":"Baia de Guanabara","id_rh":5,"Shape__Length":0.016114838874442896}},{"type":"Feature","id":190567,"geometry":{"type":"LineString","coordinates":[[-43.366281973434184,-22.763009811778911],[-43.366281853824368,-22.763011218318617],[-43.366250895562246,-22.763118698094992]]},"properties":{"objectid":190567,"nome":" ","geometriaa":"Não","tipotrecho":"Curso dágua","navegavel":"Desconhecido","larguramed":0,"regime":"Permanente","encoberto":"Não","codmun":"330045","municn":"Belford Roxo","reggov":"Região Metropolitana","rh":"RH-V","nome_rh":"Baia de Guanabara","id_rh":5,"Shape__Length":0.00011326114158443607}},{"type":"Feature","id":190628,"geometry":{"type":"LineString","coordinates":[[-43.370227331625927,-22.764003473606923],[-43.369519191957011,-22.763886573432117],[-43.368473806520861,-22.763565599098641],[-43.366250895562246,-22.763118698094992]]},"properties":{"objectid":190628,"nome":"Canal de Sarapuí","geometriaa":"Não","tipotrecho":"Curso dágua","navegavel":"Desconhecido","larguramed":0,"regime":"Permanente","encoberto":"Não","codmun":"330045","municn":"Belford Roxo","reggov":"Região Metropolitana","rh":"RH-V","nome_rh":"Baia de Guanabara","id_rh":5,"Shape__Length":0.004078664619394181}},{"type":"Feature","id":190629,"geometry":{"type":"LineString","coordinates":[[-43.370227331625927,-22.764003473606923],[-43.369519191957011,-22.763886573432117],[-43.368473806520861,-22.763565599098641],[-43.366250895562246,-22.763118698094992]]},"properties":{"objectid":190629,"nome":"Canal de Sarapuí","geometriaa":"Não","tipotrecho":"Curso dágua","navegavel":"Desconhecido","larguramed":0,"regime":"Permanente","encoberto":"Não","codmun":"330510","municn":"São João de Meriti","reggov":"Região Metropolitana","rh":"RH-V","nome_rh":"Baia de Guanabara","id_rh":5,"Shape__Length":0.004078664619394181}},{"type":"Feature","id":190641,"geometry":{"type":"LineString","coordinates":[[-43.370227331625927,-22.764003473606923],[-43.370286000698229,-22.764013158406044],[-43.370798019812639,-22.764143391929508]]},"properties":{"objectid":190641,"nome":"Canal de Sarapuí","geometriaa":"Não","tipotrecho":"Curso dágua","navegavel":"Desconhecido","larguramed":0,"regime":"Permanente","encoberto":"Não","codmun":"330510","municn":"São João de Meriti","reggov":"Região Metropolitana","rh":"RH-V","nome_rh":"Baia de Guanabara","id_rh":5,"Shape__Length":0.00058778525623414714}},{"type":"Feature","id":190642,"geometry":{"type":"LineString","coordinates":[[-43.370227331625927,-22.764003473606923],[-43.370286000698229,-22.764013158406044],[-43.370798019812639,-22.764143391929508]]},"properties":{"objectid":190642,"nome":"Canal de Sarapuí","geometriaa":"Não","tipotrecho":"Curso dágua","navegavel":"Desconhecido","larguramed":0,"regime":"Permanente","encoberto":"Não","codmun":"330045","municn":"Belford Roxo","reggov":"Região Metropolitana","rh":"RH-V","nome_rh":"Baia de Guanabara","id_rh":5,"Shape__Length":0.00058778525623414714}},{"type":"Feature","id":190732,"geometry":{"type":"LineString","coordinates":[[-43.329476508234166,-22.764850862502762],[-43.329443811582514,-22.764488828721927],[-43.329386752296671,-22.764128255440149],[-43.3294011954087,-22.763765631704032],[-43.329453294933494,-22.763405387574064],[-43.329411899139707,-22.763038024410807],[-43.329388538350258,-22.762669044266531],[-43.329368684916744,-22.762307957471801],[-43.329309786517342,-22.76194646148554],[-43.329329309899606,-22.761582445598947],[-43.329318927226609,-22.761235274913531],[-43.329438098189542,-22.761004876699261],[-43.329342165708283,-22.760653921666712],[-43.32926411084992,-22.760298275770406],[-43.329271351291709,-22.760247417310019],[-43.329280071118262,-22.759882926581366],[-43.3292485516792,-22.75952027226834],[-43.329260669144446,-22.759156629600398],[-43.329266736870288,-22.758793917730717],[-43.329246128905595,-22.758430836239739],[-43.329237194141058,-22.75806868914432],[-43.329219147445599,-22.757703195671557],[-43.329205799707779,-22.757335584295433],[-43.329173328785998,-22.756971114251201],[-43.329162538720084,-22.756627859214007]]},"properties":{"objectid":190732,"nome":" ","geometriaa":"Não","tipotrecho":"Curso dágua","navegavel":"Desconhecido","larguramed":0,"regime":"Temporário","encoberto":"Não","codmun":"330170","municn":"Duque de Caxias","reggov":"Região Metropolitana","rh":"RH-V","nome_rh":"Baia de Guanabara","id_rh":5,"Shape__Length":0.0082976206408532562}},{"type":"Feature","id":190819,"geometry":{"type":"LineString","coordinates":[[-43.372572634919038,-22.764160961984324],[-43.372508197595096,-22.764607789243534],[-43.372408047293447,-22.76478368854184],[-43.372359988422602,-22.765067782577574]]},"properties":{"objectid":190819,"nome":" ","geometriaa":"Não","tipotrecho":"Curso dágua","navegavel":"Desconhecido","larguramed":0,"regime":"Temporário","encoberto":"Não","codmun":"330510","municn":"São João de Meriti","reggov":"Região Metropolitana","rh":"RH-V","nome_rh":"Baia de Guanabara","id_rh":5,"Shape__Length":0.00094199201102247926}},{"type":"Feature","id":190895,"geometry":{"type":"LineString","coordinates":[[-43.389530649819505,-22.755981701719822],[-43.389419571855633,-22.756327921821779],[-43.389306586429711,-22.756687307998504],[-43.389179372829688,-22.757047544034599],[-43.389011386666027,-22.75738036423807],[-43.388770711898701,-22.757667114871118],[-43.388644706987513,-22.758015441185279],[-43.388511269179617,-22.758358183608902],[-43.388420419666488,-22.758714540869011],[-43.38831508387392,-22.759068944801587],[-43.388257722415858,-22.759218645050048],[-43.388274460597756,-22.759476835912828],[-43.388189539415585,-22.759717924368307],[-43.388004896908335,-22.760042357494374],[-43.387954310043256,-22.760403003621288],[-43.387831897024284,-22.760751816468726],[-43.387598260351304,-22.76104387400115],[-43.387214772343718,-22.761126971358205],[-43.38703175491144,-22.761271246896065],[-43.387057744419216,-22.761429645387359],[-43.3866943922323,-22.761564331454284],[-43.386313107563751,-22.761642120113319],[-43.385928193231393,-22.761713819462727],[-43.385552341367308,-22.761809813997267],[-43.385163326126474,-22.761832791675545],[-43.384777890187365,-22.761907373352116],[-43.384549316697473,-22.761950396918834],[-43.384450653874467,-22.762042781574671],[-43.384195353432695,-22.762006872544706],[-43.384134118594595,-22.762054930516165],[-43.383065753681478,-22.765700836949541],[-43.382956949203731,-22.766095175277556]]},"properties":{"objectid":190895,"nome":" ","geometriaa":"Não","tipotrecho":"Curso dágua","navegavel":"Desconhecido","larguramed":0,"regime":"Temporário","encoberto":"Não","codmun":"330045","municn":"Belford Roxo","reggov":"Região Metropolitana","rh":"RH-V","nome_rh":"Baia de Guanabara","id_rh":5,"Shape__Length":0.013537080930915735}},{"type":"Feature","id":191006,"geometry":{"type":"LineString","coordinates":[[-43.366972664456796,-22.764078738768259],[-43.367036120620348,-22.764096011147508],[-43.367430478733468,-22.764140324342009],[-43.367811693254907,-22.764225321966531],[-43.368231859212813,-22.764310536327681],[-43.368815295289558,-22.764431917824247],[-43.369203576683617,-22.764520687205437],[-43.36960003921029,-22.764601140555659],[-43.369990036510842,-22.764652085350907],[-43.370399341356404,-22.764733661954427],[-43.37092693133269,-22.764818250387389],[-43.371342898355977,-22.764904768765565],[-43.371729700365286,-22.764954231478086],[-43.371734754555177,-22.764955096625872],[-43.372048122422775,-22.765185877052069],[-43.372359988422602,-22.765067782577574]]},"properties":{"objectid":191006,"nome":" ","geometriaa":"Não","tipotrecho":"Curso dágua","navegavel":"Desconhecido","larguramed":0,"regime":"Permanente","encoberto":"Não","codmun":"330510","municn":"São João de Meriti","reggov":"Região Metropolitana","rh":"RH-V","nome_rh":"Baia de Guanabara","id_rh":5,"Shape__Length":0.00556826836371206}},{"type":"Feature","id":191007,"geometry":{"type":"LineString","coordinates":[[-43.362761540412635,-22.763311403024339],[-43.363157469641408,-22.763329732106929],[-43.363540065521477,-22.763404639338166],[-43.363917169241866,-22.763507305942891],[-43.364309529960742,-22.763563706925044],[-43.364588540128914,-22.763611811661303],[-43.364607996062034,-22.763613455621975],[-43.365465568880772,-22.763750120197368],[-43.365959972074904,-22.763897783481415],[-43.366655517637916,-22.763992413744401],[-43.366972664456796,-22.764078738768259]]},"properties":{"objectid":191007,"nome":" ","geometriaa":"Não","tipotrecho":"Curso dágua","navegavel":"Desconhecido","larguramed":0,"regime":"Temporário","encoberto":"Não","codmun":"330510","municn":"São João de Meriti","reggov":"Região Metropolitana","rh":"RH-V","nome_rh":"Baia de Guanabara","id_rh":5,"Shape__Length":0.0042911046826431569}},{"type":"Feature","id":191008,"geometry":{"type":"LineString","coordinates":[[-43.367345319230985,-22.766928264952913],[-43.366972664456796,-22.764078738768259]]},"properties":{"objectid":191008,"nome":" ","geometriaa":"Não","tipotrecho":"Curso dágua","navegavel":"Desconhecido","larguramed":0,"regime":"Temporário","encoberto":"Não","codmun":"330510","municn":"São João de Meriti","reggov":"Região Metropolitana","rh":"RH-V","nome_rh":"Baia de Guanabara","id_rh":5,"Shape__Length":0.0028737903642997715}},{"type":"Feature","id":191129,"geometry":{"type":"LineString","coordinates":[[-43.35373756493658,-22.767877999395555],[-43.353714627727761,-22.767695516160561],[-43.353628437602197,-22.767492962755437],[-43.353517969378686,-22.767309124242079],[-43.353046870316689,-22.76669665265382],[-43.35141057184029,-22.764544723385765],[-43.350025688734434,-22.762739010622372],[-43.348456877183033,-22.760648187589336]]},"properties":{"objectid":191129,"nome":" ","geometriaa":"Não","tipotrecho":"Curso dágua","navegavel":"Desconhecido","larguramed":0,"regime":"Temporário","encoberto":"Não","codmun":"330510","municn":"São João de Meriti","reggov":"Região Metropolitana","rh":"RH-V","nome_rh":"Baia de Guanabara","id_rh":5,"Shape__Length":0.0089841761096985974}},{"type":"Feature","id":191131,"geometry":{"type":"LineString","coordinates":[[-43.385930987425013,-22.767887024991602],[-43.385557409946387,-22.767622606323616],[-43.385423605215067,-22.767564447166919],[-43.384910302768155,-22.767447267302984],[-43.383705009778282,-22.767195468821271],[-43.382644713582522,-22.766977913825077],[-43.382216269365237,-22.76688289865228],[-43.381836969500398,-22.766799128602308],[-43.381796224815787,-22.766785800649586],[-43.381403266947082,-22.766720675344345],[-43.380641566355116,-22.766560322626223],[-43.380259988507532,-22.766479956510246],[-43.379705855940358,-22.76635755877977],[-43.379317114992716,-22.766298342020331],[-43.378879972532559,-22.766222917678938],[-43.378384751854703,-22.766125859246426],[-43.377853813702416,-22.766043519118575],[-43.377420765855561,-22.765967771021238],[-43.377041206086687,-22.765881819216034],[-43.376651756473279,-22.765825116961036],[-43.376230291894338,-22.76575824427302],[-43.375843956633162,-22.765701842391561],[-43.375338305618186,-22.765606023224876],[-43.374918282652516,-22.765524441225434],[-43.374458850495444,-22.76542376212236],[-43.374073646581394,-22.765354272407222],[-43.373614918593496,-22.765268227971806],[-43.373231339754398,-22.765201372370914],[-43.372839395421636,-22.765150144289208],[-43.372432760663223,-22.765097682337661],[-43.372359988422602,-22.765067782577574]]},"properties":{"objectid":191131,"nome":" ","geometriaa":"Não","tipotrecho":"Curso dágua","navegavel":"Desconhecido","larguramed":0,"regime":"Temporário","encoberto":"Não","codmun":"330510","municn":"São João de Meriti","reggov":"Região Metropolitana","rh":"RH-V","nome_rh":"Baia de Guanabara","id_rh":5,"Shape__Length":0.013910703509013122}},{"type":"Feature","id":191228,"geometry":{"type":"LineString","coordinates":[[-43.427004253743185,-22.767008161622801],[-43.426699030136035,-22.766780002720395],[-43.426400421042501,-22.766544231956182],[-43.426074639832621,-22.766334021723146],[-43.426003041207252,-22.766284818015389],[-43.425705826062881,-22.766046530948081],[-43.425396334273273,-22.765817334228043],[-43.425085961148056,-22.765597159506765],[-43.4247598930545,-22.765395433477948],[-43.424470641406856,-22.765150901518361],[-43.424145321549247,-22.764943582605703],[-43.423853324271363,-22.764683939337825],[-43.423556586667019,-22.764438608780257],[-43.423266729775662,-22.764340375833168],[-43.422937662443076,-22.764340918124319],[-43.422729757172412,-22.764382394857126],[-43.422516140307501,-22.764488749581627],[-43.42222790399444,-22.764732635827936],[-43.422181981912843,-22.764771197857993],[-43.421975073091005,-22.765081815598791],[-43.421945047425879,-22.765143834645734],[-43.421778434527035,-22.765473094433251],[-43.421626143331714,-22.765598477912896],[-43.421581067512136,-22.76563117726246],[-43.421315262089543,-22.765897319930797],[-43.421103000502974,-22.76620725148889],[-43.420842513670948,-22.766476425771888],[-43.420633504032878,-22.766791356661201],[-43.420389061106164,-22.767079474263753],[-43.420149005971723,-22.767367002810357],[-43.419884424526451,-22.767644714357484],[-43.419669185284533,-22.767950550402958],[-43.419422227853438,-22.768236745254985],[-43.419415488333982,-22.768238484543833],[-43.419035859317319,-22.768324314940596],[-43.41900776,-22.768362690810953],[-43.418973672097195,-22.768422049663243]]},"properties":{"objectid":191228,"nome":"Rio da Prata","geometriaa":"Não","tipotrecho":"Curso dágua","navegavel":"Desconhecido","larguramed":0,"regime":"Temporário","encoberto":"Não","codmun":"330285","municn":"Mesquita","reggov":"Região Metropolitana","rh":"RH-V","nome_rh":"Baia de Guanabara","id_rh":5,"Shape__Length":0.010798330876523621}},{"type":"Feature","id":191299,"geometry":{"type":"MultiLineString","coordinates":[[[-43.384716342385161,-22.766385314556036],[-43.384315335584176,-22.766325433197625],[-43.383556359038614,-22.766214803096105]],[[-43.38688430746469,-22.76788591612754],[-43.386408612867058,-22.767457140959696]]]},"properties":{"objectid":191299,"nome":"Canal de Sarapuí","geometriaa":"Não","tipotrecho":"Curso dágua","navegavel":"Desconhecido","larguramed":0,"regime":"Permanente","encoberto":"Não","codmun":"330045","municn":"Belford Roxo","reggov":"Região Metropolitana","rh":"RH-V","nome_rh":"Baia de Guanabara","id_rh":5,"Shape__Length":0.0018128667877167096}},{"type":"Feature","id":191300,"geometry":{"type":"MultiLineString","coordinates":[[[-43.383556359038614,-22.766214803096105],[-43.383174042847656,-22.766122696330807],[-43.382956949203731,-22.766095175277556]],[[-43.386020756852304,-22.767143311739847],[-43.385749079756131,-22.766876040422332],[-43.38545613639144,-22.766628422888861],[-43.385097573993733,-22.766478761311202],[-43.384716342385161,-22.766385314556036]],[[-43.387709923773855,-22.768658567764085],[-43.387445825264479,-22.76839218857403],[-43.387179084546965,-22.768127046851095],[-43.38688430746469,-22.76788591612754]]]},"properties":{"objectid":191300,"nome":"Canal de Sarapuí","geometriaa":"Não","tipotrecho":"Curso dágua","navegavel":"Desconhecido","larguramed":0,"regime":"Permanente","encoberto":"Não","codmun":"330045","municn":"Belford Roxo","reggov":"Região Metropolitana","rh":"RH-V","nome_rh":"Baia de Guanabara","id_rh":5,"Shape__Length":0.0032898737262632123}},{"type":"Feature","id":191301,"geometry":{"type":"MultiLineString","coordinates":[[[-43.383556359038614,-22.766214803096105],[-43.383174042847656,-22.766122696330807],[-43.382956949203731,-22.766095175277556]],[[-43.386020756852304,-22.767143311739847],[-43.385749079756131,-22.766876040422332],[-43.38545613639144,-22.766628422888861],[-43.385097573993733,-22.766478761311202],[-43.384716342385161,-22.766385314556036]],[[-43.387709923773855,-22.768658567764085],[-43.387445825264479,-22.76839218857403],[-43.387179084546965,-22.768127046851095],[-43.38688430746469,-22.76788591612754]]]},"properties":{"objectid":191301,"nome":"Canal de Sarapuí","geometriaa":"Não","tipotrecho":"Curso dágua","navegavel":"Desconhecido","larguramed":0,"regime":"Permanente","encoberto":"Não","codmun":"330510","municn":"São João de Meriti","reggov":"Região Metropolitana","rh":"RH-V","nome_rh":"Baia de Guanabara","id_rh":5,"Shape__Length":0.0032898737262632123}},{"type":"Feature","id":191302,"geometry":{"type":"MultiLineString","coordinates":[[[-43.386408612867058,-22.767457140959696],[-43.386372198418087,-22.767424317503682],[-43.386020756852304,-22.767143311739847]],[[-43.388176671016431,-22.769026359004613],[-43.387709923773855,-22.768658567764085]]]},"properties":{"objectid":191302,"nome":"Canal de Sarapuí","geometriaa":"Não","tipotrecho":"Curso dágua","navegavel":"Desconhecido","larguramed":0,"regime":"Permanente","encoberto":"Não","codmun":"330510","municn":"São João de Meriti","reggov":"Região Metropolitana","rh":"RH-V","nome_rh":"Baia de Guanabara","id_rh":5,"Shape__Length":0.0010932389337554675}},{"type":"Feature","id":191372,"geometry":{"type":"LineString","coordinates":[[-43.397056790038739,-22.760466480469258],[-43.396909080889252,-22.760807009661345],[-43.396742455399874,-22.761141207626181],[-43.396487869019836,-22.761419070259429],[-43.396248776159958,-22.761621045400492],[-43.396140322417807,-22.761977050126291],[-43.396152243830841,-22.762348713847572],[-43.396176719779703,-22.762712646996565],[-43.396307938960099,-22.763058957930099],[-43.396375503226743,-22.763419079752243],[-43.396298415139654,-22.763774225625529],[-43.396221759626371,-22.764133981423587],[-43.396272308719972,-22.764450130894311],[-43.396342726535465,-22.76458269366184],[-43.396224931535244,-22.764929483034656],[-43.396108003481466,-22.765277003556353],[-43.395989838859862,-22.765630291430256],[-43.395877978485771,-22.765977410854269],[-43.395878059424767,-22.765978766132619],[-43.395997560438957,-22.765994597797899],[-43.396024775722701,-22.765999026059678],[-43.396365023426995,-22.766175302173924],[-43.396501494648135,-22.766230679727535],[-43.39656829449109,-22.766589709772745],[-43.396583195358055,-22.766689654129657],[-43.396725702828803,-22.767128738226102],[-43.396701248463721,-22.767154592835585],[-43.396575420718989,-22.767280218232926],[-43.396402096179656,-22.767461720307537],[-43.396346524372454,-22.767550389863999],[-43.396121229810774,-22.767778964253218],[-43.395884956325574,-22.767988642087541],[-43.395649995850533,-22.768277537603662],[-43.395403230874308,-22.768559810512219],[-43.395144372714526,-22.768835098386436],[-43.394873672282017,-22.769098615933729],[-43.394626689669849,-22.769382602050815],[-43.394464164189685,-22.769499527406637]]},"properties":{"objectid":191372,"nome":" ","geometriaa":"Não","tipotrecho":"Curso dágua","navegavel":"Desconhecido","larguramed":0,"regime":"Temporário","encoberto":"Não","codmun":"330045","municn":"Belford Roxo","reggov":"Região Metropolitana","rh":"RH-V","nome_rh":"Baia de Guanabara","id_rh":5,"Shape__Length":0.010844838722212851}},{"type":"Feature","id":191391,"geometry":{"type":"LineString","coordinates":[[-43.394464164189685,-22.769499527406637],[-43.394315451396835,-22.769606515253816],[-43.393924903711195,-22.769650270868667],[-43.393536088119845,-22.769620979949636],[-43.393147629559337,-22.769544548367591],[-43.39276054606222,-22.769492152965878],[-43.392368063035583,-22.769451714050714],[-43.391979793332666,-22.769417457974651],[-43.391592243087409,-22.769355120567749],[-43.391195455905461,-22.769316441625843],[-43.390805693327984,-22.769268349480118],[-43.390408800925286,-22.769213772323095],[-43.390018707397296,-22.769185724267118],[-43.389627317046916,-22.769151972710741],[-43.389240214664085,-22.769109683890175],[-43.388849144472317,-22.769065277166195],[-43.388462277711824,-22.769003029691429],[-43.388373350949273,-22.768987501097683],[-43.388176671016431,-22.769026359004613]]},"properties":{"objectid":191391,"nome":"Rio da Prata","geometriaa":"Não","tipotrecho":"Curso dágua","navegavel":"Desconhecido","larguramed":0,"regime":"Permanente","encoberto":"Não","codmun":"330045","municn":"Belford Roxo","reggov":"Região Metropolitana","rh":"RH-V","nome_rh":"Baia de Guanabara","id_rh":5,"Shape__Length":0.0063710405584173442}},{"type":"Feature","id":191556,"geometry":{"type":"LineString","coordinates":[[-43.371920366531583,-22.767530526537985],[-43.371955204468975,-22.76735484217766],[-43.372056575150687,-22.766862775422162],[-43.372182112414457,-22.766443204815467],[-43.372254653529296,-22.766066262073782],[-43.372257516071379,-22.765570210422336],[-43.372359988422602,-22.765067782577574]]},"properties":{"objectid":191556,"nome":" ","geometriaa":"Não","tipotrecho":"Curso dágua","navegavel":"Desconhecido","larguramed":0,"regime":"Temporário","encoberto":"Não","codmun":"330510","municn":"São João de Meriti","reggov":"Região Metropolitana","rh":"RH-V","nome_rh":"Baia de Guanabara","id_rh":5,"Shape__Length":0.0025121444322993005}},{"type":"Feature","id":191566,"geometry":{"type":"LineString","coordinates":[[-43.410734063725954,-22.768068403859122],[-43.410657271515731,-22.768030852667124],[-43.410367720393879,-22.767973781690074],[-43.409973847015294,-22.767943848655104],[-43.409576468978734,-22.767964274057395],[-43.409400835879751,-22.768102688713512],[-43.40912424848517,-22.768364005619748],[-43.408852271015348,-22.768630786806746],[-43.408527405315397,-22.768847730263928],[-43.408184126895833,-22.769023125042569],[-43.407858807038167,-22.769228683082641],[-43.4075037636876,-22.769385535639337],[-43.407203550203576,-22.769626203212042],[-43.406872809232652,-22.769820234641461],[-43.406539053734207,-22.770013873966469],[-43.406223410581788,-22.770232800428708],[-43.405894758736004,-22.770431185476159],[-43.405530741950088,-22.77057204898621],[-43.405382956358217,-22.770576171478496],[-43.405249963714709,-22.77048055645783],[-43.405247547236399,-22.770478997033447],[-43.404968467820417,-22.770224597712378],[-43.404701974416469,-22.769951629189716],[-43.404440444370891,-22.769678980825677],[-43.404407268380616,-22.76965932254506],[-43.404321476654729,-22.769608521641302],[-43.404198938629968,-22.769485013248119],[-43.404068702408559,-22.769437290723765],[-43.404065682485104,-22.769437350978354],[-43.404045712139805,-22.769437873484428],[-43.403663243963422,-22.769507292153197],[-43.40327846992534,-22.76959077442006],[-43.402891464669267,-22.769648314843199],[-43.402507178063672,-22.76972331110726],[-43.402123551560521,-22.76979172073667],[-43.401734561500689,-22.76981889285296],[-43.401573563968668,-22.769828660389731],[-43.401182920055589,-22.769839016083083],[-43.40078843783602,-22.769844366149911],[-43.400455397298622,-22.769875708422585],[-43.400170537040538,-22.770126540133088],[-43.39990758336814,-22.770394479646843],[-43.399840499339462,-22.770451516449693],[-43.39977494325894,-22.770536294639644],[-43.399488770889945,-22.770790814469844],[-43.399230455920701,-22.771061599438568],[-43.399211408279768,-22.771083173275155],[-43.399047475360582,-22.771119008560746],[-43.398909900671242,-22.771049261639426],[-43.398647865206669,-22.770779037847685],[-43.398375946192857,-22.770512959031148],[-43.398069917692453,-22.77028248077719],[-43.397729566566113,-22.77010566506975],[-43.397352269491535,-22.769982122502295],[-43.396977655094588,-22.769879017028337],[-43.396611592351007,-22.769744296787209],[-43.396244797559234,-22.769622212020845],[-43.395854824540372,-22.769608538728441],[-43.395468470393496,-22.769660197585434],[-43.395076930755636,-22.769697262244208],[-43.394890830447359,-22.769696655201862],[-43.394537068630711,-22.769542908004148],[-43.394464164189685,-22.769499527406637]]},"properties":{"objectid":191566,"nome":"Rio da Prata","geometriaa":"Não","tipotrecho":"Curso dágua","navegavel":"Desconhecido","larguramed":0,"regime":"Permanente","encoberto":"Não","codmun":"330045","municn":"Belford Roxo","reggov":"Região Metropolitana","rh":"RH-V","nome_rh":"Baia de Guanabara","id_rh":5,"Shape__Length":0.018545393628105551}},{"type":"Feature","id":191567,"geometry":{"type":"LineString","coordinates":[[-43.418973672097195,-22.768422049663243],[-43.418655091758978,-22.76844978025856],[-43.418264252693007,-22.768435070047833],[-43.417870873941574,-22.768429455580314],[-43.417477738007108,-22.768428085912845],[-43.417086876458079,-22.768423758375175],[-43.416695941164619,-22.768442730473012],[-43.4163043988288,-22.768455282310821],[-43.415914804424574,-22.768450874733464],[-43.415522054299231,-22.76845826446273],[-43.415427590410843,-22.768449740688379],[-43.415040527598137,-22.768394780420198],[-43.414845005992106,-22.76834145062282],[-43.414695253582977,-22.768187244770925],[-43.414576871325437,-22.768175321559244],[-43.414224386546096,-22.768018829630677],[-43.413931587072966,-22.767779210667442],[-43.413891495296127,-22.767768065369328],[-43.413507652955673,-22.767695973915501],[-43.41312463529357,-22.76761991645138],[-43.412734148761842,-22.767633915298386],[-43.412342199033162,-22.767656569220698],[-43.411963241810049,-22.767743111880495],[-43.411591923428432,-22.767859622648839],[-43.411358292151363,-22.767943907111004],[-43.411101296487516,-22.768119897240879],[-43.410887843299236,-22.768143601571371],[-43.410734063725954,-22.768068403859122]]},"properties":{"objectid":191567,"nome":"Rio da Prata","geometriaa":"Não","tipotrecho":"Curso dágua","navegavel":"Desconhecido","larguramed":0,"regime":"Permanente","encoberto":"Não","codmun":"330285","municn":"Mesquita","reggov":"Região Metropolitana","rh":"RH-V","nome_rh":"Baia de Guanabara","id_rh":5,"Shape__Length":0.0085700057967680252}},{"type":"Feature","id":193282,"geometry":{"type":"LineString","coordinates":[[-43.377524446895563,-22.783332926098716],[-43.375473715639366,-22.777078944362977],[-43.375472101356252,-22.777074237311396]]},"properties":{"objectid":193282,"nome":" ","geometriaa":"Não","tipotrecho":"Curso dágua","navegavel":"Desconhecido","larguramed":0,"regime":"Temporário","encoberto":"Não","codmun":"330510","municn":"São João de Meriti","reggov":"Região Metropolitana","rh":"RH-V","nome_rh":"Baia de Guanabara","id_rh":5,"Shape__Length":0.0065866010610887982}},{"type":"Feature","id":193831,"geometry":{"type":"LineString","coordinates":[[-43.419733773694595,-22.782197943905079],[-43.419476128720248,-22.78247102664162],[-43.419238964906185,-22.782758580369229],[-43.418989626070243,-22.783037523987574],[-43.418748814605983,-22.783328743351838],[-43.418490321570978,-22.783599015707075],[-43.418239973695734,-22.783880747223733],[-43.417995275361541,-22.78416244456621],[-43.417733952160063,-22.7844329579397],[-43.417479808246412,-22.784714199325862],[-43.417224774004005,-22.784996605334104],[-43.4170046361549,-22.785301844229732],[-43.416760707640435,-22.78558390849555],[-43.416501721776918,-22.785853901161612],[-43.416252069077586,-22.786133829537569],[-43.415986105374365,-22.786400681770999],[-43.415731754616672,-22.786682369220944],[-43.415453998103438,-22.786941336198687],[-43.415197612179952,-22.787221918381796],[-43.414966056538162,-22.78751990694311],[-43.414694383039205,-22.787783177176802],[-43.414501345360691,-22.787954634723537]]},"properties":{"objectid":193831,"nome":" ","geometriaa":"Não","tipotrecho":"Curso dágua","navegavel":"Desconhecido","larguramed":0,"regime":"Temporário","encoberto":"Não","codmun":"330285","municn":"Mesquita","reggov":"Região Metropolitana","rh":"RH-V","nome_rh":"Baia de Guanabara","id_rh":5,"Shape__Length":0.0077883701846396631}},{"type":"Feature","id":193862,"geometry":{"type":"LineString","coordinates":[[-43.414501345360691,-22.787954634723537],[-43.414447198978912,-22.78795845504359],[-43.414170597195209,-22.787973857732275],[-43.414081744177054,-22.788026439293688],[-43.413984620094027,-22.788128791135719],[-43.413729403289217,-22.788265785762363],[-43.41341545176158,-22.788276661263826],[-43.413040147584638,-22.788177287077087],[-43.412926325789158,-22.788173805801442],[-43.412788452524921,-22.788178214278112],[-43.412416437168702,-22.788291195207432],[-43.412232938599125,-22.788316011099944],[-43.411837791780549,-22.788323636451604],[-43.411658963390323,-22.788281666890342],[-43.411284975820877,-22.78815276886014],[-43.410940036353452,-22.787971597735996],[-43.410887788440554,-22.787924747553987],[-43.410618721176945,-22.787651490348964],[-43.410541705934861,-22.787590213242691],[-43.410268630392856,-22.787477942777777],[-43.409879101639092,-22.787454913838165],[-43.409491568480973,-22.787410951379261],[-43.409104396850296,-22.787319126101728],[-43.408711235734813,-22.787248282007546],[-43.408321431788522,-22.78716509831558],[-43.40793075280186,-22.787107012003936],[-43.407537245447372,-22.787082854415171],[-43.407152447127601,-22.78702175357601],[-43.406807577807342,-22.78684364554276],[-43.406714243467434,-22.786745266006211],[-43.406419843201093,-22.786503740480217]]},"properties":{"objectid":193862,"nome":"Rio Dona Eugênia","geometriaa":"Não","tipotrecho":"Curso dágua","navegavel":"Desconhecido","larguramed":0,"regime":"Permanente","encoberto":"Não","codmun":"330285","municn":"Mesquita","reggov":"Região Metropolitana","rh":"RH-V","nome_rh":"Baia de Guanabara","id_rh":5,"Shape__Length":0.0086645310262404608}},{"type":"Feature","id":194116,"geometry":{"type":"LineString","coordinates":[[-43.421407482169457,-22.790705711224469],[-43.421111201420672,-22.790476552275965],[-43.420753217287036,-22.790309993336418],[-43.420421471773409,-22.790106394019777],[-43.420107005833529,-22.78988255546048],[-43.419785704146818,-22.789651874859008],[-43.419482123601036,-22.789421820185776],[-43.419160812921064,-22.789217419573152],[-43.418833712405785,-22.789016933709433],[-43.418490819795345,-22.788809157041893],[-43.418191319473692,-22.788563517117566],[-43.417879454373178,-22.788342770427455],[-43.41755399691931,-22.788143744163399],[-43.41719134890149,-22.788010818069729],[-43.416808148676978,-22.787928622732721],[-43.416414279795049,-22.787884704340595],[-43.416025164729433,-22.787909921330723],[-43.415632847178017,-22.787934112194439],[-43.415232124562806,-22.787943948978995],[-43.414841018398135,-22.787930669589652],[-43.414501345360691,-22.787954634723537]]},"properties":{"objectid":194116,"nome":"Rio Dona Eugênia","geometriaa":"Não","tipotrecho":"Curso dágua","navegavel":"Desconhecido","larguramed":0,"regime":"Permanente","encoberto":"Não","codmun":"330285","municn":"Mesquita","reggov":"Região Metropolitana","rh":"RH-V","nome_rh":"Baia de Guanabara","id_rh":5,"Shape__Length":0.0077275467393229562}},{"type":"Feature","id":194180,"geometry":{"type":"LineString","coordinates":[[-43.40996203082296,-22.791243717148696],[-43.409805687282521,-22.791047349280642],[-43.40963927673112,-22.790715507539534],[-43.409457941031008,-22.790368796407702],[-43.409234782359192,-22.790067456972423],[-43.408878384629645,-22.789908293158113],[-43.408504148847271,-22.789783901630667],[-43.408149624405496,-22.789631348732634],[-43.407913900406072,-22.789338731821935],[-43.407654201380183,-22.789055809602871],[-43.407459113247342,-22.78872819557467],[-43.407259881038556,-22.788396837668884],[-43.407086105938902,-22.788070881091208],[-43.406876844490682,-22.787756130066292],[-43.406747861024833,-22.787406236233753],[-43.406647824937068,-22.787046335644835],[-43.406544783314992,-22.786693630531587],[-43.406419843201093,-22.786503740480217]]},"properties":{"objectid":194180,"nome":"Canal de Sarapuí","geometriaa":"Não","tipotrecho":"Curso dágua","navegavel":"Desconhecido","larguramed":0,"regime":"Permanente","encoberto":"Não","codmun":"330285","municn":"Mesquita","reggov":"Região Metropolitana","rh":"RH-V","nome_rh":"Baia de Guanabara","id_rh":5,"Shape__Length":0.0061754215813468382}},{"type":"Feature","id":194181,"geometry":{"type":"LineString","coordinates":[[-43.40996203082296,-22.791243717148696],[-43.409805687282521,-22.791047349280642],[-43.40963927673112,-22.790715507539534],[-43.409457941031008,-22.790368796407702],[-43.409234782359192,-22.790067456972423],[-43.408878384629645,-22.789908293158113],[-43.408504148847271,-22.789783901630667],[-43.408149624405496,-22.789631348732634],[-43.407913900406072,-22.789338731821935],[-43.407654201380183,-22.789055809602871],[-43.407459113247342,-22.78872819557467],[-43.407259881038556,-22.788396837668884],[-43.407086105938902,-22.788070881091208],[-43.406876844490682,-22.787756130066292],[-43.406747861024833,-22.787406236233753],[-43.406647824937068,-22.787046335644835],[-43.406544783314992,-22.786693630531587],[-43.406419843201093,-22.786503740480217]]},"properties":{"objectid":194181,"nome":"Canal de Sarapuí","geometriaa":"Não","tipotrecho":"Curso dágua","navegavel":"Desconhecido","larguramed":0,"regime":"Permanente","encoberto":"Não","codmun":"330510","municn":"São João de Meriti","reggov":"Região Metropolitana","rh":"RH-V","nome_rh":"Baia de Guanabara","id_rh":5,"Shape__Length":0.0061754215813468382}},{"type":"Feature","id":194287,"geometry":{"type":"LineString","coordinates":[[-43.424203306237473,-22.792421222885974],[-43.423876496203206,-22.792219485165923],[-43.423722087104522,-22.79212836945355],[-43.423397058627245,-22.791924300690749],[-43.423076964730001,-22.791714771244575],[-43.422746436898422,-22.791506311991558],[-43.422420365207586,-22.791308553771618],[-43.42208520856542,-22.791096254413457],[-43.421731725538571,-22.790927573973249],[-43.421416953829237,-22.790713037101856],[-43.421407482169457,-22.790705711224469]]},"properties":{"objectid":194287,"nome":" ","geometriaa":"Não","tipotrecho":"Curso dágua","navegavel":"Desconhecido","larguramed":0,"regime":"Temporário","encoberto":"Não","codmun":"330285","municn":"Mesquita","reggov":"Região Metropolitana","rh":"RH-V","nome_rh":"Baia de Guanabara","id_rh":5,"Shape__Length":0.0032831403648576883}},{"type":"Feature","id":194539,"geometry":{"type":"LineString","coordinates":[[-43.32936197327632,-22.782682967170242],[-43.329194239822186,-22.782755470513589],[-43.329186454391227,-22.782762974456748],[-43.328797849241255,-22.782835125265901],[-43.328409874515955,-22.782887504479806],[-43.328276297313153,-22.782923492650095],[-43.327886938531265,-22.782897647033813],[-43.327508576659341,-22.78280057151423],[-43.327134645747208,-22.782699657688081],[-43.326748447182979,-22.782638350904257],[-43.326398566840275,-22.782474109517612],[-43.32630499687798,-22.78242408922538],[-43.32614485010464,-22.782394774024649],[-43.325852477809455,-22.782338604168302],[-43.325569203056141,-22.782215338592078],[-43.325406478825819,-22.782165766162255],[-43.325110290707244,-22.782023398985743],[-43.32484723361285,-22.782031112470957],[-43.32459208245853,-22.781997637905754],[-43.324380644650887,-22.781941502223606],[-43.324207362379759,-22.781903287331932],[-43.32381239992219,-22.781937789822219],[-43.323716351428345,-22.78191537781753],[-43.323352464144769,-22.781917513707342],[-43.323124920378632,-22.781848473653206],[-43.323067052602262,-22.781817972246678],[-43.322934468250992,-22.781756883998067],[-43.322844266249774,-22.781789982646657],[-43.322640563511072,-22.781929807439713],[-43.322412269710355,-22.782224706829812],[-43.322212911596466,-22.782486946440518],[-43.322136896400536,-22.782634164560108],[-43.321799522030169,-22.782833360796047],[-43.321623307969162,-22.782939155242868],[-43.321338688729384,-22.783188575917062],[-43.321081054546937,-22.783461308817394],[-43.320843789109468,-22.783748705163653],[-43.320717316550819,-22.783944068489006],[-43.320580949650996,-22.784104286308764],[-43.320238061537168,-22.784276057718881],[-43.319858212186602,-22.784364263225186],[-43.319547405588189,-22.784588388668201],[-43.319362360184641,-22.784738971151608],[-43.319204999510987,-22.78507028499066],[-43.319120898510562,-22.785423953277839],[-43.319082473177502,-22.785785689383047],[-43.319031709145918,-22.78614494785603],[-43.31900371774725,-22.786505620063281],[-43.318952182097405,-22.786864237319648],[-43.318900674326528,-22.787228454654421],[-43.318849269977711,-22.787592131496602],[-43.318787368741944,-22.787954070848649],[-43.318708998221553,-22.788308703209005],[-43.318420279871873,-22.788557442197153],[-43.318068876077639,-22.788723609032274],[-43.3177937986448,-22.788979715266578],[-43.317484832958534,-22.789203493571261],[-43.317175198176756,-22.789426090166824],[-43.316899407581502,-22.78968453553777],[-43.316589427459974,-22.789911372436762],[-43.316275141384551,-22.790131841236388],[-43.315992934126484,-22.790381095536045],[-43.315670496595999,-22.790591000898839],[-43.31539155567566,-22.790843811117849],[-43.31506652270172,-22.79105079818067],[-43.314761037391861,-22.791275962340645],[-43.314578995723942,-22.791600957543032],[-43.314464775528847,-22.791947080518224],[-43.314301651100209,-22.792278055312835],[-43.314121805576747,-22.792606414878971],[-43.313819568618101,-22.792852112359945],[-43.313553477211087,-22.793120677801834],[-43.313270127814008,-22.793382738447416],[-43.312977554070763,-22.793666104032301],[-43.312697926068324,-22.793918449301767],[-43.31241091013527,-22.794169451883469],[-43.312116325507873,-22.79441016891893],[-43.311834691118008,-22.794667007201422],[-43.311605144561668,-22.794965035332865],[-43.311575783495471,-22.795032670646002]]},"properties":{"objectid":194539,"nome":" ","geometriaa":"Não","tipotrecho":"Curso dágua","navegavel":"Desconhecido","larguramed":0,"regime":"Temporário","encoberto":"Não","codmun":"330170","municn":"Duque de Caxias","reggov":"Região Metropolitana","rh":"RH-V","nome_rh":"Baia de Guanabara","id_rh":5,"Shape__Length":0.02505081496008672}},{"type":"Feature","id":194540,"geometry":{"type":"LineString","coordinates":[[-43.329548770559192,-22.782602224238328],[-43.32936197327632,-22.782682967170242]]},"properties":{"objectid":194540,"nome":" ","geometriaa":"Não","tipotrecho":"Curso dágua","navegavel":"Desconhecido","larguramed":0,"regime":"Temporário","encoberto":"Não","codmun":"330510","municn":"São João de Meriti","reggov":"Região Metropolitana","rh":"RH-V","nome_rh":"Baia de Guanabara","id_rh":5,"Shape__Length":0.00020350097283642886}},{"type":"Feature","id":195096,"geometry":{"type":"LineString","coordinates":[[-43.425871620578732,-22.800997155219196],[-43.425571908916368,-22.800844302846947],[-43.425251889662832,-22.800626197465657],[-43.424930133818513,-22.800406720618319],[-43.424583410096204,-22.800223933412457],[-43.424263060791532,-22.800009346179056],[-43.42390936642402,-22.799831455781749],[-43.423558712664317,-22.799660368755696],[-43.423211236209454,-22.799475585054882],[-43.422840449327168,-22.799335816019756],[-43.422464705381742,-22.799212073802828],[-43.422104767021274,-22.799069249770749],[-43.42172999434365,-22.798928987007852],[-43.421361299284399,-22.798802421818998],[-43.421071408218779,-22.798557423111284],[-43.420724174580869,-22.798360625367255],[-43.420390686181115,-22.798162878838472],[-43.420081249250124,-22.797923825548846],[-43.419776233386358,-22.797689964045304],[-43.419447207422593,-22.797494156454857],[-43.41914815046664,-22.797258998128971],[-43.418840871908579,-22.797035769310046],[-43.418544342047653,-22.796792867821338],[-43.418243695090325,-22.796543784392885],[-43.417929142815581,-22.796318133699682],[-43.417611198298054,-22.796099493221792],[-43.417285040272247,-22.795900548796059],[-43.416972675148713,-22.795662906542653],[-43.416659640030218,-22.795441151712531],[-43.416349132006701,-22.795211473855232],[-43.416040642961207,-22.794975855076444],[-43.415706654538383,-22.794763734683361],[-43.415374833481678,-22.794558048040276],[-43.415041021325976,-22.794347734385205],[-43.414697339110766,-22.794165589295282],[-43.414365966815808,-22.793955027427387],[-43.414028995341766,-22.793748654601529],[-43.413714716460909,-22.793525798101893],[-43.413383011416727,-22.793335822614956],[-43.413054374859371,-22.793124924400569],[-43.4127111566944,-22.792936819503453],[-43.412378472288538,-22.792747644413073],[-43.412057892757446,-22.792530954564732],[-43.411715584706371,-22.792340238036417],[-43.411377486381753,-22.792156154907481],[-43.411022765887822,-22.791969196645983],[-43.410686039029379,-22.791776185047752],[-43.410464107032801,-22.791644455951761]]},"properties":{"objectid":195096,"nome":"Canal de Sarapuí","geometriaa":"Não","tipotrecho":"Curso dágua","navegavel":"Desconhecido","larguramed":0,"regime":"Permanente","encoberto":"Não","codmun":"330285","municn":"Mesquita","reggov":"Região Metropolitana","rh":"RH-V","nome_rh":"Baia de Guanabara","id_rh":5,"Shape__Length":0.018103954109297493}},{"type":"Feature","id":195097,"geometry":{"type":"LineString","coordinates":[[-43.425871620578732,-22.800997155219196],[-43.425571908916368,-22.800844302846947],[-43.425251889662832,-22.800626197465657],[-43.424930133818513,-22.800406720618319],[-43.424583410096204,-22.800223933412457],[-43.424263060791532,-22.800009346179056],[-43.42390936642402,-22.799831455781749],[-43.423558712664317,-22.799660368755696],[-43.423211236209454,-22.799475585054882],[-43.422840449327168,-22.799335816019756],[-43.422464705381742,-22.799212073802828],[-43.422104767021274,-22.799069249770749],[-43.42172999434365,-22.798928987007852],[-43.421361299284399,-22.798802421818998],[-43.421071408218779,-22.798557423111284],[-43.420724174580869,-22.798360625367255],[-43.420390686181115,-22.798162878838472],[-43.420081249250124,-22.797923825548846],[-43.419776233386358,-22.797689964045304],[-43.419447207422593,-22.797494156454857],[-43.41914815046664,-22.797258998128971],[-43.418840871908579,-22.797035769310046],[-43.418544342047653,-22.796792867821338],[-43.418243695090325,-22.796543784392885],[-43.417929142815581,-22.796318133699682],[-43.417611198298054,-22.796099493221792],[-43.417285040272247,-22.795900548796059],[-43.416972675148713,-22.795662906542653],[-43.416659640030218,-22.795441151712531],[-43.416349132006701,-22.795211473855232],[-43.416040642961207,-22.794975855076444],[-43.415706654538383,-22.794763734683361],[-43.415374833481678,-22.794558048040276],[-43.415041021325976,-22.794347734385205],[-43.414697339110766,-22.794165589295282],[-43.414365966815808,-22.793955027427387],[-43.414028995341766,-22.793748654601529],[-43.413714716460909,-22.793525798101893],[-43.413383011416727,-22.793335822614956],[-43.413054374859371,-22.793124924400569],[-43.4127111566944,-22.792936819503453],[-43.412378472288538,-22.792747644413073],[-43.412057892757446,-22.792530954564732],[-43.411715584706371,-22.792340238036417],[-43.411377486381753,-22.792156154907481],[-43.411022765887822,-22.791969196645983],[-43.410686039029379,-22.791776185047752],[-43.410464107032801,-22.791644455951761]]},"properties":{"objectid":195097,"nome":"Canal de Sarapuí","geometriaa":"Não","tipotrecho":"Curso dágua","navegavel":"Desconhecido","larguramed":0,"regime":"Permanente","encoberto":"Não","codmun":"330320","municn":"Nilópolis","reggov":"Região Metropolitana","rh":"RH-V","nome_rh":"Baia de Guanabara","id_rh":5,"Shape__Length":0.018103954109297493}},{"type":"Feature","id":195098,"geometry":{"type":"LineString","coordinates":[[-43.410464107032801,-22.791644455951761],[-43.410353164866535,-22.791578605792882],[-43.410042914049143,-22.79134530636566],[-43.40996203082296,-22.791243717148696]]},"properties":{"objectid":195098,"nome":"Canal de Sarapuí","geometriaa":"Não","tipotrecho":"Curso dágua","navegavel":"Desconhecido","larguramed":0,"regime":"Permanente","encoberto":"Não","codmun":"330285","municn":"Mesquita","reggov":"Região Metropolitana","rh":"RH-V","nome_rh":"Baia de Guanabara","id_rh":5,"Shape__Length":0.00064704938115185489}},{"type":"Feature","id":195099,"geometry":{"type":"LineString","coordinates":[[-43.410464107032801,-22.791644455951761],[-43.410353164866535,-22.791578605792882],[-43.410042914049143,-22.79134530636566],[-43.40996203082296,-22.791243717148696]]},"properties":{"objectid":195099,"nome":"Canal de Sarapuí","geometriaa":"Não","tipotrecho":"Curso dágua","navegavel":"Desconhecido","larguramed":0,"regime":"Permanente","encoberto":"Não","codmun":"330510","municn":"São João de Meriti","reggov":"Região Metropolitana","rh":"RH-V","nome_rh":"Baia de Guanabara","id_rh":5,"Shape__Length":0.00064704938115185489}},{"type":"Feature","id":195137,"geometry":{"type":"LineString","coordinates":[[-43.32131095903344,-22.795906937579847],[-43.319755532092017,-22.798012103900213],[-43.319667276223697,-22.798680095134955],[-43.319325675939069,-22.800038269275351],[-43.31932567503975,-22.800038360106868],[-43.319328102309953,-22.800428160455862],[-43.319208405243621,-22.801126546977169],[-43.319208309915439,-22.80112710365756]]},"properties":{"objectid":195137,"nome":" ","geometriaa":"Não","tipotrecho":"Curso dágua","navegavel":"Desconhecido","larguramed":0,"regime":"Temporário","encoberto":"Não","codmun":"330170","municn":"Duque de Caxias","reggov":"Região Metropolitana","rh":"RH-V","nome_rh":"Baia de Guanabara","id_rh":5,"Shape__Length":0.0057907601027371094}},{"type":"Feature","id":195150,"geometry":{"type":"LineString","coordinates":[[-43.315877438692723,-22.800725837851765],[-43.317114698984028,-22.800963540359767],[-43.31915536143066,-22.801436032471532]]},"properties":{"objectid":195150,"nome":"Rio São João de Meriti","geometriaa":"Não","tipotrecho":"Curso dágua","navegavel":"Desconhecido","larguramed":0,"regime":"Permanente","encoberto":"Não","codmun":"330455","municn":"Rio de Janeiro","reggov":"Região Metropolitana","rh":"RH-V","nome_rh":"Baia de Guanabara","id_rh":5,"Shape__Length":0.0033545355255859281}},{"type":"Feature","id":195151,"geometry":{"type":"LineString","coordinates":[[-43.319208309915439,-22.80112710365756],[-43.319155370423914,-22.801435980310885]]},"properties":{"objectid":195151,"nome":" ","geometriaa":"Não","tipotrecho":"Curso dágua","navegavel":"Desconhecido","larguramed":0,"regime":"Permanente","encoberto":"Não","codmun":"330170","municn":"Duque de Caxias","reggov":"Região Metropolitana","rh":"RH-V","nome_rh":"Baia de Guanabara","id_rh":5,"Shape__Length":0.00031338056216434799}},{"type":"Feature","id":195152,"geometry":{"type":"LineString","coordinates":[[-43.319155370423914,-22.801435980310885],[-43.31915536143066,-22.801436032471532]]},"properties":{"objectid":195152,"nome":" ","geometriaa":"Não","tipotrecho":"Curso dágua","navegavel":"Desconhecido","larguramed":0,"regime":"Permanente","encoberto":"Não","codmun":"330455","municn":"Rio de Janeiro","reggov":"Região Metropolitana","rh":"RH-V","nome_rh":"Baia de Guanabara","id_rh":5,"Shape__Length":5.2930278799750596e-08}},{"type":"Feature","id":195331,"geometry":{"type":"LineString","coordinates":[[-43.343217240782913,-22.78996598017077],[-43.343206767278389,-22.790332982705898],[-43.343211736931998,-22.7906954490606],[-43.343195715509751,-22.791062122443861],[-43.343196207438901,-22.79142445300095],[-43.343143323705299,-22.791786679236729],[-43.343077054462348,-22.792144341413035],[-43.34293254510078,-22.792479968400674],[-43.34269692362404,-22.792770576225923],[-43.34245290787527,-22.793054594718594],[-43.342233813239773,-22.793355668853859],[-43.34202713644305,-22.793668882937425],[-43.341779283287167,-22.793947802274033],[-43.341582046673977,-22.794261475911171],[-43.341367697760916,-22.794564494380705],[-43.341138359847328,-22.794858507039255],[-43.340958276902825,-22.795179130637138],[-43.340936997144588,-22.79554511693836],[-43.341000926351569,-22.795904584054092],[-43.341111312736757,-22.79625640693239],[-43.341230509780075,-22.796604618133344],[-43.341345602317574,-22.796953960681471],[-43.341455014736994,-22.797305953531655],[-43.341560823573047,-22.797657909509635],[-43.341678623969187,-22.798008995843194],[-43.341785037149634,-22.798359422074405],[-43.341902882511874,-22.798706896730604],[-43.342037685490652,-22.79903756935305],[-43.341871061799964,-22.799106910680035],[-43.341783692663171,-22.79919504783788],[-43.341789316123936,-22.799277739600697],[-43.341830099479409,-22.799529768308815],[-43.341809843149633,-22.799891700466247],[-43.341804581216316,-22.800254150633197],[-43.341765655860229,-22.800621307851724],[-43.341734645437441,-22.800986470373967],[-43.34171397092291,-22.801350656232433],[-43.341699280497274,-22.801711382398977],[-43.341665095467647,-22.802073170664904],[-43.341621121317587,-22.80243892044442],[-43.341582843473304,-22.802800755475079],[-43.341561203986259,-22.803164119353205],[-43.341552964397692,-22.803209104341256]]},"properties":{"objectid":195331,"nome":" ","geometriaa":"Não","tipotrecho":"Curso dágua","navegavel":"Desconhecido","larguramed":0,"regime":"Temporário","encoberto":"Não","codmun":"330510","municn":"São João de Meriti","reggov":"Região Metropolitana","rh":"RH-V","nome_rh":"Baia de Guanabara","id_rh":5,"Shape__Length":0.014273479302119326}},{"type":"Feature","id":195375,"geometry":{"type":"LineString","coordinates":[[-43.348520908013363,-22.803708022132074],[-43.348672995961863,-22.80352441294588],[-43.349014631320067,-22.803344892077693],[-43.349382537673876,-22.80321630701156],[-43.349769311804152,-22.803146708478391],[-43.350157486178936,-22.803098346536064],[-43.350551038499532,-22.803023940227281],[-43.350939327088156,-22.802982260247699],[-43.351333574584658,-22.802930977307327],[-43.351732115444634,-22.802903399596818],[-43.352127530261207,-22.802844180139417],[-43.352513517484745,-22.802775108608966],[-43.352892527767835,-22.8026704715896],[-43.353268807709185,-22.80257420545982],[-43.353646685745851,-22.802474521906234],[-43.354028532490652,-22.802401249642536],[-43.354029892265601,-22.80240162465984],[-43.354419252846128,-22.802432647673157],[-43.354806999143584,-22.802508897592151],[-43.35519665020513,-22.802596997877767],[-43.355321079504101,-22.802610652284351]]},"properties":{"objectid":195375,"nome":"Rio Pavuna","geometriaa":"Não","tipotrecho":"Curso dágua","navegavel":"Desconhecido","larguramed":0,"regime":"Permanente","encoberto":"Não","codmun":"330455","municn":"Rio de Janeiro","reggov":"Região Metropolitana","rh":"RH-V","nome_rh":"Baia de Guanabara","id_rh":5,"Shape__Length":0.0070513363828143766}},{"type":"Feature","id":195376,"geometry":{"type":"LineString","coordinates":[[-43.348520908013363,-22.803708022132074],[-43.348672995961863,-22.80352441294588],[-43.349014631320067,-22.803344892077693],[-43.349382537673876,-22.80321630701156],[-43.349769311804152,-22.803146708478391],[-43.350157486178936,-22.803098346536064],[-43.350551038499532,-22.803023940227281],[-43.350939327088156,-22.802982260247699],[-43.351333574584658,-22.802930977307327],[-43.351732115444634,-22.802903399596818],[-43.352127530261207,-22.802844180139417],[-43.352513517484745,-22.802775108608966],[-43.352892527767835,-22.8026704715896],[-43.353268807709185,-22.80257420545982],[-43.353646685745851,-22.802474521906234],[-43.354028532490652,-22.802401249642536],[-43.354029892265601,-22.80240162465984],[-43.354419252846128,-22.802432647673157],[-43.354806999143584,-22.802508897592151],[-43.35519665020513,-22.802596997877767],[-43.355321079504101,-22.802610652284351]]},"properties":{"objectid":195376,"nome":"Rio Pavuna","geometriaa":"Não","tipotrecho":"Curso dágua","navegavel":"Desconhecido","larguramed":0,"regime":"Permanente","encoberto":"Não","codmun":"330510","municn":"São João de Meriti","reggov":"Região Metropolitana","rh":"RH-V","nome_rh":"Baia de Guanabara","id_rh":5,"Shape__Length":0.0070513363828143766}},{"type":"Feature","id":195446,"geometry":{"type":"LineString","coordinates":[[-43.355321079504101,-22.802610652284351],[-43.355591805117569,-22.802640359589496],[-43.3559853952097,-22.802668171123813],[-43.35637269544344,-22.802716777681745],[-43.356766242368053,-22.802699431558114],[-43.357153115423841,-22.802645619724178],[-43.35754989091464,-22.802618912557399],[-43.357935700971723,-22.802678157195786],[-43.358319932718587,-22.80274722872624],[-43.358700979066839,-22.802838302170489],[-43.359090454760576,-22.802908780240625],[-43.359465982868699,-22.803005213644283],[-43.359831421482788,-22.803147059213998],[-43.360154442673256,-22.803349698054724],[-43.36044323656597,-22.803604273642918],[-43.360754789601749,-22.803837408494182],[-43.361068279777157,-22.804055300736128],[-43.361369705547361,-22.804288330366699],[-43.361503742303739,-22.804394534005091]]},"properties":{"objectid":195446,"nome":"Rio Pavuna","geometriaa":"Não","tipotrecho":"Curso dágua","navegavel":"Desconhecido","larguramed":0,"regime":"Permanente","encoberto":"Não","codmun":"330455","municn":"Rio de Janeiro","reggov":"Região Metropolitana","rh":"RH-V","nome_rh":"Baia de Guanabara","id_rh":5,"Shape__Length":0.0066766900987999516}},{"type":"Feature","id":195447,"geometry":{"type":"LineString","coordinates":[[-43.355321079504101,-22.802610652284351],[-43.355591805117569,-22.802640359589496],[-43.3559853952097,-22.802668171123813],[-43.35637269544344,-22.802716777681745],[-43.356766242368053,-22.802699431558114],[-43.357153115423841,-22.802645619724178],[-43.35754989091464,-22.802618912557399],[-43.357935700971723,-22.802678157195786],[-43.358319932718587,-22.80274722872624],[-43.358700979066839,-22.802838302170489],[-43.359090454760576,-22.802908780240625],[-43.359465982868699,-22.803005213644283],[-43.359831421482788,-22.803147059213998],[-43.360154442673256,-22.803349698054724],[-43.36044323656597,-22.803604273642918],[-43.360754789601749,-22.803837408494182],[-43.361068279777157,-22.804055300736128],[-43.361369705547361,-22.804288330366699],[-43.361503742303739,-22.804394534005091]]},"properties":{"objectid":195447,"nome":"Rio Pavuna","geometriaa":"Não","tipotrecho":"Curso dágua","navegavel":"Desconhecido","larguramed":0,"regime":"Permanente","encoberto":"Não","codmun":"330510","municn":"São João de Meriti","reggov":"Região Metropolitana","rh":"RH-V","nome_rh":"Baia de Guanabara","id_rh":5,"Shape__Length":0.0066766900987999516}},{"type":"Feature","id":196154,"geometry":{"type":"LineString","coordinates":[[-43.315993006971553,-22.811324805020146],[-43.316123445540484,-22.810984001534859],[-43.316169830772935,-22.810618197795982],[-43.316215170093926,-22.810250215899163],[-43.3162522140683,-22.809883500247764],[-43.316280898844298,-22.8095152512523],[-43.316230048477848,-22.809348906351417],[-43.316418890819023,-22.809027324076222],[-43.316408413717227,-22.808952437529452],[-43.316253424555782,-22.808620087671372],[-43.316080918399564,-22.8082943262466],[-43.315868044374611,-22.80798764483843],[-43.315837728228466,-22.807624914082993],[-43.31581209485217,-22.807261599667566],[-43.315831459054493,-22.806898761892828],[-43.315804356185993,-22.806536154344535],[-43.315794795493275,-22.806172830036584],[-43.315802763486602,-22.806063459885312],[-43.315902965049702,-22.805709603639801],[-43.31596034989014,-22.805455176439757],[-43.315853353049704,-22.805292121258926],[-43.31572845250593,-22.804945188893928],[-43.315697751449932,-22.804796034533886],[-43.315709464220276,-22.804429593175751],[-43.315732249443613,-22.804065797623011],[-43.3157695074567,-22.803705316072069],[-43.315785143069775,-22.803336657885048],[-43.315816568979358,-22.802975121429331],[-43.315841511676304,-22.802610083912867],[-43.315860513451803,-22.802244893511642],[-43.3158936813482,-22.801884277961662],[-43.31591685507869,-22.801520396074061],[-43.315916671617011,-22.801154912493871],[-43.315911614729146,-22.801099610483284]]},"properties":{"objectid":196154,"nome":"Rio Cambuí","geometriaa":"Não","tipotrecho":"Curso dágua","navegavel":"Desconhecido","larguramed":0,"regime":"Temporário","encoberto":"Não","codmun":"330455","municn":"Rio de Janeiro","reggov":"Região Metropolitana","rh":"RH-V","nome_rh":"Baia de Guanabara","id_rh":5,"Shape__Length":0.010551194010980034}},{"type":"Feature","id":196303,"geometry":{"type":"LineString","coordinates":[[-43.369720102300796,-22.81246896839254],[-43.369800598818472,-22.812261805961978],[-43.36985431352565,-22.812176739988924],[-43.370185677726738,-22.811984154669375],[-43.370194215890251,-22.811978914319837],[-43.370446408275022,-22.811775764664208],[-43.370672427690295,-22.811479778893087],[-43.370783293414142,-22.811340026945103],[-43.371121228961435,-22.811151661244597],[-43.371414765878626,-22.810961305344403],[-43.371777940899108,-22.810813023326777],[-43.37208421401516,-22.810583600876907],[-43.372422112690231,-22.810398031168639],[-43.372805554832382,-22.810331143192137],[-43.373191302836233,-22.810275114529322],[-43.373575533683834,-22.810182764047759],[-43.373963719749725,-22.810110051162351],[-43.37434336315556,-22.810026593177177],[-43.374732263283192,-22.809975741012099],[-43.375112675609387,-22.809893011477723],[-43.375494995397609,-22.809822041478444],[-43.375879209158022,-22.809755514130117],[-43.376263527239871,-22.809688445389867],[-43.376339260048667,-22.809677309984327]]},"properties":{"objectid":196303,"nome":" ","geometriaa":"Não","tipotrecho":"Curso dágua","navegavel":"Desconhecido","larguramed":0,"regime":"Temporário","encoberto":"Não","codmun":"330455","municn":"Rio de Janeiro","reggov":"Região Metropolitana","rh":"RH-V","nome_rh":"Baia de Guanabara","id_rh":5,"Shape__Length":0.007472793756004458}},{"type":"Feature","id":198233,"geometry":{"type":"LineString","coordinates":[[-43.342673677048417,-22.824442966593757],[-43.342377020383083,-22.824201642515877],[-43.342109146519753,-22.823932711949212],[-43.341872626620329,-22.823641077997475],[-43.341617586082634,-22.823366409756147],[-43.341365052854769,-22.823085987652359],[-43.341215744710723,-22.822801130991554],[-43.341017143825972,-22.822483881649948],[-43.34099177125313,-22.822262357945625],[-43.341051607645454,-22.821963333365289],[-43.341107750522156,-22.821727937618373],[-43.341268218353491,-22.821397178661062],[-43.341455812435704,-22.821078892401143],[-43.341496298115537,-22.821001918527877],[-43.341422214663339,-22.82063557339718],[-43.341391535191057,-22.82027302070755],[-43.34134807545319,-22.819903923651356],[-43.341321583224385,-22.819541504960714],[-43.34125176165935,-22.819177280431383],[-43.3412100241232,-22.818810820187416],[-43.341137181735405,-22.818446655013357],[-43.341070697554528,-22.81808842626408],[-43.341027170367511,-22.817882029156593]]},"properties":{"objectid":198233,"nome":"Valão do Parque Acari","geometriaa":"Não","tipotrecho":"Curso dágua","navegavel":"Desconhecido","larguramed":0,"regime":"Temporário","encoberto":"Não","codmun":"330455","municn":"Rio de Janeiro","reggov":"Região Metropolitana","rh":"RH-V","nome_rh":"Baia de Guanabara","id_rh":5,"Shape__Length":0.0073385438419255123}},{"type":"Feature","id":204771,"geometry":{"type":"LineString","coordinates":[[-43.310477659116543,-22.79988946924826],[-43.311642733525218,-22.800011913743475],[-43.312836068229835,-22.800108742848884],[-43.315010020995544,-22.80055918987934],[-43.315877438692723,-22.800725837851765]]},"properties":{"objectid":204771,"nome":"Rio São João de Meriti","geometriaa":"Não","tipotrecho":"Curso dágua","navegavel":"Desconhecido","larguramed":0,"regime":"Permanente","encoberto":"Não","codmun":"330455","municn":"Rio de Janeiro","reggov":"Região Metropolitana","rh":"RH-V","nome_rh":"Baia de Guanabara","id_rh":5,"Shape__Length":0.0054721575445631767}},{"type":"Feature","id":205148,"geometry":{"type":"LineString","coordinates":[[-43.327637739989598,-22.802372964165585],[-43.327605123377623,-22.802160582969158]]},"properties":{"objectid":205148,"nome":"Rio Acari","geometriaa":"Não","tipotrecho":"Curso dágua","navegavel":"Desconhecido","larguramed":0,"regime":"Permanente","encoberto":"Não","codmun":"330455","municn":"Rio de Janeiro","reggov":"Região Metropolitana","rh":"RH-V","nome_rh":"Baia de Guanabara","id_rh":5,"Shape__Length":0.00021487116133953626}},{"type":"Feature","id":205332,"geometry":{"type":"LineString","coordinates":[[-43.307014409487287,-22.749431215304185],[-43.307033199922103,-22.749447746642026],[-43.30778979866016,-22.749990307632391],[-43.307876445641341,-22.750043030387346],[-43.308493309518497,-22.750430207413924],[-43.309001522701976,-22.750749706859295],[-43.311347251374457,-22.751441072373389],[-43.316717195042372,-22.752738918192261],[-43.317598242864506,-22.752970384801166],[-43.31991289726227,-22.753508071466072],[-43.319919373280356,-22.753509552649469]]},"properties":{"objectid":205332,"nome":"Canal de Sarapuí","geometriaa":"Não","tipotrecho":"Curso dágua","navegavel":"Desconhecido","larguramed":0,"regime":"Permanente","encoberto":"Não","codmun":"330170","municn":"Duque de Caxias","reggov":"Região Metropolitana","rh":"RH-V","nome_rh":"Baia de Guanabara","id_rh":5,"Shape__Length":0.013650007247711255}},{"type":"Feature","id":205333,"geometry":{"type":"LineString","coordinates":[[-43.306873899410789,-22.749570806273528],[-43.306735616955052,-22.749718048674822],[-43.306680112597007,-22.749797384167771],[-43.306632256972996,-22.749864337794794],[-43.306651124749465,-22.749881968104138],[-43.306731867681435,-22.749951188022735],[-43.306824382738967,-22.750012134178455],[-43.307044014269707,-22.750150468794892],[-43.307337430677762,-22.750392176883267],[-43.307664177759477,-22.750607867584812],[-43.307967874317853,-22.750853115404738],[-43.308270864009039,-22.751084717811253],[-43.308605118631192,-22.7512761025359],[-43.308963443607922,-22.751434326558705],[-43.309325098774195,-22.751591049613019],[-43.309707176644785,-22.751726224011811],[-43.310069669079837,-22.751862454214681],[-43.310449670415835,-22.751968615584932],[-43.310540053180766,-22.751990613901455],[-43.310914154964166,-22.752101497611815],[-43.311308365588502,-22.752176650357896],[-43.311695663124226,-22.752243871982895],[-43.312074084351366,-22.752336195484798],[-43.31245302898401,-22.752441437747887],[-43.312839311185144,-22.752520114937099],[-43.313218574177704,-22.752662927278013],[-43.313612478133223,-22.75277130547714],[-43.313996486848282,-22.752852846107682],[-43.314389540045106,-22.752959226013193],[-43.314775355498107,-22.753052343616535],[-43.315151416904257,-22.753154840249433],[-43.315534781704692,-22.753225623189699],[-43.315928066027318,-22.753297413370682],[-43.31630400692427,-22.753409840317637],[-43.316681719485643,-22.753504944523311],[-43.317057469726308,-22.753617187109249],[-43.317449325026189,-22.753726346819192],[-43.317834081077876,-22.753803009526973],[-43.318213697504007,-22.753909780637574],[-43.318590007123028,-22.75401633591088],[-43.318973435775327,-22.754090181942047],[-43.319365371114884,-22.754169174793276],[-43.319756404434372,-22.7542582715277],[-43.320132777905258,-22.754359766315865],[-43.320514978083679,-22.754446601255378],[-43.320886163365621,-22.754558425656512],[-43.321272258507797,-22.754645389199066],[-43.321657890499125,-22.754730541506987],[-43.32203725241714,-22.754834682100618],[-43.322407980843543,-22.754952187519148],[-43.322813424000174,-22.755017857813563],[-43.323212573701198,-22.755112540237214],[-43.323609359084514,-22.755195965846813]]},"properties":{"objectid":205333,"nome":" ","geometriaa":"Não","tipotrecho":"Curso dágua","navegavel":"Desconhecido","larguramed":0,"regime":"Permanente","encoberto":"Não","codmun":"330170","municn":"Duque de Caxias","reggov":"Região Metropolitana","rh":"RH-V","nome_rh":"Baia de Guanabara","id_rh":5,"Shape__Length":0.018348412599387017}},{"type":"Feature","id":205364,"geometry":{"type":"LineString","coordinates":[[-43.336709795020901,-22.799128953063402],[-43.336729482979138,-22.799358986152964],[-43.336667659085101,-22.799547047882616],[-43.336629542219491,-22.799684096468553],[-43.336475643036351,-22.799949496296879],[-43.33620708478901,-22.800250878000284],[-43.336048627841762,-22.800391176736081],[-43.335897964419424,-22.800590140047579],[-43.335646808952959,-22.80085903104408],[-43.335526289906227,-22.800977192967711],[-43.335365111610493,-22.801241389503161],[-43.335083034754113,-22.801454751859914],[-43.334995414706498,-22.801565371169591],[-43.334894878595662,-22.801738944821043],[-43.334810998828402,-22.80184171664655],[-43.334600811078474,-22.802038929877352],[-43.334403864046969,-22.802246421459792],[-43.334115968576953,-22.802571427453998],[-43.334055064689387,-22.802683392149412],[-43.334015974757335,-22.802784866253166]]},"properties":{"objectid":205364,"nome":" ","geometriaa":"Não","tipotrecho":"Curso dágua","navegavel":"Desconhecido","larguramed":0,"regime":"Permanente","encoberto":"Não","codmun":"330510","municn":"São João de Meriti","reggov":"Região Metropolitana","rh":"RH-V","nome_rh":"Baia de Guanabara","id_rh":5,"Shape__Length":0.0046616984901079531}},{"type":"Feature","id":205365,"geometry":{"type":"LineString","coordinates":[[-43.32949402163166,-22.802615746943754],[-43.330904771038206,-22.802659232761997]]},"properties":{"objectid":205365,"nome":"Rio Pavuna","geometriaa":"Não","tipotrecho":"Curso dágua","navegavel":"Desconhecido","larguramed":0,"regime":"Permanente","encoberto":"Não","codmun":"330455","municn":"Rio de Janeiro","reggov":"Região Metropolitana","rh":"RH-V","nome_rh":"Baia de Guanabara","id_rh":5,"Shape__Length":0.0014114194644027412}},{"type":"Feature","id":205366,"geometry":{"type":"LineString","coordinates":[[-43.32949402163166,-22.802615746943754],[-43.330904771038206,-22.802659232761997]]},"properties":{"objectid":205366,"nome":"Rio Pavuna","geometriaa":"Não","tipotrecho":"Curso dágua","navegavel":"Desconhecido","larguramed":0,"regime":"Permanente","encoberto":"Não","codmun":"330170","municn":"Duque de Caxias","reggov":"Região Metropolitana","rh":"RH-V","nome_rh":"Baia de Guanabara","id_rh":5,"Shape__Length":0.0014114194644027412}},{"type":"Feature","id":205367,"geometry":{"type":"LineString","coordinates":[[-43.327605123377623,-22.802160582969158],[-43.327730972706092,-22.802260477863374],[-43.328342869627591,-22.802493577641105],[-43.32949402163166,-22.802615746943754]]},"properties":{"objectid":205367,"nome":"Rio Pavuna","geometriaa":"Não","tipotrecho":"Curso dágua","navegavel":"Desconhecido","larguramed":0,"regime":"Permanente","encoberto":"Não","codmun":"330455","municn":"Rio de Janeiro","reggov":"Região Metropolitana","rh":"RH-V","nome_rh":"Baia de Guanabara","id_rh":5,"Shape__Length":0.001973086064501221}},{"type":"Feature","id":205368,"geometry":{"type":"LineString","coordinates":[[-43.330904771038206,-22.802659232761997],[-43.33090500935856,-22.802659239956558],[-43.331721629749268,-22.802684411980596],[-43.333968781034287,-22.802907381794807]]},"properties":{"objectid":205368,"nome":"Rio Pavuna","geometriaa":"Não","tipotrecho":"Curso dágua","navegavel":"Desconhecido","larguramed":0,"regime":"Permanente","encoberto":"Não","codmun":"330455","municn":"Rio de Janeiro","reggov":"Região Metropolitana","rh":"RH-V","nome_rh":"Baia de Guanabara","id_rh":5,"Shape__Length":0.0030754327808610185}},{"type":"Feature","id":205369,"geometry":{"type":"LineString","coordinates":[[-43.330904771038206,-22.802659232761997],[-43.33090500935856,-22.802659239956558],[-43.331721629749268,-22.802684411980596],[-43.333968781034287,-22.802907381794807]]},"properties":{"objectid":205369,"nome":"Rio Pavuna","geometriaa":"Não","tipotrecho":"Curso dágua","navegavel":"Desconhecido","larguramed":0,"regime":"Permanente","encoberto":"Não","codmun":"330510","municn":"São João de Meriti","reggov":"Região Metropolitana","rh":"RH-V","nome_rh":"Baia de Guanabara","id_rh":5,"Shape__Length":0.0030754327808610185}},{"type":"Feature","id":205370,"geometry":{"type":"LineString","coordinates":[[-43.334015974757335,-22.802784866253166],[-43.333968781034287,-22.802907381794807]]},"properties":{"objectid":205370,"nome":" ","geometriaa":"Não","tipotrecho":"Curso dágua","navegavel":"Desconhecido","larguramed":0,"regime":"Permanente","encoberto":"Não","codmun":"330510","municn":"São João de Meriti","reggov":"Região Metropolitana","rh":"RH-V","nome_rh":"Baia de Guanabara","id_rh":5,"Shape__Length":0.00013129091910601935}},{"type":"Feature","id":205371,"geometry":{"type":"LineString","coordinates":[[-43.333968781034287,-22.802907381794807],[-43.33427532484626,-22.802937798665035],[-43.335154708922573,-22.803005274798199],[-43.335369463429856,-22.803017379672909]]},"properties":{"objectid":205371,"nome":"Rio Pavuna","geometriaa":"Não","tipotrecho":"Curso dágua","navegavel":"Desconhecido","larguramed":0,"regime":"Permanente","encoberto":"Não","codmun":"330455","municn":"Rio de Janeiro","reggov":"Região Metropolitana","rh":"RH-V","nome_rh":"Baia de Guanabara","id_rh":5,"Shape__Length":0.0014051136017580288}},{"type":"Feature","id":205372,"geometry":{"type":"LineString","coordinates":[[-43.333968781034287,-22.802907381794807],[-43.33427532484626,-22.802937798665035],[-43.335154708922573,-22.803005274798199],[-43.335369463429856,-22.803017379672909]]},"properties":{"objectid":205372,"nome":"Rio Pavuna","geometriaa":"Não","tipotrecho":"Curso dágua","navegavel":"Desconhecido","larguramed":0,"regime":"Permanente","encoberto":"Não","codmun":"330510","municn":"São João de Meriti","reggov":"Região Metropolitana","rh":"RH-V","nome_rh":"Baia de Guanabara","id_rh":5,"Shape__Length":0.0014051136017580288}},{"type":"Feature","id":205373,"geometry":{"type":"LineString","coordinates":[[-43.335369463429856,-22.803017379672909],[-43.335383838193479,-22.803150997345266]]},"properties":{"objectid":205373,"nome":" ","geometriaa":"Não","tipotrecho":"Curso dágua","navegavel":"Desconhecido","larguramed":0,"regime":"Permanente","encoberto":"Não","codmun":"330455","municn":"Rio de Janeiro","reggov":"Região Metropolitana","rh":"RH-V","nome_rh":"Baia de Guanabara","id_rh":5,"Shape__Length":0.00013438867580163122}},{"type":"Feature","id":205374,"geometry":{"type":"LineString","coordinates":[[-43.335369463429856,-22.803017379672909],[-43.336564864776562,-22.803084762276519],[-43.339448834096288,-22.803179596685606],[-43.341529644977015,-22.803336423161966]]},"properties":{"objectid":205374,"nome":"Rio Pavuna","geometriaa":"Não","tipotrecho":"Curso dágua","navegavel":"Desconhecido","larguramed":0,"regime":"Permanente","encoberto":"Não","codmun":"330455","municn":"Rio de Janeiro","reggov":"Região Metropolitana","rh":"RH-V","nome_rh":"Baia de Guanabara","id_rh":5,"Shape__Length":0.0061695394483417352}},{"type":"Feature","id":205375,"geometry":{"type":"LineString","coordinates":[[-43.335369463429856,-22.803017379672909],[-43.336564864776562,-22.803084762276519],[-43.339448834096288,-22.803179596685606],[-43.341529644977015,-22.803336423161966]]},"properties":{"objectid":205375,"nome":"Rio Pavuna","geometriaa":"Não","tipotrecho":"Curso dágua","navegavel":"Desconhecido","larguramed":0,"regime":"Permanente","encoberto":"Não","codmun":"330510","municn":"São João de Meriti","reggov":"Região Metropolitana","rh":"RH-V","nome_rh":"Baia de Guanabara","id_rh":5,"Shape__Length":0.0061695394483417352}},{"type":"Feature","id":205376,"geometry":{"type":"LineString","coordinates":[[-43.341552964397692,-22.803209104341256],[-43.341529644977015,-22.803336423161966]]},"properties":{"objectid":205376,"nome":" ","geometriaa":"Não","tipotrecho":"Curso dágua","navegavel":"Desconhecido","larguramed":0,"regime":"Permanente","encoberto":"Não","codmun":"330510","municn":"São João de Meriti","reggov":"Região Metropolitana","rh":"RH-V","nome_rh":"Baia de Guanabara","id_rh":5,"Shape__Length":0.00012943677022352054}},{"type":"Feature","id":205377,"geometry":{"type":"LineString","coordinates":[[-43.341529644977015,-22.803336423161966],[-43.341542655469084,-22.803337403423036],[-43.343622982514496,-22.803456183180909],[-43.345053717554883,-22.80356819284242],[-43.346373869258514,-22.80358189311443],[-43.346917755849631,-22.803665253972891],[-43.348048300788321,-22.803761171165714],[-43.34846669957841,-22.803773465797406]]},"properties":{"objectid":205377,"nome":"Rio Pavuna","geometriaa":"Não","tipotrecho":"Curso dágua","navegavel":"Desconhecido","larguramed":0,"regime":"Permanente","encoberto":"Não","codmun":"330455","municn":"Rio de Janeiro","reggov":"Região Metropolitana","rh":"RH-V","nome_rh":"Baia de Guanabara","id_rh":5,"Shape__Length":0.0069555220027196826}},{"type":"Feature","id":205378,"geometry":{"type":"LineString","coordinates":[[-43.341529644977015,-22.803336423161966],[-43.341542655469084,-22.803337403423036],[-43.343622982514496,-22.803456183180909],[-43.345053717554883,-22.80356819284242],[-43.346373869258514,-22.80358189311443],[-43.346917755849631,-22.803665253972891],[-43.348048300788321,-22.803761171165714],[-43.34846669957841,-22.803773465797406]]},"properties":{"objectid":205378,"nome":"Rio Pavuna","geometriaa":"Não","tipotrecho":"Curso dágua","navegavel":"Desconhecido","larguramed":0,"regime":"Permanente","encoberto":"Não","codmun":"330510","municn":"São João de Meriti","reggov":"Região Metropolitana","rh":"RH-V","nome_rh":"Baia de Guanabara","id_rh":5,"Shape__Length":0.0069555220027196826}},{"type":"Feature","id":205379,"geometry":{"type":"LineString","coordinates":[[-43.348520908013363,-22.803708022132074],[-43.34846669957841,-22.803773465797406]]},"properties":{"objectid":205379,"nome":"Rio Pavuna","geometriaa":"Não","tipotrecho":"Curso dágua","navegavel":"Desconhecido","larguramed":0,"regime":"Permanente","encoberto":"Não","codmun":"330510","municn":"São João de Meriti","reggov":"Região Metropolitana","rh":"RH-V","nome_rh":"Baia de Guanabara","id_rh":5,"Shape__Length":8.497898416084372e-05}},{"type":"Feature","id":205380,"geometry":{"type":"LineString","coordinates":[[-43.348520908013363,-22.803708022132074],[-43.34846669957841,-22.803773465797406]]},"properties":{"objectid":205380,"nome":"Rio Pavuna","geometriaa":"Não","tipotrecho":"Curso dágua","navegavel":"Desconhecido","larguramed":0,"regime":"Permanente","encoberto":"Não","codmun":"330455","municn":"Rio de Janeiro","reggov":"Região Metropolitana","rh":"RH-V","nome_rh":"Baia de Guanabara","id_rh":5,"Shape__Length":8.497898416084372e-05}},{"type":"Feature","id":205381,"geometry":{"type":"LineString","coordinates":[[-43.361503742303739,-22.804394534005091],[-43.361521387002306,-22.804479586488288]]},"properties":{"objectid":205381,"nome":"Rio Pavuna","geometriaa":"Não","tipotrecho":"Curso dágua","navegavel":"Desconhecido","larguramed":0,"regime":"Permanente","encoberto":"Não","codmun":"330455","municn":"Rio de Janeiro","reggov":"Região Metropolitana","rh":"RH-V","nome_rh":"Baia de Guanabara","id_rh":5,"Shape__Length":8.6863457695034757e-05}},{"type":"Feature","id":205382,"geometry":{"type":"LineString","coordinates":[[-43.361503742303739,-22.804394534005091],[-43.361521387002306,-22.804479586488288]]},"properties":{"objectid":205382,"nome":"Rio Pavuna","geometriaa":"Não","tipotrecho":"Curso dágua","navegavel":"Desconhecido","larguramed":0,"regime":"Permanente","encoberto":"Não","codmun":"330510","municn":"São João de Meriti","reggov":"Região Metropolitana","rh":"RH-V","nome_rh":"Baia de Guanabara","id_rh":5,"Shape__Length":8.6863457695034757e-05}},{"type":"Feature","id":205383,"geometry":{"type":"LineString","coordinates":[[-43.361521387002306,-22.804479586488288],[-43.360822819717214,-22.804560142361236],[-43.359752869299371,-22.804652763538773],[-43.35892227164539,-22.804592401043045],[-43.35710150962683,-22.804379345355063],[-43.355790038179578,-22.80422333546311],[-43.353095855489244,-22.804027129473003],[-43.349410054230475,-22.803801183802189],[-43.34846669957841,-22.803773465797406]]},"properties":{"objectid":205383,"nome":"Rio Pavuna","geometriaa":"Não","tipotrecho":"Curso dágua","navegavel":"Desconhecido","larguramed":0,"regime":"Permanente","encoberto":"Não","codmun":"330455","municn":"Rio de Janeiro","reggov":"Região Metropolitana","rh":"RH-V","nome_rh":"Baia de Guanabara","id_rh":5,"Shape__Length":0.01310163935932231}},{"type":"Feature","id":205389,"geometry":{"type":"LineString","coordinates":[[-43.337561885572427,-22.808728952403658],[-43.337547397494298,-22.808702702092486],[-43.33753844114603,-22.8086942097944],[-43.337537362858882,-22.808662680462817],[-43.337555044429621,-22.808586282155659],[-43.337558130003579,-22.808548745352763],[-43.337591452583354,-22.808483978877007],[-43.33762510071773,-22.808448477239889],[-43.337775522222444,-22.808350794677896],[-43.337867041730483,-22.80829060934861],[-43.33788429972055,-22.80828121682913],[-43.338048586073285,-22.8081889167096],[-43.338105676835426,-22.808132165891223],[-43.338136080215804,-22.808091120833026],[-43.338157313209308,-22.808059282134661],[-43.338158029069689,-22.808016301735403],[-43.338158601038515,-22.807977203709481],[-43.338152053974,-22.807922678713126],[-43.338124649832594,-22.807877057005062],[-43.337380218921844,-22.806705558739043],[-43.335346349054646,-22.804794313231504],[-43.335343508096287,-22.804763578900616],[-43.335340585299662,-22.804691480252167],[-43.335340875780673,-22.804619416677294],[-43.335337678690792,-22.804561855569741],[-43.335317641795598,-22.804519381488809],[-43.335286278838566,-22.804462971513473],[-43.335268480355978,-22.80443668612871],[-43.33525738362124,-22.804412005134495],[-43.335249555922125,-22.804382753785646],[-43.335244382122433,-22.804343595505074],[-43.335235030072454,-22.804303581069956],[-43.335232530856501,-22.804284769950733],[-43.335225448695383,-22.804234303594782],[-43.335220227231559,-22.804183043137506],[-43.335218568881714,-22.804143108742036],[-43.335213558758589,-22.804098533844858],[-43.335213133379284,-22.804069358938353],[-43.33521451563729,-22.803979695631025],[-43.335219284742102,-22.80393991861694],[-43.335235026475175,-22.803838845610812],[-43.335241103194221,-22.803819763795605],[-43.335256049027294,-22.803760134247398],[-43.335299049211635,-22.803604347387306],[-43.335312973414887,-22.803564665701348],[-43.335368598282052,-22.803395915113995],[-43.335386095491799,-22.803334777402661],[-43.335389848362695,-22.803306549482286],[-43.335390253956916,-22.803281176909369],[-43.33539035558033,-22.803272779040078],[-43.335390592102044,-22.803261312684029],[-43.335387610849466,-22.803186072703689],[-43.335383838193479,-22.803150997345266]]},"properties":{"objectid":205389,"nome":" ","geometriaa":"Não","tipotrecho":"Curso dágua","navegavel":"Desconhecido","larguramed":0,"regime":"Permanente","encoberto":"Não","codmun":"330455","municn":"Rio de Janeiro","reggov":"Região Metropolitana","rh":"RH-V","nome_rh":"Baia de Guanabara","id_rh":5,"Shape__Length":0.0070398842532890917}},{"type":"Feature","id":205395,"geometry":{"type":"LineString","coordinates":[[-43.332096674022182,-22.813473504822756],[-43.332367043504121,-22.814032431675741],[-43.332372563542833,-22.814076246645797]]},"properties":{"objectid":205395,"nome":"Rio dos Cachorros","geometriaa":"Não","tipotrecho":"Curso dágua","navegavel":"Desconhecido","larguramed":0,"regime":"Permanente","encoberto":"Não","codmun":"330455","municn":"Rio de Janeiro","reggov":"Região Metropolitana","rh":"RH-V","nome_rh":"Baia de Guanabara","id_rh":5,"Shape__Length":0.00066504688694813893}},{"type":"Feature","id":205396,"geometry":{"type":"LineString","coordinates":[[-43.34095171724784,-22.817524247370351],[-43.340715018383264,-22.817554002339612],[-43.340208905116754,-22.817433968027466],[-43.339595703278974,-22.816957051251201],[-43.339153709875688,-22.816654061559955],[-43.338746068775947,-22.816580954771531],[-43.338361235382585,-22.816668751985599],[-43.337973893780031,-22.81696309559468],[-43.337364998795522,-22.81715183901045],[-43.336944700637332,-22.817101548022301],[-43.336576285267263,-22.816856700400688],[-43.336139041183692,-22.816163559624894],[-43.335648941245502,-22.815745295733109],[-43.334868471802395,-22.814773135795893],[-43.334256697188721,-22.814181452936037],[-43.333358702541943,-22.813713013169377],[-43.332096674022182,-22.813473504822756]]},"properties":{"objectid":205396,"nome":"Rio Acari","geometriaa":"Não","tipotrecho":"Curso dágua","navegavel":"Desconhecido","larguramed":0,"regime":"Permanente","encoberto":"Não","codmun":"330455","municn":"Rio de Janeiro","reggov":"Região Metropolitana","rh":"RH-V","nome_rh":"Baia de Guanabara","id_rh":5,"Shape__Length":0.010728914998855225}},{"type":"Feature","id":205397,"geometry":{"type":"LineString","coordinates":[[-43.341027170367511,-22.817882029156593],[-43.34095171724784,-22.817524247370351]]},"properties":{"objectid":205397,"nome":"Valão do Parque Acari","geometriaa":"Não","tipotrecho":"Curso dágua","navegavel":"Desconhecido","larguramed":0,"regime":"Permanente","encoberto":"Não","codmun":"330455","municn":"Rio de Janeiro","reggov":"Região Metropolitana","rh":"RH-V","nome_rh":"Baia de Guanabara","id_rh":5,"Shape__Length":0.00036565144578422403}},{"type":"Feature","id":205403,"geometry":{"type":"LineString","coordinates":[[-43.4085868810796,-22.820890707464343],[-43.408541852924031,-22.820891354976254]]},"properties":{"objectid":205403,"nome":" ","geometriaa":"Não","tipotrecho":"Curso dágua","navegavel":"Desconhecido","larguramed":0,"regime":"Permanente","encoberto":"Não","codmun":"330455","municn":"Rio de Janeiro","reggov":"Região Metropolitana","rh":"RH-V","nome_rh":"Baia de Guanabara","id_rh":5,"Shape__Length":4.503281094497282e-05}},{"type":"Feature","id":205410,"geometry":{"type":"LineString","coordinates":[[-43.368254088655135,-22.827118903838397],[-43.368238043850511,-22.827157211360227],[-43.368195925901148,-22.827256535184993],[-43.368150875262586,-22.827329298432424],[-43.368111622553215,-22.827364888203043],[-43.368014849205792,-22.827396164825164],[-43.36792907456703,-22.827441928626133],[-43.36789060606651,-22.827485491786057],[-43.367829889237896,-22.82752458441605],[-43.367743751272997,-22.827562176077564],[-43.36770165670594,-22.827586200566728],[-43.367648915065274,-22.827655527504607],[-43.367593257822477,-22.827719493583757],[-43.367512237899355,-22.827776994436768],[-43.367442090779718,-22.827820955097032],[-43.367350348239881,-22.827851089580133],[-43.367267151058059,-22.827878418178457],[-43.367185149075226,-22.827922573092302],[-43.367137226901377,-22.827948160603121],[-43.367087797463746,-22.828002246730311],[-43.367063063409546,-22.828055359791062],[-43.367028245257188,-22.828116286161674],[-43.366990703957697,-22.828172521668535],[-43.366949697570362,-22.828242844155959],[-43.366876589882622,-22.828333373510354],[-43.366853150852137,-22.82836720420709],[-43.366841967782477,-22.828406804954113],[-43.366822829310017,-22.828454199225916],[-43.366790275650601,-22.828487913010797],[-43.366778316466025,-22.82854393627764],[-43.366764481295661,-22.828579318304886]]},"properties":{"objectid":205410,"nome":" ","geometriaa":"Não","tipotrecho":"Curso dágua","navegavel":"Desconhecido","larguramed":0,"regime":"Permanente","encoberto":"Não","codmun":"330455","municn":"Rio de Janeiro","reggov":"Região Metropolitana","rh":"RH-V","nome_rh":"Baia de Guanabara","id_rh":5,"Shape__Length":0.0021882915513126659}},{"type":"Feature","id":205411,"geometry":{"type":"LineString","coordinates":[[-43.370945043678717,-22.828745449167155],[-43.370932928911429,-22.828731868504914],[-43.370891203066428,-22.828701368897036],[-43.370851435045552,-22.828670075187798],[-43.370833864091423,-22.828664747604009],[-43.370754184158152,-22.828638826444713],[-43.370705268233458,-22.82862297319565],[-43.370655484462922,-22.82860647873002],[-43.3706050594758,-22.828594674228828],[-43.370574381802157,-22.828577292132298],[-43.370545007246157,-22.828532287359167],[-43.370521480981438,-22.8284870721447],[-43.370491226888475,-22.828450457146911],[-43.370451216949967,-22.828423135743151],[-43.370405729240872,-22.828405781525596],[-43.370362031182651,-22.828385466739917],[-43.3703126233288,-22.828370059554622],[-43.370264784791857,-22.828353856469331],[-43.370213354362704,-22.828344660002077],[-43.370162220709801,-22.828343323609488],[-43.370108747920256,-22.828333835761896],[-43.370060837437556,-22.828315464411155],[-43.370011192162679,-22.828303667104535],[-43.369961949784056,-22.828290790611511],[-43.369896603245536,-22.828310780741955],[-43.369831611939219,-22.828448912111636],[-43.369800385679127,-22.828455809911699],[-43.369749523621515,-22.828476941281835],[-43.369687371474868,-22.828465479422327],[-43.369640660687828,-22.828465000983034],[-43.369567088050523,-22.828431770134106],[-43.369512634999978,-22.82842760357504],[-43.369434825656583,-22.828423198695642],[-43.369380286271053,-22.828426249196063],[-43.369271551940471,-22.828403483757761],[-43.369150968142549,-22.828395031929176],[-43.369049889740495,-22.828383170770739],[-43.368894228785507,-22.828377968192683],[-43.368684115679287,-22.828368599055636],[-43.368439054918326,-22.828351654029628],[-43.36833823462171,-22.828318143491508],[-43.368170380658391,-22.82835611916358],[-43.368081667934526,-22.828286645636183],[-43.36793760014001,-22.82828877792878],[-43.367731594237576,-22.828261406162994],[-43.36761027839151,-22.828314293493865],[-43.367383906442001,-22.828362494457561],[-43.367012216640369,-22.828517464733235],[-43.366764481295661,-22.828579318304886]]},"properties":{"objectid":205411,"nome":" ","geometriaa":"Não","tipotrecho":"Curso dágua","navegavel":"Desconhecido","larguramed":0,"regime":"Permanente","encoberto":"Não","codmun":"330455","municn":"Rio de Janeiro","reggov":"Região Metropolitana","rh":"RH-V","nome_rh":"Baia de Guanabara","id_rh":5,"Shape__Length":0.0045203633280886798}},{"type":"Feature","id":205413,"geometry":{"type":"LineString","coordinates":[[-43.34095171724784,-22.817524247370351],[-43.341136571095774,-22.81750100978805],[-43.342204150001407,-22.817259643442032],[-43.342513704743567,-22.817297848441193],[-43.342850745465398,-22.817644043362144],[-43.343576912044732,-22.818732383117204],[-43.343941753508993,-22.819131585878196],[-43.345381624762062,-22.819990087696578],[-43.346877108291778,-22.820954598000466],[-43.348175170847355,-22.821785245117145],[-43.349024353890684,-22.822110376117138],[-43.349762667612879,-22.822197107634533],[-43.350951470633731,-22.822657550629586],[-43.351595976073327,-22.822723787496916],[-43.351999067502838,-22.823037442248285],[-43.352544792308208,-22.824014177936061],[-43.352941941916974,-22.824207216513951],[-43.354073742309247,-22.824599732815528],[-43.355013339593825,-22.824970400087995],[-43.356117763723724,-22.825326255526381],[-43.356798247441027,-22.826216388299759],[-43.357116659606049,-22.826824265251709],[-43.357996613852549,-22.828002483252032],[-43.35839904877696,-22.828597177042074]]},"properties":{"objectid":205413,"nome":"Rio Acari","geometriaa":"Não","tipotrecho":"Curso dágua","navegavel":"Desconhecido","larguramed":0,"regime":"Permanente","encoberto":"Não","codmun":"330455","municn":"Rio de Janeiro","reggov":"Região Metropolitana","rh":"RH-V","nome_rh":"Baia de Guanabara","id_rh":5,"Shape__Length":0.021932306838441992}},{"type":"Feature","id":205414,"geometry":{"type":"LineString","coordinates":[[-43.358691068537837,-22.828537413494868],[-43.35839904877696,-22.828597177042074]]},"properties":{"objectid":205414,"nome":"Rio Calogi","geometriaa":"Não","tipotrecho":"Curso dágua","navegavel":"Desconhecido","larguramed":0,"regime":"Permanente","encoberto":"Não","codmun":"330455","municn":"Rio de Janeiro","reggov":"Região Metropolitana","rh":"RH-V","nome_rh":"Baia de Guanabara","id_rh":5,"Shape__Length":0.00029807251187903756}},{"type":"Feature","id":205415,"geometry":{"type":"LineString","coordinates":[[-43.35839904877696,-22.828597177042074],[-43.358553545109878,-22.828938183774191],[-43.358899852446093,-22.830062612423621]]},"properties":{"objectid":205415,"nome":"Rio Acari","geometriaa":"Não","tipotrecho":"Curso dágua","navegavel":"Desconhecido","larguramed":0,"regime":"Permanente","encoberto":"Não","codmun":"330455","municn":"Rio de Janeiro","reggov":"Região Metropolitana","rh":"RH-V","nome_rh":"Baia de Guanabara","id_rh":5,"Shape__Length":0.001550921848125753}},{"type":"Feature","id":205417,"geometry":{"type":"LineString","coordinates":[[-43.425026094178804,-22.833980954081635],[-43.425001233320131,-22.833933596682005],[-43.424978239454049,-22.833868153016727],[-43.424978239454049,-22.833827472183973],[-43.424994158353627,-22.833767335418077],[-43.424997695387212,-22.833710735685766],[-43.424987083387059,-22.833670054853023],[-43.424958783520935,-22.83365767388641],[-43.424916333721683,-22.833662979886512],[-43.424857965922286,-22.833703660719255],[-43.424808441156529,-22.833689510786197],[-43.424811978190121,-22.83357100532151],[-43.424815516123033,-22.833392363090972],[-43.424748303491292,-22.833312770391952],[-43.424725310524529,-22.833219026860494],[-43.424633335959577,-22.833162428027546],[-43.424601499059797,-22.83310052229519],[-43.424592655126787,-22.832976709931128],[-43.424590886160331,-22.832921879165276],[-43.424590886160331,-22.832787455700451],[-43.424590886160331,-22.832684869135292],[-43.424564355260657,-22.832642419336093],[-43.424537824360982,-22.832628269403038],[-43.424486530628762,-22.832628269403038],[-43.424428162829308,-22.832674256235812],[-43.424387481996575,-22.832691944101857],[-43.424295507431616,-22.832674256235812],[-43.424187614866412,-22.832614119469962],[-43.424134552167743,-22.832541600838127],[-43.424092102368483,-22.83245139523963],[-43.424062034435224,-22.832408946339701],[-43.423927610071019,-22.832348808674475],[-43.42376488674001,-22.832288671908621],[-43.423699443074725,-22.832288671908621],[-43.423513725877633,-22.832332890674273],[-43.423223653148966,-22.832393027440187],[-43.422662963624752,-22.832499151938205],[-43.422247310464911,-22.832553982704056],[-43.422089893133943,-22.832569900704254],[-43.421994381535342,-22.832561057670564],[-43.421916556903454,-22.832516838904912],[-43.421794514405178,-22.8324018713732],[-43.421730839706356,-22.83225329707593],[-43.421658321973844,-22.832124179611093],[-43.421437229944104,-22.83170498941767],[-43.421331105446029,-22.831517503254119],[-43.421272736747312,-22.831450290622332],[-43.421194913014688,-22.831347704057226],[-43.421143619282475,-22.831243348525661],[-43.421110013416232,-22.83113545596045],[-43.421067563617051,-22.83102579442879],[-43.421025113817848,-22.830889601098132],[-43.42098797091802,-22.830714496800507],[-43.420920758286229,-22.830532316637065],[-43.420850009520223,-22.830323605573891],[-43.420639529490593,-22.829607267685244],[-43.420604154657894,-22.829511756086653],[-43.420519255059446,-22.829375563655312],[-43.420423743460901,-22.829258826257814],[-43.419928497601973,-22.828650381833651],[-43.419634886940344,-22.828303709372676],[-43.419442094776741,-22.828117992175645],[-43.419367808077766,-22.828018942644121],[-43.41925460861318,-22.827870368346854],[-43.419166171981146,-22.827762475781654],[-43.419102497282324,-22.827716488948809],[-43.418962767817327,-22.827626283350313],[-43.418828343453193,-22.827442334220354],[-43.417857307668498,-22.826200681640209],[-43.417676896471448,-22.825977820643967],[-43.417655671571879,-22.825896458978495],[-43.417636215638709,-22.825846934212731],[-43.417565465973382,-22.825818634346554],[-43.417517710174081,-22.825792103446869],[-43.417480566374934,-22.825739041647527],[-43.41741335464247,-22.82558869928312],[-43.417195799646322,-22.824974947060259],[-43.417117975913754,-22.824725555164346],[-43.41711266901433,-22.824576981766402],[-43.417123281913803,-22.824226772271839],[-43.417082601081063,-22.824088810874049],[-43.417004776449176,-22.823949080509799],[-43.416686403854335,-22.823636013914996],[-43.41635918732652,-22.823298185387031],[-43.416191157995392,-22.823093012256841],[-43.41592054119991,-22.822728651929896],[-43.415756048902438,-22.82239082340195],[-43.415665843303891,-22.82218741923813],[-43.415427063408117,-22.821695710412857],[-43.415280258976679,-22.821522374182383],[-43.415138759645906,-22.821423324650862],[-43.414647050820633,-22.821172164687813],[-43.414341059192395,-22.821046584256624],[-43.414153573928161,-22.820988215557854],[-43.413914794032401,-22.820981140591357],[-43.413688396002556,-22.820997059490878],[-43.413515059772067,-22.82100236549093],[-43.41334702954169,-22.820993522457293],[-43.413189612210715,-22.82095107265803],[-43.412991514047008,-22.820860867059537],[-43.412795183950429,-22.820784811394105],[-43.412630691652964,-22.820735286628352],[-43.412365380857516,-22.820699911795657],[-43.412080615028223,-22.820662767996517],[-43.411887822864621,-22.820599094197014],[-43.411723329667836,-22.820530113498151],[-43.411325364373965,-22.820346164368182],[-43.411106041310632,-22.820261265669068],[-43.410902636247563,-22.820209971936841],[-43.410785899749328,-22.820194053037334],[-43.410658550351684,-22.820197590970242],[-43.410469296120993,-22.820220583937004],[-43.410066023927754,-22.820282489669367],[-43.409740917209433,-22.820340837683727],[-43.409533979609364,-22.820398881727233],[-43.409402751435714,-22.820439259488413],[-43.409253857879094,-22.820527586403177],[-43.408867743851211,-22.820739570099253],[-43.408541852924031,-22.820891354976254]]},"properties":{"objectid":205417,"nome":"Rio Pavuna","geometriaa":"Não","tipotrecho":"Curso dágua","navegavel":"Desconhecido","larguramed":0,"regime":"Permanente","encoberto":"Não","codmun":"330320","municn":"Nilópolis","reggov":"Região Metropolitana","rh":"RH-V","nome_rh":"Baia de Guanabara","id_rh":5,"Shape__Length":0.024810191625824089}},{"type":"Feature","id":205418,"geometry":{"type":"LineString","coordinates":[[-43.425026094178804,-22.833980954081635],[-43.425001233320131,-22.833933596682005],[-43.424978239454049,-22.833868153016727],[-43.424978239454049,-22.833827472183973],[-43.424994158353627,-22.833767335418077],[-43.424997695387212,-22.833710735685766],[-43.424987083387059,-22.833670054853023],[-43.424958783520935,-22.83365767388641],[-43.424916333721683,-22.833662979886512],[-43.424857965922286,-22.833703660719255],[-43.424808441156529,-22.833689510786197],[-43.424811978190121,-22.83357100532151],[-43.424815516123033,-22.833392363090972],[-43.424748303491292,-22.833312770391952],[-43.424725310524529,-22.833219026860494],[-43.424633335959577,-22.833162428027546],[-43.424601499059797,-22.83310052229519],[-43.424592655126787,-22.832976709931128],[-43.424590886160331,-22.832921879165276],[-43.424590886160331,-22.832787455700451],[-43.424590886160331,-22.832684869135292],[-43.424564355260657,-22.832642419336093],[-43.424537824360982,-22.832628269403038],[-43.424486530628762,-22.832628269403038],[-43.424428162829308,-22.832674256235812],[-43.424387481996575,-22.832691944101857],[-43.424295507431616,-22.832674256235812],[-43.424187614866412,-22.832614119469962],[-43.424134552167743,-22.832541600838127],[-43.424092102368483,-22.83245139523963],[-43.424062034435224,-22.832408946339701],[-43.423927610071019,-22.832348808674475],[-43.42376488674001,-22.832288671908621],[-43.423699443074725,-22.832288671908621],[-43.423513725877633,-22.832332890674273],[-43.423223653148966,-22.832393027440187],[-43.422662963624752,-22.832499151938205],[-43.422247310464911,-22.832553982704056],[-43.422089893133943,-22.832569900704254],[-43.421994381535342,-22.832561057670564],[-43.421916556903454,-22.832516838904912],[-43.421794514405178,-22.8324018713732],[-43.421730839706356,-22.83225329707593],[-43.421658321973844,-22.832124179611093],[-43.421437229944104,-22.83170498941767],[-43.421331105446029,-22.831517503254119],[-43.421272736747312,-22.831450290622332],[-43.421194913014688,-22.831347704057226],[-43.421143619282475,-22.831243348525661],[-43.421110013416232,-22.83113545596045],[-43.421067563617051,-22.83102579442879],[-43.421025113817848,-22.830889601098132],[-43.42098797091802,-22.830714496800507],[-43.420920758286229,-22.830532316637065],[-43.420850009520223,-22.830323605573891],[-43.420639529490593,-22.829607267685244],[-43.420604154657894,-22.829511756086653],[-43.420519255059446,-22.829375563655312],[-43.420423743460901,-22.829258826257814],[-43.419928497601973,-22.828650381833651],[-43.419634886940344,-22.828303709372676],[-43.419442094776741,-22.828117992175645],[-43.419367808077766,-22.828018942644121],[-43.41925460861318,-22.827870368346854],[-43.419166171981146,-22.827762475781654],[-43.419102497282324,-22.827716488948809],[-43.418962767817327,-22.827626283350313],[-43.418828343453193,-22.827442334220354],[-43.417857307668498,-22.826200681640209],[-43.417676896471448,-22.825977820643967],[-43.417655671571879,-22.825896458978495],[-43.417636215638709,-22.825846934212731],[-43.417565465973382,-22.825818634346554],[-43.417517710174081,-22.825792103446869],[-43.417480566374934,-22.825739041647527],[-43.41741335464247,-22.82558869928312],[-43.417195799646322,-22.824974947060259],[-43.417117975913754,-22.824725555164346],[-43.41711266901433,-22.824576981766402],[-43.417123281913803,-22.824226772271839],[-43.417082601081063,-22.824088810874049],[-43.417004776449176,-22.823949080509799],[-43.416686403854335,-22.823636013914996],[-43.41635918732652,-22.823298185387031],[-43.416191157995392,-22.823093012256841],[-43.41592054119991,-22.822728651929896],[-43.415756048902438,-22.82239082340195],[-43.415665843303891,-22.82218741923813],[-43.415427063408117,-22.821695710412857],[-43.415280258976679,-22.821522374182383],[-43.415138759645906,-22.821423324650862],[-43.414647050820633,-22.821172164687813],[-43.414341059192395,-22.821046584256624],[-43.414153573928161,-22.820988215557854],[-43.413914794032401,-22.820981140591357],[-43.413688396002556,-22.820997059490878],[-43.413515059772067,-22.82100236549093],[-43.41334702954169,-22.820993522457293],[-43.413189612210715,-22.82095107265803],[-43.412991514047008,-22.820860867059537],[-43.412795183950429,-22.820784811394105],[-43.412630691652964,-22.820735286628352],[-43.412365380857516,-22.820699911795657],[-43.412080615028223,-22.820662767996517],[-43.411887822864621,-22.820599094197014],[-43.411723329667836,-22.820530113498151],[-43.411325364373965,-22.820346164368182],[-43.411106041310632,-22.820261265669068],[-43.410902636247563,-22.820209971936841],[-43.410785899749328,-22.820194053037334],[-43.410658550351684,-22.820197590970242],[-43.410469296120993,-22.820220583937004],[-43.410066023927754,-22.820282489669367],[-43.409740917209433,-22.820340837683727],[-43.409533979609364,-22.820398881727233],[-43.409402751435714,-22.820439259488413],[-43.409253857879094,-22.820527586403177],[-43.408867743851211,-22.820739570099253],[-43.408541852924031,-22.820891354976254]]},"properties":{"objectid":205418,"nome":"Rio Pavuna","geometriaa":"Não","tipotrecho":"Curso dágua","navegavel":"Desconhecido","larguramed":0,"regime":"Permanente","encoberto":"Não","codmun":"330455","municn":"Rio de Janeiro","reggov":"Região Metropolitana","rh":"RH-V","nome_rh":"Baia de Guanabara","id_rh":5,"Shape__Length":0.024810191625824089}},{"type":"Feature","id":205584,"geometry":{"type":"LineString","coordinates":[[-43.320057730379865,-22.827741392075616],[-43.320870975614923,-22.827080428143262],[-43.321418539533852,-22.826623585134413],[-43.321684220849995,-22.826409744338299],[-43.321794381505349,-22.826364383433596],[-43.32211704206771,-22.82632564873375],[-43.324167356038515,-22.826062579048809],[-43.324262962065916,-22.825988357101032],[-43.324332698195356,-22.825870605268282],[-43.324719286165987,-22.825145695041858],[-43.325146213227015,-22.824611128125156],[-43.326790225188631,-22.822882815513662],[-43.327361262312301,-22.82222548933899],[-43.327544002753427,-22.821988178935467],[-43.327615673324544,-22.821759545190993],[-43.327733336124425,-22.821410560573092],[-43.327856609794594,-22.821056667455423],[-43.32795306298334,-22.820705201607964],[-43.328001474388437,-22.820594087671179],[-43.328126762539966,-22.820250691440453],[-43.328263200486219,-22.819903618781172],[-43.3284120697611,-22.819567604185778],[-43.328549762261616,-22.819229395244616],[-43.328664839510623,-22.818884265120968],[-43.328739806097069,-22.818744439428588],[-43.328787439588552,-22.81838568817318],[-43.328795258294406,-22.818215988801057],[-43.32860024390601,-22.817895150265215],[-43.32834333817442,-22.817616830776352],[-43.328335753292265,-22.817599773335157],[-43.328206169978671,-22.817369659306593],[-43.328017642400141,-22.817052410864314],[-43.327810877469922,-22.816744813946269],[-43.327610370921775,-22.816427349666743],[-43.327405845303417,-22.816112009585868],[-43.327161027359409,-22.815809521716343],[-43.326995552102915,-22.815479600027807],[-43.326804576569828,-22.815163768917127],[-43.326602525885733,-22.814853420972916],[-43.326565151860166,-22.814778884262445],[-43.324640653043559,-22.810887188617244],[-43.324401336252556,-22.810351305093054],[-43.324317529330415,-22.810122933950666],[-43.324236792693682,-22.809786947234247],[-43.323979706198372,-22.808458411151214],[-43.323923030023707,-22.808114639003872],[-43.323951793940012,-22.807801838608452],[-43.324034813056073,-22.807568990640867],[-43.324553584280352,-22.806831739917342],[-43.327517587866282,-22.802615007701064],[-43.327517720965943,-22.802614818843395]]},"properties":{"objectid":205584,"nome":"Rio dos Cachorros","geometriaa":"Não","tipotrecho":"Curso dágua","navegavel":"Desconhecido","larguramed":0,"regime":"Permanente","encoberto":"Não","codmun":"330455","municn":"Rio de Janeiro","reggov":"Região Metropolitana","rh":"RH-V","nome_rh":"Baia de Guanabara","id_rh":5,"Shape__Length":0.031871333541553741}},{"type":"Feature","id":205700,"geometry":{"type":"LineString","coordinates":[[-43.332372563542833,-22.814076246645797],[-43.33237274520593,-22.814077687359699],[-43.333122483016041,-22.820028496841832],[-43.333657740612125,-22.824404177934564],[-43.333718741626512,-22.825002880002973],[-43.333907074052092,-22.826254362173117],[-43.333943736713927,-22.826766078215968],[-43.334159261040952,-22.828492817913229],[-43.334385698640972,-22.830373749073214],[-43.334676687778831,-22.832729439535935],[-43.334728883531056,-22.833168513739793],[-43.335060115531803,-22.833794214355397],[-43.335095387841761,-22.833996754270675],[-43.335109348017845,-22.83414663348422],[-43.335134024515533,-22.834328594213137],[-43.335165601511164,-22.834640131960413],[-43.335187357910115,-22.834893948520762],[-43.33519684755634,-22.834922766396428],[-43.335179361138508,-22.835028082403955],[-43.335204210305967,-22.835087602234939],[-43.335241556452551,-22.835170957697361],[-43.335282971132067,-22.835241646208836],[-43.335507622678506,-22.835511349293199],[-43.335587292719254,-22.835601629535407],[-43.335619468663424,-22.835647752165869],[-43.335637178113188,-22.835697697814336],[-43.335654726584259,-22.835792977387836],[-43.335683537265311,-22.836099699265553],[-43.335720502998697,-22.836360810227045],[-43.335741712609831,-22.836475454002812],[-43.335891304040331,-22.836689064572496],[-43.335971906678026,-22.836799091228869],[-43.336049070308199,-22.836903482733334],[-43.336095862933632,-22.836973600175295],[-43.336102756237096,-22.836999591481771],[-43.336105085481158,-22.837008375160192],[-43.33613321177819,-22.837187211644306],[-43.336137729972165,-22.837216248055224]]},"properties":{"objectid":205700,"nome":"Rio dos Cachorros","geometriaa":"Não","tipotrecho":"Curso dágua","navegavel":"Desconhecido","larguramed":0,"regime":"Permanente","encoberto":"Não","codmun":"330455","municn":"Rio de Janeiro","reggov":"Região Metropolitana","rh":"RH-V","nome_rh":"Baia de Guanabara","id_rh":5,"Shape__Length":0.023652456161575075}},{"type":"Feature","id":207974,"geometry":{"type":"LineString","coordinates":[[-43.395288770560164,-22.815352744357956],[-43.39443298469439,-22.815103949611874]]},"properties":{"objectid":207974,"nome":"Rio Pavuna","geometriaa":"Não","tipotrecho":"Curso dágua","navegavel":"Desconhecido","larguramed":0,"regime":"Permanente","encoberto":"Não","codmun":"330320","municn":"Nilópolis","reggov":"Região Metropolitana","rh":"RH-V","nome_rh":"Baia de Guanabara","id_rh":5,"Shape__Length":0.00089121729888017238}},{"type":"Feature","id":207975,"geometry":{"type":"LineString","coordinates":[[-43.408541852924031,-22.820891354976254],[-43.408499294306864,-22.820911176933457],[-43.408220089885106,-22.82104577936343],[-43.408048968684852,-22.82112017937698],[-43.407903887354394,-22.821170400217959],[-43.407803446571677,-22.821183419703221],[-43.407686265808429,-22.821179700107283],[-43.407570944843087,-22.821127619468253],[-43.407384943460279,-22.820989978229083],[-43.407266437096268,-22.820917966814875],[-43.40703075176765,-22.820784175573419],[-43.406323049169259,-22.820473178318718],[-43.405921446117702,-22.820279723354716],[-43.405705952367668,-22.820145039985807],[-43.405240680912577,-22.819865876932877],[-43.405034981678959,-22.819736090372455],[-43.404626032964927,-22.819554879678194],[-43.404447271124532,-22.819464273881326],[-43.404234225329105,-22.819307550827016],[-43.40405546348871,-22.819209599367731],[-43.403884047310846,-22.819111647009127],[-43.403688143492893,-22.818974514786227],[-43.403440815541103,-22.81876881555262],[-43.403333067766766,-22.818710044856907],[-43.402654751415525,-22.818354969130777],[-43.402559247910851,-22.818325583782901],[-43.402473540721189,-22.818325583782901],[-43.402365792946846,-22.818283954165398],[-43.401976434164965,-22.818078254931791],[-43.400857333998665,-22.81748809462411],[-43.400526746811806,-22.817353411255191],[-43.400054128794864,-22.817164853999067],[-43.39922398709723,-22.816839163620759],[-43.399035429841092,-22.816777944071109],[-43.398638724497403,-22.816662850634298],[-43.398335073804503,-22.816560000567833],[-43.398065706167301,-22.816466946816423],[-43.397370247838523,-22.816168193831349],[-43.396951502809486,-22.815986982237742],[-43.396101770280374,-22.815661292758769],[-43.395614460039155,-22.815470286648701],[-43.395288770560164,-22.815352744357956]]},"properties":{"objectid":207975,"nome":"Rio Pavuna","geometriaa":"Não","tipotrecho":"Curso dágua","navegavel":"Desconhecido","larguramed":0,"regime":"Permanente","encoberto":"Não","codmun":"330320","municn":"Nilópolis","reggov":"Região Metropolitana","rh":"RH-V","nome_rh":"Baia de Guanabara","id_rh":5,"Shape__Length":0.014678507943574403}},{"type":"Feature","id":207976,"geometry":{"type":"LineString","coordinates":[[-43.408541852924031,-22.820891354976254],[-43.408499294306864,-22.820911176933457],[-43.408220089885106,-22.82104577936343],[-43.408048968684852,-22.82112017937698],[-43.407903887354394,-22.821170400217959],[-43.407803446571677,-22.821183419703221],[-43.407686265808429,-22.821179700107283],[-43.407570944843087,-22.821127619468253],[-43.407384943460279,-22.820989978229083],[-43.407266437096268,-22.820917966814875],[-43.40703075176765,-22.820784175573419],[-43.406323049169259,-22.820473178318718],[-43.405921446117702,-22.820279723354716],[-43.405705952367668,-22.820145039985807],[-43.405240680912577,-22.819865876932877],[-43.405034981678959,-22.819736090372455],[-43.404626032964927,-22.819554879678194],[-43.404447271124532,-22.819464273881326],[-43.404234225329105,-22.819307550827016],[-43.40405546348871,-22.819209599367731],[-43.403884047310846,-22.819111647009127],[-43.403688143492893,-22.818974514786227],[-43.403440815541103,-22.81876881555262],[-43.403333067766766,-22.818710044856907],[-43.402654751415525,-22.818354969130777],[-43.402559247910851,-22.818325583782901],[-43.402473540721189,-22.818325583782901],[-43.402365792946846,-22.818283954165398],[-43.401976434164965,-22.818078254931791],[-43.400857333998665,-22.81748809462411],[-43.400526746811806,-22.817353411255191],[-43.400054128794864,-22.817164853999067],[-43.39922398709723,-22.816839163620759],[-43.399035429841092,-22.816777944071109],[-43.398638724497403,-22.816662850634298],[-43.398335073804503,-22.816560000567833],[-43.398065706167301,-22.816466946816423],[-43.397370247838523,-22.816168193831349],[-43.396951502809486,-22.815986982237742],[-43.396101770280374,-22.815661292758769],[-43.395614460039155,-22.815470286648701],[-43.395288770560164,-22.815352744357956]]},"properties":{"objectid":207976,"nome":"Rio Pavuna","geometriaa":"Não","tipotrecho":"Curso dágua","navegavel":"Desconhecido","larguramed":0,"regime":"Permanente","encoberto":"Não","codmun":"330455","municn":"Rio de Janeiro","reggov":"Região Metropolitana","rh":"RH-V","nome_rh":"Baia de Guanabara","id_rh":5,"Shape__Length":0.014678507943574403}},{"type":"Feature","id":207977,"geometry":{"type":"LineString","coordinates":[[-43.376322837528789,-22.809265034678035],[-43.376161216766604,-22.808983423670544],[-43.375906542253006,-22.808662631000065],[-43.375688599649038,-22.808483868260399],[-43.375127824689237,-22.808109202602068],[-43.374564601774807,-22.807702702742027],[-43.374319721777631,-22.807577813889477],[-43.374148306499023,-22.807516593440507],[-43.373954851535082,-22.80748475923874],[-43.37339162772134,-22.807413744273358],[-43.372465982518975,-22.807242328994764],[-43.372314157172468,-22.807186006253659],[-43.372164780679945,-22.807070912816844],[-43.371665226169107,-22.806647270979273],[-43.371496788545812,-22.806488404840533],[-43.371435306394169,-22.806437281979527],[-43.371234233273135,-22.806266615836186],[-43.370707467975137,-22.805769001163014],[-43.370479269502539,-22.805572367095589],[-43.370292867022101,-22.805385874682887],[-43.37005622121751,-22.805312211214087],[-43.369453340898872,-22.805208640790696],[-43.369450375834049,-22.805208131774428],[-43.369414824734243,-22.805202023579067],[-43.368074882549649,-22.805087922094486],[-43.367330257385333,-22.804847134911917],[-43.366287438614279,-22.804421940844442],[-43.365537071278709,-22.804077460031333],[-43.365237025068559,-22.804048476680386],[-43.362627667332845,-22.804352006864161],[-43.361521387002306,-22.804479586488288]]},"properties":{"objectid":207977,"nome":"Rio Pavuna","geometriaa":"Não","tipotrecho":"Curso dágua","navegavel":"Desconhecido","larguramed":0,"regime":"Permanente","encoberto":"Não","codmun":"330510","municn":"São João de Meriti","reggov":"Região Metropolitana","rh":"RH-V","nome_rh":"Baia de Guanabara","id_rh":5,"Shape__Length":0.016437361804297786}},{"type":"Feature","id":207978,"geometry":{"type":"LineString","coordinates":[[-43.376322837528789,-22.809265034678035],[-43.376161216766604,-22.808983423670544],[-43.375906542253006,-22.808662631000065],[-43.375688599649038,-22.808483868260399],[-43.375127824689237,-22.808109202602068],[-43.374564601774807,-22.807702702742027],[-43.374319721777631,-22.807577813889477],[-43.374148306499023,-22.807516593440507],[-43.373954851535082,-22.80748475923874],[-43.37339162772134,-22.807413744273358],[-43.372465982518975,-22.807242328994764],[-43.372314157172468,-22.807186006253659],[-43.372164780679945,-22.807070912816844],[-43.371665226169107,-22.806647270979273],[-43.371496788545812,-22.806488404840533],[-43.371435306394169,-22.806437281979527],[-43.371234233273135,-22.806266615836186],[-43.370707467975137,-22.805769001163014],[-43.370479269502539,-22.805572367095589],[-43.370292867022101,-22.805385874682887],[-43.37005622121751,-22.805312211214087],[-43.369453340898872,-22.805208640790696],[-43.369450375834049,-22.805208131774428],[-43.369414824734243,-22.805202023579067],[-43.368074882549649,-22.805087922094486],[-43.367330257385333,-22.804847134911917],[-43.366287438614279,-22.804421940844442],[-43.365537071278709,-22.804077460031333],[-43.365237025068559,-22.804048476680386],[-43.362627667332845,-22.804352006864161],[-43.361521387002306,-22.804479586488288]]},"properties":{"objectid":207978,"nome":"Rio Pavuna","geometriaa":"Não","tipotrecho":"Curso dágua","navegavel":"Desconhecido","larguramed":0,"regime":"Permanente","encoberto":"Não","codmun":"330455","municn":"Rio de Janeiro","reggov":"Região Metropolitana","rh":"RH-V","nome_rh":"Baia de Guanabara","id_rh":5,"Shape__Length":0.016437361804297786}},{"type":"Feature","id":207979,"geometry":{"type":"LineString","coordinates":[[-43.376409059130651,-22.809758918064034],[-43.376401573173958,-22.809687381491901],[-43.376387660661919,-22.809622647391713],[-43.376322837528789,-22.809265034678035]]},"properties":{"objectid":207979,"nome":"Rio Pavuna","geometriaa":"Não","tipotrecho":"Curso dágua","navegavel":"Desconhecido","larguramed":0,"regime":"Permanente","encoberto":"Não","codmun":"330510","municn":"São João de Meriti","reggov":"Região Metropolitana","rh":"RH-V","nome_rh":"Baia de Guanabara","id_rh":5,"Shape__Length":0.00050157979267626039}},{"type":"Feature","id":208293,"geometry":{"type":"LineString","coordinates":[[-43.333726352588997,-22.756776858890593],[-43.333700003352362,-22.756832600669668]]},"properties":{"objectid":208293,"nome":" ","geometriaa":"Não","tipotrecho":"Curso dágua","navegavel":"Desconhecido","larguramed":0,"regime":"Permanente","encoberto":"Não","codmun":"330045","municn":"Belford Roxo","reggov":"Região Metropolitana","rh":"RH-V","nome_rh":"Baia de Guanabara","id_rh":5,"Shape__Length":6.1655723202590226e-05}},{"type":"Feature","id":208457,"geometry":{"type":"LineString","coordinates":[[-43.319992982789813,-22.753362558461021],[-43.319919373280356,-22.753509552649469]]},"properties":{"objectid":208457,"nome":" ","geometriaa":"Não","tipotrecho":"Curso dágua","navegavel":"Desconhecido","larguramed":0,"regime":"Permanente","encoberto":"Não","codmun":"330170","municn":"Duque de Caxias","reggov":"Região Metropolitana","rh":"RH-V","nome_rh":"Baia de Guanabara","id_rh":5,"Shape__Length":0.00016439480319373423}},{"type":"Feature","id":208459,"geometry":{"type":"LineString","coordinates":[[-43.319919373280356,-22.753509552649469],[-43.320720181790819,-22.753692776026543],[-43.321502128820043,-22.753923179636729],[-43.322191913326037,-22.754259871421652],[-43.323904589425126,-22.754714560554238],[-43.325610326355331,-22.755061899412848],[-43.326301807882039,-22.755260685557889],[-43.327340199290632,-22.75546310316534],[-43.329449635592084,-22.755902359931628]]},"properties":{"objectid":208459,"nome":"Canal de Sarapuí","geometriaa":"Não","tipotrecho":"Curso dágua","navegavel":"Desconhecido","larguramed":0,"regime":"Permanente","encoberto":"Não","codmun":"330170","municn":"Duque de Caxias","reggov":"Região Metropolitana","rh":"RH-V","nome_rh":"Baia de Guanabara","id_rh":5,"Shape__Length":0.0098491135313337648}},{"type":"Feature","id":208460,"geometry":{"type":"LineString","coordinates":[[-43.329449873912445,-22.755902409394334],[-43.329935774915953,-22.756003590319111],[-43.332332487054494,-22.756595589740364],[-43.333346864765872,-22.756736427170047],[-43.333697063468598,-22.756831447738758],[-43.333700003352362,-22.756832600669668]]},"properties":{"objectid":208460,"nome":"Canal de Sarapuí","geometriaa":"Não","tipotrecho":"Curso dágua","navegavel":"Desconhecido","larguramed":0,"regime":"Permanente","encoberto":"Não","codmun":"330510","municn":"São João de Meriti","reggov":"Região Metropolitana","rh":"RH-V","nome_rh":"Baia de Guanabara","id_rh":5,"Shape__Length":0.0043551937752414087}},{"type":"Feature","id":208461,"geometry":{"type":"LineString","coordinates":[[-43.329449873912445,-22.755902409394334],[-43.329935774915953,-22.756003590319111],[-43.332332487054494,-22.756595589740364],[-43.333346864765872,-22.756736427170047],[-43.333697063468598,-22.756831447738758],[-43.333700003352362,-22.756832600669668]]},"properties":{"objectid":208461,"nome":"Canal de Sarapuí","geometriaa":"Não","tipotrecho":"Curso dágua","navegavel":"Desconhecido","larguramed":0,"regime":"Permanente","encoberto":"Não","codmun":"330045","municn":"Belford Roxo","reggov":"Região Metropolitana","rh":"RH-V","nome_rh":"Baia de Guanabara","id_rh":5,"Shape__Length":0.0043551937752414087}},{"type":"Feature","id":208462,"geometry":{"type":"LineString","coordinates":[[-43.329449635592084,-22.755902359931628],[-43.329449873912445,-22.755902409394334]]},"properties":{"objectid":208462,"nome":"Canal de Sarapuí","geometriaa":"Não","tipotrecho":"Curso dágua","navegavel":"Desconhecido","larguramed":0,"regime":"Permanente","encoberto":"Não","codmun":"330510","municn":"São João de Meriti","reggov":"Região Metropolitana","rh":"RH-V","nome_rh":"Baia de Guanabara","id_rh":5,"Shape__Length":2.4339914840101637e-07}},{"type":"Feature","id":208463,"geometry":{"type":"LineString","coordinates":[[-43.329449635592084,-22.755902359931628],[-43.329449873912445,-22.755902409394334]]},"properties":{"objectid":208463,"nome":"Canal de Sarapuí","geometriaa":"Não","tipotrecho":"Curso dágua","navegavel":"Desconhecido","larguramed":0,"regime":"Permanente","encoberto":"Não","codmun":"330170","municn":"Duque de Caxias","reggov":"Região Metropolitana","rh":"RH-V","nome_rh":"Baia de Guanabara","id_rh":5,"Shape__Length":2.4339914840101637e-07}},{"type":"Feature","id":208464,"geometry":{"type":"LineString","coordinates":[[-43.338743726042026,-22.758061905558147],[-43.34060518687977,-22.758351988179321],[-43.342450979728824,-22.75873891429508],[-43.344305784684082,-22.759064619961862],[-43.346843969173733,-22.75958125979291],[-43.349366760867213,-22.76000576138237],[-43.350404973310731,-22.760252190911476]]},"properties":{"objectid":208464,"nome":"Canal de Sarapuí","geometriaa":"Não","tipotrecho":"Curso dágua","navegavel":"Desconhecido","larguramed":0,"regime":"Permanente","encoberto":"Não","codmun":"330510","municn":"São João de Meriti","reggov":"Região Metropolitana","rh":"RH-V","nome_rh":"Baia de Guanabara","id_rh":5,"Shape__Length":0.011868570760075298}},{"type":"Feature","id":208465,"geometry":{"type":"LineString","coordinates":[[-43.338743726042026,-22.758061905558147],[-43.34060518687977,-22.758351988179321],[-43.342450979728824,-22.75873891429508],[-43.344305784684082,-22.759064619961862],[-43.346843969173733,-22.75958125979291],[-43.349366760867213,-22.76000576138237],[-43.350404973310731,-22.760252190911476]]},"properties":{"objectid":208465,"nome":"Canal de Sarapuí","geometriaa":"Não","tipotrecho":"Curso dágua","navegavel":"Desconhecido","larguramed":0,"regime":"Permanente","encoberto":"Não","codmun":"330045","municn":"Belford Roxo","reggov":"Região Metropolitana","rh":"RH-V","nome_rh":"Baia de Guanabara","id_rh":5,"Shape__Length":0.011868570760075298}},{"type":"Feature","id":208466,"geometry":{"type":"LineString","coordinates":[[-43.350440679093929,-22.760134381522075],[-43.350404973310731,-22.760252190911476]]},"properties":{"objectid":208466,"nome":" ","geometriaa":"Não","tipotrecho":"Curso dágua","navegavel":"Desconhecido","larguramed":0,"regime":"Permanente","encoberto":"Não","codmun":"330045","municn":"Belford Roxo","reggov":"Região Metropolitana","rh":"RH-V","nome_rh":"Baia de Guanabara","id_rh":5,"Shape__Length":0.00012310140203288872}},{"type":"Feature","id":208471,"geometry":{"type":"LineString","coordinates":[[-43.370263912449502,-22.763923597621446],[-43.370263551821324,-22.763924385427519],[-43.370227331625927,-22.764003473606923]]},"properties":{"objectid":208471,"nome":" ","geometriaa":"Não","tipotrecho":"Curso dágua","navegavel":"Desconhecido","larguramed":0,"regime":"Permanente","encoberto":"Não","codmun":"330045","municn":"Belford Roxo","reggov":"Região Metropolitana","rh":"RH-V","nome_rh":"Baia de Guanabara","id_rh":5,"Shape__Length":8.7854025014881282e-05}},{"type":"Feature","id":208660,"geometry":{"type":"LineString","coordinates":[[-43.376339260048667,-22.809677309984327],[-43.376361949044615,-22.809678247977192],[-43.376389586110406,-22.809704518073456]]},"properties":{"objectid":208660,"nome":" ","geometriaa":"Não","tipotrecho":"Curso dágua","navegavel":"Desconhecido","larguramed":0,"regime":"Permanente","encoberto":"Não","codmun":"330455","municn":"Rio de Janeiro","reggov":"Região Metropolitana","rh":"RH-V","nome_rh":"Baia de Guanabara","id_rh":5,"Shape__Length":6.0838749811602973e-05}},{"type":"Feature","id":208661,"geometry":{"type":"LineString","coordinates":[[-43.376389586110406,-22.809704518073456],[-43.376390079838195,-22.809704987519616],[-43.376409059130651,-22.809758918064034]]},"properties":{"objectid":208661,"nome":" ","geometriaa":"Não","tipotrecho":"Curso dágua","navegavel":"Desconhecido","larguramed":0,"regime":"Permanente","encoberto":"Não","codmun":"330510","municn":"São João de Meriti","reggov":"Região Metropolitana","rh":"RH-V","nome_rh":"Baia de Guanabara","id_rh":5,"Shape__Length":5.7853979195575565e-05}},{"type":"Feature","id":208664,"geometry":{"type":"LineString","coordinates":[[-43.371920366531583,-22.767530526537985],[-43.371990807729439,-22.767547026399569],[-43.373483181403572,-22.769071526555081],[-43.373899527041431,-22.769308139984044],[-43.374416057155202,-22.769530691613497],[-43.375041091373127,-22.770253769021597],[-43.37503383564291,-22.770422396401813],[-43.374951844451914,-22.771663615508761],[-43.375478154692985,-22.7725498713048]]},"properties":{"objectid":208664,"nome":" ","geometriaa":"Não","tipotrecho":"Curso dágua","navegavel":"Desconhecido","larguramed":0,"regime":"Permanente","encoberto":"Não","codmun":"330510","municn":"São João de Meriti","reggov":"Região Metropolitana","rh":"RH-V","nome_rh":"Baia de Guanabara","id_rh":5,"Shape__Length":0.006646276082504521}},{"type":"Feature","id":208665,"geometry":{"type":"LineString","coordinates":[[-43.371920366531583,-22.767530526537985],[-43.371223906358068,-22.771042559891562],[-43.37123696091691,-22.77141965282005],[-43.371444483076289,-22.771757006505926],[-43.374673243475286,-22.774744822340931],[-43.375472101356252,-22.777074237311396]]},"properties":{"objectid":208665,"nome":" ","geometriaa":"Não","tipotrecho":"Curso dágua","navegavel":"Desconhecido","larguramed":0,"regime":"Permanente","encoberto":"Não","codmun":"330510","municn":"São João de Meriti","reggov":"Região Metropolitana","rh":"RH-V","nome_rh":"Baia de Guanabara","id_rh":5,"Shape__Length":0.0112154879731289}},{"type":"Feature","id":208666,"geometry":{"type":"LineString","coordinates":[[-43.375472101356252,-22.777074237311396],[-43.375523193640333,-22.777037544072577],[-43.376915292007027,-22.777409615186777],[-43.37999096441137,-22.778215204493243],[-43.380463492496062,-22.778349057787938],[-43.380614156817785,-22.77845652227581],[-43.381300817978229,-22.779542532786802],[-43.381608264709548,-22.779965690789126],[-43.38183687147432,-22.78029403416744],[-43.382121872026623,-22.780836898229392]]},"properties":{"objectid":208666,"nome":" ","geometriaa":"Não","tipotrecho":"Curso dágua","navegavel":"Desconhecido","larguramed":0,"regime":"Permanente","encoberto":"Não","codmun":"330510","municn":"São João de Meriti","reggov":"Região Metropolitana","rh":"RH-V","nome_rh":"Baia de Guanabara","id_rh":5,"Shape__Length":0.0081806273505177583}},{"type":"Feature","id":208667,"geometry":{"type":"LineString","coordinates":[[-43.370798019812639,-22.764143391929508],[-43.371187651988407,-22.764183944159178],[-43.371571460154655,-22.764108025190694],[-43.371961485334168,-22.764074433713631],[-43.372353033065899,-22.764109584615134],[-43.372572634919038,-22.764160961984324]]},"properties":{"objectid":208667,"nome":"Canal de Sarapuí","geometriaa":"Não","tipotrecho":"Curso dágua","navegavel":"Desconhecido","larguramed":0,"regime":"Permanente","encoberto":"Não","codmun":"330510","municn":"São João de Meriti","reggov":"Região Metropolitana","rh":"RH-V","nome_rh":"Baia de Guanabara","id_rh":5,"Shape__Length":0.0017931047578722151}},{"type":"Feature","id":208668,"geometry":{"type":"LineString","coordinates":[[-43.370798019812639,-22.764143391929508],[-43.371187651988407,-22.764183944159178],[-43.371571460154655,-22.764108025190694],[-43.371961485334168,-22.764074433713631],[-43.372353033065899,-22.764109584615134],[-43.372572634919038,-22.764160961984324]]},"properties":{"objectid":208668,"nome":"Canal de Sarapuí","geometriaa":"Não","tipotrecho":"Curso dágua","navegavel":"Desconhecido","larguramed":0,"regime":"Permanente","encoberto":"Não","codmun":"330045","municn":"Belford Roxo","reggov":"Região Metropolitana","rh":"RH-V","nome_rh":"Baia de Guanabara","id_rh":5,"Shape__Length":0.0017931047578722151}},{"type":"Feature","id":208669,"geometry":{"type":"LineString","coordinates":[[-43.372572634919038,-22.764160961984324],[-43.372746146517336,-22.764201555582815],[-43.373148368302452,-22.764231755716423],[-43.373539198375177,-22.764302839929595],[-43.373880680848629,-22.764486941944305],[-43.374249450551581,-22.764603678442462],[-43.374626722445157,-22.764701443742108],[-43.375011724911076,-22.76479612706509],[-43.375391675884998,-22.764881545572322],[-43.375780001345838,-22.76496713944741],[-43.376171391696232,-22.76503235288622],[-43.376561807181531,-22.765089427460609],[-43.376954404422122,-22.765159708579162],[-43.377340792743269,-22.765236338012055],[-43.377733993428933,-22.765313306489389],[-43.378132174560101,-22.765356186164489],[-43.378527545309851,-22.765414390287361],[-43.378916695448986,-22.765512899326286],[-43.37930997707366,-22.765583181344219],[-43.379682563499387,-22.765690732167023],[-43.380062578325244,-22.765779572594646],[-43.380440293584563,-22.765889973368996],[-43.380836958458751,-22.765921272474227],[-43.381218107329687,-22.765831485060428],[-43.381611105667893,-22.765884689852005],[-43.382004383695232,-22.765947288961645],[-43.382388723360748,-22.766008081333336],[-43.382779932947415,-22.766072735393841],[-43.382956949203731,-22.766095175277556]]},"properties":{"objectid":208669,"nome":"Canal de Sarapuí","geometriaa":"Não","tipotrecho":"Curso dágua","navegavel":"Desconhecido","larguramed":0,"regime":"Permanente","encoberto":"Não","codmun":"330510","municn":"São João de Meriti","reggov":"Região Metropolitana","rh":"RH-V","nome_rh":"Baia de Guanabara","id_rh":5,"Shape__Length":0.010632591751421016}},{"type":"Feature","id":208670,"geometry":{"type":"LineString","coordinates":[[-43.372572634919038,-22.764160961984324],[-43.372746146517336,-22.764201555582815],[-43.373148368302452,-22.764231755716423],[-43.373539198375177,-22.764302839929595],[-43.373880680848629,-22.764486941944305],[-43.374249450551581,-22.764603678442462],[-43.374626722445157,-22.764701443742108],[-43.375011724911076,-22.76479612706509],[-43.375391675884998,-22.764881545572322],[-43.375780001345838,-22.76496713944741],[-43.376171391696232,-22.76503235288622],[-43.376561807181531,-22.765089427460609],[-43.376954404422122,-22.765159708579162],[-43.377340792743269,-22.765236338012055],[-43.377733993428933,-22.765313306489389],[-43.378132174560101,-22.765356186164489],[-43.378527545309851,-22.765414390287361],[-43.378916695448986,-22.765512899326286],[-43.37930997707366,-22.765583181344219],[-43.379682563499387,-22.765690732167023],[-43.380062578325244,-22.765779572594646],[-43.380440293584563,-22.765889973368996],[-43.380836958458751,-22.765921272474227],[-43.381218107329687,-22.765831485060428],[-43.381611105667893,-22.765884689852005],[-43.382004383695232,-22.765947288961645],[-43.382388723360748,-22.766008081333336],[-43.382779932947415,-22.766072735393841],[-43.382956949203731,-22.766095175277556]]},"properties":{"objectid":208670,"nome":"Canal de Sarapuí","geometriaa":"Não","tipotrecho":"Curso dágua","navegavel":"Desconhecido","larguramed":0,"regime":"Permanente","encoberto":"Não","codmun":"330045","municn":"Belford Roxo","reggov":"Região Metropolitana","rh":"RH-V","nome_rh":"Baia de Guanabara","id_rh":5,"Shape__Length":0.010632591751421016}},{"type":"Feature","id":211912,"geometry":{"type":"LineString","coordinates":[[-43.370595509574976,-22.746617096327842],[-43.372021597818389,-22.745670327849243],[-43.372754714358457,-22.746021477135372],[-43.372853771983891,-22.746100876480185],[-43.372959492686334,-22.746242659097348],[-43.373161779892087,-22.746583749466371],[-43.373215305741667,-22.746643719857673],[-43.373306881007636,-22.7467383959861],[-43.373573261996341,-22.747036518546395],[-43.37379232965219,-22.747342196311173],[-43.374023633483773,-22.747634270930728],[-43.374261682230717,-22.747973647191909],[-43.374486484863269,-22.748288684201299],[-43.374563127786018,-22.748394677398288],[-43.374644166594912,-22.748515888023643],[-43.374733966599138,-22.748637367546291],[-43.374787711883293,-22.748711790042947],[-43.374855259062826,-22.748796557441],[-43.374875109798381,-22.748929336945199],[-43.374897580259017,-22.749301649976992],[-43.374902344867223,-22.749664480557147],[-43.374911643857153,-22.750000033800333],[-43.374939211675155,-22.750433136505855],[-43.375110945313736,-22.753119487899792],[-43.37512595320004,-22.753332505816246],[-43.373684554898141,-22.756453991484204],[-43.370263912449502,-22.763923597621446]]},"properties":{"objectid":211912,"nome":" ","geometriaa":"Não","tipotrecho":"Curso dágua","navegavel":"Desconhecido","larguramed":0,"regime":"Temporário","encoberto":"Não","codmun":"330045","municn":"Belford Roxo","reggov":"Região Metropolitana","rh":"RH-V","nome_rh":"Baia de Guanabara","id_rh":5,"Shape__Length":0.022213907694548448}},{"type":"Feature","id":211913,"geometry":{"type":"LineString","coordinates":[[-43.341672197413857,-22.743381707026138],[-43.341613319698808,-22.743451899111815],[-43.341591342966019,-22.74361097928923],[-43.341561737284223,-22.743877720006719],[-43.34146782827753,-22.744091413314052],[-43.341216106238221,-22.744408319114598],[-43.341188144517155,-22.744433947994249],[-43.34107868083634,-22.744605213985373],[-43.340953416966499,-22.744923793424274],[-43.340929324128865,-22.745120871756789],[-43.340787953401218,-22.745313841986142],[-43.340683758848286,-22.745443710384823],[-43.340673391463724,-22.745576539351735],[-43.340801383876617,-22.745798136800452],[-43.340829934653641,-22.745852800292397],[-43.340875787487505,-22.7459824204782],[-43.340971815296939,-22.746077341222215],[-43.341015863191387,-22.746162962076951],[-43.341182119958773,-22.74627188706382],[-43.341212380346974,-22.746281684278205],[-43.341300089427477,-22.746307520901283],[-43.341374957987796,-22.746364652132865],[-43.341422145415549,-22.746496724769958],[-43.341487982983885,-22.746640641478276],[-43.341563223863545,-22.746787906362677],[-43.341788575981866,-22.747083123213425],[-43.341846404188061,-22.747140348873863],[-43.341919126066671,-22.747214074395906],[-43.34207480680675,-22.747368406152916],[-43.342171900312849,-22.747480044394418],[-43.342278097655935,-22.747555382400872],[-43.342387103581871,-22.747656216187281],[-43.342420631207055,-22.747823007151954],[-43.342415389958155,-22.74784589130072],[-43.342389848312727,-22.747953366580454],[-43.342432951019767,-22.748036719344974],[-43.342554901787196,-22.748081514576118],[-43.342685506730625,-22.748095061963369],[-43.342719059536876,-22.748106428494705],[-43.342730196741059,-22.748119457872541],[-43.342804191160383,-22.748257317646924]]},"properties":{"objectid":211913,"nome":" ","geometriaa":"Não","tipotrecho":"Curso dágua","navegavel":"Desconhecido","larguramed":0,"regime":"Temporário","encoberto":"Não","codmun":"330045","municn":"Belford Roxo","reggov":"Região Metropolitana","rh":"RH-V","nome_rh":"Baia de Guanabara","id_rh":5,"Shape__Length":0.0061164997274000439}},{"type":"Feature","id":212433,"geometry":{"type":"MultiLineString","coordinates":[[[-43.390154106626589,-22.770864387107132],[-43.390146528939049,-22.770855597133419],[-43.389511849492131,-22.770253745639167],[-43.389162786633165,-22.769920549519089]],[[-43.392313540737177,-22.773119938059967],[-43.392138109985694,-22.772956605887906],[-43.391383059880184,-22.772300040539719],[-43.390912521995176,-22.771785730852116],[-43.390420098208843,-22.771172937306538],[-43.390361570330072,-22.771105044787326]],[[-43.393855318667931,-22.774694376669387],[-43.393090129605696,-22.773842968703331],[-43.393009247278826,-22.7737676639718]],[[-43.395409226654351,-22.776022919047715],[-43.395048881800328,-22.775670408187995],[-43.394534573012038,-22.775364010965539],[-43.393941284862308,-22.774780449883099]],[[-43.397129211543756,-22.77761474874686],[-43.397007634894294,-22.77749784767272],[-43.396088443226972,-22.776622427807979],[-43.396059858275692,-22.776597926678168]]]},"properties":{"objectid":212433,"nome":"Canal de Sarapuí","geometriaa":"Não","tipotrecho":"Curso dágua","navegavel":"Desconhecido","larguramed":0,"regime":"Permanente","encoberto":"Não","codmun":"330045","municn":"Belford Roxo","reggov":"Região Metropolitana","rh":"RH-V","nome_rh":"Baia de Guanabara","id_rh":5,"Shape__Length":0.0088478154914293575}},{"type":"Feature","id":212434,"geometry":{"type":"MultiLineString","coordinates":[[[-43.398090209995075,-22.778513662500654],[-43.397861169757057,-22.778318554582778],[-43.397129211543756,-22.77761474874686]],[[-43.399022321322946,-22.779412529489765],[-43.398948849409749,-22.779336434254155]],[[-43.40046803547137,-22.780822956039696],[-43.40006631280999,-22.780474796100087]],[[-43.401531640272871,-22.781870903644396],[-43.401275308308698,-22.781557609521137],[-43.401231889040325,-22.781517406228435]],[[-43.40252332629035,-22.782685460990276],[-43.402522782200492,-22.782684712754335],[-43.402358640638624,-22.782553400044467],[-43.401986587510862,-22.78234548757926],[-43.401790159388213,-22.782155833150263]],[[-43.40313103596845,-22.78459639443308],[-43.402894836227581,-22.784205755915924],[-43.402752579667727,-22.783494476713781],[-43.402686923762417,-22.783111480635363],[-43.402610324007128,-22.782805083412896],[-43.402590908543459,-22.782778387038011]],[[-43.40372293106828,-22.785102647094476],[-43.403606114530419,-22.785026461926666],[-43.403199325987998,-22.784692686643194]],[[-43.406205844124308,-22.786262000915595],[-43.406177661170034,-22.786230164915139],[-43.406131533143594,-22.786196616605544]]]},"properties":{"objectid":212434,"nome":"Canal de Sarapuí","geometriaa":"Não","tipotrecho":"Curso dágua","navegavel":"Desconhecido","larguramed":0,"regime":"Permanente","encoberto":"Não","codmun":"330285","municn":"Mesquita","reggov":"Região Metropolitana","rh":"RH-V","nome_rh":"Baia de Guanabara","id_rh":5,"Shape__Length":0.0060125293806464752}},{"type":"Feature","id":212435,"geometry":{"type":"MultiLineString","coordinates":[[[-43.389162786633165,-22.769920549519089],[-43.388789627339293,-22.769564352338346],[-43.388176671016431,-22.769026359004613]],[[-43.390361570330072,-22.771105044787326],[-43.390154106626589,-22.770864387107132]],[[-43.393009247278826,-22.7737676639718],[-43.392313540737177,-22.773119938059967]],[[-43.393941284862308,-22.774780449883099],[-43.393867064713163,-22.774707446516668],[-43.393855318667931,-22.774694376669387]],[[-43.396059858275692,-22.776597926678168],[-43.395552248537349,-22.776162831974332],[-43.395409226654351,-22.776022919047715]],[[-43.398948849409749,-22.779336434254155],[-43.398452078300636,-22.778821921319768],[-43.398090209995075,-22.778513662500654]],[[-43.40006631280999,-22.780474796100087],[-43.399863693754355,-22.780299192678712],[-43.399064872745555,-22.77945660076664],[-43.399022321322946,-22.779412529489765]],[[-43.401231889040325,-22.781517406228435],[-43.400684399765112,-22.781010471880855],[-43.40046803547137,-22.780822956039696]],[[-43.401790159388213,-22.782155833150263],[-43.401669247337793,-22.782039090356804],[-43.401531640272871,-22.781870903644396]],[[-43.402590908543459,-22.782778387038011],[-43.40252332629035,-22.782685460990276]],[[-43.403199325987998,-22.784692686643194],[-43.403179347548758,-22.784676293800924],[-43.40313103596845,-22.78459639443308]],[[-43.406131533143594,-22.786196616605544],[-43.405936920752204,-22.786055080402612],[-43.405291298354598,-22.78573774112882],[-43.404492477345855,-22.785453228908377],[-43.403857797898915,-22.785190603488584],[-43.40372293106828,-22.785102647094476]],[[-43.406419843201093,-22.786503740480217],[-43.406205844124308,-22.786262000915595]]]},"properties":{"objectid":212435,"nome":"Canal de Sarapuí","geometriaa":"Não","tipotrecho":"Curso dágua","navegavel":"Desconhecido","larguramed":0,"regime":"Permanente","encoberto":"Não","codmun":"330510","municn":"São João de Meriti","reggov":"Região Metropolitana","rh":"RH-V","nome_rh":"Baia de Guanabara","id_rh":5,"Shape__Length":0.010901763914060513}},{"type":"Feature","id":212459,"geometry":{"type":"LineString","coordinates":[[-43.368332102144677,-22.777741023454634],[-43.367545744840122,-22.77709565376658],[-43.367086172388845,-22.77664409157677],[-43.366444070837076,-22.775908076521723],[-43.366308013304028,-22.775851051410111],[-43.365764286792285,-22.775981491777618],[-43.365560956372917,-22.776020591602222],[-43.365278892107085,-22.77596514030423],[-43.364881491587425,-22.775674873321996],[-43.364675662851425,-22.775474169822331],[-43.36446671706522,-22.774489262894402],[-43.36439245914454,-22.774346080932148],[-43.36433439441663,-22.774274320428777],[-43.364195694675452,-22.774153236607837],[-43.363964278428568,-22.773794865765698],[-43.364031205975273,-22.773453006476309],[-43.36335222412572,-22.772887470505651],[-43.36285248255593,-22.77253367361542],[-43.362545007046322,-22.771831813013076],[-43.361767624076492,-22.770576936801515],[-43.36172289449587,-22.770440739873571],[-43.361722273963672,-22.770443713931598],[-43.36164129181202,-22.768783959337625],[-43.36159844900908,-22.768603980714506],[-43.361540423851352,-22.768056010302047],[-43.361541178382538,-22.76769089004793],[-43.361516202410712,-22.767327582827122],[-43.361414135653717,-22.766977483049843],[-43.361356371299401,-22.766611672116436],[-43.361347425742963,-22.766243472583604],[-43.361328495913256,-22.765871286356251],[-43.361340456896471,-22.765505649891306],[-43.36130825936857,-22.765143623305018],[-43.36125459592273,-22.7647851697253],[-43.361240324581217,-22.764414386440237],[-43.361180813743424,-22.76405632406556],[-43.361144535092073,-22.7636936238871],[-43.361134567905872,-22.763329386767314],[-43.361111611811346,-22.762968267596957],[-43.361095729783983,-22.762936405516236],[-43.361000987105733,-22.762903010990687],[-43.360677920049852,-22.762980883286652],[-43.360300646357643,-22.762884620754139],[-43.3599255310383,-22.762787114459265],[-43.359540283956846,-22.76272255752551],[-43.35915739579707,-22.762648089163495],[-43.358771601927742,-22.762596709995687],[-43.358384547208971,-22.762528699665303],[-43.357997500584077,-22.762460056212131],[-43.357603655084517,-22.762398114506922],[-43.357234453706944,-22.762278627881912],[-43.356846794643729,-22.762228759575109],[-43.356453877244519,-22.762162581163736],[-43.356049343302466,-22.762098810237422],[-43.355669774540331,-22.761999532278139],[-43.355276077428925,-22.761949779084599],[-43.354882637523588,-22.761837984361019],[-43.354498147671279,-22.761743259669231],[-43.354114958238597,-22.761678168538207],[-43.353719231357324,-22.761611051234588],[-43.353328827563246,-22.761603502325332],[-43.352943800815638,-22.761504974400562],[-43.352553204566618,-22.761432398212165],[-43.352170793946868,-22.761343198055677],[-43.351775900737096,-22.761271659684894],[-43.351385706485075,-22.761214436722423],[-43.35099986225373,-22.761135494233216],[-43.350605214558868,-22.761076147072067],[-43.350369554411316,-22.760995231470325],[-43.35025864731859,-22.761002665266361],[-43.349867022245178,-22.760926820941588],[-43.349478490839545,-22.760844775791345],[-43.349086431393573,-22.760756552298599],[-43.348710871809146,-22.760656758128476],[-43.348456877183033,-22.760648187589336]]},"properties":{"objectid":212459,"nome":" ","geometriaa":"Não","tipotrecho":"Curso dágua","navegavel":"Desconhecido","larguramed":0,"regime":"Temporário","encoberto":"Não","codmun":"330510","municn":"São João de Meriti","reggov":"Região Metropolitana","rh":"RH-V","nome_rh":"Baia de Guanabara","id_rh":5,"Shape__Length":0.031181380653988098}},{"type":"Feature","id":213729,"geometry":{"type":"LineString","coordinates":[[-43.329975702116826,-22.740382021039505],[-43.329854871904672,-22.740334067389348],[-43.32972320576124,-22.740328536558749],[-43.329595118919478,-22.740372984651554],[-43.32954604561337,-22.740413201434109],[-43.329464111079744,-22.740457409407931],[-43.329340312205538,-22.740445458317293],[-43.329244684594414,-22.740414746469384],[-43.329211464537366,-22.740392272411487],[-43.329112547206194,-22.74032784048352],[-43.328994634394746,-22.740280187206888],[-43.328896081288974,-22.740241859000637],[-43.328754083733884,-22.740187878094137]]},"properties":{"objectid":213729,"nome":" ","geometriaa":"Não","tipotrecho":"Curso dágua","navegavel":"Desconhecido","larguramed":0,"regime":"Temporário","encoberto":"Não","codmun":"330045","municn":"Belford Roxo","reggov":"Região Metropolitana","rh":"RH-V","nome_rh":"Baia de Guanabara","id_rh":5,"Shape__Length":0.0013217135310632999}},{"type":"Feature","id":213730,"geometry":{"type":"LineString","coordinates":[[-43.328754083733884,-22.740187878094137],[-43.328736073011207,-22.740181031555419],[-43.328672174381211,-22.740175305571917],[-43.328534230969865,-22.74019761415461],[-43.328391287327925,-22.740166677476207],[-43.328250226866373,-22.740100990094653],[-43.328148582790732,-22.74002063477052],[-43.328063456563143,-22.739911100043287],[-43.327840264616384,-22.739601799809279],[-43.327769591393405,-22.739568729039661],[-43.32723602542211,-22.739380585471679],[-43.32706791425273,-22.739304170976776],[-43.326767350932357,-22.739283794137862],[-43.326645088100243,-22.739151341986897],[-43.326583956684146,-22.739029079154776],[-43.326578862024746,-22.738896627903117],[-43.326456599192561,-22.73857568774385],[-43.326405656195959,-22.738382105076163],[-43.32634452477987,-22.738234370745687],[-43.3262782996037,-22.738183427749082],[-43.326008557848532,-22.738043549896002]]},"properties":{"objectid":213730,"nome":" ","geometriaa":"Não","tipotrecho":"Curso dágua","navegavel":"Desconhecido","larguramed":0,"regime":"Temporário","encoberto":"Não","codmun":"330170","municn":"Duque de Caxias","reggov":"Região Metropolitana","rh":"RH-V","nome_rh":"Baia de Guanabara","id_rh":5,"Shape__Length":0.0038448397174714968}},{"type":"Feature","id":213731,"geometry":{"type":"LineString","coordinates":[[-43.326008557848532,-22.738043549896002],[-43.325760589579431,-22.738322177852321],[-43.32553401078588,-22.738619271588185],[-43.325267627099215,-22.738882894356163],[-43.325265144970324,-22.738886842379955],[-43.325024776871828,-22.73917277283125],[-43.324779052411202,-22.739458737456815],[-43.324531642621075,-22.739739084916881],[-43.324363488284234,-22.740067134216918],[-43.324344185235809,-22.740141075576197],[-43.324209841810614,-22.74063465678999],[-43.324104880135963,-22.741161959882575],[-43.324083040100106,-22.741300176687801],[-43.324061403311028,-22.74137382306948],[-43.32403108356754,-22.741512762929688],[-43.324018684614487,-22.741651259424099],[-43.324010059216732,-22.741775706709518],[-43.323983128118762,-22.742004088643789],[-43.323976251902366,-22.742072923652522],[-43.323962636166584,-22.742207342620752],[-43.323946651616552,-22.742344446065314],[-43.323866526518884,-22.742679198012571],[-43.323821291519266,-22.742875509223367],[-43.323797763455907,-22.743032311418041],[-43.323729273786846,-22.743482781830853],[-43.323682018010629,-22.743876579666349],[-43.323669580386699,-22.744002251828434],[-43.323664834664264,-22.744095943199177],[-43.323613347577805,-22.744421513068289],[-43.323506669097362,-22.744897501744269],[-43.323491092839568,-22.744961096403404],[-43.323450942606769,-22.745107609454568],[-43.323450909331882,-22.74524605468762],[-43.323484682471985,-22.745342860410613],[-43.32350049884883,-22.745379240685313],[-43.323480502423138,-22.745493995977061],[-43.323433075775711,-22.745678181628676],[-43.323407873174688,-22.745812570019979],[-43.323368301206017,-22.746023389094056],[-43.323334847325214,-22.746219552816026],[-43.323259047966587,-22.746781930367664],[-43.323144753127735,-22.747370997099708],[-43.323115592610414,-22.747534422801259],[-43.323061412953727,-22.747745360585768],[-43.32299085034736,-22.748038036851792],[-43.322947251214543,-22.748147937603076],[-43.322902682612614,-22.748241482384373],[-43.322760110390675,-22.748442730873155],[-43.322697826043736,-22.74855180424824],[-43.322589566555109,-22.748741943411815],[-43.322434311194399,-22.749016931811816],[-43.322232840573008,-22.74930498196516],[-43.322177854224492,-22.749406364338082],[-43.322101894786499,-22.749566679284666],[-43.321870738443693,-22.750011959709965],[-43.32186504663445,-22.750024590688138],[-43.321688909015847,-22.750358873189242],[-43.321489359346344,-22.750672679926055],[-43.321304180843129,-22.750997655343291],[-43.321117058005704,-22.751322249448052],[-43.320909205795083,-22.751637954653642],[-43.320758527983571,-22.751976025998538],[-43.32056651912945,-22.752293884181181],[-43.320362016893448,-22.752622087265298],[-43.320201198326515,-22.752953187965012],[-43.320031501652359,-22.753285639446428],[-43.319992982789813,-22.753362558461021]]},"properties":{"objectid":213731,"nome":" ","geometriaa":"Não","tipotrecho":"Curso dágua","navegavel":"Desconhecido","larguramed":0,"regime":"Permanente","encoberto":"Não","codmun":"330170","municn":"Duque de Caxias","reggov":"Região Metropolitana","rh":"RH-V","nome_rh":"Baia de Guanabara","id_rh":5,"Shape__Length":0.016861528562374422}},{"type":"Feature","id":213732,"geometry":{"type":"LineString","coordinates":[[-43.354177769588262,-22.740392242733868],[-43.354123991029269,-22.740549552146124],[-43.354098548309253,-22.740665882150751],[-43.35406759904032,-22.740770504781015],[-43.354020737167161,-22.740894922388769],[-43.35394871496112,-22.740957578155712],[-43.353792982060334,-22.740993904471139],[-43.353642756607819,-22.741041937261599],[-43.3535562760012,-22.741165494218215],[-43.353450873658808,-22.74129996444783],[-43.353299475490296,-22.741397023779601],[-43.353192872552881,-22.741461039321525],[-43.353047001617711,-22.741795582626033],[-43.353039215287424,-22.741844090258557],[-43.352999187362521,-22.741958734034377],[-43.35297227515025,-22.742002618252226],[-43.352938850947112,-22.742151106214575],[-43.352951441455737,-22.74227044625006],[-43.352932901032432,-22.742371404142983],[-43.352882135202265,-22.742463901214073],[-43.352780858050039,-22.742562740304187],[-43.35266582576714,-22.742647530185348],[-43.352551783637807,-22.742706501429879],[-43.352375909520504,-22.74274153452016],[-43.352234758227375,-22.74273086676207],[-43.352102496732698,-22.742669084236844],[-43.351758015020266,-22.742587862865591],[-43.351613145030512,-22.74258690958418],[-43.35149087230581,-22.742585286307907],[-43.351320507435325,-22.742574948600957],[-43.351148108298439,-22.742612454826922],[-43.350980293005989,-22.742706181271252],[-43.350884924399622,-22.742783044527847],[-43.350820004139727,-22.742870428053813],[-43.350792825728199,-22.742968857053057],[-43.350754247510395,-22.743343790709368],[-43.350717383400422,-22.743632676332897],[-43.350675688132348,-22.744007759276602],[-43.350659393316221,-22.744213409047529],[-43.350639184650497,-22.744347673332417],[-43.350625067093056,-22.744526072745998],[-43.350599857297482,-22.74473632704581],[-43.350555005409035,-22.745074078232037],[-43.350438226642723,-22.745455769394173],[-43.350408361056907,-22.745557310047754],[-43.349440733702806,-22.746309909500631],[-43.349225705801587,-22.746357693178897],[-43.348992758009274,-22.746483126121252],[-43.348258078447429,-22.747008751078909],[-43.348108753216259,-22.747217806582395],[-43.348084860927479,-22.747367131813572],[-43.348031103952167,-22.748036108705296],[-43.347948470645292,-22.748312599872428],[-43.347893745999443,-22.748563820989396],[-43.347840903634676,-22.748755726421468],[-43.347688634023143,-22.749110427130354],[-43.3476240618009,-22.749314132567008],[-43.347561851198357,-22.749483273460147],[-43.347473073723272,-22.749699823014222],[-43.347403906864713,-22.749864466397799],[-43.347353302912502,-22.750008429870942],[-43.3472970143456,-22.75014594250705],[-43.347086396719696,-22.750453709396965],[-43.346848669030756,-22.750740513989314],[-43.346827609606407,-22.750799359328784],[-43.346581309579676,-22.751086345584184],[-43.34636246135841,-22.751390052934379],[-43.346084581638024,-22.751647089067664],[-43.345781417478292,-22.751877041218222],[-43.345501718429432,-22.752139475981771],[-43.345237586645162,-22.752410832020065],[-43.344948659652808,-22.752655018639963],[-43.344663506215731,-22.752909176942726],[-43.344394587340211,-22.753181656234201],[-43.344174416216219,-22.753481281561637],[-43.343889340120825,-22.753728757002261],[-43.343511529533316,-22.753833662019595],[-43.343316282220542,-22.753975948257121]]},"properties":{"objectid":213732,"nome":" ","geometriaa":"Sim","tipotrecho":"Curso dágua","navegavel":"Desconhecido","larguramed":0,"regime":"Temporário","encoberto":"Não","codmun":"330045","municn":"Belford Roxo","reggov":"Região Metropolitana","rh":"RH-V","nome_rh":"Baia de Guanabara","id_rh":5,"Shape__Length":0.019170919932006633}},{"type":"Feature","id":213751,"geometry":{"type":"LineString","coordinates":[[-43.315786902143714,-22.775678983223742],[-43.315437236738951,-22.775515714903552],[-43.315165691843106,-22.775256098615309],[-43.314919459265525,-22.774973447991478],[-43.314513053834276,-22.774965904478154],[-43.314128152092451,-22.774896545164651],[-43.314020818905526,-22.77454076526935],[-43.313888613168842,-22.774196192725352],[-43.313530242326692,-22.774052335372236],[-43.313254438241586,-22.773791135377852],[-43.312972218393043,-22.773537001356782],[-43.312673398858124,-22.773302288195289],[-43.312388928006499,-22.773049213575653],[-43.312139031590903,-22.772772300626475],[-43.31189121890452,-22.77251609007082],[-43.311760754255261,-22.772402546165864],[-43.311605783080317,-22.772381218743575],[-43.311454663701632,-22.77225264446928],[-43.311112092149187,-22.772123399300753],[-43.311036983469876,-22.772149065052634],[-43.310860009481765,-22.772150985105196],[-43.310703703712811,-22.772111580410403],[-43.310567737011354,-22.771954628928299],[-43.310354734383331,-22.771821786471602],[-43.310211167511227,-22.771807623048691],[-43.309892699588318,-22.771714121434854],[-43.309681654784413,-22.771691204910496],[-43.309322829784662,-22.771545618161049],[-43.308125309635216,-22.771379768786637],[-43.307743289321245,-22.771296600383106],[-43.30736611545376,-22.771186125864357],[-43.306993811415168,-22.771075611775384],[-43.306734604318422,-22.77100196899103],[-43.306636906467922,-22.771035249302667],[-43.306560083680772,-22.771081485247649],[-43.306175859128473,-22.77102159669467],[-43.3061653811273,-22.77101841489328],[-43.305771436702351,-22.771059658701638],[-43.305457884473697,-22.771088930734901],[-43.305062856365623,-22.771099637163857],[-43.304669398473834,-22.771125078984547],[-43.304494699770487,-22.771124306466909],[-43.304318988430445,-22.771095075802418],[-43.304065276191409,-22.770971004433658],[-43.303873049701338,-22.77082825954189],[-43.303564814264632,-22.770900120769291],[-43.303178251475003,-22.770840561368125],[-43.302785406021535,-22.770800801441176],[-43.302586854599561,-22.770791646342754],[-43.302586279033449,-22.770790916992564],[-43.302485603527657,-22.770710555373196],[-43.302315271032796,-22.770600914525939],[-43.302220133552233,-22.770584549562635],[-43.302069144575228,-22.770564429929852],[-43.301689578511116,-22.770655756982944],[-43.300213959206765,-22.771131418305636]]},"properties":{"objectid":213751,"nome":" ","geometriaa":"Não","tipotrecho":"Curso dágua","navegavel":"Desconhecido","larguramed":0,"regime":"Temporário","encoberto":"Não","codmun":"330170","municn":"Duque de Caxias","reggov":"Região Metropolitana","rh":"RH-V","nome_rh":"Baia de Guanabara","id_rh":5,"Shape__Length":0.017598368034721021}},{"type":"Feature","id":214848,"geometry":{"type":"LineString","coordinates":[[-43.418973672097195,-22.768422049663243],[-43.419244809600166,-22.768691609755368],[-43.419478805102642,-22.76898139290234],[-43.419746358807288,-22.769249471811069],[-43.420005710694852,-22.769527855151736],[-43.420247674190698,-22.769811032778296],[-43.420506306620609,-22.770084441069439],[-43.420751926759912,-22.77037162877301],[-43.421020887903524,-22.770636287559995],[-43.421269211404876,-22.770917179109873],[-43.421525624308003,-22.771189208740296],[-43.421780129749095,-22.771466277272168],[-43.4220378160922,-22.771737777201956],[-43.422285903971165,-22.77202263835937],[-43.422488153405425,-22.772262341858873],[-43.422795324944154,-22.772499288036997],[-43.423089893383747,-22.772739812617573],[-43.423397780782864,-22.772965475901252],[-43.423689076589476,-22.773211204858477],[-43.423997003558725,-22.77343361709303],[-43.424300685727928,-22.773661043047984],[-43.424585938989765,-22.773907523838449],[-43.424876598975743,-22.774149632125091],[-43.425180478995792,-22.774385548579446],[-43.425419115000018,-22.774552996049174]]},"properties":{"objectid":214848,"nome":" ","geometriaa":"Não","tipotrecho":"Curso dágua","navegavel":"Desconhecido","larguramed":0,"regime":"Permanente","encoberto":"Não","codmun":"330285","municn":"Mesquita","reggov":"Região Metropolitana","rh":"RH-V","nome_rh":"Baia de Guanabara","id_rh":5,"Shape__Length":0.0089305631234983772}},{"type":"Feature","id":216805,"geometry":{"type":"LineString","coordinates":[[-43.447416079888065,-22.774892018876791],[-43.447172918495255,-22.774944811778866],[-43.446918486798609,-22.775034636064824],[-43.446743740431145,-22.774942079638521],[-43.446484628662574,-22.774765612868002],[-43.446273440866491,-22.774777826560676],[-43.445875355063485,-22.774730057271583],[-43.445824238497657,-22.774711586995398],[-43.445432994736791,-22.774678875954621],[-43.445199231259387,-22.774646433811128],[-43.444836609321953,-22.774503004535283],[-43.444829256464907,-22.774498687789432],[-43.444658683851067,-22.774373205384382],[-43.444360954294496,-22.774132868762134],[-43.444195174167817,-22.774091605168675],[-43.443798087511595,-22.774050433306108],[-43.443408694555501,-22.774035075583534],[-43.443339006090127,-22.774031144646866],[-43.44294768498753,-22.774074108858308],[-43.442628801577818,-22.774144782980617],[-43.442286105019605,-22.774331277191937],[-43.442005321388372,-22.774588819643547],[-43.441784065681979,-22.774887312724537],[-43.441579834141919,-22.775204576455248],[-43.441382003976173,-22.775524069605378],[-43.441241591026483,-22.775684540134662],[-43.4409791211894,-22.775958514998663],[-43.440755644157548,-22.776254908162691],[-43.440525270224896,-22.776549696936165],[-43.440280063773805,-22.776838290280057],[-43.439979881766028,-22.777070892732688],[-43.439696062922842,-22.777320362869649],[-43.439373182026593,-22.777527635916819],[-43.439077577568014,-22.777776989141913],[-43.438756395491161,-22.777980303373472],[-43.438413218694961,-22.778156306993161],[-43.438061037886477,-22.778327616151746],[-43.437697165891393,-22.778482011760566],[-43.437352047458887,-22.778657361573103],[-43.437011196309527,-22.778834107133498],[-43.436904537614225,-22.778852208687631],[-43.435370156607341,-22.779263899434557],[-43.434362563381455,-22.779386775604333],[-43.433745776846024,-22.779453514293373],[-43.433364339292723,-22.779661462731426],[-43.432974899571832,-22.780109384465657],[-43.432848708500948,-22.780473010046506],[-43.432801562442023,-22.780968095826047],[-43.432821071435171,-22.781383186010309],[-43.432926222866797,-22.782750475678966],[-43.432868957636174,-22.782886466662173],[-43.432723829540976,-22.783125635065087],[-43.432507540790255,-22.783276229239632],[-43.432073086403705,-22.783204676479684],[-43.431708397824195,-22.783215902716801],[-43.431418147029717,-22.783463306211686],[-43.431184387149642,-22.783702143664023],[-43.431122875320341,-22.783860038535011],[-43.431065692827367,-22.783954575268456],[-43.430938391993102,-22.784082380622412],[-43.430814737909714,-22.784427696006379],[-43.430813728870355,-22.784430756399324],[-43.430892765788371,-22.784656594151542],[-43.4307353502561,-22.78497321846428],[-43.43051114657203,-22.785270309502181],[-43.430468846060251,-22.785340879303156],[-43.430219352540973,-22.785405165540926],[-43.42988234149675,-22.785593131942473],[-43.429540800567395,-22.785776807678538],[-43.429207461455064,-22.785967156384121],[-43.429178872007235,-22.785988640288519],[-43.428929056530585,-22.786267866294004],[-43.428662202498515,-22.786537983066459],[-43.428405236512333,-22.786812079338972],[-43.428317203675867,-22.786912543504044],[-43.427974603345142,-22.787094669708193],[-43.427617123731174,-22.787240794252199],[-43.427614097512446,-22.78724139679796],[-43.427527527872996,-22.787273688754659],[-43.427415878839611,-22.787412030565715],[-43.427176676262498,-22.787470272460062],[-43.427032314389692,-22.787624276863845],[-43.426706483717112,-22.787767493000363],[-43.425896387907876,-22.788289333610763],[-43.425563066781983,-22.788477145328905],[-43.425232875296842,-22.788680792309673],[-43.424900777248972,-22.788872136564748],[-43.424565815759657,-22.789075374353949],[-43.424222484280115,-22.789260916183245],[-43.423886206183333,-22.789459894783239],[-43.423544319914299,-22.78963822494903],[-43.423203823097829,-22.789831107944146],[-43.422870617085216,-22.790033726999777],[-43.422539875214966,-22.790225260112567],[-43.422179230886684,-22.790408188511972],[-43.42184558330689,-22.790598065972819],[-43.421500854280914,-22.790682769519044],[-43.421407482169457,-22.790705711224469]]},"properties":{"objectid":216805,"nome":"Rio Dona Eugênia","geometriaa":"Não","tipotrecho":"Curso dágua","navegavel":"Desconhecido","larguramed":0,"regime":"Temporário","encoberto":"Não","codmun":"330285","municn":"Mesquita","reggov":"Região Metropolitana","rh":"RH-V","nome_rh":"Baia de Guanabara","id_rh":5,"Shape__Length":0.03430499490145366}},{"type":"Feature","id":216827,"geometry":{"type":"LineString","coordinates":[[-43.325048687147103,-22.801105398519965],[-43.325048616100609,-22.801105385030151],[-43.322943994769446,-22.801264604602466]]},"properties":{"objectid":216827,"nome":"Rio São João de Meriti","geometriaa":"Não","tipotrecho":"Curso dágua","navegavel":"Desconhecido","larguramed":0,"regime":"Permanente","encoberto":"Não","codmun":"330170","municn":"Duque de Caxias","reggov":"Região Metropolitana","rh":"RH-V","nome_rh":"Baia de Guanabara","id_rh":5,"Shape__Length":0.002110707722477245}},{"type":"Feature","id":216828,"geometry":{"type":"LineString","coordinates":[[-43.322943994769446,-22.801264604602466],[-43.322139776929021,-22.801392491794662]]},"properties":{"objectid":216828,"nome":"Rio São João de Meriti","geometriaa":"Não","tipotrecho":"Curso dágua","navegavel":"Desconhecido","larguramed":0,"regime":"Permanente","encoberto":"Não","codmun":"330170","municn":"Duque de Caxias","reggov":"Região Metropolitana","rh":"RH-V","nome_rh":"Baia de Guanabara","id_rh":5,"Shape__Length":0.00081432270552047725}},{"type":"Feature","id":216829,"geometry":{"type":"LineString","coordinates":[[-43.322943994769446,-22.801264604602466],[-43.322139776929021,-22.801392491794662]]},"properties":{"objectid":216829,"nome":"Rio São João de Meriti","geometriaa":"Não","tipotrecho":"Curso dágua","navegavel":"Desconhecido","larguramed":0,"regime":"Permanente","encoberto":"Não","codmun":"330455","municn":"Rio de Janeiro","reggov":"Região Metropolitana","rh":"RH-V","nome_rh":"Baia de Guanabara","id_rh":5,"Shape__Length":0.00081432270552047725}},{"type":"Feature","id":216830,"geometry":{"type":"LineString","coordinates":[[-43.327605123377623,-22.802160582969158],[-43.3270529459366,-22.801722280383547],[-43.325940683315764,-22.80127667080637],[-43.325048687147103,-22.801105398519965]]},"properties":{"objectid":216830,"nome":"Rio São João de Meriti","geometriaa":"Não","tipotrecho":"Curso dágua","navegavel":"Desconhecido","larguramed":0,"regime":"Permanente","encoberto":"Não","codmun":"330455","municn":"Rio de Janeiro","reggov":"Região Metropolitana","rh":"RH-V","nome_rh":"Baia de Guanabara","id_rh":5,"Shape__Length":0.0028114844002406904}},{"type":"Feature","id":216832,"geometry":{"type":"LineString","coordinates":[[-43.322139776929021,-22.801392491794662],[-43.32069031620501,-22.801622986236449]]},"properties":{"objectid":216832,"nome":"Rio São João de Meriti","geometriaa":"Não","tipotrecho":"Curso dágua","navegavel":"Desconhecido","larguramed":0,"regime":"Permanente","encoberto":"Não","codmun":"330170","municn":"Duque de Caxias","reggov":"Região Metropolitana","rh":"RH-V","nome_rh":"Baia de Guanabara","id_rh":5,"Shape__Length":0.0014676730147411604}},{"type":"Feature","id":216833,"geometry":{"type":"LineString","coordinates":[[-43.322139776929021,-22.801392491794662],[-43.32069031620501,-22.801622986236449]]},"properties":{"objectid":216833,"nome":"Rio São João de Meriti","geometriaa":"Não","tipotrecho":"Curso dágua","navegavel":"Desconhecido","larguramed":0,"regime":"Permanente","encoberto":"Não","codmun":"330455","municn":"Rio de Janeiro","reggov":"Região Metropolitana","rh":"RH-V","nome_rh":"Baia de Guanabara","id_rh":5,"Shape__Length":0.0014676730147411604}},{"type":"Feature","id":216834,"geometry":{"type":"LineString","coordinates":[[-43.32069031620501,-22.801622986236449],[-43.320690231668713,-22.801622999726295],[-43.319517907825059,-22.801519973392711],[-43.31915536143066,-22.801436032471532]]},"properties":{"objectid":216834,"nome":"Rio São João de Meriti","geometriaa":"Não","tipotrecho":"Curso dágua","navegavel":"Desconhecido","larguramed":0,"regime":"Permanente","encoberto":"Não","codmun":"330455","municn":"Rio de Janeiro","reggov":"Região Metropolitana","rh":"RH-V","nome_rh":"Baia de Guanabara","id_rh":5,"Shape__Length":0.0015490648559673039}},{"type":"Feature","id":216835,"geometry":{"type":"LineString","coordinates":[[-43.358691068537837,-22.828537413494868],[-43.359132614978087,-22.828488905862343],[-43.359250841652901,-22.828525228580418],[-43.359369068327737,-22.828561550399222],[-43.359561793042189,-22.8286207599641],[-43.35975627862922,-22.828679702430343],[-43.359950765115563,-22.828738643997205],[-43.360108941474323,-22.828788510505372],[-43.360267118732452,-22.828838376114156],[-43.360358297397397,-22.828880686518449],[-43.360449476961669,-22.828922996023422],[-43.360538291308956,-22.828968512510858],[-43.3606123765598,-22.829012054087041],[-43.360706603926531,-22.829072190852898],[-43.360779432824465,-22.829113294367044],[-43.360881585916331,-22.829192929334205],[-43.361066202343238,-22.829331097576045],[-43.36117784058473,-22.829414648191435],[-43.361344856379901,-22.829539642264674],[-43.362014582406914,-22.830019167074866],[-43.362306836890866,-22.830239498278168],[-43.362503959290166,-22.830388108548345],[-43.362812249585545,-22.830620528438601],[-43.36336536591881,-22.831035229216411],[-43.363959244023761,-22.831471661212156],[-43.36467502163481,-22.832005071600715],[-43.364766997998458,-22.832078355555584],[-43.364863569897686,-22.832158368238058],[-43.36495133563551,-22.832225195959921],[-43.365022236387006,-22.832292844762915],[-43.365121335381218,-22.832389681062828],[-43.365306611910512,-22.83259667891749],[-43.36536659579167,-22.832681011943077],[-43.365398821198546,-22.832715661022874],[-43.365428659804699,-22.832739829403536],[-43.365670701541546,-22.833063356912316],[-43.365845219481173,-22.833303673749416],[-43.365914174099714,-22.833402477766015]]},"properties":{"objectid":216835,"nome":"Rio Calogi","geometriaa":"Não","tipotrecho":"Curso dágua","navegavel":"Desconhecido","larguramed":0,"regime":"Permanente","encoberto":"Não","codmun":"330455","municn":"Rio de Janeiro","reggov":"Região Metropolitana","rh":"RH-V","nome_rh":"Baia de Guanabara","id_rh":5,"Shape__Length":0.0089437270703109899}},{"type":"Feature","id":228433,"geometry":{"type":"LineString","coordinates":[[-43.394427556386511,-22.815105911932584],[-43.39443298469439,-22.815103949611874]]},"properties":{"objectid":228433,"nome":" ","geometriaa":"Não","tipotrecho":"Curso dágua","navegavel":"Desconhecido","larguramed":0,"regime":"Permanente","encoberto":"Não","codmun":"330320","municn":"Nilópolis","reggov":"Região Metropolitana","rh":"RH-V","nome_rh":"Baia de Guanabara","id_rh":5,"Shape__Length":5.7721078368456771e-06}},{"type":"Feature","id":228434,"geometry":{"type":"LineString","coordinates":[[-43.394379076632958,-22.815123439719301],[-43.394427556386511,-22.815105911932584]]},"properties":{"objectid":228434,"nome":" ","geometriaa":"Não","tipotrecho":"Curso dágua","navegavel":"Desconhecido","larguramed":0,"regime":"Permanente","encoberto":"Não","codmun":"330455","municn":"Rio de Janeiro","reggov":"Região Metropolitana","rh":"RH-V","nome_rh":"Baia de Guanabara","id_rh":5,"Shape__Length":5.1551040813113768e-05}},{"type":"Feature","id":228482,"geometry":{"type":"LineString","coordinates":[[-43.327630188382386,-22.802516826015296],[-43.327637739989598,-22.802372964165585]]},"properties":{"objectid":228482,"nome":"Rio Acari","geometriaa":"Não","tipotrecho":"Curso dágua","navegavel":"Desconhecido","larguramed":0,"regime":"Permanente","encoberto":"Não","codmun":"330455","municn":"Rio de Janeiro","reggov":"Região Metropolitana","rh":"RH-V","nome_rh":"Baia de Guanabara","id_rh":5,"Shape__Length":0.00014405991317347082}},{"type":"Feature","id":228483,"geometry":{"type":"LineString","coordinates":[[-43.332096674022182,-22.813473504822756],[-43.331950712255441,-22.813445803905097],[-43.331297349393026,-22.813220914038315],[-43.330775876605287,-22.81233178221035],[-43.330465248072642,-22.811410428572792],[-43.330594198263491,-22.810987158155228],[-43.331452781920234,-22.809607523492875],[-43.33149606449166,-22.809103021811477],[-43.330858521603368,-22.807581480425441],[-43.330614612873944,-22.807280543886499],[-43.329499485013116,-22.806350760903396],[-43.328900425913787,-22.805736239760176],[-43.328076012897554,-22.804316016895239],[-43.327774992721629,-22.803624284457726],[-43.327649071447361,-22.802785198102995],[-43.327630188382386,-22.802516826015296]]},"properties":{"objectid":228483,"nome":"Rio Acari","geometriaa":"Não","tipotrecho":"Curso dágua","navegavel":"Desconhecido","larguramed":0,"regime":"Permanente","encoberto":"Não","codmun":"330455","municn":"Rio de Janeiro","reggov":"Região Metropolitana","rh":"RH-V","nome_rh":"Baia de Guanabara","id_rh":5,"Shape__Length":0.013277689134860264}},{"type":"Feature","id":228484,"geometry":{"type":"LineString","coordinates":[[-43.327595306378157,-22.80250443695482],[-43.327637739989598,-22.802372964165585]]},"properties":{"objectid":228484,"nome":"Rio dos Cachorros","geometriaa":"Não","tipotrecho":"Curso dágua","navegavel":"Desconhecido","larguramed":0,"regime":"Permanente","encoberto":"Não","codmun":"330455","municn":"Rio de Janeiro","reggov":"Região Metropolitana","rh":"RH-V","nome_rh":"Baia de Guanabara","id_rh":5,"Shape__Length":0.00013815102492667752}},{"type":"Feature","id":228485,"geometry":{"type":"LineString","coordinates":[[-43.327517720965943,-22.802614818843395],[-43.327595306378157,-22.80250443695482]]},"properties":{"objectid":228485,"nome":"Rio dos Cachorros","geometriaa":"Não","tipotrecho":"Curso dágua","navegavel":"Desconhecido","larguramed":0,"regime":"Permanente","encoberto":"Não","codmun":"330455","municn":"Rio de Janeiro","reggov":"Região Metropolitana","rh":"RH-V","nome_rh":"Baia de Guanabara","id_rh":5,"Shape__Length":0.00013492093064389611}},{"type":"Feature","id":228492,"geometry":{"type":"LineString","coordinates":[[-43.322139776929021,-22.801392491794662],[-43.322093757720609,-22.801161506323069]]},"properties":{"objectid":228492,"nome":" ","geometriaa":"Não","tipotrecho":"Curso dágua","navegavel":"Desconhecido","larguramed":0,"regime":"Permanente","encoberto":"Não","codmun":"330170","municn":"Duque de Caxias","reggov":"Região Metropolitana","rh":"RH-V","nome_rh":"Baia de Guanabara","id_rh":5,"Shape__Length":0.0002355250637084823}},{"type":"Feature","id":228493,"geometry":{"type":"LineString","coordinates":[[-43.320861145125605,-22.799525807694561],[-43.321027338041119,-22.799815200535729],[-43.321119667838268,-22.799976919324052],[-43.321184298516471,-22.800027988225757],[-43.321239695855184,-22.800062033860424],[-43.321350491431929,-22.800113103661452],[-43.321387422991052,-22.80018970701402],[-43.321387422991052,-22.800257799182727],[-43.321387422991052,-22.800342913719149],[-43.321405888770641,-22.800402494703988],[-43.321479752788264,-22.800462074789561],[-43.321756741280467,-22.800581235859969],[-43.321886002636802,-22.800717419298113],[-43.321987564874121,-22.800896160454112],[-43.322079894671276,-22.801091923977758],[-43.322093757720609,-22.801161506323069]]},"properties":{"objectid":228493,"nome":" ","geometriaa":"Não","tipotrecho":"Curso dágua","navegavel":"Desconhecido","larguramed":0,"regime":"Permanente","encoberto":"Não","codmun":"330170","municn":"Duque de Caxias","reggov":"Região Metropolitana","rh":"RH-V","nome_rh":"Baia de Guanabara","id_rh":5,"Shape__Length":0.002167124636982056}},{"type":"Feature","id":249181,"geometry":{"type":"LineString","coordinates":[[-43.342804191160383,-22.748257317646924],[-43.342841603856812,-22.748400757714684],[-43.342900026514883,-22.748537914219199],[-43.342999357534218,-22.748657883780162],[-43.343081988143126,-22.748765940021954],[-43.343161274173319,-22.748884888852398],[-43.34324882317452,-22.749053322878357],[-43.343324567674529,-22.749191471335177],[-43.34339561141821,-22.749315663213121],[-43.343508604938052,-22.749433155141837],[-43.343623736146412,-22.749559158254378],[-43.343875124537249,-22.749851934345134],[-43.343998936001981,-22.750009126845551],[-43.344056897307837,-22.750083121264861],[-43.344271951289393,-22.750341463213754],[-43.34446403298864,-22.750574271611161],[-43.344531920111876,-22.750671299466681],[-43.344572373416156,-22.750791530730361],[-43.344279564949829,-22.751034772162789],[-43.343990023720487,-22.751281569514632],[-43.343748272464666,-22.751570313944626],[-43.343681553560714,-22.751927162234495],[-43.34363136869257,-22.752285626606174],[-43.343609914465844,-22.752651703738909],[-43.343535616975025,-22.75300711850943],[-43.343494519756177,-22.753370914961486],[-43.343336400054682,-22.753708751583375],[-43.343316282220542,-22.753975948257121]]},"properties":{"objectid":249181,"nome":" ","geometriaa":"Não","tipotrecho":"Curso dágua","navegavel":"Desconhecido","larguramed":0,"regime":"Temporário","encoberto":"Não","codmun":"330045","municn":"Belford Roxo","reggov":"Região Metropolitana","rh":"RH-V","nome_rh":"Baia de Guanabara","id_rh":5,"Shape__Length":0.0067189800598502951}},{"type":"Feature","id":249836,"geometry":{"type":"LineString","coordinates":[[-43.366764481295661,-22.828579318304886],[-43.366741928996703,-22.828599389374343],[-43.366709384330477,-22.828633806429021],[-43.366664583703482,-22.828685473379881],[-43.366641993632982,-22.828783288142226],[-43.366583790409493,-22.828859502987637],[-43.366476571436522,-22.829004032134364],[-43.366368598831627,-22.829221380286455],[-43.366205568831838,-22.829681624531332],[-43.366158956970196,-22.829871875210831],[-43.36615229838975,-22.830025303149188],[-43.366152298389743,-22.830276925363766],[-43.366205568831845,-22.830755619200435],[-43.366252179794124,-22.83101951356366],[-43.366272156434775,-22.831209762444526],[-43.366292132176056,-22.831412285272663],[-43.366352061198548,-22.831670041762933],[-43.366418648801471,-22.832038263778802],[-43.366471919243565,-22.83230829331702],[-43.366505213045002,-22.832547637087675],[-43.366538506846489,-22.83282993877453],[-43.36652518968566,-22.83297722614196],[-43.366471919243565,-22.833106103487818],[-43.366418648801471,-22.833161336250551],[-43.366258838374563,-22.833247253881552],[-43.365914174099714,-22.833402477766015]]},"properties":{"objectid":249836,"nome":" ","geometriaa":"Não","tipotrecho":"Curso dágua","navegavel":"Desconhecido","larguramed":0,"regime":"Permanente","encoberto":"Não","codmun":"330455","municn":"Rio de Janeiro","reggov":"Região Metropolitana","rh":"RH-V","nome_rh":"Baia de Guanabara","id_rh":5,"Shape__Length":0.0053621338214883268}},{"type":"Feature","id":249837,"geometry":{"type":"LineString","coordinates":[[-43.375172049750176,-22.829437149229051],[-43.375103280391954,-22.829550691335303],[-43.375073517328815,-22.829628506074666],[-43.375044233604399,-22.82970695843338],[-43.375026840716032,-22.829768643831834],[-43.375010696086633,-22.829889315763268],[-43.375020648883719,-22.829929063999046],[-43.37503815148937,-22.829973042645769],[-43.375059954653075,-22.830015801811797],[-43.375092106315549,-22.8300568603598],[-43.375110878763913,-22.83011692787791],[-43.375118402492149,-22.830164327545639],[-43.375121513247109,-22.830205993136033],[-43.375121938626414,-22.83021114445274],[-43.375118709160972,-22.830261595520149],[-43.375094618122027,-22.830321225967744],[-43.375048187923426,-22.830383156881119],[-43.375013501971402,-22.830424255898674],[-43.374970233789156,-22.830474298673899],[-43.374935895874792,-22.830510705028992],[-43.374894671851507,-22.830552639516672],[-43.374855762683175,-22.830580238810914],[-43.374837808617833,-22.830590712315491],[-43.374808374706618,-22.830607932534015],[-43.374749418750582,-22.830641649016862],[-43.374697089898689,-22.830675253084404],[-43.374646028191535,-22.83070877891095],[-43.374603490258728,-22.830746456008118],[-43.374571871894254,-22.830783612397731],[-43.374539093404337,-22.830819944109059],[-43.374507063150304,-22.830858902740143],[-43.374476618401104,-22.830895619361282],[-43.374439363985346,-22.830939671752382],[-43.374420338827463,-22.830982917451639],[-43.374405878628295,-22.831035511603542],[-43.374399897237367,-22.831087920495062],[-43.374400257865481,-22.831106799962797],[-43.37440079835801,-22.831135071949955],[-43.374396699248166,-22.831184881800805],[-43.374374088493255,-22.831226465552895],[-43.374342614020293,-22.831267867641934],[-43.374310533404298,-22.831302852168832],[-43.374269500936578,-22.831336841146239],[-43.374227887506891,-22.83136233602691],[-43.374176386930571,-22.831383575315716],[-43.374162276567688,-22.83139038498221],[-43.374126117526203,-22.831407806648869],[-43.374077496579105,-22.83143268819196],[-43.374025438423132,-22.831459791959769],[-43.373982098295073,-22.831483010656349],[-43.37393587943717,-22.831510716070611],[-43.373891775784728,-22.831532572294329],[-43.373847271034606,-22.831538981762527],[-43.373463626545004,-22.831584123232609],[-43.372338294976203,-22.831731412398693],[-43.372018674122387,-22.83177437121422],[-43.371686037380584,-22.831882969747177]]},"properties":{"objectid":249837,"nome":" ","geometriaa":"Não","tipotrecho":"Curso dágua","navegavel":"Desconhecido","larguramed":0,"regime":"Permanente","encoberto":"Não","codmun":"330455","municn":"Rio de Janeiro","reggov":"Região Metropolitana","rh":"RH-V","nome_rh":"Baia de Guanabara","id_rh":5,"Shape__Length":0.0049734343722092561}},{"type":"Feature","id":249848,"geometry":{"type":"LineString","coordinates":[[-43.412123479414902,-22.84160121554735],[-43.412089177473426,-22.841421066952403],[-43.412031395132658,-22.841173258762566],[-43.412015289174128,-22.84099329183066],[-43.411996005910858,-22.840902391056201],[-43.411883960276441,-22.840535405608193],[-43.41187118540676,-22.840454846137973],[-43.411884649157116,-22.840082457563103],[-43.411903194077013,-22.839967816485306],[-43.412019396377907,-22.839640181772744],[-43.41205941530967,-22.839598386679967],[-43.41215230178716,-22.839499162679971],[-43.412281803262488,-22.839350228653899],[-43.412394659186077,-22.839223888295557],[-43.412552322931226,-22.839047919749451],[-43.412671130568121,-22.838911300140165],[-43.412767084633117,-22.838818242791419],[-43.412847967859307,-22.838720394754183],[-43.412935167024216,-22.838621116794901],[-43.413040203342575,-22.838505666327194],[-43.413228255179725,-22.838310569201212],[-43.413335591064538,-22.838186965479849],[-43.41343163865907,-22.838085732394401],[-43.413581934258737,-22.837923026150523],[-43.413624358876916,-22.837879507057394],[-43.413716632916135,-22.837723052001035],[-43.41371244477341,-22.837703594269225],[-43.413650863696255,-22.837632303212011],[-43.413521844257552,-22.837532914636107],[-43.413364336994448,-22.837416892199613],[-43.413243973530427,-22.837331895474414],[-43.413182940140473,-22.83726792939521],[-43.413061595516119,-22.837175808240744],[-43.41295012994442,-22.83708476987001],[-43.412864794174759,-22.837023626762765],[-43.412779458405168,-22.836962483655526],[-43.412716051704308,-22.836912800609049],[-43.412573939935271,-22.83680101757674],[-43.412423049883735,-22.83668505989144],[-43.412290992535134,-22.836578220432365],[-43.41215737306419,-22.83649513476648],[-43.412023681647497,-22.836418180678312],[-43.411826182432272,-22.836326283455023],[-43.411740503121621,-22.836294771210525],[-43.41159545056945,-22.836246316638025],[-43.411505265655364,-22.836222934264853],[-43.411260522355121,-22.836160917915883],[-43.411139521271764,-22.836131097296104],[-43.411080458296389,-22.836087588095541],[-43.411072225902387,-22.836036408577225],[-43.411095236855594,-22.835954886832383],[-43.411134044400519,-22.835842863681069],[-43.411209002893031,-22.835657625822599],[-43.411247787055629,-22.835547646830264],[-43.41128456662932,-22.835411736786067],[-43.411323374174287,-22.835299712735385],[-43.41135793691916,-22.83517334269942],[-43.411401368778002,-22.835042970680398],[-43.411431719997779,-22.834907294459942],[-43.411463860868366,-22.834799293976086],[-43.41147835524179,-22.834691114527203],[-43.411493340645052,-22.834555509353123],[-43.411496970308804,-22.834432917369131],[-43.4115025209245,-22.834334870581678],[-43.411501572139741,-22.834226538248046],[-43.411481272642497,-22.834074211979189],[-43.411458762611694,-22.833922743663596],[-43.411434308246612,-22.833748775209695],[-43.411413579772784,-22.833629077244041],[-43.411413983568366,-22.833594335534016],[-43.411414386464635,-22.833559594723393],[-43.41144811643732,-22.833504748669093],[-43.411530592362851,-22.833431993515592],[-43.411592810159959,-22.833393781321831],[-43.411620261066048,-22.83336397958789],[-43.4116450805559,-22.833325721528688],[-43.411629483613645,-22.833275606807717],[-43.411598981307804,-22.833240003547246],[-43.411506727952997,-22.833098360324986],[-43.411503780874675,-22.833096299078822],[-43.411496541332205,-22.833090446290953],[-43.411489794618205,-22.833084057507172],[-43.411483638758796,-22.8330772226596],[-43.411478169082102,-22.833069942647622],[-43.411473290260005,-22.833062217471252],[-43.4114691929488,-22.833054229692834],[-43.411465683794169,-22.833045976614414],[-43.411462957949027,-22.833037369203119],[-43.411461012715449,-22.83302867995349],[-43.411459848093386,-22.833019907966285],[-43.411459464982215,-22.833010963309231],[-43.4114598597846,-22.833002116678259],[-43.411460937172428,-22.832993277241833],[-43.41146288960055,-22.832984535831557],[-43.411499623308828,-22.832766166948954],[-43.411524192787162,-22.832580098116942],[-43.41152472788378,-22.832576039476535],[-43.411526478863777,-22.832559438890897],[-43.411527353904148,-22.832542830211381],[-43.411527547258402,-22.832526215236577],[-43.411526960001083,-22.832509592167881],[-43.41152559303157,-22.832493050937458],[-43.411523447249181,-22.832476502512481],[-43.41152051905658,-22.83246012675734],[-43.411516811151778,-22.832443833739848],[-43.411512417963593,-22.832427804223709],[-43.411507147037071,-22.83241185744518],[-43.411501287953968,-22.832396175067363],[-43.411494647359973,-22.832380755291542],[-43.411487223456511,-22.832365599017091],[-43.411479210497021,-22.832350798874209],[-43.411337763326969,-22.832164067241848],[-43.411334202911014,-22.832160238827875],[-43.411324759130196,-22.832151203339301],[-43.41131491964768,-22.832142706544605],[-43.411304489310623,-22.832134744846506],[-43.411293566145048,-22.832127320943034],[-43.411282246378448,-22.832120434834142],[-43.411270529111512,-22.832114266384202],[-43.411258414344218,-22.832108727459719],[-43.411246000102722,-22.832103817161364],[-43.411233285487647,-22.832099535489103],[-43.411138733465634,-22.832061293617731],[-43.41105789250765,-22.832008557372983],[-43.410908575370343,-22.831845137966667],[-43.410885362968997,-22.831813658997106],[-43.410759591881522,-22.831602698729487],[-43.410719678170487,-22.831557957457726],[-43.410686549844286,-22.831524481993178],[-43.410657101543904,-22.831484632133979],[-43.410637114111417,-22.831460680489947],[-43.41061090786701,-22.831426822813555],[-43.410600500912267,-22.831400076975903],[-43.410591846736224,-22.831390236594064],[-43.410596622136268,-22.831213995553401],[-43.410593978129441,-22.831198344651845],[-43.410589470727359,-22.831175360678284],[-43.410584182713762,-22.831152549374604],[-43.410578112289954,-22.831129910740735],[-43.410571358381382,-22.831107445676018],[-43.410563724935848,-22.831085153281141],[-43.410555504233002,-22.831063125286953],[-43.410546404892557,-22.831041269063292],[-43.410536716496154,-22.831019768071759],[-43.410526245689596,-22.830998530581656],[-43.410515089599585,-22.830977557492243],[-43.410503247326858,-22.830957028667903],[-43.41049062174465,-22.830936763344884],[-43.410477407106562,-22.830916853254109],[-43.410463603412438,-22.830897388327735],[-43.410449112636336,-22.830878277734254],[-43.410433935677474,-22.830859612305229],[-43.41030250695502,-22.830641010498201],[-43.410256467961517,-22.830544819911445],[-43.410255151354022,-22.830540742385338],[-43.410248969414283,-22.830519367298901],[-43.410243470059982,-22.830497908575587],[-43.410240601222654,-22.830484874701149],[-43.410232290587601,-22.830437017278491],[-43.410231661062198,-22.830432494587917],[-43.410247682484453,-22.830303056964468],[-43.410243209256578,-22.830168085812506],[-43.41017824313127,-22.830075904403447],[-43.409997224891917,-22.829843248890789],[-43.409888605674496,-22.829769437933198],[-43.409830872796419,-22.829713048642272],[-43.409770510300689,-22.829637823950378],[-43.409740490031481,-22.829605282881491],[-43.409712199158548,-22.829574836333585],[-43.409616263979274,-22.829496109681692],[-43.409540153455218,-22.829388971647713],[-43.40953498415206,-22.829381063009613],[-43.409523989040736,-22.829363072072088],[-43.409513581186729,-22.829344814935244],[-43.40950395754146,-22.829326205264163],[-43.409495017381005,-22.829307421124586],[-43.409486665377194,-22.829288281752756],[-43.409479096682837,-22.829268879778947],[-43.409472114346499,-22.829249302437329],[-43.409461984382972,-22.829232312445278],[-43.409456468840865,-22.829212298932454],[-43.409449061125144,-22.829195788279016],[-43.409441785609779,-22.829176298171586],[-43.4094350317012,-22.829153833106922],[-43.409431491070336,-22.829131491249296],[-43.409430508111313,-22.829115495907434],[-43.409429772465892,-22.829092467867088],[-43.409423419654949,-22.829063072626671],[-43.40942248525937,-22.829038807119257],[-43.409424291997375,-22.828988057476845],[-43.409416515559606,-22.828871778733621],[-43.409418681127136,-22.828842468029499],[-43.409396261028519,-22.828781886998502],[-43.409343639896917,-22.828676163598054],[-43.409271251666837,-22.828416154306062],[-43.409281243134721,-22.828319349482399],[-43.409286767670096,-22.828305044865939],[-43.409303888963166,-22.828164871135925],[-43.409343377294931,-22.827801849899476],[-43.409353705109318,-22.827483241682287],[-43.409346438587136,-22.827354022594104],[-43.409409232849718,-22.827131759647017],[-43.409495526397272,-22.826941340794278],[-43.409498898854963,-22.826852326797489],[-43.409504688690333,-22.826773270993698],[-43.409510509102574,-22.826725193237145],[-43.409500353958038,-22.826676774637498],[-43.409492514567781,-22.826638764791234],[-43.409478554391626,-22.826599249479823],[-43.409456092924252,-22.826553508161957],[-43.409420679420691,-22.826490478277027],[-43.409382239698459,-22.826427959207013],[-43.409328446750294,-22.826328440229414],[-43.409297145846494,-22.82628884218035],[-43.409259507420188,-22.826241232970563],[-43.409248559972923,-22.82622748593376],[-43.409160505552784,-22.82610838871522],[-43.409020704142051,-22.825973601024941],[-43.408625459297411,-22.825544554261857],[-43.408579512934075,-22.825485650466479],[-43.408588059191452,-22.825434373821345],[-43.408645745304796,-22.825366005560809],[-43.408780345936115,-22.825242087076742],[-43.408848714196672,-22.825128851639263],[-43.408906400310002,-22.825060483378664],[-43.409062366135174,-22.824902380764364],[-43.40929598841899,-22.824678942403388],[-43.409403971815721,-22.824576481743325],[-43.409542140057624,-22.824449750179927],[-43.409683449631359,-22.824325995372515],[-43.409870429476598,-22.824156344563772],[-43.410015089025023,-22.824017897532077],[-43.410166637380314,-22.823864154831025],[-43.410369362555912,-22.823652660366111],[-43.410470823169817,-22.823543800130377],[-43.410471455393235,-22.823489320999496],[-43.410444967661022,-22.823443409709739],[-43.41038038914354,-22.823392698738179],[-43.410316862832815,-22.823347346826722],[-43.410258121814756,-22.823302769231535],[-43.410247054757633,-22.823295162765646],[-43.410221984356959,-22.823268541034462],[-43.410193737550856,-22.823235035892314],[-43.410174486663095,-22.823193323537179],[-43.410138566841276,-22.823138481979477],[-43.410099028147506,-22.823097185111124],[-43.410093527893878,-22.823094543802256],[-43.409978132284827,-22.823039127577776],[-43.409856103276411,-22.822978915268841],[-43.409717741680311,-22.822910659423556],[-43.409689248459934,-22.822871760147752],[-43.409688389607368,-22.822846008960266],[-43.40971181694669,-22.822822642774849],[-43.40977276400173,-22.822758892533002],[-43.409845449907486,-22.822681315214666],[-43.409935613237849,-22.822594257243303],[-43.410028397192661,-22.822499210594245],[-43.410111501744268,-22.822421736697905],[-43.410186677872787,-22.822345800642346],[-43.410225753415659,-22.822305587457066],[-43.410228904640121,-22.822203959569233],[-43.410112279657881,-22.822082697682475],[-43.409820828268494,-22.821841714447693],[-43.409787519178565,-22.821815733933114],[-43.409571118911906,-22.821641258261632],[-43.409527780582494,-22.821606416726901],[-43.409489559395524,-22.821575508826847],[-43.409077821883841,-22.821208433446593],[-43.409010527413784,-22.821147523263782],[-43.40895586392184,-22.821097938243433],[-43.40889551221801,-22.821043238778593],[-43.40888326884766,-22.821032097977128],[-43.408841793913552,-22.820996191645119],[-43.408773191829198,-22.820947189385446],[-43.408714581212841,-22.82091702702337],[-43.408690313906732,-22.82090187794347],[-43.408647968428909,-22.82089251060507],[-43.4085868810796,-22.820890707464343]]},"properties":{"objectid":249848,"nome":" ","geometriaa":"Não","tipotrecho":"Curso dágua","navegavel":"Desconhecido","larguramed":0,"regime":"Permanente","encoberto":"Não","codmun":"330455","municn":"Rio de Janeiro","reggov":"Região Metropolitana","rh":"RH-V","nome_rh":"Baia de Guanabara","id_rh":5,"Shape__Length":0.02654912238991548}},{"type":"Feature","id":251234,"geometry":{"type":"LineString","coordinates":[[-43.347074416850717,-22.744124694525016],[-43.34699207672287,-22.744186698283443],[-43.346917584079108,-22.744276328315834],[-43.346927667277896,-22.744377038895145],[-43.346971711575115,-22.744455072169782],[-43.346944067314716,-22.744519177643895],[-43.346775787972085,-22.744594380752005],[-43.346676569368064,-22.744659190395282],[-43.346614020620443,-22.744743344455728],[-43.34654268010047,-22.744894599631991],[-43.346589807273688,-22.744999667426658],[-43.346641255689292,-22.745085543688827],[-43.346678170161276,-22.745157361748785],[-43.346704107508458,-22.745202785606001],[-43.346689109514678,-22.745300165995769],[-43.346661702675306,-22.745336367305445],[-43.346608576124758,-22.745333379757579],[-43.346508049007127,-22.745296485070675],[-43.346367530836737,-22.74532212384285],[-43.346288297866522,-22.745417123727208],[-43.346105626673193,-22.745603891332429],[-43.346002128195551,-22.745700626008986],[-43.34589948946973,-22.745798724057778],[-43.345805936594559,-22.745886169636911],[-43.34572840424233,-22.746001596722195],[-43.345660272503437,-22.746088401984043],[-43.345620809352738,-22.746147418194674],[-43.345325331698568,-22.74636366647594],[-43.345080438211532,-22.746477153723575],[-43.344978896658631,-22.746477153723575],[-43.344823043248709,-22.746600602761482],[-43.344462566194352,-22.746856325884611],[-43.34404663064737,-22.747142859781025],[-43.343649181564324,-22.747413987391479],[-43.343433511547175,-22.747555714250719],[-43.343322595461302,-22.747654306027279],[-43.343231679398343,-22.747737393491761],[-43.343198940478601,-22.747785241921211],[-43.342804191160383,-22.748257317646924]]},"properties":{"objectid":251234,"nome":" ","geometriaa":"Não","tipotrecho":"Curso dágua","navegavel":"Desconhecido","larguramed":0,"regime":"Temporário","encoberto":"Não","codmun":"330045","municn":"Belford Roxo","reggov":"Região Metropolitana","rh":"RH-V","nome_rh":"Baia de Guanabara","id_rh":5,"Shape__Length":0.0065351854376105994}},{"type":"Feature","id":251276,"geometry":{"type":"LineString","coordinates":[[-43.418660234082438,-22.803248752752332],[-43.417073406412442,-22.802113661740719],[-43.416277545971866,-22.801541665939734],[-43.415442527250718,-22.800902807343348],[-43.415347721619924,-22.800837653259759],[-43.415299857902035,-22.800798613689729],[-43.415246685486011,-22.800746878390392],[-43.415185663787213,-22.800683233369185],[-43.415145011732761,-22.800618617080168],[-43.41449814557285,-22.799243411578843],[-43.414004960960085,-22.798091520332097],[-43.413930693146824,-22.797835950993051],[-43.41359659051011,-22.797364922078227],[-43.413489774433401,-22.797301167339732],[-43.412584972818138,-22.796524035280751],[-43.411966300404352,-22.796006435873043],[-43.411283000909634,-22.795417566092581],[-43.410922646163044,-22.795043785367191],[-43.410868935053209,-22.794971632759406],[-43.41081675908606,-22.794876374769643],[-43.410761127024273,-22.794759859504705],[-43.410677590798059,-22.794580208234812],[-43.410662320309712,-22.794494260026887],[-43.410557839772359,-22.793945203233353],[-43.410413324115495,-22.793186313022726],[-43.410325021482443,-22.792745792708988],[-43.410253364401115,-22.792390150409943],[-43.41017488056616,-22.792010147275313],[-43.410167164382983,-22.7919736051226]]},"properties":{"objectid":251276,"nome":" ","geometriaa":"Não","tipotrecho":"Curso dágua","navegavel":"Desconhecido","larguramed":0,"regime":"Temporário","encoberto":"Não","codmun":"330320","municn":"Nilópolis","reggov":"Região Metropolitana","rh":"RH-V","nome_rh":"Baia de Guanabara","id_rh":5,"Shape__Length":0.014741357166610944}},{"type":"Feature","id":251277,"geometry":{"type":"LineString","coordinates":[[-43.410167164382983,-22.7919736051226],[-43.410145241609484,-22.791869777493091],[-43.41001821147114,-22.791459666855022],[-43.40996203082296,-22.791243717148696]]},"properties":{"objectid":251277,"nome":" ","geometriaa":"Não","tipotrecho":"Curso dágua","navegavel":"Desconhecido","larguramed":0,"regime":"Temporário","encoberto":"Não","codmun":"330510","municn":"São João de Meriti","reggov":"Região Metropolitana","rh":"RH-V","nome_rh":"Baia de Guanabara","id_rh":5,"Shape__Length":0.00075858844564845708}},{"type":"Feature","id":252054,"geometry":{"type":"LineString","coordinates":[[-43.392900997682773,-22.747491234658625],[-43.392906767733045,-22.747485222690781],[-43.392928143718727,-22.74744875787972],[-43.392931027844554,-22.747396140345458],[-43.392927601427573,-22.747355770678148],[-43.39285998679884,-22.74713010109916],[-43.392839757448712,-22.746986928130124],[-43.392836983040233,-22.746884228250401],[-43.392824990580721,-22.746846472912296],[-43.392805724404518,-22.746821219949251],[-43.392749623795964,-22.746735649456532],[-43.392684101889692,-22.746671588049264],[-43.392626279079423,-22.746635770750121],[-43.392588487768364,-22.746622214369612],[-43.392566562296906,-22.746608992536842],[-43.392560865091752,-22.746593431567483],[-43.392524874223454,-22.746356208398208],[-43.392486187187671,-22.746309452645015],[-43.392444812078288,-22.746281810183302],[-43.392370704344387,-22.745999653287267],[-43.392332768242568,-22.745815052148849],[-43.392314922095871,-22.745705113626027],[-43.392321979975293,-22.745649832299843],[-43.392340401688045,-22.745615885590585],[-43.392383349711679,-22.745586340163388],[-43.392431235013362,-22.745568649599402],[-43.392470300663717,-22.745545146717035],[-43.392554250578087,-22.745289202360745],[-43.392640035109416,-22.745105087755508],[-43.392682458828297,-22.74497529130257],[-43.392716096170766,-22.744876569124301],[-43.392770120244734,-22.744672502160206],[-43.392820001142006,-22.744511747445141],[-43.392860512902246,-22.744410040416994],[-43.392873803982752,-22.744344912413741],[-43.39293417727032,-22.744131394474213],[-43.393112312283286,-22.743759469050197],[-43.393257392714361,-22.743570770600531],[-43.393359633040518,-22.743442782684223],[-43.393515972084344,-22.743259416315002],[-43.393590844241942,-22.743142990082884],[-43.393676219581721,-22.743058181316002],[-43.393733601724193,-22.742971584696853],[-43.393777403204467,-22.742909555757336],[-43.393808079079463,-22.742866737236092],[-43.393856590309269,-22.742791065581208],[-43.393882598702874,-22.742714163653698],[-43.393886787744918,-22.742694501775798]]},"properties":{"objectid":252054,"nome":" ","geometriaa":"Não","tipotrecho":"Curso dágua","navegavel":"Desconhecido","larguramed":0,"regime":"Permanente","encoberto":"Não","codmun":"330045","municn":"Belford Roxo","reggov":"Região Metropolitana","rh":"RH-V","nome_rh":"Baia de Guanabara","id_rh":5,"Shape__Length":0.0054556572541613561}},{"type":"Feature","id":256557,"geometry":{"type":"LineString","coordinates":[[-43.39443298469439,-22.815103949611874],[-43.393792554982319,-22.814921755958572]]},"properties":{"objectid":256557,"nome":"Rio Pavuna","geometriaa":"Não","tipotrecho":"Curso dágua","navegavel":"Desconhecido","larguramed":0,"regime":"Permanente","encoberto":"Não","codmun":"330320","municn":"Nilópolis","reggov":"Região Metropolitana","rh":"RH-V","nome_rh":"Baia de Guanabara","id_rh":5,"Shape__Length":0.00066584138005933624}},{"type":"Feature","id":256558,"geometry":{"type":"LineString","coordinates":[[-43.393792554982319,-22.814921755958572],[-43.39334932321259,-22.814823803599971],[-43.392989349778539,-22.814801764813897],[-43.392866909779968,-22.814765032904262],[-43.392352662145527,-22.814547090300302],[-43.391887391589705,-22.814341391066687],[-43.391733117389315,-22.814319351381293],[-43.391429465797103,-22.814265478393441],[-43.390917667915907,-22.814025496104129],[-43.390391584304041,-22.813751698406509]]},"properties":{"objectid":256558,"nome":"Rio Pavuna","geometriaa":"Não","tipotrecho":"Curso dágua","navegavel":"Desconhecido","larguramed":0,"regime":"Permanente","encoberto":"Não","codmun":"330320","municn":"Nilópolis","reggov":"Região Metropolitana","rh":"RH-V","nome_rh":"Baia de Guanabara","id_rh":5,"Shape__Length":0.0036322125174766563}},{"type":"Feature","id":256559,"geometry":{"type":"LineString","coordinates":[[-43.393792554982319,-22.814921755958572],[-43.39334932321259,-22.814823803599971],[-43.392989349778539,-22.814801764813897],[-43.392866909779968,-22.814765032904262],[-43.392352662145527,-22.814547090300302],[-43.391887391589705,-22.814341391066687],[-43.391733117389315,-22.814319351381293],[-43.391429465797103,-22.814265478393441],[-43.390917667915907,-22.814025496104129],[-43.390391584304041,-22.813751698406509]]},"properties":{"objectid":256559,"nome":"Rio Pavuna","geometriaa":"Não","tipotrecho":"Curso dágua","navegavel":"Desconhecido","larguramed":0,"regime":"Permanente","encoberto":"Não","codmun":"330455","municn":"Rio de Janeiro","reggov":"Região Metropolitana","rh":"RH-V","nome_rh":"Baia de Guanabara","id_rh":5,"Shape__Length":0.0036322125174766563}},{"type":"Feature","id":256560,"geometry":{"type":"LineString","coordinates":[[-43.390391584304041,-22.813751698406509],[-43.390258941496825,-22.813682664647608],[-43.390114461812857,-22.813650830445798],[-43.390018959207509,-22.813650830445788],[-43.389845094175655,-22.813687562355476],[-43.389578175392387,-22.813758577320797],[-43.389338193103008,-22.813854079926205],[-43.389223099666197,-22.813910402667304],[-43.38881170209828,-22.814192014574171],[-43.388108897207701,-22.814637695197771],[-43.387871363772319,-22.81478707169034],[-43.387775861166915,-22.814809111375688],[-43.387619138112598,-22.814809111375688],[-43.387491800406167,-22.81477237946606],[-43.387122032455693,-22.814603412142073],[-43.386710633988464,-22.814436893672028],[-43.386296787566557,-22.814277722663107],[-43.385263395489176,-22.814089164507653],[-43.38486913899942,-22.814018149542314],[-43.384707518237242,-22.813954481138737],[-43.384572834868329,-22.813856528780132],[-43.384450394869702,-22.813712049995445],[-43.384369584488638,-22.813550429233256],[-43.384183476086427,-22.81306067013816],[-43.383977776852817,-22.812742326321672],[-43.383828400360237,-22.812556217919479],[-43.383590866924862,-22.812370109517325],[-43.383066824774005,-22.812012584937218],[-43.382907652865754,-22.811929325702213],[-43.382682363699985,-22.811885247230787],[-43.382278311794543,-22.811811783411471],[-43.382040778359112,-22.811728524176409],[-43.381639176206868,-22.811500786156778],[-43.38118614812214,-22.811251009350986],[-43.381058811314972,-22.811197135463836],[-43.380583744444152,-22.811118773936702],[-43.380155204898635,-22.811037963555577],[-43.379998481844325,-22.810964499736258],[-43.379839309936074,-22.810797982165525],[-43.379709524275029,-22.810670644459105],[-43.379611571916364,-22.810626565987672],[-43.379520967018884,-22.810631463695472],[-43.379170789000568,-22.810685336683328],[-43.378103112968176,-22.810827367513411],[-43.377140735856131,-22.810903280186672],[-43.37695217860005,-22.810878791647337],[-43.376778313568195,-22.810797982165525],[-43.376628937075679,-22.810658400189435],[-43.376530985616391,-22.810496779427247],[-43.376467317212814,-22.810315568732918]]},"properties":{"objectid":256560,"nome":"Rio Pavuna","geometriaa":"Não","tipotrecho":"Curso dágua","navegavel":"Desconhecido","larguramed":0,"regime":"Permanente","encoberto":"Não","codmun":"330510","municn":"São João de Meriti","reggov":"Região Metropolitana","rh":"RH-V","nome_rh":"Baia de Guanabara","id_rh":5,"Shape__Length":0.016018752710646237}},{"type":"Feature","id":256561,"geometry":{"type":"LineString","coordinates":[[-43.390391584304041,-22.813751698406509],[-43.390258941496825,-22.813682664647608],[-43.390114461812857,-22.813650830445798],[-43.390018959207509,-22.813650830445788],[-43.389845094175655,-22.813687562355476],[-43.389578175392387,-22.813758577320797],[-43.389338193103008,-22.813854079926205],[-43.389223099666197,-22.813910402667304],[-43.38881170209828,-22.814192014574171],[-43.388108897207701,-22.814637695197771],[-43.387871363772319,-22.81478707169034],[-43.387775861166915,-22.814809111375688],[-43.387619138112598,-22.814809111375688],[-43.387491800406167,-22.81477237946606],[-43.387122032455693,-22.814603412142073],[-43.386710633988464,-22.814436893672028],[-43.386296787566557,-22.814277722663107],[-43.385263395489176,-22.814089164507653],[-43.38486913899942,-22.814018149542314],[-43.384707518237242,-22.813954481138737],[-43.384572834868329,-22.813856528780132],[-43.384450394869702,-22.813712049995445],[-43.384369584488638,-22.813550429233256],[-43.384183476086427,-22.81306067013816],[-43.383977776852817,-22.812742326321672],[-43.383828400360237,-22.812556217919479],[-43.383590866924862,-22.812370109517325],[-43.383066824774005,-22.812012584937218],[-43.382907652865754,-22.811929325702213],[-43.382682363699985,-22.811885247230787],[-43.382278311794543,-22.811811783411471],[-43.382040778359112,-22.811728524176409],[-43.381639176206868,-22.811500786156778],[-43.38118614812214,-22.811251009350986],[-43.381058811314972,-22.811197135463836],[-43.380583744444152,-22.811118773936702],[-43.380155204898635,-22.811037963555577],[-43.379998481844325,-22.810964499736258],[-43.379839309936074,-22.810797982165525],[-43.379709524275029,-22.810670644459105],[-43.379611571916364,-22.810626565987672],[-43.379520967018884,-22.810631463695472],[-43.379170789000568,-22.810685336683328],[-43.378103112968176,-22.810827367513411],[-43.377140735856131,-22.810903280186672],[-43.37695217860005,-22.810878791647337],[-43.376778313568195,-22.810797982165525],[-43.376628937075679,-22.810658400189435],[-43.376530985616391,-22.810496779427247],[-43.376467317212814,-22.810315568732918]]},"properties":{"objectid":256561,"nome":"Rio Pavuna","geometriaa":"Não","tipotrecho":"Curso dágua","navegavel":"Desconhecido","larguramed":0,"regime":"Permanente","encoberto":"Não","codmun":"330455","municn":"Rio de Janeiro","reggov":"Região Metropolitana","rh":"RH-V","nome_rh":"Baia de Guanabara","id_rh":5,"Shape__Length":0.016018752710646237}},{"type":"Feature","id":256562,"geometry":{"type":"LineString","coordinates":[[-43.376467317212814,-22.810315568732918],[-43.376409059130651,-22.809758918064034]]},"properties":{"objectid":256562,"nome":"Rio Pavuna","geometriaa":"Não","tipotrecho":"Curso dágua","navegavel":"Desconhecido","larguramed":0,"regime":"Permanente","encoberto":"Não","codmun":"330510","municn":"São João de Meriti","reggov":"Região Metropolitana","rh":"RH-V","nome_rh":"Baia de Guanabara","id_rh":5,"Shape__Length":0.00055969096054384819}},{"type":"Feature","id":262028,"geometry":{"type":"LineString","coordinates":[[-43.414636648362489,-22.734033620381474],[-43.414608640776009,-22.734095794111809],[-43.414555514225476,-22.734198472407748],[-43.414417620276829,-22.734355052469887],[-43.414264871326615,-22.73453676408656],[-43.414219228034824,-22.734611585882135],[-43.414196917653491,-22.734661804924535],[-43.41416883902059,-22.73470958230757],[-43.414133312202459,-22.734757053921037],[-43.414100255822007,-22.734792623906625],[-43.413989680579164,-22.734942518408658],[-43.413902443642776,-22.735129257235585],[-43.413863403173416,-22.735229167418296],[-43.413828280150881,-22.735292669447272],[-43.41380654623498,-22.73532076157003],[-43.413720179842294,-22.735440508099124],[-43.413682878661803,-22.735496416252747],[-43.413638245308675,-22.735646235211714],[-43.413585745585578,-22.735826743535508],[-43.413533376264184,-22.736002468365339],[-43.41347795824106,-22.736190301667218],[-43.413442126552752,-22.73634714343207],[-43.413422754256601,-22.736385544483433],[-43.413400409701012,-22.736418961492028],[-43.413375401353555,-22.73645231554805],[-43.413344893651811,-22.736490414427191],[-43.413312324703895,-22.736523682148356],[-43.413273983907118,-22.736556731334186],[-43.41323278236689,-22.7365664799852],[-43.413199020917943,-22.736564720911264],[-43.413132455798063,-22.736546126528662],[-43.41302003424704,-22.73649135242011],[-43.412849698154908,-22.736401153116859],[-43.412609296781518,-22.736274131072395],[-43.412558940142851,-22.736248768392073],[-43.412513840940903,-22.736240460455022],[-43.41232371976372,-22.736240875042487],[-43.412106437262139,-22.736272138174758],[-43.411909649410688,-22.736330580617913],[-43.411734439892371,-22.736382225085734],[-43.411654869676397,-22.736410553730209],[-43.411554500839429,-22.736471105982858],[-43.411403862598029,-22.736546580686255],[-43.411321578228126,-22.736605772264681],[-43.411213370900214,-22.736708613337964],[-43.41117995479096,-22.736742183231289],[-43.411159721843546,-22.736780908038611],[-43.411132882476409,-22.736964589170558],[-43.411134287217457,-22.737058803946752],[-43.411056834904912,-22.737237203360333],[-43.410980969895718,-22.737383142644028],[-43.410906391816411,-22.737490191645104],[-43.410842663158228,-22.737542870333293],[-43.41073767989991,-22.7375978521852],[-43.410596061858655,-22.737658328894888],[-43.410290158363978,-22.737735094125398],[-43.41006745384982,-22.737787416682053],[-43.409844897723758,-22.737841970456635],[-43.409638031170068,-22.737878386704313],[-43.409443235316921,-22.73791373096001],[-43.409233340745971,-22.737971652695688],[-43.409072103094964,-22.738044440224808],[-43.4089907180471,-22.738083910570122],[-43.408955711936407,-22.738092836341409],[-43.408904797718087,-22.738098743088621],[-43.408725032234315,-22.738123660604547],[-43.408598367220748,-22.738135484890819],[-43.408298433425841,-22.738164130995962],[-43.408065883133872,-22.738171383128911],[-43.40795603364392,-22.738184935012807],[-43.407891483005415,-22.738198743203537],[-43.407477957641504,-22.738278435727324],[-43.407268292397646,-22.738319255055643],[-43.406990679775966,-22.738398457448938],[-43.406810103103687,-22.738455608465664],[-43.406597705719442,-22.7385065820392],[-43.406367622267851,-22.738532745116192],[-43.406129679640856,-22.738543615221747],[-43.405916150909484,-22.738548887946905],[-43.405750493990013,-22.738564852711836],[-43.405648107074342,-22.738588502183713],[-43.405540100295298,-22.738638952351845],[-43.40534399592854,-22.738762308759608],[-43.405092534692592,-22.7389428161841],[-43.404909115263358,-22.7390821202697],[-43.404748055678112,-22.739195761301421],[-43.404570424285502,-22.739320001742733],[-43.404434444993512,-22.739414498006742],[-43.404354365761264,-22.739489112958264],[-43.404323542397435,-22.739533735519558],[-43.404289646949515,-22.739669685133887],[-43.404275942180846,-22.73983941418367],[-43.404271775621851,-22.740027247485539],[-43.404238310949154,-22.740222835641397],[-43.404186580146416,-22.740422777415269],[-43.404145655597404,-22.740521647981701],[-43.404033634244684,-22.740677939361458],[-43.403903497848027,-22.740813725299205],[-43.403780232271806,-22.740903935394346],[-43.403669693901122,-22.74094679528443],[-43.403516622094294,-22.741046604743055],[-43.40326078925392,-22.741192567409048],[-43.403139817848164,-22.741295200738943],[-43.402997481248633,-22.741471412102001],[-43.402871043763525,-22.741646207032836],[-43.402757088868434,-22.741785920309965],[-43.402707595578931,-22.741827445606134],[-43.402625257249724,-22.741890903568333],[-43.402574010282244,-22.741897835542655],[-43.402510456991884,-22.74189410515481],[-43.402427597955175,-22.741873931562687],[-43.402265166903817,-22.741786758478106],[-43.401916924226555,-22.741614785619849],[-43.401692836555064,-22.741524964031846],[-43.401495683578794,-22.741460352239493],[-43.401338920954345,-22.741442512388073],[-43.401197704010713,-22.741447017991515],[-43.401117183211333,-22.741471162989814],[-43.401078565423347,-22.741498733505768],[-43.401045321983929,-22.741533186533339],[-43.401037058113616,-22.741540527699225],[-43.401031643295596,-22.741542878527021],[-43.400994076815095,-22.741553814283133],[-43.400942991725572,-22.741562587169668],[-43.400844854106595,-22.741546762698942],[-43.400656250085774,-22.741536907927994],[-43.400406974202376,-22.741505316543122],[-43.400232697281012,-22.741475173066771],[-43.40008901889297,-22.74146568342054],[-43.399886860290223,-22.741477156071895],[-43.39970464775115,-22.741504238255992],[-43.399442694124893,-22.741528534340389],[-43.399220527405305,-22.74156374099983],[-43.39908432418207,-22.741579033971227],[-43.39895107972842,-22.741584498252013],[-43.398717400787284,-22.741576010450512],[-43.398569224889684,-22.741557904399773],[-43.398363487884517,-22.741517357566025],[-43.398208203745469,-22.741473616340347]]},"properties":{"objectid":262028,"nome":"Rio da Bota","geometriaa":"Não","tipotrecho":"Curso dágua","navegavel":"Desconhecido","larguramed":0,"regime":"Permanente","encoberto":"Não","codmun":"330045","municn":"Belford Roxo","reggov":"Região Metropolitana","rh":"RH-V","nome_rh":"Baia de Guanabara","id_rh":5,"Shape__Length":0.020735105545030774}},{"type":"Feature","id":264153,"geometry":{"type":"LineString","coordinates":[[-43.422934048067766,-22.748902904970926],[-43.422930659422263,-22.74890037427868],[-43.422805340693792,-22.748824212493233],[-43.422432299211096,-22.748598675114589],[-43.422426050721519,-22.748595274777944]]},"properties":{"objectid":264153,"nome":" ","geometriaa":"Não","tipotrecho":"Curso dágua","navegavel":"Desconhecido","larguramed":0,"regime":"Temporário","encoberto":"Não","codmun":"330045","municn":"Belford Roxo","reggov":"Região Metropolitana","rh":"RH-V","nome_rh":"Baia de Guanabara","id_rh":5,"Shape__Length":0.0005939112534445347}},{"type":"Feature","id":264154,"geometry":{"type":"LineString","coordinates":[[-43.426636466099922,-22.751288914277737],[-43.425596187913641,-22.750645430468033],[-43.424581383923623,-22.750011710597771],[-43.423264451792875,-22.749109374923549],[-43.423010576776562,-22.748960052390327],[-43.422934048067766,-22.748902904970926]]},"properties":{"objectid":264154,"nome":" ","geometriaa":"Não","tipotrecho":"Curso dágua","navegavel":"Desconhecido","larguramed":0,"regime":"Temporário","encoberto":"Não","codmun":"330350","municn":"Nova Iguaçu","reggov":"Região Metropolitana","rh":"RH-V","nome_rh":"Baia de Guanabara","id_rh":5,"Shape__Length":0.0044060891969355843}},{"type":"Feature","id":267749,"geometry":{"type":"LineString","coordinates":[[-43.31661653482513,-22.819645288523454],[-43.314758223413151,-22.819674269176378],[-43.312986181267156,-22.819705269706649],[-43.312195119608987,-22.819666072755268],[-43.311626879376888,-22.819565243465409]]},"properties":{"objectid":267749,"nome":"Rio Lucas","geometriaa":"Não","tipotrecho":"Curso dágua","navegavel":"Desconhecido","larguramed":0,"regime":"Temporário","encoberto":"Não","codmun":"330455","municn":"Rio de Janeiro","reggov":"Região Metropolitana","rh":"RH-V","nome_rh":"Baia de Guanabara","id_rh":5,"Shape__Length":0.0049999993767012941}},{"type":"Feature","id":267945,"geometry":{"type":"LineString","coordinates":[[-43.399568507480524,-22.754803726536448],[-43.399320328770045,-22.754676471567617],[-43.399113769784549,-22.754428882812409],[-43.398840347104219,-22.754203497419212],[-43.398524939574209,-22.754021609535364],[-43.398355357113935,-22.75380371639411],[-43.398309706627515,-22.753651804712739],[-43.398282253023467,-22.753534394622331],[-43.398151772186395,-22.753417214758397],[-43.397982935264103,-22.753090577393976],[-43.397872378907039,-22.752776355170436],[-43.397831311365799,-22.752673979945971],[-43.397654107151197,-22.752346897417155],[-43.397461975089982,-22.752030682295921],[-43.39739947220778,-22.751954553785431],[-43.397301572009845,-22.751832643487493],[-43.397291352114109,-22.751823960533102],[-43.397010377826575,-22.751569440702905],[-43.396735859771972,-22.751304146095283],[-43.396483804084198,-22.751036995286903]]},"properties":{"objectid":267945,"nome":" ","geometriaa":"Não","tipotrecho":"Curso dágua","navegavel":"Desconhecido","larguramed":0,"regime":"Temporário","encoberto":"Não","codmun":"330045","municn":"Belford Roxo","reggov":"Região Metropolitana","rh":"RH-V","nome_rh":"Baia de Guanabara","id_rh":5,"Shape__Length":0.0050000002093060526}},{"type":"Feature","id":267946,"geometry":{"type":"LineString","coordinates":[[-43.396483804084198,-22.751036995286903],[-43.396479337151561,-22.751032259456974],[-43.396280359450877,-22.750718954541888],[-43.396055030714983,-22.750419203309406],[-43.395818893027354,-22.750127921891917],[-43.395712325163565,-22.750006764326532],[-43.395660928908626,-22.749950607060658],[-43.395592771988731,-22.749884205617416],[-43.395399511278299,-22.749703484154271],[-43.395320680305019,-22.749630439419086],[-43.395247533946417,-22.749542333737566],[-43.395170531294873,-22.749401638400741],[-43.395120805080978,-22.749326431695291],[-43.395072417058259,-22.749198817896971],[-43.395041804135815,-22.749151768964801],[-43.395008512133018,-22.749098189155916],[-43.394917966590754,-22.749043170431779],[-43.39473891157138,-22.748957902111343],[-43.394598594849121,-22.74889225519923],[-43.394591767196175,-22.748888978069726],[-43.394533745635719,-22.748865751279265],[-43.394397120630515,-22.748797112322691],[-43.394311756082573,-22.748763843702267],[-43.394199101607114,-22.748729793570948],[-43.394130864647593,-22.748718600608768],[-43.394109044396771,-22.748718097887732],[-43.394089358237188,-22.748724527141075],[-43.393997775776597,-22.748696307314582],[-43.393835261088327,-22.748632930291322],[-43.3937311501723,-22.748593027372138],[-43.393693486565041,-22.748570340174883],[-43.393672764386459,-22.748563860559582],[-43.393635324710367,-22.748543977448453],[-43.393390041816872,-22.748385694969699],[-43.39338472502493,-22.748366934212498],[-43.393347118974248,-22.748328739105862],[-43.393267094600617,-22.748165428517584],[-43.393181069950288,-22.74800499036386],[-43.393124042140698,-22.747894652542055],[-43.393064926105353,-22.747744343452538],[-43.393001969964814,-22.747649545016351],[-43.392972816642043,-22.747596208024433],[-43.392953706048552,-22.747570419065461],[-43.392900997682773,-22.747491234658625]]},"properties":{"objectid":267946,"nome":" ","geometriaa":"Não","tipotrecho":"Curso dágua","navegavel":"Desconhecido","larguramed":0,"regime":"Permanente","encoberto":"Não","codmun":"330045","municn":"Belford Roxo","reggov":"Região Metropolitana","rh":"RH-V","nome_rh":"Baia de Guanabara","id_rh":5,"Shape__Length":0.0052625212652067845}},{"type":"Feature","id":267947,"geometry":{"type":"LineString","coordinates":[[-43.337977365163169,-22.748707841119838],[-43.337840810305003,-22.749081570583829],[-43.337676535643482,-22.749468646886388],[-43.337496571409524,-22.749808508781467],[-43.337406650896128,-22.750010291467603],[-43.337307058174069,-22.750189091079488],[-43.337134288516495,-22.750513583560835],[-43.336966826657608,-22.75084192424119],[-43.336759865675162,-22.751151340487763],[-43.336572771615977,-22.751468458528347],[-43.336406678525293,-22.751796089643619],[-43.33623960067689,-22.75212461468498],[-43.336052535396057,-22.752447241073057],[-43.335884414334146,-22.752773315461905],[-43.335703218028982,-22.753093474110276],[-43.335679507403199,-22.753138902464137]]},"properties":{"objectid":267947,"nome":" ","geometriaa":"Não","tipotrecho":"Curso dágua","navegavel":"Desconhecido","larguramed":0,"regime":"Temporário","encoberto":"Não","codmun":"330045","municn":"Belford Roxo","reggov":"Região Metropolitana","rh":"RH-V","nome_rh":"Baia de Guanabara","id_rh":5,"Shape__Length":0.0049999997695543957}},{"type":"Feature","id":267948,"geometry":{"type":"LineString","coordinates":[[-43.335679507403199,-22.753138902464137],[-43.335528066966617,-22.753429048037855],[-43.335363044968403,-22.753756328417545],[-43.335189362498966,-22.754083067405368],[-43.33502995586764,-22.75441284430303],[-43.334826355651678,-22.754725271479789],[-43.334643845436972,-22.755057064657521],[-43.334475887152337,-22.755393254620714],[-43.334294232192917,-22.755726591035017],[-43.334096075573314,-22.756039526328742],[-43.333877808314071,-22.756509119925639],[-43.333726352588997,-22.756776858890593]]},"properties":{"objectid":267948,"nome":" ","geometriaa":"Não","tipotrecho":"Curso dágua","navegavel":"Desconhecido","larguramed":0,"regime":"Permanente","encoberto":"Não","codmun":"330045","municn":"Belford Roxo","reggov":"Região Metropolitana","rh":"RH-V","nome_rh":"Baia de Guanabara","id_rh":5,"Shape__Length":0.0041330040057579471}},{"type":"Feature","id":268050,"geometry":{"type":"LineString","coordinates":[[-43.422426050721519,-22.748595274777944],[-43.422167941697005,-22.748454796177747],[-43.421929085358897,-22.748329737353366],[-43.421726059809714,-22.748205647098786],[-43.421664747629904,-22.748170515982359],[-43.421576784041235,-22.748152787646887],[-43.421505213294836,-22.748129418763508],[-43.421433850291862,-22.748106161396073],[-43.420797132981193,-22.747965657614863],[-43.420729217079611,-22.747945671081748],[-43.420667570351959,-22.747907319493073],[-43.420568030689942,-22.747825544139445],[-43.420464734559751,-22.747709625124955],[-43.420332866068804,-22.747605582557451],[-43.420193442373375,-22.74752848817506],[-43.420092402642126,-22.747485867504668],[-43.420036957639354,-22.747453355214066],[-43.419988835816014,-22.747418936360688],[-43.419852458124296,-22.74734796546209],[-43.419738889937719,-22.747283735881574],[-43.419677798991131,-22.747224102736023],[-43.419620335010336,-22.747143191630858],[-43.419566238990626,-22.747071645166148],[-43.41951165373974,-22.747012146918905],[-43.419357639443376,-22.746840007686103],[-43.419219498181171,-22.746689576288819],[-43.419140186969912,-22.746585314286737],[-43.419103438872462,-22.746523838430289],[-43.419042790392325,-22.746448938393669],[-43.419000736294834,-22.746411016680963],[-43.418961872092609,-22.746374562661817],[-43.41892278485853,-22.746359823672851],[-43.418740289032996,-22.746284282419605],[-43.418530547346784,-22.746204356971372],[-43.418373761339915,-22.746132365342262],[-43.418288748426903,-22.746096154140123],[-43.417892731963882,-22.745934230306396],[-43.417660389415346,-22.745829219169043],[-43.417522212180252,-22.745767833244798],[-43.417457199290197,-22.745746466252314],[-43.417122200029382,-22.745591806242803],[-43.416818721106949,-22.74543365416574]]},"properties":{"objectid":268050,"nome":" ","geometriaa":"Não","tipotrecho":"Curso dágua","navegavel":"Desconhecido","larguramed":0,"regime":"Permanente","encoberto":"Não","codmun":"330045","municn":"Belford Roxo","reggov":"Região Metropolitana","rh":"RH-V","nome_rh":"Baia de Guanabara","id_rh":5,"Shape__Length":0.0065777723958680215}},{"type":"Feature","id":270346,"geometry":{"type":"LineString","coordinates":[[-43.315911614729146,-22.801099610483284],[-43.315877438692723,-22.800725837851765]]},"properties":{"objectid":270346,"nome":"Rio Cambuí","geometriaa":"Não","tipotrecho":"Curso dágua","navegavel":"Desconhecido","larguramed":0,"regime":"Temporário","encoberto":"Não","codmun":"330455","municn":"Rio de Janeiro","reggov":"Região Metropolitana","rh":"RH-V","nome_rh":"Baia de Guanabara","id_rh":5,"Shape__Length":0.00037533182855096001}},{"type":"Feature","id":270403,"geometry":{"type":"LineString","coordinates":[[-43.387236259845402,-22.753111367921033],[-43.387489052977287,-22.75282871459925],[-43.387755469938895,-22.752563268905522],[-43.388014626673566,-22.752294135991342],[-43.388046224353673,-22.752273412014119],[-43.38818454997687,-22.75225223028195],[-43.388334208856513,-22.752310818415296],[-43.388600308357411,-22.752047353927988],[-43.388629338473095,-22.752029675055208],[-43.38898544662095,-22.75187937585827],[-43.389336790160598,-22.751720087038166],[-43.389693063783731,-22.75157213597107],[-43.390063426186032,-22.7514516915681],[-43.390429327051656,-22.751321356421219],[-43.390789050474162,-22.75116964438935],[-43.391145493169859,-22.751023679025387],[-43.391511156614456,-22.75089677119481],[-43.391534871736837,-22.750887099885539]]},"properties":{"objectid":270403,"nome":" ","geometriaa":"Não","tipotrecho":"Curso dágua","navegavel":"Desconhecido","larguramed":0,"regime":"Temporário","encoberto":"Não","codmun":"330045","municn":"Belford Roxo","reggov":"Região Metropolitana","rh":"RH-V","nome_rh":"Baia de Guanabara","id_rh":5,"Shape__Length":0.0050000008730562906}},{"type":"Feature","id":270404,"geometry":{"type":"LineString","coordinates":[[-43.391534871736837,-22.750887099885539],[-43.391849539124792,-22.750758767528875],[-43.392118141438964,-22.750632137588891],[-43.39223971628973,-22.750473305624364],[-43.392234651308002,-22.750356517864795],[-43.392102944695012,-22.750146300437201],[-43.392067485326102,-22.749800607337978],[-43.392049758789192,-22.749607453646881],[-43.392088534857855,-22.748883064127941],[-43.392122073274948,-22.748311887609379],[-43.392137322179565,-22.748219427410476],[-43.392182749634067,-22.7481272019347],[-43.392257932957136,-22.748058187061556],[-43.392338864746712,-22.747986027259198],[-43.392453099330972,-22.747877743488957],[-43.392660533356839,-22.747698186647863],[-43.392837442593759,-22.747557443646986],[-43.392900997682773,-22.747491234658625]]},"properties":{"objectid":270404,"nome":" ","geometriaa":"Não","tipotrecho":"Curso dágua","navegavel":"Desconhecido","larguramed":0,"regime":"Permanente","encoberto":"Não","codmun":"330045","municn":"Belford Roxo","reggov":"Região Metropolitana","rh":"RH-V","nome_rh":"Baia de Guanabara","id_rh":5,"Shape__Length":0.004197428167840184}},{"type":"Feature","id":270465,"geometry":{"type":"LineString","coordinates":[[-43.389485288914841,-22.831457014853275],[-43.389401185216393,-22.830895033003351],[-43.389296054469241,-22.83056559425075],[-43.389127847072359,-22.830391185129034],[-43.388686300632166,-22.830236155498145],[-43.388455013887665,-22.83008112496789],[-43.38797141514857,-22.829906714946926],[-43.387740129303381,-22.82975168351734],[-43.387571921007229,-22.829499758231261],[-43.387445765009936,-22.82913155869845],[-43.387298582863195,-22.82849205079151],[-43.387403712711027,-22.82789129826882],[-43.387595174777402,-22.827602535852364]]},"properties":{"objectid":270465,"nome":" ","geometriaa":"Não","tipotrecho":"Curso dágua","navegavel":"Desconhecido","larguramed":0,"regime":"Temporário","encoberto":"Não","codmun":"330455","municn":"Rio de Janeiro","reggov":"Região Metropolitana","rh":"RH-V","nome_rh":"Baia de Guanabara","id_rh":5,"Shape__Length":0.0050000000935889535}},{"type":"Feature","id":270466,"geometry":{"type":"LineString","coordinates":[[-43.387595174777402,-22.827602535852364],[-43.38763499945555,-22.827542473730222],[-43.388013467447422,-22.827193647392932],[-43.388223728042476,-22.827135509819954],[-43.388539118485426,-22.827057992756206],[-43.388959638776214,-22.826902958628665],[-43.389169898471891,-22.826631648455848],[-43.389464262765387,-22.826185922866095],[-43.3897165756593,-22.82564329892319],[-43.3897165756593,-22.825352606561641],[-43.389611444912134,-22.824829358512165],[-43.389464262765387,-22.824228590700994],[-43.389380159066953,-22.823899135760648],[-43.389232976920255,-22.823569679920915],[-43.389169898471884,-22.823278983062718],[-43.3892119507708,-22.822891386952062],[-43.389380159066945,-22.822484409551993],[-43.389576089864534,-22.822104415410621],[-43.389623610041433,-22.822089813118527],[-43.389693709496946,-22.822101991737693],[-43.38976095810159,-22.822141233655159],[-43.389881360236473,-22.822175594951922],[-43.390046115135988,-22.822174640771177],[-43.390112146957904,-22.822118502391135],[-43.39020722058666,-22.822045046665746],[-43.390416900219634,-22.821976812404142],[-43.390593524371525,-22.822027003567516],[-43.390638243160247,-22.822039331474151],[-43.390690732990841,-22.822051528979024],[-43.390843804797619,-22.821361672527352],[-43.390876716387247,-22.821321211129124],[-43.390914045446728,-22.821306098921511],[-43.390966611719648,-22.821302576277038],[-43.391064873445032,-22.821305204096056],[-43.391172665286149,-22.821288929065002],[-43.391189336018897,-22.821261649929383],[-43.391413627836528,-22.820690311532804],[-43.391481824326604,-22.820472081145798],[-43.39151365043449,-22.820176561223505],[-43.391550021716,-22.819996217475666],[-43.391574269237019,-22.819928020985596],[-43.391621249820723,-22.819884072016496],[-43.39170308632827,-22.8198249676723],[-43.391754612984862,-22.819781018703242],[-43.391797046596309,-22.819735554376535],[-43.391813716429738,-22.819612799615221],[-43.39183948020775,-22.819330918811069],[-43.39183948020775,-22.819135420587422],[-43.391828871804883,-22.818944469336021],[-43.391845541638304,-22.818777765605642],[-43.391933440475789,-22.818479214968022],[-43.3919789048025,-22.818333728043342],[-43.392010730011066,-22.818264015296283],[-43.392105335093049,-22.818139065289877],[-43.39215123109431,-22.818080272111111],[-43.39221406222908,-22.817994292426881],[-43.392276762062806,-22.817919487718438],[-43.3923625690772,-22.817803006627706],[-43.392436238841242,-22.817708168621341],[-43.392505134104503,-22.817619455897407],[-43.392617166249124,-22.817478918841314],[-43.392692205680646,-22.817380488942685],[-43.392788986222634,-22.81725662261929],[-43.392891606062676,-22.817120753044588],[-43.393038570573481,-22.816932245251198],[-43.393149054085484,-22.81679032144045],[-43.393205697884525,-22.816717550099142],[-43.394338519007306,-22.815223947051852],[-43.394379076632958,-22.815123439719301]]},"properties":{"objectid":270466,"nome":" ","geometriaa":"Não","tipotrecho":"Curso dágua","navegavel":"Desconhecido","larguramed":0,"regime":"Permanente","encoberto":"Não","codmun":"330455","municn":"Rio de Janeiro","reggov":"Região Metropolitana","rh":"RH-V","nome_rh":"Baia de Guanabara","id_rh":5,"Shape__Length":0.016173893254313215}},{"type":"Feature","id":270467,"geometry":{"type":"LineString","coordinates":[[-43.353628216368975,-22.791228912509155],[-43.353823846792977,-22.791188833322845],[-43.353983249827024,-22.791215552180855],[-43.354142651961695,-22.791275670960321],[-43.354294809157977,-22.791342469903952],[-43.354425229740457,-22.791355829332925],[-43.354555650322872,-22.791349150068076],[-43.354707807519162,-22.79130907088177],[-43.354961401947037,-22.791295710553456],[-43.355236733888034,-22.791362509497102],[-43.355367154470457,-22.791409267948207],[-43.355512065829025,-22.791529505507121],[-43.355635240573747,-22.7917365807035],[-43.355859853449374,-22.792050532231126],[-43.356359798265935,-22.792631675935958],[-43.356540937913849,-22.793453287563985],[-43.356691553672142,-22.794222765493021]]},"properties":{"objectid":270467,"nome":" ","geometriaa":"Não","tipotrecho":"Curso dágua","navegavel":"Desconhecido","larguramed":0,"regime":"Temporário","encoberto":"Não","codmun":"330510","municn":"São João de Meriti","reggov":"Região Metropolitana","rh":"RH-V","nome_rh":"Baia de Guanabara","id_rh":5,"Shape__Length":0.0049999995442325182}},{"type":"Feature","id":270468,"geometry":{"type":"LineString","coordinates":[[-43.356691553672142,-22.794222765493021],[-43.356714831723991,-22.794341690941099],[-43.356881479696419,-22.795143253982779],[-43.357019146116556,-22.795677626645912],[-43.357019146116563,-22.795911413505689],[-43.356975672888893,-22.796639491144315],[-43.356932198761854,-22.797153818818437],[-43.356939444599554,-22.797554592695032],[-43.356961181213421,-22.797761658898157],[-43.356990163664989,-22.798082276200791],[-43.356990163664996,-22.798436290726958],[-43.356932198761854,-22.798883816759428],[-43.356751060013266,-22.799725429309813],[-43.356707585886284,-22.799812261551299],[-43.356494574265071,-22.800050446995179],[-43.356004945571669,-22.800625437538553],[-43.355887171255802,-22.800785345092223],[-43.355842891336238,-22.800935268372605],[-43.355682078165273,-22.80146352204854],[-43.355621316370559,-22.80202145065406],[-43.35560312128689,-22.80225041355035],[-43.355586300367349,-22.802364815408531],[-43.355538975343336,-22.802446678895734],[-43.355321079504101,-22.802610652284351]]},"properties":{"objectid":270468,"nome":" ","geometriaa":"Não","tipotrecho":"Curso dágua","navegavel":"Desconhecido","larguramed":0,"regime":"Permanente","encoberto":"Não","codmun":"330510","municn":"São João de Meriti","reggov":"Região Metropolitana","rh":"RH-V","nome_rh":"Baia de Guanabara","id_rh":5,"Shape__Length":0.0089209407980994741}},{"type":"Feature","id":270616,"geometry":{"type":"LineString","coordinates":[[-43.386266396776641,-22.747743399164442],[-43.386831974116205,-22.747265631629478],[-43.387023791414713,-22.747050871726234],[-43.387068890616717,-22.746993557032908],[-43.387081615124316,-22.746960388237195],[-43.387091019334946,-22.746921193983784],[-43.387110265726051,-22.746888017993516],[-43.387123919233368,-22.746873200763513],[-43.387223154025207,-22.746758286291772],[-43.387282791667353,-22.746694286937682],[-43.387305304396136,-22.746661100155514],[-43.387321547051613,-22.746615998255614],[-43.387337850861002,-22.746573924373038],[-43.38735751993346,-22.746500587358142],[-43.387755302664964,-22.746075460739821],[-43.38805965033248,-22.745794707685519],[-43.388501310986612,-22.74538920517362],[-43.38860860999921,-22.745292814038052],[-43.38870482306902,-22.745165693068184],[-43.388720730277377,-22.745120395116079],[-43.388841753843735,-22.744590926456052],[-43.389050247270973,-22.743792325781182]]},"properties":{"objectid":270616,"nome":" ","geometriaa":"Não","tipotrecho":"Curso dágua","navegavel":"Desconhecido","larguramed":0,"regime":"Temporário","encoberto":"Não","codmun":"330045","municn":"Belford Roxo","reggov":"Região Metropolitana","rh":"RH-V","nome_rh":"Baia de Guanabara","id_rh":5,"Shape__Length":0.0049999997638529121}},{"type":"Feature","id":270617,"geometry":{"type":"LineString","coordinates":[[-43.389050247270973,-22.743792325781182],[-43.38929825870752,-22.742842359313432],[-43.389314665039649,-22.742799899621652],[-43.389330092010027,-22.742733532352631],[-43.38936970175024,-22.742572015911769],[-43.38938250359957,-22.742541755523565],[-43.389388930154894,-22.742529651548171],[-43.390081293916467,-22.742106996266834],[-43.390109191785655,-22.742086044761148],[-43.390149723330921,-22.742049823666427],[-43.390612578307696,-22.741797106077563],[-43.390828080151664,-22.741683186256072],[-43.391511074776133,-22.741275475908491],[-43.391543531308798,-22.74125392545433],[-43.391582499832396,-22.741227085187877],[-43.392021127073228,-22.740979185267197],[-43.393853482252261,-22.739225084596068],[-43.394835397135751,-22.738732646420566],[-43.394981122380784,-22.738655960330352],[-43.395146130889088,-22.738566323103409]]},"properties":{"objectid":270617,"nome":" ","geometriaa":"Não","tipotrecho":"Curso dágua","navegavel":"Desconhecido","larguramed":0,"regime":"Permanente","encoberto":"Não","codmun":"330045","municn":"Belford Roxo","reggov":"Região Metropolitana","rh":"RH-V","nome_rh":"Baia de Guanabara","id_rh":5,"Shape__Length":0.0083529451699649541}},{"type":"Feature","id":271185,"geometry":{"type":"LineString","coordinates":[[-43.425901631854686,-22.743290439328256],[-43.425896215238026,-22.743287735066897],[-43.425866746253227,-22.743272608470047],[-43.425436710235878,-22.743096302678204],[-43.425203069965562,-22.742911102591307],[-43.424234216835544,-22.742488601993379],[-43.423607886694469,-22.742212844673016],[-43.423055944875834,-22.741925849424437],[-43.422880399011092,-22.74184302905855],[-43.422498876022189,-22.741697760669133],[-43.422420239302483,-22.74167642425358],[-43.422318350611256,-22.741670024677887],[-43.422025046618501,-22.741666080251377],[-43.421820127097078,-22.741683637715717],[-43.421740829375665,-22.741696580758585],[-43.421653853242617,-22.741736368564549],[-43.421366709605813,-22.741871091503693],[-43.421296778323558,-22.741896380439588],[-43.421220629128648,-22.741906078728569],[-43.421108825411864,-22.741899519073574],[-43.420943943707918,-22.741881240352946],[-43.42076783486754,-22.741889500625977],[-43.420645259071307,-22.74190377196749],[-43.420472401280172,-22.741947104001664],[-43.420325640915451,-22.742003646177348],[-43.419851522829397,-22.742202926050197],[-43.419627706753147,-22.7422999593017],[-43.419573608934797,-22.742337812665934],[-43.419529674354862,-22.742392022000217],[-43.419025627730434,-22.743199429735881],[-43.418547969013446,-22.743943864243892],[-43.41844263501946,-22.744097284088365],[-43.418430433017924,-22.744108378125091],[-43.418414880142514,-22.74413280551051],[-43.418323730255842,-22.7442187968859],[-43.418249636011744,-22.744280803342356],[-43.418035780826521,-22.744537583168896],[-43.417736907332312,-22.744908002228424],[-43.417465196961132,-22.745257789041634],[-43.417384445035964,-22.74534114900073],[-43.417310090887838,-22.745393631636702],[-43.417230131265399,-22.745421730954018],[-43.417062751244828,-22.745455610214186],[-43.416818721106949,-22.74543365416574]]},"properties":{"objectid":271185,"nome":"Canal Maxambomba","geometriaa":"Não","tipotrecho":"Curso dágua","navegavel":"Desconhecido","larguramed":0,"regime":"Permanente","encoberto":"Não","codmun":"330045","municn":"Belford Roxo","reggov":"Região Metropolitana","rh":"RH-V","nome_rh":"Baia de Guanabara","id_rh":5,"Shape__Length":0.011152301341385907}}]}